<?xml version="1.0" encoding="UTF-8"?>

<project name="Polyspace" files="1" includes="19" ap_cg_cycle="0" ap_cg_direct_cycle="0" pshv="0" unpshv="0">
<file name="C:\Component\ES008A_PwrSply_Impl\src\PwrSply.c" total_lines="1000" lines_without_cmt="151" comf="86" fco="37">
<function name="SpiAsyncTx" path="1" goto="0" vg="1" calling="1" calls="2" param="3" stmt="2" level="1" return="0" vocf="1.8" flin="7" fxln="2" ncalls="2">
</function>
<function name="PwrSplyPer1" path="96" goto="0" vg="14" calling="0" calls="11" param="0" stmt="44" level="4" return="0" vocf="11.2" flin="217" fxln="62" ncalls="37">
</function>
<function name="PwrSplyInit1" path="1" goto="0" vg="1" calling="0" calls="0" param="0" stmt="3" level="1" return="0" vocf="2.3" flin="12" fxln="3" ncalls="0">
</function>
</file>
</project>
