<?xml version="1.0" encoding="UTF-8"?>
<MISRA-C-Report-Summary>
<File Mode="advisory" Error="0" Warning="1" Total="1">
<Name>
C:\Component\SF102A_MotCtrlPrmEstimn_Impl\src\MotCtrlPrmEstimn.c</Name>
</File>
<File Mode="required" Error="0" Warning="23" Total="23">
<Name>
C:\Component\SF102A_MotCtrlPrmEstimn_Impl\src\MotCtrlPrmEstimn.c</Name>
</File>
<Rule Name="11.5" Count="18" Mode="required" Severity="warning">
<Message>
A cast shall not be performed that removes any const or volatile qualification</Message>
</Rule>
<Rule Name="5.1" Count="3" Mode="required" Severity="warning">
<Message>
</Message>
</Rule>
<Rule Name="21.1" Count="2" Mode="required" Severity="warning">
<Message>
Minimisation of run-time failures.</Message>
</Rule>
<Rule Name="19.1" Count="1" Mode="advisory" Severity="warning">
<Message>
#include statements in a file shall only be preceded by other preprocessor directives or comments.</Message>
</Rule>
</MISRA-C-Report-Summary>
