<?xml version="1.0" encoding="UTF-8"?>

<project name="Polyspace" files="3" includes="21" ap_cg_cycle="0" ap_cg_direct_cycle="0" pshv="0" unpshv="0">
<file name="E:\EA4NewTemplate\CM112B_CoreVltgMonr_Impl\tools\local\generate\Rte_Stubs.c" total_lines="35" lines_without_cmt="15" comf="29" fco="1">
<function name="Rte_Stub" path="1" goto="0" vg="1" calling="0" calls="2" param="0" stmt="2" level="1" return="0" vocf="1.7" flin="2" fxln="2" ncalls="2">
</function>
<function name="Rte_Call_CDD_CoreVltgMonr_SetNtcSts_Oper" path="1" goto="0" vg="1" calling="1" calls="0" param="4" stmt="5" level="1" return="1" vocf="1.6" flin="5" fxln="5" ncalls="0">
</function>
</file>
<file name="E:\EA4NewTemplate\CM112B_CoreVltgMonr_Impl\src\CDD_CoreVltgMonrNonRte.c" total_lines="178" lines_without_cmt="88" comf="72" fco="1">
<function name="Dly16MicroSec" path="2" goto="0" vg="2" calling="1" calls="0" param="0" stmt="3" level="1" return="0" vocf="1.9" flin="6" fxln="3" ncalls="0">
</function>
<function name="CoreVltgMonrInit1" path="65" goto="0" vg="8" calling="1" calls="2" param="0" stmt="26" level="2" return="0" vocf="7.3" flin="91" fxln="31" ncalls="2">
</function>
</file>
<file name="E:\EA4NewTemplate\CM112B_CoreVltgMonr_Impl\src\CDD_CoreVltgMonr.c" total_lines="714" lines_without_cmt="17" comf="100" fco="2">
<function name="CoreVltgMonrInit2" path="2" goto="0" vg="2" calling="1" calls="1" param="0" stmt="3" level="1" return="0" vocf="3.8" flin="18" fxln="4" ncalls="2">
</function>
</file>
</project>
