<?xml version="1.0" encoding="UTF-8"?>

<MISRA-C-Report version="1.3">


<CodeStruct Name="" File="E:\EA4NewTemplate\CM112B_CoreVltgMonr_Impl\src\CDD_CoreVltgMonrNonRte.c" Line="0" Column="0">

<Rule Name="19.1" Mode="advisory" Report="warning" Id="2">
<Loc File="E:\EA4NewTemplate\CM112B_CoreVltgMonr_Impl\src\CDD_CoreVltgMonrNonRte.c" Line="49" Column="0">
</Loc>
<Message>
#include statements in a file shall only be preceded by other preprocessor directives or comments.
</Message>
</Rule>

<Rule Name="19.1" Mode="advisory" Report="warning" Id="3">
<Loc File="E:\EA4NewTemplate\CM112B_CoreVltgMonr_Impl\src\CDD_CoreVltgMonrNonRte.c" Line="173" Column="0">
</Loc>
<Message>
#include statements in a file shall only be preceded by other preprocessor directives or comments.
</Message>
</Rule>

</CodeStruct>

<CodeStruct Name="" File="E:\EA4NewTemplate\CM112B_CoreVltgMonr_Impl\src\CDD_CoreVltgMonr.c" Line="0" Column="0">

<Rule Name="19.1" Mode="advisory" Report="warning" Id="1">
<Loc File="E:\EA4NewTemplate\CM112B_CoreVltgMonr_Impl\src\CDD_CoreVltgMonr.c" Line="694" Column="0">
</Loc>
<Message>
#include statements in a file shall only be preceded by other preprocessor directives or comments.
</Message>
</Rule>

</CodeStruct>

<CodeStruct Name="CoreVltgMonrInit1" File="E:\EA4NewTemplate\CM112B_CoreVltgMonr_Impl\src\CDD_CoreVltgMonrNonRte.c" Line="58" Column="5">

<Rule Name="9.1" Mode="required" Report="warning" Id="4">
<Loc File="E:\EA4NewTemplate\CM112B_CoreVltgMonr_Impl\src\CDD_CoreVltgMonrNonRte.c" Line="65" Column="7">
</Loc>
<Message>
All automatic variables shall have been assigned a value before being used.
</Message>
</Rule>

</CodeStruct>

<CodeStruct Name="Dly16MicroSec" File="E:\EA4NewTemplate\CM112B_CoreVltgMonr_Impl\src\CDD_CoreVltgMonrNonRte.c" Line="162" Column="12">

<Rule Name="2.1" Mode="required" Report="warning" Id="5">
<Loc File="E:\EA4NewTemplate\CM112B_CoreVltgMonr_Impl\src\CDD_CoreVltgMonrNonRte.c" Line="168" Column="8">
</Loc>
<Message>
Assembly language shall be encapsulated and isolated.
</Message>
</Rule>

</CodeStruct>

</MISRA-C-Report>
