<?xml version="1.0" encoding="UTF-8"?>
<!--EDRS Version 1.0-->
<global>
   <file name="E:\\EA4NewTemplate\\MM054A_FordMsg083BusHiSpd_Impl\\src\\FordMsg083BusHiSpd.c" comment="">
      <function name="CalSeln" comment="" line="992" main_generator_called="MAIN_GENERATOR" attributes="static">
         <scalar name="arg1" comment="" line="992" base_type="uint8" attributes="static" complete_type="uint8" init_mode="MAIN_GENERATOR" init_modes_allowed="10" init_range="min..max" global_assert="unsupported" assert_range="unsupported"/>
         <scalar name="return" comment="" line="992" base_type="uint16" attributes="static" complete_type="uint16" init_mode="disabled" init_range="disabled" global_assert="unsupported" assert_range="unsupported"/>
      </function>
      <function name="DiagEna" comment="" line="959" main_generator_called="MAIN_GENERATOR" attributes="static">
         <scalar name="arg1" comment="" line="959" base_type="uint8" attributes="static" complete_type="uint8" init_mode="MAIN_GENERATOR" init_modes_allowed="10" init_range="min..max" global_assert="unsupported" assert_range="unsupported"/>
         <scalar name="arg2" comment="" line="959" base_type="uint8" attributes="static" complete_type="uint8" init_mode="MAIN_GENERATOR" init_modes_allowed="10" init_range="min..max" global_assert="unsupported" assert_range="unsupported"/>
         <scalar name="arg3" comment="" line="959" base_type="uint8" attributes="static" complete_type="uint8" init_mode="MAIN_GENERATOR" init_modes_allowed="10" init_range="min..max" global_assert="unsupported" assert_range="unsupported"/>
         <pointer name="arg4" comment="" line="959" attributes="static" complete_type="uint8 *" init_mode="MAIN_GENERATOR" init_modes_allowed="10" initialize_pointer="May-be NULL" number_allocated="max" init_pointed="MAIN_GENERATOR">
            <scalar comment="" line="959" base_type="uint8" attributes="static" complete_type="uint8" init_mode="MAIN_GENERATOR" init_modes_allowed="10" init_range="min..max" global_assert="unsupported" assert_range="unsupported"/>
         </pointer>
         <pointer name="arg5" comment="" line="959" attributes="static" complete_type="uint8 *" init_mode="MAIN_GENERATOR" init_modes_allowed="10" initialize_pointer="May-be NULL" number_allocated="max" init_pointed="MAIN_GENERATOR">
            <scalar comment="" line="959" base_type="uint8" attributes="static" complete_type="uint8" init_mode="MAIN_GENERATOR" init_modes_allowed="10" init_range="min..max" global_assert="unsupported" assert_range="unsupported"/>
         </pointer>
      </function>
      <function name="FordMsg083BusHiSpdInit1" comment="" line="793" main_generator_called="MAIN_GENERATOR"/>
      <function name="FordMsg083BusHiSpdPer1" comment="" line="866" main_generator_called="MAIN_GENERATOR"/>
      <function name="MsgMiss" comment="" line="1015" main_generator_called="MAIN_GENERATOR" attributes="static">
         <scalar name="arg1" comment="" line="1015" base_type="uint16" attributes="static" complete_type="uint16" init_mode="MAIN_GENERATOR" init_modes_allowed="10" init_range="min..max" global_assert="unsupported" assert_range="unsupported"/>
         <scalar name="arg2" comment="" line="1015" base_type="uint8" attributes="static" complete_type="uint8" init_mode="MAIN_GENERATOR" init_modes_allowed="10" init_range="min..max" global_assert="unsupported" assert_range="unsupported"/>
         <scalar name="arg3" comment="" line="1015" base_type="uint8" attributes="static" complete_type="uint8" init_mode="MAIN_GENERATOR" init_modes_allowed="10" init_range="min..max" global_assert="unsupported" assert_range="unsupported"/>
         <pointer name="arg4" comment="" line="1015" attributes="static" complete_type="uint8 *" init_mode="MAIN_GENERATOR" init_modes_allowed="10" initialize_pointer="May-be NULL" number_allocated="max" init_pointed="MAIN_GENERATOR">
            <scalar comment="" line="1015" base_type="uint8" attributes="static" complete_type="uint8" init_mode="MAIN_GENERATOR" init_modes_allowed="10" init_range="min..max" global_assert="unsupported" assert_range="unsupported"/>
         </pointer>
         <pointer name="arg5" comment="" line="1015" attributes="static" complete_type="uint8 *" init_mode="MAIN_GENERATOR" init_modes_allowed="10" initialize_pointer="May-be NULL" number_allocated="max" init_pointed="MAIN_GENERATOR">
            <scalar comment="" line="1015" base_type="uint8" attributes="static" complete_type="uint8" init_mode="MAIN_GENERATOR" init_modes_allowed="10" init_range="min..max" global_assert="unsupported" assert_range="unsupported"/>
         </pointer>
      </function>
      <function name="MsgPrsnt" comment="" line="1082" main_generator_called="MAIN_GENERATOR" attributes="static">
         <scalar name="arg1" comment="" line="1082" base_type="uint8" attributes="static" complete_type="uint8" init_mode="MAIN_GENERATOR" init_modes_allowed="10" init_range="min..max" global_assert="unsupported" assert_range="unsupported"/>
         <scalar name="arg2" comment="" line="1082" base_type="uint8" attributes="static" complete_type="uint8" init_mode="MAIN_GENERATOR" init_modes_allowed="10" init_range="min..max" global_assert="unsupported" assert_range="unsupported"/>
      </function>
      <function name="OutpProcg" comment="" line="1134" main_generator_called="MAIN_GENERATOR" attributes="static">
         <scalar name="arg1" comment="" line="1134" base_type="uint8" attributes="static" complete_type="uint8" init_mode="MAIN_GENERATOR" init_modes_allowed="10" init_range="min..max" global_assert="unsupported" assert_range="unsupported"/>
         <pointer name="arg2" comment="" line="1134" attributes="static" complete_type="uint8 *" init_mode="MAIN_GENERATOR" init_modes_allowed="10" initialize_pointer="May-be NULL" number_allocated="max" init_pointed="MAIN_GENERATOR">
            <scalar comment="" line="1134" base_type="uint8" attributes="static" complete_type="uint8" init_mode="MAIN_GENERATOR" init_modes_allowed="10" init_range="min..max" global_assert="unsupported" assert_range="unsupported"/>
         </pointer>
         <pointer name="arg3" comment="" line="1134" attributes="static" complete_type="uint8 *" init_mode="MAIN_GENERATOR" init_modes_allowed="10" initialize_pointer="May-be NULL" number_allocated="max" init_pointed="MAIN_GENERATOR">
            <scalar comment="" line="1134" base_type="uint8" attributes="static" complete_type="uint8" init_mode="MAIN_GENERATOR" init_modes_allowed="10" init_range="min..max" global_assert="unsupported" assert_range="unsupported"/>
         </pointer>
      </function>
   </file>
   <file name="E:\\EA4NewTemplate\\MM054A_FordMsg083BusHiSpd_Impl\\src\\FordMsg083BusHiSpdNonRte.c" comment="">
      <function name="ComIPduCallout_Steering_Data_FD1_Oper" comment="" line="57" main_generator_called="MAIN_GENERATOR" attributes="unused">
         <scalar name="arg1" comment="" line="57" base_type="uint8" complete_type="uint8" init_mode="MAIN_GENERATOR" init_modes_allowed="10" init_range="min..max" global_assert="unsupported" assert_range="unsupported"/>
         <pointer name="arg2" comment="" line="57" complete_type="const struct  *" init_mode="MAIN_GENERATOR" init_modes_allowed="10" initialize_pointer="May-be NULL" number_allocated="max" init_pointed="MAIN_GENERATOR"/>
         <scalar name="return" comment="" line="57" base_type="uint8" complete_type="uint8" init_mode="disabled" init_range="disabled" global_assert="unsupported" assert_range="unsupported"/>
      </function>
      <function name="ComTimeoutNotification_TurnLghtSwtch_D_Stat_Oper" comment="" line="71" main_generator_called="MAIN_GENERATOR" attributes="unused"/>
   </file>
   <file name="E:\\EA4NewTemplate\\MM054A_FordMsg083BusHiSpd_Impl\\tools\\local\\generate\\Rte_FordMsg083BusHiSpd.h" comment="">
      <pointer name="Rte_Inst_FordMsg083BusHiSpd" comment="" line="68" attributes="extern const" complete_type="const struct Rte_CDS_FordMsg083BusHiSpd *" init_mode="INIT" init_modes_allowed="2" initialize_pointer="May-be NULL" number_allocated="max" init_pointed="MULTI">
         <struct comment="" line="68" complete_type="struct Rte_CDS_FordMsg083BusHiSpd" attributes="extern const">
            <pointer name="Pim_ClrDiagcFlgProxyPrev" comment="" line="68" attributes="extern const" complete_type="uint8 *" init_mode="INIT" init_modes_allowed="2" initialize_pointer="May-be NULL" number_allocated="max" init_pointed="MULTI">
               <scalar comment="" line="68" base_type="uint8" attributes="extern" complete_type="uint8" init_mode="INIT" init_modes_allowed="2" init_range="min..max" global_assert="unsupported" assert_range="unsupported"/>
            </pointer>
            <pointer name="Pim_FirstTranVldFlg" comment="" line="68" attributes="extern const" complete_type="uint8 *" init_mode="INIT" init_modes_allowed="2" initialize_pointer="May-be NULL" number_allocated="max" init_pointed="MULTI">
               <scalar comment="" line="68" base_type="uint8" attributes="extern" complete_type="uint8" init_mode="INIT" init_modes_allowed="2" init_range="min..max" global_assert="unsupported" assert_range="unsupported"/>
            </pointer>
            <pointer name="Pim_FordVehMsg083Miss" comment="" line="68" attributes="extern const" complete_type="uint8 *" init_mode="INIT" init_modes_allowed="2" initialize_pointer="May-be NULL" number_allocated="max" init_pointed="MULTI">
               <scalar comment="" line="68" base_type="uint8" attributes="extern" complete_type="uint8" init_mode="INIT" init_modes_allowed="2" init_range="min..max" global_assert="unsupported" assert_range="unsupported"/>
            </pointer>
            <pointer name="Pim_FordVehTurnSigSwtStsRawPrev" comment="" line="68" attributes="extern const" complete_type="uint8 *" init_mode="INIT" init_modes_allowed="2" initialize_pointer="May-be NULL" number_allocated="max" init_pointed="MULTI">
               <scalar comment="" line="68" base_type="uint8" attributes="extern" complete_type="uint8" init_mode="INIT" init_modes_allowed="2" init_range="min..max" global_assert="unsupported" assert_range="unsupported"/>
            </pointer>
            <pointer name="Pim_FordVehTurnSigVldMissMsgRefTi" comment="" line="68" attributes="extern const" complete_type="uint32 *" init_mode="INIT" init_modes_allowed="2" initialize_pointer="May-be NULL" number_allocated="max" init_pointed="MULTI">
               <scalar comment="" line="68" base_type="uint32" attributes="extern" complete_type="uint32" init_mode="INIT" init_modes_allowed="2" init_range="min..max" global_assert="unsupported" assert_range="unsupported"/>
            </pointer>
            <pointer name="Pim_FordVehTurnSigVldPrev" comment="" line="68" attributes="extern const" complete_type="uint8 *" init_mode="INIT" init_modes_allowed="2" initialize_pointer="May-be NULL" number_allocated="max" init_pointed="MULTI">
               <scalar comment="" line="68" base_type="uint8" attributes="extern" complete_type="uint8" init_mode="INIT" init_modes_allowed="2" init_range="min..max" global_assert="unsupported" assert_range="unsupported"/>
            </pointer>
            <pointer name="Pim_FordVehTurnSigVldRefTi" comment="" line="68" attributes="extern const" complete_type="uint32 *" init_mode="INIT" init_modes_allowed="2" initialize_pointer="May-be NULL" number_allocated="max" init_pointed="MULTI">
               <scalar comment="" line="68" base_type="uint32" attributes="extern" complete_type="uint32" init_mode="INIT" init_modes_allowed="2" init_range="min..max" global_assert="unsupported" assert_range="unsupported"/>
            </pointer>
            <pointer name="Pim_MissMsgFaildRefTi" comment="" line="68" attributes="extern const" complete_type="uint32 *" init_mode="INIT" init_modes_allowed="2" initialize_pointer="May-be NULL" number_allocated="max" init_pointed="MULTI">
               <scalar comment="" line="68" base_type="uint32" attributes="extern" complete_type="uint32" init_mode="INIT" init_modes_allowed="2" init_range="min..max" global_assert="unsupported" assert_range="unsupported"/>
            </pointer>
            <pointer name="Pim_MissMsgPassdRefTi" comment="" line="68" attributes="extern const" complete_type="uint32 *" init_mode="INIT" init_modes_allowed="2" initialize_pointer="May-be NULL" number_allocated="max" init_pointed="MULTI">
               <scalar comment="" line="68" base_type="uint32" attributes="extern" complete_type="uint32" init_mode="INIT" init_modes_allowed="2" init_range="min..max" global_assert="unsupported" assert_range="unsupported"/>
            </pointer>
         </struct>
      </pointer>
      <function name="Rte_Prm_FordMsg083BusHiSpd_FordMsg083BusHiSpdFordVehTurnSigVldThd_Val" comment="" line="105" main_generator_called="disabled" attributes="extern">
         <scalar name="return" comment="" line="105" base_type="uint16" complete_type="uint16" init_mode="PERMANENT" init_modes_allowed="4" init_range="min..max" global_assert="unsupported" assert_range="unsupported"/>
      </function>
      <function name="Rte_Prm_FordMsg083BusHiSpd_FordMsg083BusHiSpdMissMsgFaildThd_Val" comment="" line="106" main_generator_called="disabled" attributes="extern">
         <scalar name="return" comment="" line="106" base_type="uint16" complete_type="uint16" init_mode="PERMANENT" init_modes_allowed="4" init_range="min..max" global_assert="unsupported" assert_range="unsupported"/>
      </function>
      <function name="Rte_Prm_FordMsg083BusHiSpd_FordMsg083BusHiSpdMissMsgPassdThd_Val" comment="" line="107" main_generator_called="disabled" attributes="extern">
         <scalar name="return" comment="" line="107" base_type="uint16" complete_type="uint16" init_mode="PERMANENT" init_modes_allowed="4" init_range="min..max" global_assert="unsupported" assert_range="unsupported"/>
      </function>
      <function name="Rte_Prm_FordMsg083BusHiSpd_FordMsg083BusHiSpdVehTurnSigVldMissMsgThd_Val" comment="" line="108" main_generator_called="disabled" attributes="extern">
         <scalar name="return" comment="" line="108" base_type="uint16" complete_type="uint16" init_mode="PERMANENT" init_modes_allowed="4" init_range="min..max" global_assert="unsupported" assert_range="unsupported"/>
      </function>
      <function name="Rte_Read_FordMsg083BusHiSpd_ClrDiagcFlgProxy_Val" comment="" line="95" main_generator_called="disabled" attributes="extern">
         <pointer name="arg1" comment="" line="95" complete_type="uint8 *" init_mode="disabled" initialize_pointer="disabled" number_allocated="disabled" init_pointed="MULTI">
            <scalar comment="" line="95" base_type="uint8" complete_type="uint8" init_mode="PERMANENT" init_modes_allowed="4" init_range="min..max" global_assert="unsupported" assert_range="unsupported"/>
         </pointer>
         <scalar name="return" comment="" line="95" base_type="uint8" complete_type="uint8" init_mode="PERMANENT" init_modes_allowed="4" init_range="min..max" global_assert="unsupported" assert_range="unsupported"/>
      </function>
      <function name="Rte_Read_FordMsg083BusHiSpd_FordCanDtcInhb_Logl" comment="" line="96" main_generator_called="disabled" attributes="extern">
         <pointer name="arg1" comment="" line="96" complete_type="uint8 *" init_mode="disabled" initialize_pointer="disabled" number_allocated="disabled" init_pointed="MULTI">
            <scalar comment="" line="96" base_type="uint8" complete_type="uint8" init_mode="PERMANENT" init_modes_allowed="4" init_range="min..max" global_assert="unsupported" assert_range="unsupported"/>
         </pointer>
         <scalar name="return" comment="" line="96" base_type="uint8" complete_type="uint8" init_mode="PERMANENT" init_modes_allowed="4" init_range="min..max" global_assert="unsupported" assert_range="unsupported"/>
      </function>
      <function name="Rte_Read_FordMsg083BusHiSpd_FordEpsLifeCycMod_Val" comment="" line="97" main_generator_called="disabled" attributes="extern">
         <pointer name="arg1" comment="" line="97" complete_type="uint8 *" init_mode="disabled" initialize_pointer="disabled" number_allocated="disabled" init_pointed="MULTI">
            <scalar comment="" line="97" base_type="uint8" complete_type="uint8" init_mode="PERMANENT" init_modes_allowed="4" init_range="min..max" global_assert="unsupported" assert_range="unsupported"/>
         </pointer>
         <scalar name="return" comment="" line="97" base_type="uint8" complete_type="uint8" init_mode="PERMANENT" init_modes_allowed="4" init_range="min..max" global_assert="unsupported" assert_range="unsupported"/>
      </function>
      <function name="Rte_Read_FordMsg083BusHiSpd_FordLaneDetnWarnEnad_Logl" comment="" line="98" main_generator_called="disabled" attributes="extern">
         <pointer name="arg1" comment="" line="98" complete_type="uint8 *" init_mode="disabled" initialize_pointer="disabled" number_allocated="disabled" init_pointed="MULTI">
            <scalar comment="" line="98" base_type="uint8" complete_type="uint8" init_mode="PERMANENT" init_modes_allowed="4" init_range="min..max" global_assert="unsupported" assert_range="unsupported"/>
         </pointer>
         <scalar name="return" comment="" line="98" base_type="uint8" complete_type="uint8" init_mode="PERMANENT" init_modes_allowed="4" init_range="min..max" global_assert="unsupported" assert_range="unsupported"/>
      </function>
      <function name="Rte_Read_FordMsg083BusHiSpd_Ford_TurnLghtSwtch_D_Stat_Ford_TurnLghtSwtch_D_Stat" comment="" line="99" main_generator_called="disabled" attributes="extern">
         <pointer name="arg1" comment="" line="99" complete_type="uint8 *" init_mode="disabled" initialize_pointer="disabled" number_allocated="disabled" init_pointed="MULTI">
            <scalar comment="" line="99" base_type="uint8" complete_type="uint8" init_mode="PERMANENT" init_modes_allowed="4" init_range="min..max" global_assert="unsupported" assert_range="unsupported"/>
         </pointer>
         <scalar name="return" comment="" line="99" base_type="uint8" complete_type="uint8" init_mode="PERMANENT" init_modes_allowed="4" init_range="min..max" global_assert="unsupported" assert_range="unsupported"/>
      </function>
      <function name="Rte_Write_FordMsg083BusHiSpd_FordVehTurnSigSwtStsRaw_Val" comment="" line="100" main_generator_called="disabled" attributes="extern">
         <scalar name="arg1" comment="" line="100" base_type="uint8" complete_type="uint8" init_mode="disabled" init_range="disabled" global_assert="unsupported" assert_range="unsupported"/>
         <scalar name="return" comment="" line="100" base_type="uint8" complete_type="uint8" init_mode="PERMANENT" init_modes_allowed="4" init_range="min..max" global_assert="unsupported" assert_range="unsupported"/>
      </function>
      <function name="Rte_Write_FordMsg083BusHiSpd_FordVehTurnSigVld_Logl" comment="" line="101" main_generator_called="disabled" attributes="extern">
         <scalar name="arg1" comment="" line="101" base_type="uint8" complete_type="uint8" init_mode="disabled" init_range="disabled" global_assert="unsupported" assert_range="unsupported"/>
         <scalar name="return" comment="" line="101" base_type="uint8" complete_type="uint8" init_mode="PERMANENT" init_modes_allowed="4" init_range="min..max" global_assert="unsupported" assert_range="unsupported"/>
      </function>
   </file>
   <file name="E:\\EA4NewTemplate\\MM054A_FordMsg083BusHiSpd_Impl\\tools\\local\\generate\\Rte_Stubs.c" comment="">
      <function name="Rte_Call_FordMsg083BusHiSpd_GetRefTmr100MicroSec32bit_Oper" comment="" line="18" main_generator_called="MAIN_GENERATOR">
         <pointer name="arg1" comment="" line="18" complete_type="uint32 *" init_mode="MAIN_GENERATOR" init_modes_allowed="10" initialize_pointer="May-be NULL" number_allocated="max" init_pointed="MAIN_GENERATOR">
            <scalar comment="" line="18" base_type="uint32" complete_type="uint32" init_mode="MAIN_GENERATOR" init_modes_allowed="10" init_range="min..max" global_assert="unsupported" assert_range="unsupported"/>
         </pointer>
         <scalar name="return" comment="" line="18" base_type="uint8" complete_type="uint8" init_mode="disabled" init_range="disabled" global_assert="unsupported" assert_range="unsupported"/>
      </function>
      <function name="Rte_Call_FordMsg083BusHiSpd_GetTiSpan100MicroSec32bit_Oper" comment="" line="24" main_generator_called="MAIN_GENERATOR">
         <scalar name="arg1" comment="" line="24" base_type="uint32" complete_type="uint32" init_mode="MAIN_GENERATOR" init_modes_allowed="10" init_range="min..max" global_assert="unsupported" assert_range="unsupported"/>
         <pointer name="arg2" comment="" line="24" complete_type="uint32 *" init_mode="MAIN_GENERATOR" init_modes_allowed="10" initialize_pointer="May-be NULL" number_allocated="max" init_pointed="MAIN_GENERATOR">
            <scalar comment="" line="24" base_type="uint32" complete_type="uint32" init_mode="MAIN_GENERATOR" init_modes_allowed="10" init_range="min..max" global_assert="unsupported" assert_range="unsupported"/>
         </pointer>
         <scalar name="return" comment="" line="24" base_type="uint8" complete_type="uint8" init_mode="disabled" init_range="disabled" global_assert="unsupported" assert_range="unsupported"/>
      </function>
      <function name="Rte_Call_FordMsg083BusHiSpd_SetNtcSts_Oper" comment="" line="31" main_generator_called="MAIN_GENERATOR">
         <scalar name="arg1" comment="" line="31" base_type="uint16" complete_type="uint16" init_mode="MAIN_GENERATOR" init_modes_allowed="10" init_range="min..max" global_assert="unsupported" assert_range="unsupported"/>
         <scalar name="arg2" comment="" line="31" base_type="uint8" complete_type="uint8" init_mode="MAIN_GENERATOR" init_modes_allowed="10" init_range="min..max" global_assert="unsupported" assert_range="unsupported"/>
         <scalar name="arg3" comment="" line="31" base_type="uint8" complete_type="uint8" init_mode="MAIN_GENERATOR" init_modes_allowed="10" init_range="min..max" global_assert="unsupported" assert_range="unsupported"/>
         <scalar name="arg4" comment="" line="31" base_type="uint16" complete_type="uint16" init_mode="MAIN_GENERATOR" init_modes_allowed="10" init_range="min..max" global_assert="unsupported" assert_range="unsupported"/>
         <scalar name="return" comment="" line="31" base_type="uint8" complete_type="uint8" init_mode="disabled" init_range="disabled" global_assert="unsupported" assert_range="unsupported"/>
      </function>
      <function name="Rte_Stub" comment="" line="43" main_generator_called="MAIN_GENERATOR" attributes="unused"/>
   </file>
   <file name="E:\\EA4NewTemplate\\MM054A_FordMsg083BusHiSpd_Impl\\tools\\local\\generate\\Rte_Stubs.h" comment="">
      <scalar name="FordMsg083BusHiSpd_Srv_GetRefTmr100MicroSec32bit_RefTmr" comment="" line="48" base_type="uint32" attributes="extern" complete_type="uint32" init_mode="PERMANENT" init_modes_allowed="6" init_range="0..4294967295" global_assert="NO" assert_range=""/>
      <scalar name="FordMsg083BusHiSpd_Srv_GetTiSpan100MicroSec32bit_RefTmr" comment="" line="49" base_type="uint32" attributes="extern" complete_type="uint32" init_mode="PERMANENT" init_modes_allowed="6" init_range="0..4294967295" global_assert="NO" assert_range=""/>
      <scalar name="FordMsg083BusHiSpd_Srv_GetTiSpan100MicroSec32bit_TiSpan" comment="" line="50" base_type="uint32" attributes="extern" complete_type="uint32" init_mode="PERMANENT" init_modes_allowed="6" init_range="0..4294967295" global_assert="NO" assert_range=""/>
      <scalar name="FordMsg083BusHiSpd_Srv_SetNtcSts_DebStep" comment="" line="54" base_type="uint16" attributes="extern" complete_type="uint16" init_mode="PERMANENT" init_modes_allowed="6" init_range="0..65535" global_assert="NO" assert_range=""/>
      <scalar name="FordMsg083BusHiSpd_Srv_SetNtcSts_NtcNr" comment="" line="51" base_type="uint16" attributes="extern" complete_type="uint16" init_mode="PERMANENT" init_modes_allowed="6" init_range="1..511" global_assert="NO" assert_range=""/>
      <scalar name="FordMsg083BusHiSpd_Srv_SetNtcSts_NtcStInfo" comment="" line="52" base_type="uint8" attributes="extern" complete_type="uint8" init_mode="PERMANENT" init_modes_allowed="6" init_range="0..255" global_assert="NO" assert_range=""/>
      <scalar name="FordMsg083BusHiSpd_Srv_SetNtcSts_NtcSts" comment="" line="53" base_type="uint8" attributes="extern" complete_type="uint8" init_mode="PERMANENT" init_modes_allowed="6" init_range="0..3" global_assert="NO" assert_range=""/>
      <scalar name="FordMsg083BusHiSpd_Srv_SetNtcSts_Return" comment="" line="55" base_type="uint8" attributes="extern" complete_type="uint8" init_mode="PERMANENT" init_modes_allowed="6" init_range="0..1" global_assert="NO" assert_range=""/>
   </file>
   <scalar name="FordMsg083BusHiSpd_Cal_FordMsg083BusHiSpdFordVehTurnSigVldThd" comment="" init_mode="PERMANENT" init_range="0..6000" global_assert="NO" assert_range="min..max" non_applicable="1"/>
   <scalar name="FordMsg083BusHiSpd_Cal_FordMsg083BusHiSpdMissMsgFaildThd" comment="" init_mode="PERMANENT" init_range="0..6000" global_assert="NO" assert_range="min..max" non_applicable="1"/>
   <scalar name="FordMsg083BusHiSpd_Cal_FordMsg083BusHiSpdMissMsgPassdThd" comment="" init_mode="PERMANENT" init_range="0..6000" global_assert="NO" assert_range="min..max" non_applicable="1"/>
   <scalar name="FordMsg083BusHiSpd_Cal_FordMsg083BusHiSpdVehTurnSigVldMissMsgThd" comment="" init_mode="PERMANENT" init_range="0..6000" global_assert="NO" assert_range="min..max" non_applicable="1"/>
   <scalar name="FordMsg083BusHiSpd_Ip_ClrDiagcFlgProxy" comment="" init_mode="PERMANENT" init_range="0..1" global_assert="NO" assert_range="min..max" non_applicable="1"/>
   <scalar name="FordMsg083BusHiSpd_Ip_FordCanDtcInhb" comment="" init_mode="PERMANENT" init_range="0..1" global_assert="NO" assert_range="min..max" non_applicable="1"/>
   <scalar name="FordMsg083BusHiSpd_Ip_FordEpsLifeCycMod" comment="" init_mode="PERMANENT" init_range="0..1" global_assert="NO" assert_range="min..max" non_applicable="1"/>
   <scalar name="FordMsg083BusHiSpd_Ip_FordLaneDetnWarnEnad" comment="" init_mode="PERMANENT" init_range="0..1" global_assert="NO" assert_range="min..max" non_applicable="1"/>
   <scalar name="FordMsg083BusHiSpd_Ip_Ford_TurnLghtSwtch_D_Stat1" comment="" init_mode="PERMANENT" init_range="min..max" global_assert="NO" assert_range="min..max" non_applicable="1"/>
   <scalar name="FordMsg083BusHiSpd_Op_FordVehTurnSigSwtStsRaw" comment="" init_mode="PERMANENT" init_range="min..max" global_assert="NO" assert_range="min..max" non_applicable="1"/>
   <scalar name="FordMsg083BusHiSpd_Op_FordVehTurnSigVld" comment="" init_mode="PERMANENT" init_range="0..1" global_assert="NO" assert_range="min..max" non_applicable="1"/>
   <scalar name="FordMsg083BusHiSpd_Pim_ClrDiagcFlgProxyPrev" comment="" init_mode="PERMANENT" init_range="0..1" global_assert="NO" assert_range="min..max" non_applicable="1"/>
   <scalar name="FordMsg083BusHiSpd_Pim_FirstTranVldFlg" comment="" init_mode="PERMANENT" init_range="0..1" global_assert="NO" assert_range="min..max" non_applicable="1"/>
   <scalar name="FordMsg083BusHiSpd_Pim_FordVehMsg083Miss" comment="" init_mode="PERMANENT" init_range="0..1" global_assert="NO" assert_range="min..max" non_applicable="1"/>
   <scalar name="FordMsg083BusHiSpd_Pim_FordVehTurnSigSwtStsRawPrev" comment="" init_mode="PERMANENT" init_range="min..max" global_assert="NO" assert_range="min..max" non_applicable="1"/>
   <scalar name="FordMsg083BusHiSpd_Pim_FordVehTurnSigVldMissMsgRefTi" comment="" init_mode="PERMANENT" init_range="0..4294967295" global_assert="NO" assert_range="min..max" non_applicable="1"/>
   <scalar name="FordMsg083BusHiSpd_Pim_FordVehTurnSigVldPrev" comment="" init_mode="PERMANENT" init_range="0..1" global_assert="NO" assert_range="min..max" non_applicable="1"/>
   <scalar name="FordMsg083BusHiSpd_Pim_FordVehTurnSigVldRefTi" comment="" init_mode="PERMANENT" init_range="0..4294967295" global_assert="NO" assert_range="min..max" non_applicable="1"/>
   <scalar name="FordMsg083BusHiSpd_Pim_MissMsgFaildRefTi" comment="" init_mode="PERMANENT" init_range="0..4294967295" global_assert="NO" assert_range="min..max" non_applicable="1"/>
   <scalar name="FordMsg083BusHiSpd_Pim_MissMsgPassdRefTi" comment="" init_mode="PERMANENT" init_range="0..4294967295" global_assert="NO" assert_range="min..max" non_applicable="1"/>
   <function name="atan2f" comment="" main_generator_called="MAIN_GENERATOR" non_applicable="1">
      <scalar name="return" comment="" init_mode="PERMANENT" init_range="-3.1412..3.1412" global_assert="NO" assert_range="min..max" non_applicable="1"/>
   </function>
   <function name="cosf" comment="" main_generator_called="MAIN_GENERATOR" non_applicable="1">
      <scalar name="return" comment="" init_mode="PERMANENT" init_range="-1..1" global_assert="NO" assert_range="min..max" non_applicable="1"/>
   </function>
   <function name="expf" comment="" main_generator_called="MAIN_GENERATOR" non_applicable="1">
      <scalar name="return" comment="" init_mode="PERMANENT" init_range="0..max" global_assert="NO" assert_range="min..max" non_applicable="1"/>
   </function>
   <function name="fmodf" comment="" main_generator_called="MAIN_GENERATOR" non_applicable="1">
      <scalar name="return" comment="" init_mode="PERMANENT" init_range="0..max" global_assert="NO" assert_range="min..max" non_applicable="1"/>
   </function>
   <function name="sinf" comment="" main_generator_called="MAIN_GENERATOR" non_applicable="1">
      <scalar name="return" comment="" init_mode="PERMANENT" init_range="-1..1" global_assert="NO" assert_range="min..max" non_applicable="1"/>
   </function>
   <function name="sqrtf" comment="" main_generator_called="MAIN_GENERATOR" non_applicable="1">
      <scalar name="return" comment="" init_mode="PERMANENT" init_range="0..max" global_assert="NO" assert_range="min..max" non_applicable="1"/>
   </function>
</global>
