<?xml version="1.0" encoding="UTF-8"?>

<MISRA-C-Report version="1.3">


<CodeStruct Name="" File="C:\_Synergy_Projects\Working\MM059A_FordMsg167BusHiSpd_Impl\src\FordMsg167BusHiSpd.c" Line="0" Column="0">

<Rule Name="19.1" Mode="advisory" Report="warning" Id="2">
<Loc File="C:\_Synergy_Projects\Working\MM059A_FordMsg167BusHiSpd_Impl\src\FordMsg167BusHiSpd.c" Line="741" Column="0">
</Loc>
<Message>
#include statements in a file shall only be preceded by other preprocessor directives or comments.
</Message>
</Rule>

<Rule Name="19.1" Mode="advisory" Report="warning" Id="3">
<Loc File="C:\_Synergy_Projects\Working\MM059A_FordMsg167BusHiSpd_Impl\src\FordMsg167BusHiSpd.c" Line="1062" Column="0">
</Loc>
<Message>
#include statements in a file shall only be preceded by other preprocessor directives or comments.
</Message>
</Rule>

<Rule Name="5.1" Mode="required" Report="warning" Id="4">
<Loc File="C:\_Synergy_Projects\Working\MM059A_FordMsg167BusHiSpd_Impl\src\FordMsg167BusHiSpd.c" Line="1077" Column="131">
</Loc>
<Message>
Identifiers "FordVehPrpnWhlTqSigInvldDiagEna_Cnt_T_logl" (FordMsg167BusHiSpd.c line 1077 column 131) and "FordVehPrpnWhlTqSigInvldDiagEna_Cnt_T_logl" (FordMsg167BusHiSpd.c line 107 column 131) have the same first 42 characters.
</Message>
</Rule>

<Rule Name="5.1" Mode="required" Report="warning" Id="5">
<Loc File="C:\_Synergy_Projects\Working\MM059A_FordMsg167BusHiSpd_Impl\src\FordMsg167BusHiSpd.c" Line="1078" Column="131">
</Loc>
<Message>
Identifiers "FordVehPrpnWhlTqVldnp_Cnt_T_logl" (FordMsg167BusHiSpd.c line 1078 column 131) and "FordVehPrpnWhlTqVldnp_Cnt_T_logl" (FordMsg167BusHiSpd.c line 108 column 131) have the same first 32 characters.
</Message>
</Rule>

<Rule Name="5.1" Mode="required" Report="warning" Id="6">
<Loc File="C:\_Synergy_Projects\Working\MM059A_FordMsg167BusHiSpd_Impl\src\FordMsg167BusHiSpd.c" Line="1079" Column="130">
</Loc>
<Message>
Identifiers "BusHiSpdPrpnWhlTqSigInvldTiThd_T_u16" (FordMsg167BusHiSpd.c line 1079 column 130) and "BusHiSpdPrpnWhlTqSigInvldTiThd_T_u16" (FordMsg167BusHiSpd.c line 109 column 130) have the same first 36 characters.
</Message>
</Rule>

<Rule Name="5.1" Mode="required" Report="warning" Id="7">
<Loc File="C:\_Synergy_Projects\Working\MM059A_FordMsg167BusHiSpd_Impl\src\FordMsg167BusHiSpd.c" Line="1144" Column="105">
</Loc>
<Message>
Identifiers "BusHiSpdMissTiThd_MilliSec_T_u16" (FordMsg167BusHiSpd.c line 1144 column 105) and "BusHiSpdMissTiThd_MilliSec_T_u16" (FordMsg167BusHiSpd.c line 112 column 105) have the same first 32 characters.
</Message>
</Rule>

<Rule Name="5.1" Mode="required" Report="warning" Id="8">
<Loc File="C:\_Synergy_Projects\Working\MM059A_FordMsg167BusHiSpd_Impl\src\FordMsg167BusHiSpd.c" Line="1149" Column="124">
</Loc>
<Message>
Identifiers "FordVehElecPwrStrtStopSts_Cnt_T_enum" (FordMsg167BusHiSpd.c line 1149 column 124) and "FordVehElecPwrStrtStopSts_Cnt_T_enum" (FordMsg167BusHiSpd.c line 117 column 124) have the same first 36 characters.
</Message>
</Rule>

</CodeStruct>

<CodeStruct Name="" File="C:\_Synergy_Projects\Working\MM059A_FordMsg167BusHiSpd_Impl\src\FordMsg167BusHiSpdNonRte.c" Line="0" Column="0">

<Rule Name="19.1" Mode="advisory" Report="warning" Id="1">
<Loc File="C:\_Synergy_Projects\Working\MM059A_FordMsg167BusHiSpd_Impl\src\FordMsg167BusHiSpdNonRte.c" Line="81" Column="0">
</Loc>
<Message>
#include statements in a file shall only be preceded by other preprocessor directives or comments.
</Message>
</Rule>

</CodeStruct>

<CodeStruct Name="FordMsg167BusHiSpdPer1" File="C:\_Synergy_Projects\Working\MM059A_FordMsg167BusHiSpd_Impl\src\FordMsg167BusHiSpd.c" Line="859" Column="5">

<Rule Name="5.1" Mode="required" Report="warning" Id="9">
<Loc File="C:\_Synergy_Projects\Working\MM059A_FordMsg167BusHiSpd_Impl\src\FordMsg167BusHiSpd.c" Line="870" Column="8">
</Loc>
<Message>
Identifiers "BusHiSpdMissTiThd_MilliSec_T_u16" (FordMsg167BusHiSpd.c line 112 column 105) and "BusHiSpdMissTiThd_MilliSec_T_u16" (FordMsg167BusHiSpd.c line 870 column 8) have the same first 32 characters.
</Message>
</Rule>

<Rule Name="5.1" Mode="required" Report="warning" Id="10">
<Loc File="C:\_Synergy_Projects\Working\MM059A_FordMsg167BusHiSpd_Impl\src\FordMsg167BusHiSpd.c" Line="871" Column="8">
</Loc>
<Message>
Identifiers "BusHiSpdPrpnWhlTqSigInvldTiThd_T_u16" (FordMsg167BusHiSpd.c line 109 column 130) and "BusHiSpdPrpnWhlTqSigInvldTiThd_T_u16" (FordMsg167BusHiSpd.c line 871 column 8) have the same first 36 characters.
</Message>
</Rule>

<Rule Name="5.1" Mode="required" Report="warning" Id="11">
<Loc File="C:\_Synergy_Projects\Working\MM059A_FordMsg167BusHiSpd_Impl\src\FordMsg167BusHiSpd.c" Line="886" Column="26">
</Loc>
<Message>
Identifiers "FordVehElecPwrStrtStopSts_Cnt_T_enum" (FordMsg167BusHiSpd.c line 117 column 124) and "FordVehElecPwrStrtStopSts_Cnt_T_enum" (FordMsg167BusHiSpd.c line 886 column 26) have the same first 36 characters.
</Message>
</Rule>

<Rule Name="5.1" Mode="required" Report="warning" Id="12">
<Loc File="C:\_Synergy_Projects\Working\MM059A_FordMsg167BusHiSpd_Impl\src\FordMsg167BusHiSpd.c" Line="892" Column="9">
</Loc>
<Message>
Identifiers "FordVehPrpnWhlTqSigInvldDiagEna_Cnt_T_logl" (FordMsg167BusHiSpd.c line 107 column 131) and "FordVehPrpnWhlTqSigInvldDiagEna_Cnt_T_logl" (FordMsg167BusHiSpd.c line 892 column 9) have the same first 42 characters.
</Message>
</Rule>

<Rule Name="5.1" Mode="required" Report="warning" Id="13">
<Loc File="C:\_Synergy_Projects\Working\MM059A_FordMsg167BusHiSpd_Impl\src\FordMsg167BusHiSpd.c" Line="895" Column="9">
</Loc>
<Message>
Identifiers "FordVehPrpnWhlTqVldnp_Cnt_T_logl" (FordMsg167BusHiSpd.c line 108 column 131) and "FordVehPrpnWhlTqVldnp_Cnt_T_logl" (FordMsg167BusHiSpd.c line 895 column 9) have the same first 32 characters.
</Message>
</Rule>

<Rule Name="9.1" Mode="required" Report="warning" Id="14">
<Loc File="C:\_Synergy_Projects\Working\MM059A_FordMsg167BusHiSpd_Impl\src\FordMsg167BusHiSpd.c" Line="963" Column="39">
</Loc>
<Message>
All automatic variables shall have been assigned a value before being used.
</Message>
</Rule>

<Rule Name="9.1" Mode="required" Report="warning" Id="15">
<Loc File="C:\_Synergy_Projects\Working\MM059A_FordMsg167BusHiSpd_Impl\src\FordMsg167BusHiSpd.c" Line="964" Column="39">
</Loc>
<Message>
All automatic variables shall have been assigned a value before being used.
</Message>
</Rule>

<Rule Name="9.1" Mode="required" Report="warning" Id="16">
<Loc File="C:\_Synergy_Projects\Working\MM059A_FordMsg167BusHiSpd_Impl\src\FordMsg167BusHiSpd.c" Line="965" Column="47">
</Loc>
<Message>
All automatic variables shall have been assigned a value before being used.
</Message>
</Rule>

<Rule Name="9.1" Mode="required" Report="warning" Id="17">
<Loc File="C:\_Synergy_Projects\Working\MM059A_FordMsg167BusHiSpd_Impl\src\FordMsg167BusHiSpd.c" Line="966" Column="40">
</Loc>
<Message>
All automatic variables shall have been assigned a value before being used.
</Message>
</Rule>

<Rule Name="5.1" Mode="required" Report="warning" Id="18">
<Loc File="C:\_Synergy_Projects\Working\MM059A_FordMsg167BusHiSpd_Impl\src\FordMsg167BusHiSpd.c" Line="1077" Column="131">
</Loc>
<Message>
Identifiers "FordVehPrpnWhlTqSigInvldDiagEna_Cnt_T_logl" (FordMsg167BusHiSpd.c line 1077 column 131) and "FordVehPrpnWhlTqSigInvldDiagEna_Cnt_T_logl" (FordMsg167BusHiSpd.c line 892 column 9) have the same first 42 characters.
</Message>
</Rule>

<Rule Name="5.1" Mode="required" Report="warning" Id="19">
<Loc File="C:\_Synergy_Projects\Working\MM059A_FordMsg167BusHiSpd_Impl\src\FordMsg167BusHiSpd.c" Line="1078" Column="131">
</Loc>
<Message>
Identifiers "FordVehPrpnWhlTqVldnp_Cnt_T_logl" (FordMsg167BusHiSpd.c line 1078 column 131) and "FordVehPrpnWhlTqVldnp_Cnt_T_logl" (FordMsg167BusHiSpd.c line 895 column 9) have the same first 32 characters.
</Message>
</Rule>

<Rule Name="5.1" Mode="required" Report="warning" Id="20">
<Loc File="C:\_Synergy_Projects\Working\MM059A_FordMsg167BusHiSpd_Impl\src\FordMsg167BusHiSpd.c" Line="1079" Column="130">
</Loc>
<Message>
Identifiers "BusHiSpdPrpnWhlTqSigInvldTiThd_T_u16" (FordMsg167BusHiSpd.c line 1079 column 130) and "BusHiSpdPrpnWhlTqSigInvldTiThd_T_u16" (FordMsg167BusHiSpd.c line 871 column 8) have the same first 36 characters.
</Message>
</Rule>

<Rule Name="5.1" Mode="required" Report="warning" Id="21">
<Loc File="C:\_Synergy_Projects\Working\MM059A_FordMsg167BusHiSpd_Impl\src\FordMsg167BusHiSpd.c" Line="1144" Column="105">
</Loc>
<Message>
Identifiers "BusHiSpdMissTiThd_MilliSec_T_u16" (FordMsg167BusHiSpd.c line 1144 column 105) and "BusHiSpdMissTiThd_MilliSec_T_u16" (FordMsg167BusHiSpd.c line 870 column 8) have the same first 32 characters.
</Message>
</Rule>

<Rule Name="5.1" Mode="required" Report="warning" Id="22">
<Loc File="C:\_Synergy_Projects\Working\MM059A_FordMsg167BusHiSpd_Impl\src\FordMsg167BusHiSpd.c" Line="1149" Column="124">
</Loc>
<Message>
Identifiers "FordVehElecPwrStrtStopSts_Cnt_T_enum" (FordMsg167BusHiSpd.c line 1149 column 124) and "FordVehElecPwrStrtStopSts_Cnt_T_enum" (FordMsg167BusHiSpd.c line 886 column 26) have the same first 36 characters.
</Message>
</Rule>

</CodeStruct>

</MISRA-C-Report>
