<?xml version="1.0" encoding="UTF-8"?>

<project name="Polyspace" files="4" includes="23" ap_cg_cycle="0" ap_cg_direct_cycle="0" pshv="0" unpshv="0">
<file name="C:\Workspace\_EA4\_Components\AR100A_NxtrMath_Impl-kzdyfh\AR100A_NxtrMath_Impl\tools\local\generate\Rte_Stubs.c" total_lines="73" lines_without_cmt="53" comf="5" fco="38">
<function name="Rte_Stub" path="1" goto="0" vg="1" calling="0" calls="39" param="0" stmt="39" level="1" return="0" vocf="2.3" flin="39" fxln="39" ncalls="39">
</function>
<function name="Rte_Call_NxtrMath_SetNtcSts_Oper" path="1" goto="0" vg="1" calling="2" calls="0" param="4" stmt="5" level="1" return="1" vocf="1.6" flin="5" fxln="5" ncalls="0">
</function>
</file>
<file name="C:\Workspace\_EA4\_Components\AR100A_NxtrMath_Impl-kzdyfh\AR100A_NxtrMath_Impl\tools\local\NxtrMath_TestHarness.c" total_lines="219" lines_without_cmt="179" comf="0" fco="1">
<function name="Test_Mod_f32" path="1" goto="0" vg="1" calling="1" calls="1" param="2" stmt="1" level="1" return="1" vocf="1.8" flin="1" fxln="1" ncalls="1">
</function>
<function name="Test_Sqrt_f32" path="1" goto="0" vg="1" calling="1" calls="1" param="1" stmt="1" level="1" return="1" vocf="1.6" flin="1" fxln="1" ncalls="1">
</function>
<function name="Test_Exp_f32" path="1" goto="0" vg="1" calling="1" calls="1" param="1" stmt="1" level="1" return="1" vocf="1.6" flin="1" fxln="1" ncalls="1">
</function>
<function name="Test_Cos_f32" path="1" goto="0" vg="1" calling="1" calls="1" param="1" stmt="1" level="1" return="1" vocf="1.6" flin="1" fxln="1" ncalls="1">
</function>
<function name="Test_Sin_f32" path="1" goto="0" vg="1" calling="1" calls="1" param="1" stmt="1" level="1" return="1" vocf="1.6" flin="1" fxln="1" ncalls="1">
</function>
<function name="Test_Arctan2_f32" path="1" goto="0" vg="1" calling="1" calls="1" param="2" stmt="1" level="1" return="1" vocf="1.8" flin="1" fxln="1" ncalls="1">
</function>
<function name="Test_Lim_f32" path="1" goto="0" vg="1" calling="1" calls="1" param="3" stmt="1" level="1" return="1" vocf="2.0" flin="1" fxln="1" ncalls="1">
</function>
<function name="Test_Lim_u32" path="1" goto="0" vg="1" calling="1" calls="1" param="3" stmt="1" level="1" return="1" vocf="2.0" flin="1" fxln="1" ncalls="1">
</function>
<function name="Test_Lim_s32" path="1" goto="0" vg="1" calling="1" calls="1" param="3" stmt="1" level="1" return="1" vocf="2.0" flin="1" fxln="1" ncalls="1">
</function>
<function name="Test_Lim_u16" path="1" goto="0" vg="1" calling="1" calls="1" param="3" stmt="1" level="1" return="1" vocf="2.0" flin="1" fxln="1" ncalls="1">
</function>
<function name="Test_Lim_s16" path="1" goto="0" vg="1" calling="1" calls="1" param="3" stmt="1" level="1" return="1" vocf="2.0" flin="1" fxln="1" ncalls="1">
</function>
<function name="Test_Lim_u08" path="1" goto="0" vg="1" calling="1" calls="1" param="3" stmt="1" level="1" return="1" vocf="2.0" flin="1" fxln="1" ncalls="1">
</function>
<function name="Test_Lim_s08" path="1" goto="0" vg="1" calling="1" calls="1" param="3" stmt="1" level="1" return="1" vocf="2.0" flin="1" fxln="1" ncalls="1">
</function>
<function name="Test_Max_f32" path="1" goto="0" vg="1" calling="1" calls="1" param="2" stmt="1" level="1" return="1" vocf="1.8" flin="1" fxln="1" ncalls="1">
</function>
<function name="Test_Max_u32" path="1" goto="0" vg="1" calling="1" calls="1" param="2" stmt="1" level="1" return="1" vocf="1.8" flin="1" fxln="1" ncalls="1">
</function>
<function name="Test_Max_s32" path="1" goto="0" vg="1" calling="1" calls="1" param="2" stmt="1" level="1" return="1" vocf="1.8" flin="1" fxln="1" ncalls="1">
</function>
<function name="Test_Max_u16" path="1" goto="0" vg="1" calling="1" calls="1" param="2" stmt="1" level="1" return="1" vocf="1.8" flin="1" fxln="1" ncalls="1">
</function>
<function name="Test_Max_s16" path="1" goto="0" vg="1" calling="1" calls="1" param="2" stmt="1" level="1" return="1" vocf="1.8" flin="1" fxln="1" ncalls="1">
</function>
<function name="Test_Max_u08" path="1" goto="0" vg="1" calling="1" calls="1" param="2" stmt="1" level="1" return="1" vocf="1.8" flin="1" fxln="1" ncalls="1">
</function>
<function name="Test_Max_s08" path="1" goto="0" vg="1" calling="1" calls="1" param="2" stmt="1" level="1" return="1" vocf="1.8" flin="1" fxln="1" ncalls="1">
</function>
<function name="Test_Min_f32" path="1" goto="0" vg="1" calling="1" calls="1" param="2" stmt="1" level="1" return="1" vocf="1.8" flin="1" fxln="1" ncalls="1">
</function>
<function name="Test_Min_u32" path="1" goto="0" vg="1" calling="1" calls="1" param="2" stmt="1" level="1" return="1" vocf="1.8" flin="1" fxln="1" ncalls="1">
</function>
<function name="Test_Min_s32" path="1" goto="0" vg="1" calling="1" calls="1" param="2" stmt="1" level="1" return="1" vocf="1.8" flin="1" fxln="1" ncalls="1">
</function>
<function name="Test_Min_u16" path="1" goto="0" vg="1" calling="1" calls="1" param="2" stmt="1" level="1" return="1" vocf="1.8" flin="1" fxln="1" ncalls="1">
</function>
<function name="Test_Min_s16" path="1" goto="0" vg="1" calling="1" calls="1" param="2" stmt="1" level="1" return="1" vocf="1.8" flin="1" fxln="1" ncalls="1">
</function>
<function name="Test_Min_u08" path="1" goto="0" vg="1" calling="1" calls="1" param="2" stmt="1" level="1" return="1" vocf="1.8" flin="1" fxln="1" ncalls="1">
</function>
<function name="Test_Min_s08" path="1" goto="0" vg="1" calling="1" calls="1" param="2" stmt="1" level="1" return="1" vocf="1.8" flin="1" fxln="1" ncalls="1">
</function>
<function name="Test_Sign_s08_f32" path="1" goto="0" vg="1" calling="1" calls="1" param="1" stmt="1" level="1" return="1" vocf="1.5" flin="1" fxln="1" ncalls="1">
</function>
<function name="Test_Sign_s08_s32" path="1" goto="0" vg="1" calling="1" calls="1" param="1" stmt="1" level="1" return="1" vocf="1.5" flin="1" fxln="1" ncalls="1">
</function>
<function name="Test_Sign_s08_s16" path="1" goto="0" vg="1" calling="1" calls="1" param="1" stmt="1" level="1" return="1" vocf="1.5" flin="1" fxln="1" ncalls="1">
</function>
<function name="Test_Sign_s08_s08" path="1" goto="0" vg="1" calling="1" calls="1" param="1" stmt="1" level="1" return="1" vocf="1.6" flin="1" fxln="1" ncalls="1">
</function>
<function name="Test_Abslt_f32_f32" path="1" goto="0" vg="1" calling="1" calls="1" param="1" stmt="1" level="1" return="1" vocf="1.6" flin="1" fxln="1" ncalls="1">
</function>
<function name="Test_Abslt_u32_s32" path="1" goto="0" vg="1" calling="1" calls="1" param="1" stmt="1" level="1" return="1" vocf="1.5" flin="1" fxln="1" ncalls="1">
</function>
<function name="Test_Abslt_u16_s16" path="1" goto="0" vg="1" calling="1" calls="1" param="1" stmt="1" level="1" return="1" vocf="1.5" flin="1" fxln="1" ncalls="1">
</function>
<function name="Test_Abslt_u08_s08" path="1" goto="0" vg="1" calling="1" calls="1" param="1" stmt="1" level="1" return="1" vocf="1.5" flin="1" fxln="1" ncalls="1">
</function>
<function name="Test_Blnd_f32" path="1" goto="0" vg="1" calling="1" calls="1" param="3" stmt="1" level="1" return="1" vocf="2.0" flin="1" fxln="1" ncalls="1">
</function>
<function name="SinLookup" path="8" goto="0" vg="4" calling="0" calls="0" param="1" stmt="14" level="1" return="1" vocf="3.6" flin="0" fxln="0" ncalls="0">
</function>
<function name="SinCos_f32" path="16" goto="0" vg="17" calling="0" calls="0" param="3" stmt="56" level="1" return="0" vocf="10.9" flin="0" fxln="0" ncalls="0">
</function>
<function name="Mod_f32" path="1" goto="0" vg="1" calling="1" calls="1" param="2" stmt="1" level="1" return="1" vocf="1.7" flin="0" fxln="0" ncalls="1">
</function>
<function name="Sqrt_f32" path="1" goto="0" vg="1" calling="1" calls="1" param="1" stmt="1" level="1" return="1" vocf="1.5" flin="0" fxln="0" ncalls="1">
</function>
<function name="Exp_f32" path="1" goto="0" vg="1" calling="1" calls="1" param="1" stmt="1" level="1" return="1" vocf="1.5" flin="0" fxln="0" ncalls="1">
</function>
<function name="Cos_f32" path="1" goto="0" vg="1" calling="1" calls="1" param="1" stmt="1" level="1" return="1" vocf="1.5" flin="0" fxln="0" ncalls="1">
</function>
<function name="Sin_f32" path="1" goto="0" vg="1" calling="1" calls="1" param="1" stmt="1" level="1" return="1" vocf="1.5" flin="0" fxln="0" ncalls="1">
</function>
<function name="Arctan2_f32" path="1" goto="0" vg="1" calling="1" calls="1" param="2" stmt="1" level="1" return="1" vocf="1.7" flin="0" fxln="0" ncalls="1">
</function>
<function name="Lim_f32" path="1" goto="0" vg="3" calling="1" calls="0" param="3" stmt="1" level="1" return="1" vocf="3.1" flin="0" fxln="0" ncalls="0">
</function>
<function name="Lim_u32" path="1" goto="0" vg="3" calling="1" calls="0" param="3" stmt="1" level="1" return="1" vocf="3.1" flin="0" fxln="0" ncalls="0">
</function>
<function name="Lim_s32" path="1" goto="0" vg="3" calling="1" calls="0" param="3" stmt="1" level="1" return="1" vocf="3.1" flin="0" fxln="0" ncalls="0">
</function>
<function name="Lim_u16" path="1" goto="0" vg="3" calling="1" calls="0" param="3" stmt="1" level="1" return="1" vocf="3.1" flin="0" fxln="0" ncalls="0">
</function>
<function name="Lim_s16" path="1" goto="0" vg="3" calling="1" calls="0" param="3" stmt="1" level="1" return="1" vocf="3.1" flin="0" fxln="0" ncalls="0">
</function>
<function name="Lim_u08" path="1" goto="0" vg="3" calling="1" calls="0" param="3" stmt="1" level="1" return="1" vocf="3.1" flin="0" fxln="0" ncalls="0">
</function>
<function name="Lim_s08" path="1" goto="0" vg="3" calling="1" calls="0" param="3" stmt="1" level="1" return="1" vocf="3.1" flin="0" fxln="0" ncalls="0">
</function>
<function name="Max_f32" path="1" goto="0" vg="2" calling="1" calls="0" param="2" stmt="1" level="1" return="1" vocf="2.2" flin="0" fxln="0" ncalls="0">
</function>
<function name="Max_u32" path="1" goto="0" vg="2" calling="1" calls="0" param="2" stmt="1" level="1" return="1" vocf="2.2" flin="0" fxln="0" ncalls="0">
</function>
<function name="Max_s32" path="1" goto="0" vg="2" calling="1" calls="0" param="2" stmt="1" level="1" return="1" vocf="2.2" flin="0" fxln="0" ncalls="0">
</function>
<function name="Max_u16" path="1" goto="0" vg="2" calling="1" calls="0" param="2" stmt="1" level="1" return="1" vocf="2.2" flin="0" fxln="0" ncalls="0">
</function>
<function name="Max_s16" path="1" goto="0" vg="2" calling="1" calls="0" param="2" stmt="1" level="1" return="1" vocf="2.2" flin="0" fxln="0" ncalls="0">
</function>
<function name="Max_u08" path="1" goto="0" vg="2" calling="1" calls="0" param="2" stmt="1" level="1" return="1" vocf="2.2" flin="0" fxln="0" ncalls="0">
</function>
<function name="Max_s08" path="1" goto="0" vg="2" calling="1" calls="0" param="2" stmt="1" level="1" return="1" vocf="2.2" flin="0" fxln="0" ncalls="0">
</function>
<function name="Min_f32" path="1" goto="0" vg="2" calling="1" calls="0" param="2" stmt="1" level="1" return="1" vocf="2.2" flin="0" fxln="0" ncalls="0">
</function>
<function name="Min_u32" path="1" goto="0" vg="2" calling="1" calls="0" param="2" stmt="1" level="1" return="1" vocf="2.2" flin="0" fxln="0" ncalls="0">
</function>
<function name="Min_s32" path="1" goto="0" vg="2" calling="1" calls="0" param="2" stmt="1" level="1" return="1" vocf="2.2" flin="0" fxln="0" ncalls="0">
</function>
<function name="Min_u16" path="1" goto="0" vg="2" calling="1" calls="0" param="2" stmt="1" level="1" return="1" vocf="2.2" flin="0" fxln="0" ncalls="0">
</function>
<function name="Min_s16" path="1" goto="0" vg="2" calling="1" calls="0" param="2" stmt="1" level="1" return="1" vocf="2.2" flin="0" fxln="0" ncalls="0">
</function>
<function name="Min_u08" path="1" goto="0" vg="2" calling="1" calls="0" param="2" stmt="1" level="1" return="1" vocf="2.2" flin="0" fxln="0" ncalls="0">
</function>
<function name="Min_s08" path="1" goto="0" vg="2" calling="1" calls="0" param="2" stmt="1" level="1" return="1" vocf="2.2" flin="0" fxln="0" ncalls="0">
</function>
<function name="Sign_s08_f32" path="1" goto="0" vg="2" calling="1" calls="0" param="1" stmt="1" level="1" return="1" vocf="2.2" flin="0" fxln="0" ncalls="0">
</function>
<function name="Sign_s08_s32" path="1" goto="0" vg="2" calling="1" calls="0" param="1" stmt="1" level="1" return="1" vocf="2.2" flin="0" fxln="0" ncalls="0">
</function>
<function name="Sign_s08_s16" path="1" goto="0" vg="2" calling="1" calls="0" param="1" stmt="1" level="1" return="1" vocf="2.2" flin="0" fxln="0" ncalls="0">
</function>
<function name="Sign_s08_s08" path="1" goto="0" vg="2" calling="1" calls="0" param="1" stmt="1" level="1" return="1" vocf="2.3" flin="0" fxln="0" ncalls="0">
</function>
<function name="Abslt_f32_f32" path="1" goto="0" vg="1" calling="1" calls="1" param="1" stmt="1" level="1" return="1" vocf="1.5" flin="0" fxln="0" ncalls="1">
</function>
<function name="Abslt_u32_s32" path="1" goto="0" vg="2" calling="1" calls="0" param="1" stmt="1" level="1" return="1" vocf="2.8" flin="0" fxln="0" ncalls="0">
</function>
<function name="Abslt_u16_s16" path="1" goto="0" vg="2" calling="1" calls="0" param="1" stmt="1" level="1" return="1" vocf="2.8" flin="0" fxln="0" ncalls="0">
</function>
<function name="Abslt_u08_s08" path="1" goto="0" vg="2" calling="1" calls="0" param="1" stmt="1" level="1" return="1" vocf="2.8" flin="0" fxln="0" ncalls="0">
</function>
<function name="Blnd_f32" path="1" goto="0" vg="1" calling="1" calls="0" param="3" stmt="1" level="1" return="1" vocf="6.0" flin="0" fxln="0" ncalls="0">
</function>
</file>
<file name="C:\Workspace\_EA4\_Components\AR100A_NxtrMath_Impl-kzdyfh\AR100A_NxtrMath_Impl\src\NxtrMathNonRte.c" total_lines="107" lines_without_cmt="55" comf="100" fco="0">
<function name="__gh_set_errno" path="1" goto="0" vg="1" calling="1" calls="0" param="1" stmt="1" level="1" return="0" vocf="1.1" flin="1" fxln="1" ncalls="0">
</function>
<function name="SinLookup" path="8" goto="0" vg="4" calling="0" calls="0" param="1" stmt="14" level="1" return="1" vocf="3.6" flin="0" fxln="0" ncalls="0">
</function>
<function name="SinCos_f32" path="16" goto="0" vg="17" calling="0" calls="0" param="3" stmt="56" level="1" return="0" vocf="10.9" flin="0" fxln="0" ncalls="0">
</function>
<function name="Mod_f32" path="1" goto="0" vg="1" calling="1" calls="1" param="2" stmt="1" level="1" return="1" vocf="1.7" flin="0" fxln="0" ncalls="1">
</function>
<function name="Sqrt_f32" path="1" goto="0" vg="1" calling="1" calls="1" param="1" stmt="1" level="1" return="1" vocf="1.5" flin="0" fxln="0" ncalls="1">
</function>
<function name="Exp_f32" path="1" goto="0" vg="1" calling="1" calls="1" param="1" stmt="1" level="1" return="1" vocf="1.5" flin="0" fxln="0" ncalls="1">
</function>
<function name="Cos_f32" path="1" goto="0" vg="1" calling="1" calls="1" param="1" stmt="1" level="1" return="1" vocf="1.5" flin="0" fxln="0" ncalls="1">
</function>
<function name="Sin_f32" path="1" goto="0" vg="1" calling="1" calls="1" param="1" stmt="1" level="1" return="1" vocf="1.5" flin="0" fxln="0" ncalls="1">
</function>
<function name="Arctan2_f32" path="1" goto="0" vg="1" calling="1" calls="1" param="2" stmt="1" level="1" return="1" vocf="1.7" flin="0" fxln="0" ncalls="1">
</function>
<function name="Lim_f32" path="1" goto="0" vg="3" calling="1" calls="0" param="3" stmt="1" level="1" return="1" vocf="3.1" flin="0" fxln="0" ncalls="0">
</function>
<function name="Lim_u32" path="1" goto="0" vg="3" calling="1" calls="0" param="3" stmt="1" level="1" return="1" vocf="3.1" flin="0" fxln="0" ncalls="0">
</function>
<function name="Lim_s32" path="1" goto="0" vg="3" calling="1" calls="0" param="3" stmt="1" level="1" return="1" vocf="3.1" flin="0" fxln="0" ncalls="0">
</function>
<function name="Lim_u16" path="1" goto="0" vg="3" calling="1" calls="0" param="3" stmt="1" level="1" return="1" vocf="3.1" flin="0" fxln="0" ncalls="0">
</function>
<function name="Lim_s16" path="1" goto="0" vg="3" calling="1" calls="0" param="3" stmt="1" level="1" return="1" vocf="3.1" flin="0" fxln="0" ncalls="0">
</function>
<function name="Lim_u08" path="1" goto="0" vg="3" calling="1" calls="0" param="3" stmt="1" level="1" return="1" vocf="3.1" flin="0" fxln="0" ncalls="0">
</function>
<function name="Lim_s08" path="1" goto="0" vg="3" calling="1" calls="0" param="3" stmt="1" level="1" return="1" vocf="3.1" flin="0" fxln="0" ncalls="0">
</function>
<function name="Max_f32" path="1" goto="0" vg="2" calling="1" calls="0" param="2" stmt="1" level="1" return="1" vocf="2.2" flin="0" fxln="0" ncalls="0">
</function>
<function name="Max_u32" path="1" goto="0" vg="2" calling="1" calls="0" param="2" stmt="1" level="1" return="1" vocf="2.2" flin="0" fxln="0" ncalls="0">
</function>
<function name="Max_s32" path="1" goto="0" vg="2" calling="1" calls="0" param="2" stmt="1" level="1" return="1" vocf="2.2" flin="0" fxln="0" ncalls="0">
</function>
<function name="Max_u16" path="1" goto="0" vg="2" calling="1" calls="0" param="2" stmt="1" level="1" return="1" vocf="2.2" flin="0" fxln="0" ncalls="0">
</function>
<function name="Max_s16" path="1" goto="0" vg="2" calling="1" calls="0" param="2" stmt="1" level="1" return="1" vocf="2.2" flin="0" fxln="0" ncalls="0">
</function>
<function name="Max_u08" path="1" goto="0" vg="2" calling="1" calls="0" param="2" stmt="1" level="1" return="1" vocf="2.2" flin="0" fxln="0" ncalls="0">
</function>
<function name="Max_s08" path="1" goto="0" vg="2" calling="1" calls="0" param="2" stmt="1" level="1" return="1" vocf="2.2" flin="0" fxln="0" ncalls="0">
</function>
<function name="Min_f32" path="1" goto="0" vg="2" calling="1" calls="0" param="2" stmt="1" level="1" return="1" vocf="2.2" flin="0" fxln="0" ncalls="0">
</function>
<function name="Min_u32" path="1" goto="0" vg="2" calling="1" calls="0" param="2" stmt="1" level="1" return="1" vocf="2.2" flin="0" fxln="0" ncalls="0">
</function>
<function name="Min_s32" path="1" goto="0" vg="2" calling="1" calls="0" param="2" stmt="1" level="1" return="1" vocf="2.2" flin="0" fxln="0" ncalls="0">
</function>
<function name="Min_u16" path="1" goto="0" vg="2" calling="1" calls="0" param="2" stmt="1" level="1" return="1" vocf="2.2" flin="0" fxln="0" ncalls="0">
</function>
<function name="Min_s16" path="1" goto="0" vg="2" calling="1" calls="0" param="2" stmt="1" level="1" return="1" vocf="2.2" flin="0" fxln="0" ncalls="0">
</function>
<function name="Min_u08" path="1" goto="0" vg="2" calling="1" calls="0" param="2" stmt="1" level="1" return="1" vocf="2.2" flin="0" fxln="0" ncalls="0">
</function>
<function name="Min_s08" path="1" goto="0" vg="2" calling="1" calls="0" param="2" stmt="1" level="1" return="1" vocf="2.2" flin="0" fxln="0" ncalls="0">
</function>
<function name="Sign_s08_f32" path="1" goto="0" vg="2" calling="1" calls="0" param="1" stmt="1" level="1" return="1" vocf="2.2" flin="0" fxln="0" ncalls="0">
</function>
<function name="Sign_s08_s32" path="1" goto="0" vg="2" calling="1" calls="0" param="1" stmt="1" level="1" return="1" vocf="2.2" flin="0" fxln="0" ncalls="0">
</function>
<function name="Sign_s08_s16" path="1" goto="0" vg="2" calling="1" calls="0" param="1" stmt="1" level="1" return="1" vocf="2.2" flin="0" fxln="0" ncalls="0">
</function>
<function name="Sign_s08_s08" path="1" goto="0" vg="2" calling="1" calls="0" param="1" stmt="1" level="1" return="1" vocf="2.3" flin="0" fxln="0" ncalls="0">
</function>
<function name="Abslt_f32_f32" path="1" goto="0" vg="1" calling="1" calls="1" param="1" stmt="1" level="1" return="1" vocf="1.5" flin="0" fxln="0" ncalls="1">
</function>
<function name="Abslt_u32_s32" path="1" goto="0" vg="2" calling="1" calls="0" param="1" stmt="1" level="1" return="1" vocf="2.8" flin="0" fxln="0" ncalls="0">
</function>
<function name="Abslt_u16_s16" path="1" goto="0" vg="2" calling="1" calls="0" param="1" stmt="1" level="1" return="1" vocf="2.8" flin="0" fxln="0" ncalls="0">
</function>
<function name="Abslt_u08_s08" path="1" goto="0" vg="2" calling="1" calls="0" param="1" stmt="1" level="1" return="1" vocf="2.8" flin="0" fxln="0" ncalls="0">
</function>
<function name="Blnd_f32" path="1" goto="0" vg="1" calling="1" calls="0" param="3" stmt="1" level="1" return="1" vocf="6.0" flin="0" fxln="0" ncalls="0">
</function>
</file>
<file name="C:\Workspace\_EA4\_Components\AR100A_NxtrMath_Impl-kzdyfh\AR100A_NxtrMath_Impl\src\NxtrMath.c" total_lines="719" lines_without_cmt="21" comf="100" fco="1">
<function name="NxtrMathPer1" path="2" goto="0" vg="2" calling="1" calls="1" param="0" stmt="2" level="1" return="0" vocf="2.1" flin="13" fxln="2" ncalls="1">
</function>
<function name="NxtrMathInit1" path="2" goto="0" vg="2" calling="1" calls="1" param="0" stmt="2" level="1" return="0" vocf="2.2" flin="13" fxln="2" ncalls="1">
</function>
</file>
</project>
