<?xml version="1.0" encoding="UTF-8"?>

<MISRA-C-Report version="1.3">


<CodeStruct Name="" File="C:\Component\MM086A_FordMsg443BusHiSpd_Impl\src\FordMsg443BusHiSpd.c" Line="0" Column="0">

<Rule Name="19.1" Mode="advisory" Report="warning" Id="1">
<Loc File="C:\Component\MM086A_FordMsg443BusHiSpd_Impl\src\FordMsg443BusHiSpd.c" Line="900" Column="0">
</Loc>
<Message>
#include statements in a file shall only be preceded by other preprocessor directives or comments.
</Message>
</Rule>

</CodeStruct>

<CodeStruct Name="FordMsg443BusHiSpdPer1" File="C:\Component\MM086A_FordMsg443BusHiSpd_Impl\src\FordMsg443BusHiSpd.c" Line="759" Column="5">

<Rule Name="16.10" Mode="required" Report="warning" Id="3">
<Loc File="C:\Component\MM086A_FordMsg443BusHiSpd_Impl\src\FordMsg443BusHiSpd.c" Line="835" Column="75">
</Loc>
<Message>
If a function returns error information, then that error information should be tested.
</Message>
</Rule>

<Rule Name="16.10" Mode="required" Report="warning" Id="4">
<Loc File="C:\Component\MM086A_FordMsg443BusHiSpd_Impl\src\FordMsg443BusHiSpd.c" Line="859" Column="75">
</Loc>
<Message>
If a function returns error information, then that error information should be tested.
</Message>
</Rule>

<Rule Name="16.10" Mode="required" Report="warning" Id="5">
<Loc File="C:\Component\MM086A_FordMsg443BusHiSpd_Impl\src\FordMsg443BusHiSpd.c" Line="869" Column="75">
</Loc>
<Message>
If a function returns error information, then that error information should be tested.
</Message>
</Rule>

<Rule Name="16.10" Mode="required" Report="warning" Id="6">
<Loc File="C:\Component\MM086A_FordMsg443BusHiSpd_Impl\src\FordMsg443BusHiSpd.c" Line="876" Column="74">
</Loc>
<Message>
If a function returns error information, then that error information should be tested.
</Message>
</Rule>

<Rule Name="16.10" Mode="required" Report="warning" Id="7">
<Loc File="C:\Component\MM086A_FordMsg443BusHiSpd_Impl\src\FordMsg443BusHiSpd.c" Line="883" Column="66">
</Loc>
<Message>
If a function returns error information, then that error information should be tested.
</Message>
</Rule>

<Rule Name="9.1" Mode="required" Report="warning" Id="8">
<Loc File="C:\Component\MM086A_FordMsg443BusHiSpd_Impl\src\FordMsg443BusHiSpd.c" Line="884" Column="48">
</Loc>
<Message>
All automatic variables shall have been assigned a value before being used.
</Message>
</Rule>

</CodeStruct>

<CodeStruct Name="" File="C:\Component\MM086A_FordMsg443BusHiSpd_Impl\src\FordMsg443BusHiSpdNonRte.c" Line="0" Column="0">

<Rule Name="19.1" Mode="advisory" Report="warning" Id="2">
<Loc File="C:\Component\MM086A_FordMsg443BusHiSpd_Impl\src\FordMsg443BusHiSpdNonRte.c" Line="79" Column="0">
</Loc>
<Message>
#include statements in a file shall only be preceded by other preprocessor directives or comments.
</Message>
</Rule>

</CodeStruct>

</MISRA-C-Report>
