<?xml version="1.0" encoding="UTF-8"?>
<MISRA-C-Report-Summary>
<File Mode="advisory" Error="0" Warning="2" Total="2">
<Name>
C:\Users\nz3541\Documents\SynergyWorkingEA4\SF062B_DualCtrlrOutpMgr_Impl\src\DualCtrlrOutpMgr.c</Name>
</File>
<File Mode="required" Error="0" Warning="23" Total="23">
<Name>
C:\Users\nz3541\Documents\SynergyWorkingEA4\SF062B_DualCtrlrOutpMgr_Impl\src\DualCtrlrOutpMgr.c</Name>
</File>
<Rule Name="5.1" Count="19" Mode="required" Severity="warning">
<Message>
</Message>
</Rule>
<Rule Name="11.5" Count="4" Mode="required" Severity="warning">
<Message>
A cast shall not be performed that removes any const or volatile qualification</Message>
</Rule>
<Rule Name="19.1" Count="2" Mode="advisory" Severity="warning">
<Message>
#include statements in a file shall only be preceded by other preprocessor directives or comments.</Message>
</Rule>
</MISRA-C-Report-Summary>
