<?xml version="1.0" encoding="UTF-8"?>

<MISRA-C-Report version="1.3">


<CodeStruct Name="" File="C:\_Synergy_Projects\Working\ses_dev_ea4\SF019B_PwrLimr_Impl\src\PwrLimr.c" Line="0" Column="0">

<Rule Name="19.1" Mode="advisory" Report="warning" Id="1">
<Loc File="C:\_Synergy_Projects\Working\ses_dev_ea4\SF019B_PwrLimr_Impl\src\PwrLimr.c" Line="769" Column="0">
</Loc>
<Message>
#include statements in a file shall only be preceded by other preprocessor directives or comments.
</Message>
</Rule>

<Rule Name="19.1" Mode="advisory" Report="warning" Id="2">
<Loc File="C:\_Synergy_Projects\Working\ses_dev_ea4\SF019B_PwrLimr_Impl\src\PwrLimr.c" Line="1311" Column="0">
</Loc>
<Message>
#include statements in a file shall only be preceded by other preprocessor directives or comments.
</Message>
</Rule>

</CodeStruct>

<CodeStruct Name="PwrLimrPer1" File="C:\_Synergy_Projects\Working\ses_dev_ea4\SF019B_PwrLimr_Impl\src\PwrLimr.c" Line="864" Column="5">

<Rule Name="11.5" Mode="required" Report="warning" Id="3">
<Loc File="C:\_Synergy_Projects\Working\ses_dev_ea4\SF019B_PwrLimr_Impl\src\PwrLimr.c" Line="937" Column="30">
</Loc>
<Message>
A cast shall not be performed that removes any const or volatile qualification
from the type addressed by a pointer.
</Message>
</Rule>

<Rule Name="21.1" Mode="required" Report="warning" Id="4">
<Loc File="C:\_Synergy_Projects\Working\ses_dev_ea4\SF019B_PwrLimr_Impl\src\PwrLimr.c" Line="937" Column="124">
</Loc>
<Message>
Minimisation of run-time failures.
</Message>
</Rule>

<Rule Name="11.5" Mode="required" Report="warning" Id="5">
<Loc File="C:\_Synergy_Projects\Working\ses_dev_ea4\SF019B_PwrLimr_Impl\src\PwrLimr.c" Line="959" Column="72">
</Loc>
<Message>
A cast shall not be performed that removes any const or volatile qualification
from the type addressed by a pointer.
</Message>
</Rule>

<Rule Name="11.5" Mode="required" Report="warning" Id="6">
<Loc File="C:\_Synergy_Projects\Working\ses_dev_ea4\SF019B_PwrLimr_Impl\src\PwrLimr.c" Line="960" Column="72">
</Loc>
<Message>
A cast shall not be performed that removes any const or volatile qualification
from the type addressed by a pointer.
</Message>
</Rule>

<Rule Name="11.5" Mode="required" Report="warning" Id="7">
<Loc File="C:\_Synergy_Projects\Working\ses_dev_ea4\SF019B_PwrLimr_Impl\src\PwrLimr.c" Line="961" Column="88">
</Loc>
<Message>
A cast shall not be performed that removes any const or volatile qualification
from the type addressed by a pointer.
</Message>
</Rule>

<Rule Name="11.5" Mode="required" Report="warning" Id="8">
<Loc File="C:\_Synergy_Projects\Working\ses_dev_ea4\SF019B_PwrLimr_Impl\src\PwrLimr.c" Line="961" Column="171">
</Loc>
<Message>
A cast shall not be performed that removes any const or volatile qualification
from the type addressed by a pointer.
</Message>
</Rule>

<Rule Name="11.5" Mode="required" Report="warning" Id="9">
<Loc File="C:\_Synergy_Projects\Working\ses_dev_ea4\SF019B_PwrLimr_Impl\src\PwrLimr.c" Line="1000" Column="71">
</Loc>
<Message>
A cast shall not be performed that removes any const or volatile qualification
from the type addressed by a pointer.
</Message>
</Rule>

<Rule Name="11.5" Mode="required" Report="warning" Id="10">
<Loc File="C:\_Synergy_Projects\Working\ses_dev_ea4\SF019B_PwrLimr_Impl\src\PwrLimr.c" Line="1001" Column="70">
</Loc>
<Message>
A cast shall not be performed that removes any const or volatile qualification
from the type addressed by a pointer.
</Message>
</Rule>

<Rule Name="11.5" Mode="required" Report="warning" Id="11">
<Loc File="C:\_Synergy_Projects\Working\ses_dev_ea4\SF019B_PwrLimr_Impl\src\PwrLimr.c" Line="1002" Column="86">
</Loc>
<Message>
A cast shall not be performed that removes any const or volatile qualification
from the type addressed by a pointer.
</Message>
</Rule>

<Rule Name="11.5" Mode="required" Report="warning" Id="12">
<Loc File="C:\_Synergy_Projects\Working\ses_dev_ea4\SF019B_PwrLimr_Impl\src\PwrLimr.c" Line="1002" Column="166">
</Loc>
<Message>
A cast shall not be performed that removes any const or volatile qualification
from the type addressed by a pointer.
</Message>
</Rule>

<Rule Name="11.5" Mode="required" Report="warning" Id="13">
<Loc File="C:\_Synergy_Projects\Working\ses_dev_ea4\SF019B_PwrLimr_Impl\src\PwrLimr.c" Line="1047" Column="69">
</Loc>
<Message>
A cast shall not be performed that removes any const or volatile qualification
from the type addressed by a pointer.
</Message>
</Rule>

<Rule Name="11.5" Mode="required" Report="warning" Id="14">
<Loc File="C:\_Synergy_Projects\Working\ses_dev_ea4\SF019B_PwrLimr_Impl\src\PwrLimr.c" Line="1048" Column="69">
</Loc>
<Message>
A cast shall not be performed that removes any const or volatile qualification
from the type addressed by a pointer.
</Message>
</Rule>

<Rule Name="11.5" Mode="required" Report="warning" Id="15">
<Loc File="C:\_Synergy_Projects\Working\ses_dev_ea4\SF019B_PwrLimr_Impl\src\PwrLimr.c" Line="1049" Column="85">
</Loc>
<Message>
A cast shall not be performed that removes any const or volatile qualification
from the type addressed by a pointer.
</Message>
</Rule>

<Rule Name="11.5" Mode="required" Report="warning" Id="16">
<Loc File="C:\_Synergy_Projects\Working\ses_dev_ea4\SF019B_PwrLimr_Impl\src\PwrLimr.c" Line="1049" Column="159">
</Loc>
<Message>
A cast shall not be performed that removes any const or volatile qualification
from the type addressed by a pointer.
</Message>
</Rule>

<Rule Name="11.5" Mode="required" Report="warning" Id="17">
<Loc File="C:\_Synergy_Projects\Working\ses_dev_ea4\SF019B_PwrLimr_Impl\src\PwrLimr.c" Line="1063" Column="67">
</Loc>
<Message>
A cast shall not be performed that removes any const or volatile qualification
from the type addressed by a pointer.
</Message>
</Rule>

<Rule Name="11.5" Mode="required" Report="warning" Id="18">
<Loc File="C:\_Synergy_Projects\Working\ses_dev_ea4\SF019B_PwrLimr_Impl\src\PwrLimr.c" Line="1068" Column="63">
</Loc>
<Message>
A cast shall not be performed that removes any const or volatile qualification
from the type addressed by a pointer.
</Message>
</Rule>

<Rule Name="11.5" Mode="required" Report="warning" Id="19">
<Loc File="C:\_Synergy_Projects\Working\ses_dev_ea4\SF019B_PwrLimr_Impl\src\PwrLimr.c" Line="1069" Column="64">
</Loc>
<Message>
A cast shall not be performed that removes any const or volatile qualification
from the type addressed by a pointer.
</Message>
</Rule>

<Rule Name="11.5" Mode="required" Report="warning" Id="20">
<Loc File="C:\_Synergy_Projects\Working\ses_dev_ea4\SF019B_PwrLimr_Impl\src\PwrLimr.c" Line="1073" Column="107">
</Loc>
<Message>
A cast shall not be performed that removes any const or volatile qualification
from the type addressed by a pointer.
</Message>
</Rule>

<Rule Name="11.5" Mode="required" Report="warning" Id="21">
<Loc File="C:\_Synergy_Projects\Working\ses_dev_ea4\SF019B_PwrLimr_Impl\src\PwrLimr.c" Line="1074" Column="71">
</Loc>
<Message>
A cast shall not be performed that removes any const or volatile qualification
from the type addressed by a pointer.
</Message>
</Rule>

<Rule Name="11.5" Mode="required" Report="warning" Id="22">
<Loc File="C:\_Synergy_Projects\Working\ses_dev_ea4\SF019B_PwrLimr_Impl\src\PwrLimr.c" Line="1075" Column="71">
</Loc>
<Message>
A cast shall not be performed that removes any const or volatile qualification
from the type addressed by a pointer.
</Message>
</Rule>

<Rule Name="21.1" Mode="required" Report="warning" Id="23">
<Loc File="C:\_Synergy_Projects\Working\ses_dev_ea4\SF019B_PwrLimr_Impl\src\PwrLimr.c" Line="1080" Column="84">
</Loc>
<Message>
Minimisation of run-time failures.
</Message>
</Rule>

<Rule Name="11.5" Mode="required" Report="warning" Id="24">
<Loc File="C:\_Synergy_Projects\Working\ses_dev_ea4\SF019B_PwrLimr_Impl\src\PwrLimr.c" Line="1082" Column="64">
</Loc>
<Message>
A cast shall not be performed that removes any const or volatile qualification
from the type addressed by a pointer.
</Message>
</Rule>

<Rule Name="11.5" Mode="required" Report="warning" Id="25">
<Loc File="C:\_Synergy_Projects\Working\ses_dev_ea4\SF019B_PwrLimr_Impl\src\PwrLimr.c" Line="1098" Column="73">
</Loc>
<Message>
A cast shall not be performed that removes any const or volatile qualification
from the type addressed by a pointer.
</Message>
</Rule>

<Rule Name="11.5" Mode="required" Report="warning" Id="26">
<Loc File="C:\_Synergy_Projects\Working\ses_dev_ea4\SF019B_PwrLimr_Impl\src\PwrLimr.c" Line="1099" Column="73">
</Loc>
<Message>
A cast shall not be performed that removes any const or volatile qualification
from the type addressed by a pointer.
</Message>
</Rule>

<Rule Name="11.5" Mode="required" Report="warning" Id="27">
<Loc File="C:\_Synergy_Projects\Working\ses_dev_ea4\SF019B_PwrLimr_Impl\src\PwrLimr.c" Line="1100" Column="89">
</Loc>
<Message>
A cast shall not be performed that removes any const or volatile qualification
from the type addressed by a pointer.
</Message>
</Rule>

<Rule Name="11.5" Mode="required" Report="warning" Id="28">
<Loc File="C:\_Synergy_Projects\Working\ses_dev_ea4\SF019B_PwrLimr_Impl\src\PwrLimr.c" Line="1100" Column="163">
</Loc>
<Message>
A cast shall not be performed that removes any const or volatile qualification
from the type addressed by a pointer.
</Message>
</Rule>

<Rule Name="11.5" Mode="required" Report="warning" Id="29">
<Loc File="C:\_Synergy_Projects\Working\ses_dev_ea4\SF019B_PwrLimr_Impl\src\PwrLimr.c" Line="1111" Column="81">
</Loc>
<Message>
A cast shall not be performed that removes any const or volatile qualification
from the type addressed by a pointer.
</Message>
</Rule>

<Rule Name="11.5" Mode="required" Report="warning" Id="30">
<Loc File="C:\_Synergy_Projects\Working\ses_dev_ea4\SF019B_PwrLimr_Impl\src\PwrLimr.c" Line="1140" Column="73">
</Loc>
<Message>
A cast shall not be performed that removes any const or volatile qualification
from the type addressed by a pointer.
</Message>
</Rule>

<Rule Name="11.5" Mode="required" Report="warning" Id="31">
<Loc File="C:\_Synergy_Projects\Working\ses_dev_ea4\SF019B_PwrLimr_Impl\src\PwrLimr.c" Line="1141" Column="73">
</Loc>
<Message>
A cast shall not be performed that removes any const or volatile qualification
from the type addressed by a pointer.
</Message>
</Rule>

<Rule Name="11.5" Mode="required" Report="warning" Id="32">
<Loc File="C:\_Synergy_Projects\Working\ses_dev_ea4\SF019B_PwrLimr_Impl\src\PwrLimr.c" Line="1142" Column="89">
</Loc>
<Message>
A cast shall not be performed that removes any const or volatile qualification
from the type addressed by a pointer.
</Message>
</Rule>

<Rule Name="11.5" Mode="required" Report="warning" Id="33">
<Loc File="C:\_Synergy_Projects\Working\ses_dev_ea4\SF019B_PwrLimr_Impl\src\PwrLimr.c" Line="1142" Column="163">
</Loc>
<Message>
A cast shall not be performed that removes any const or volatile qualification
from the type addressed by a pointer.
</Message>
</Rule>

</CodeStruct>

<CodeStruct Name="PwrLimrPer2" File="C:\_Synergy_Projects\Working\ses_dev_ea4\SF019B_PwrLimr_Impl\src\PwrLimr.c" Line="1210" Column="5">

<Rule Name="11.5" Mode="required" Report="warning" Id="34">
<Loc File="C:\_Synergy_Projects\Working\ses_dev_ea4\SF019B_PwrLimr_Impl\src\PwrLimr.c" Line="1260" Column="67">
</Loc>
<Message>
A cast shall not be performed that removes any const or volatile qualification
from the type addressed by a pointer.
</Message>
</Rule>

</CodeStruct>

</MISRA-C-Report>
