<?xml version="1.0" encoding="UTF-8"?>
<!--EDRS Version 1.0-->
<global>
   <file name="C:\\Users\\czgng4\\Desktop\\MotCtrlMgr\\AR300A_MotCtrlMgr_Impl\\tools\\local\\generate\\CDD_MotCtrlMgr.c" comment="">
      <function name="MotCtrlMgrPer1" comment="" line="57" main_generator_called="MAIN_GENERATOR"/>
      <function name="MotCtrlMgrPer2" comment="" line="98" main_generator_called="MAIN_GENERATOR"/>
   </file>
   <file name="C:\\Users\\czgng4\\Desktop\\MotCtrlMgr\\AR300A_MotCtrlMgr_Impl\\tools\\local\\generate\\CDD_MotCtrlMgr_Data.c" comment="">
      <struct name="MotCtrlMgr_MotCtrlFromTwoMilliSec_Rec" comment="" line="128">
         <scalar name="MotCtrlReadMotCtrlWriteTwoMsEnum" comment="" line="128" base_type="uint32" complete_type="uint32" init_mode="MAIN_GENERATOR" init_modes_allowed="15" init_range="min..max" global_assert="NO" assert_range=""/>
         <scalar name="MotCtrlReadMotCtrlWriteTwoMsbool" comment="" line="128" base_type="uint8" complete_type="uint8" init_mode="MAIN_GENERATOR" init_modes_allowed="15" init_range="min..max" global_assert="NO" assert_range=""/>
         <scalar name="MotCtrlReadMotCtrlWriteTwoMsf32" comment="" line="128" base_type="float32" complete_type="float32" init_mode="MAIN_GENERATOR" init_modes_allowed="15" init_range="min..max" global_assert="NO" assert_range=""/>
         <scalar name="MotCtrlReadMotCtrlWriteTwoMss08" comment="" line="128" base_type="int8" complete_type="int8" init_mode="MAIN_GENERATOR" init_modes_allowed="15" init_range="min..max" global_assert="NO" assert_range=""/>
         <scalar name="MotCtrlReadMotCtrlWriteTwoMss16" comment="" line="128" base_type="int16" complete_type="int16" init_mode="MAIN_GENERATOR" init_modes_allowed="15" init_range="min..max" global_assert="NO" assert_range=""/>
         <scalar name="MotCtrlReadMotCtrlWriteTwoMss32" comment="" line="128" base_type="int32" complete_type="int32" init_mode="MAIN_GENERATOR" init_modes_allowed="15" init_range="min..max" global_assert="NO" assert_range=""/>
         <array name="MotCtrlReadMotCtrlWriteTwoMss32Ary" comment="" line="128" complete_type="int32 [2]">
            <scalar comment="" line="128" base_type="int32" complete_type="int32" init_mode="MAIN_GENERATOR" init_modes_allowed="15" init_range="min..max" global_assert="NO" assert_range=""/>
         </array>
         <scalar name="MotCtrlReadMotCtrlWriteTwoMsu08" comment="" line="128" base_type="uint8" complete_type="uint8" init_mode="MAIN_GENERATOR" init_modes_allowed="15" init_range="min..max" global_assert="NO" assert_range=""/>
         <scalar name="MotCtrlReadMotCtrlWriteTwoMsu16" comment="" line="128" base_type="uint16" complete_type="uint16" init_mode="MAIN_GENERATOR" init_modes_allowed="15" init_range="min..max" global_assert="NO" assert_range=""/>
         <scalar name="MotCtrlReadMotCtrlWriteTwoMsu32" comment="" line="128" base_type="uint32" complete_type="uint32" init_mode="MAIN_GENERATOR" init_modes_allowed="15" init_range="min..max" global_assert="NO" assert_range=""/>
      </struct>
      <struct name="MotCtrlMgr_MotCtrlInt_Rec" comment="" line="151">
         <array name="MotCtrlAdc0RawRes" comment="" line="151" complete_type="uint16 [24]">
            <scalar comment="" line="151" base_type="uint16" complete_type="uint16" init_mode="MAIN_GENERATOR" init_modes_allowed="15" init_range="min..max" global_assert="NO" assert_range=""/>
         </array>
         <scalar name="MotCtrlReadMotCtrlWriteMotCtrlEnum" comment="" line="151" base_type="uint8" complete_type="uint8" init_mode="MAIN_GENERATOR" init_modes_allowed="15" init_range="min..max" global_assert="NO" assert_range=""/>
         <scalar name="MotCtrlReadMotCtrlWriteMotCtrlbool" comment="" line="151" base_type="uint8" complete_type="uint8" init_mode="MAIN_GENERATOR" init_modes_allowed="15" init_range="min..max" global_assert="NO" assert_range=""/>
         <scalar name="MotCtrlReadMotCtrlWriteMotCtrlf32" comment="" line="151" base_type="float32" complete_type="float32" init_mode="MAIN_GENERATOR" init_modes_allowed="15" init_range="min..max" global_assert="NO" assert_range=""/>
         <array name="MotCtrlReadMotCtrlWriteMotCtrlf32Ary" comment="" line="151" complete_type="float32 [4]">
            <scalar comment="" line="151" base_type="float32" complete_type="float32" init_mode="MAIN_GENERATOR" init_modes_allowed="15" init_range="min..max" global_assert="NO" assert_range=""/>
         </array>
         <scalar name="MotCtrlReadMotCtrlWriteMotCtrls08" comment="" line="151" base_type="int8" complete_type="int8" init_mode="MAIN_GENERATOR" init_modes_allowed="15" init_range="min..max" global_assert="NO" assert_range=""/>
         <array name="MotCtrlReadMotCtrlWriteMotCtrls08Ary" comment="" line="151" complete_type="int8 [2]">
            <scalar comment="" line="151" base_type="int8" complete_type="int8" init_mode="MAIN_GENERATOR" init_modes_allowed="15" init_range="min..max" global_assert="NO" assert_range=""/>
         </array>
         <scalar name="MotCtrlReadMotCtrlWriteMotCtrls16" comment="" line="151" base_type="int16" complete_type="int16" init_mode="MAIN_GENERATOR" init_modes_allowed="15" init_range="min..max" global_assert="NO" assert_range=""/>
         <scalar name="MotCtrlReadMotCtrlWriteMotCtrls32" comment="" line="151" base_type="int32" complete_type="int32" init_mode="MAIN_GENERATOR" init_modes_allowed="15" init_range="min..max" global_assert="NO" assert_range=""/>
         <scalar name="MotCtrlReadMotCtrlWriteMotCtrlu08" comment="" line="151" base_type="uint8" complete_type="uint8" init_mode="MAIN_GENERATOR" init_modes_allowed="15" init_range="min..max" global_assert="NO" assert_range=""/>
         <scalar name="MotCtrlReadMotCtrlWriteMotCtrlu16" comment="" line="151" base_type="uint16" complete_type="uint16" init_mode="MAIN_GENERATOR" init_modes_allowed="15" init_range="min..max" global_assert="NO" assert_range=""/>
         <scalar name="MotCtrlReadMotCtrlWriteMotCtrlu32" comment="" line="151" base_type="uint32" complete_type="uint32" init_mode="MAIN_GENERATOR" init_modes_allowed="15" init_range="min..max" global_assert="NO" assert_range=""/>
         <scalar name="MotCtrlReadMotCtrlWriteNoneEnum" comment="" line="151" base_type="uint32" complete_type="uint32" init_mode="MAIN_GENERATOR" init_modes_allowed="15" init_range="min..max" global_assert="NO" assert_range=""/>
         <scalar name="MotCtrlReadMotCtrlWriteNonebool" comment="" line="151" base_type="uint8" complete_type="uint8" init_mode="MAIN_GENERATOR" init_modes_allowed="15" init_range="min..max" global_assert="NO" assert_range=""/>
         <scalar name="MotCtrlReadMotCtrlWriteNonef32" comment="" line="151" base_type="float32" complete_type="float32" init_mode="MAIN_GENERATOR" init_modes_allowed="15" init_range="min..max" global_assert="NO" assert_range=""/>
         <scalar name="MotCtrlReadMotCtrlWriteNones08" comment="" line="151" base_type="int8" complete_type="int8" init_mode="MAIN_GENERATOR" init_modes_allowed="15" init_range="min..max" global_assert="NO" assert_range=""/>
         <scalar name="MotCtrlReadMotCtrlWriteNones16" comment="" line="151" base_type="int16" complete_type="int16" init_mode="MAIN_GENERATOR" init_modes_allowed="15" init_range="min..max" global_assert="NO" assert_range=""/>
         <array name="MotCtrlReadMotCtrlWriteNones16Ary" comment="" line="151" complete_type="int16 [2]">
            <scalar comment="" line="151" base_type="int16" complete_type="int16" init_mode="MAIN_GENERATOR" init_modes_allowed="15" init_range="min..max" global_assert="NO" assert_range=""/>
         </array>
         <scalar name="MotCtrlReadMotCtrlWriteNones32" comment="" line="151" base_type="int32" complete_type="int32" init_mode="MAIN_GENERATOR" init_modes_allowed="15" init_range="min..max" global_assert="NO" assert_range=""/>
         <scalar name="MotCtrlReadMotCtrlWriteNoneu08" comment="" line="151" base_type="uint8" complete_type="uint8" init_mode="MAIN_GENERATOR" init_modes_allowed="15" init_range="min..max" global_assert="NO" assert_range=""/>
         <scalar name="MotCtrlReadMotCtrlWriteNoneu16" comment="" line="151" base_type="uint16" complete_type="uint16" init_mode="MAIN_GENERATOR" init_modes_allowed="15" init_range="min..max" global_assert="NO" assert_range=""/>
         <scalar name="MotCtrlReadMotCtrlWriteNoneu32" comment="" line="151" base_type="uint32" complete_type="uint32" init_mode="MAIN_GENERATOR" init_modes_allowed="15" init_range="min..max" global_assert="NO" assert_range=""/>
         <scalar name="MotCtrlReadNoneWriteMotCtrlEnum" comment="" line="151" base_type="uint8" complete_type="uint8" init_mode="MAIN_GENERATOR" init_modes_allowed="15" init_range="min..max" global_assert="NO" assert_range=""/>
         <scalar name="MotCtrlReadNoneWriteMotCtrlbool" comment="" line="151" base_type="uint8" complete_type="uint8" init_mode="MAIN_GENERATOR" init_modes_allowed="15" init_range="min..max" global_assert="NO" assert_range=""/>
         <scalar name="MotCtrlReadNoneWriteMotCtrlf32" comment="" line="151" base_type="float32" complete_type="float32" init_mode="MAIN_GENERATOR" init_modes_allowed="15" init_range="min..max" global_assert="NO" assert_range=""/>
         <scalar name="MotCtrlReadNoneWriteMotCtrls08" comment="" line="151" base_type="int8" complete_type="int8" init_mode="MAIN_GENERATOR" init_modes_allowed="15" init_range="min..max" global_assert="NO" assert_range=""/>
         <scalar name="MotCtrlReadNoneWriteMotCtrls16" comment="" line="151" base_type="int16" complete_type="int16" init_mode="MAIN_GENERATOR" init_modes_allowed="15" init_range="min..max" global_assert="NO" assert_range=""/>
         <scalar name="MotCtrlReadNoneWriteMotCtrls32" comment="" line="151" base_type="int32" complete_type="int32" init_mode="MAIN_GENERATOR" init_modes_allowed="15" init_range="min..max" global_assert="NO" assert_range=""/>
         <scalar name="MotCtrlReadNoneWriteMotCtrlu08" comment="" line="151" base_type="uint8" complete_type="uint8" init_mode="MAIN_GENERATOR" init_modes_allowed="15" init_range="min..max" global_assert="NO" assert_range=""/>
         <array name="MotCtrlReadNoneWriteMotCtrlu08Ary" comment="" line="151" complete_type="uint8 [2]">
            <scalar comment="" line="151" base_type="uint8" complete_type="uint8" init_mode="MAIN_GENERATOR" init_modes_allowed="15" init_range="min..max" global_assert="NO" assert_range=""/>
         </array>
         <scalar name="MotCtrlReadNoneWriteMotCtrlu16" comment="" line="151" base_type="uint16" complete_type="uint16" init_mode="MAIN_GENERATOR" init_modes_allowed="15" init_range="min..max" global_assert="NO" assert_range=""/>
         <scalar name="MotCtrlReadNoneWriteMotCtrlu32" comment="" line="151" base_type="uint32" complete_type="uint32" init_mode="MAIN_GENERATOR" init_modes_allowed="15" init_range="min..max" global_assert="NO" assert_range=""/>
         <scalar name="MotCtrlSignal1" comment="" line="151" base_type="uint16" complete_type="uint16" init_mode="MAIN_GENERATOR" init_modes_allowed="15" init_range="min..max" global_assert="NO" assert_range=""/>
      </struct>
      <struct name="MotCtrlMgr_MotCtrlToTwoMilliSec_Rec" comment="" line="34">
         <array name="MotCtrlAdc1RawRes" comment="" line="34" complete_type="uint16 [24]">
            <scalar comment="" line="34" base_type="uint16" complete_type="uint16" init_mode="MAIN_GENERATOR" init_modes_allowed="15" init_range="min..max" global_assert="NO" assert_range=""/>
         </array>
         <scalar name="MotCtrlSignal2" comment="" line="34" base_type="int8" complete_type="int8" init_mode="MAIN_GENERATOR" init_modes_allowed="15" init_range="min..max" global_assert="NO" assert_range=""/>
         <scalar name="MotCtrlSignal3" comment="" line="34" base_type="int8" complete_type="int8" init_mode="MAIN_GENERATOR" init_modes_allowed="15" init_range="min..max" global_assert="NO" assert_range=""/>
         <scalar name="MotCtrlSignal4" comment="" line="34" base_type="int8" complete_type="int8" init_mode="MAIN_GENERATOR" init_modes_allowed="15" init_range="min..max" global_assert="NO" assert_range=""/>
         <scalar name="MotCtrlWriteMotCtrlReadMotCtrlReadTwoMsEnum" comment="" line="34" base_type="uint16" complete_type="uint16" init_mode="MAIN_GENERATOR" init_modes_allowed="15" init_range="min..max" global_assert="NO" assert_range=""/>
         <scalar name="MotCtrlWriteMotCtrlReadMotCtrlReadTwoMsbool" comment="" line="34" base_type="uint8" complete_type="uint8" init_mode="MAIN_GENERATOR" init_modes_allowed="15" init_range="min..max" global_assert="NO" assert_range=""/>
         <scalar name="MotCtrlWriteMotCtrlReadMotCtrlReadTwoMsf32" comment="" line="34" base_type="float32" complete_type="float32" init_mode="MAIN_GENERATOR" init_modes_allowed="15" init_range="min..max" global_assert="NO" assert_range=""/>
         <scalar name="MotCtrlWriteMotCtrlReadMotCtrlReadTwoMss08" comment="" line="34" base_type="int8" complete_type="int8" init_mode="MAIN_GENERATOR" init_modes_allowed="15" init_range="min..max" global_assert="NO" assert_range=""/>
         <scalar name="MotCtrlWriteMotCtrlReadMotCtrlReadTwoMss16" comment="" line="34" base_type="int16" complete_type="int16" init_mode="MAIN_GENERATOR" init_modes_allowed="15" init_range="min..max" global_assert="NO" assert_range=""/>
         <scalar name="MotCtrlWriteMotCtrlReadMotCtrlReadTwoMss32" comment="" line="34" base_type="int32" complete_type="int32" init_mode="MAIN_GENERATOR" init_modes_allowed="15" init_range="min..max" global_assert="NO" assert_range=""/>
         <scalar name="MotCtrlWriteMotCtrlReadMotCtrlReadTwoMsu08" comment="" line="34" base_type="uint8" complete_type="uint8" init_mode="MAIN_GENERATOR" init_modes_allowed="15" init_range="min..max" global_assert="NO" assert_range=""/>
         <scalar name="MotCtrlWriteMotCtrlReadMotCtrlReadTwoMsu16" comment="" line="34" base_type="uint16" complete_type="uint16" init_mode="MAIN_GENERATOR" init_modes_allowed="15" init_range="min..max" global_assert="NO" assert_range=""/>
         <array name="MotCtrlWriteMotCtrlReadMotCtrlReadTwoMsu16Ary" comment="" line="34" complete_type="uint16 [2]">
            <scalar comment="" line="34" base_type="uint16" complete_type="uint16" init_mode="MAIN_GENERATOR" init_modes_allowed="15" init_range="min..max" global_assert="NO" assert_range=""/>
         </array>
         <scalar name="MotCtrlWriteMotCtrlReadMotCtrlReadTwoMsu32" comment="" line="34" base_type="uint32" complete_type="uint32" init_mode="MAIN_GENERATOR" init_modes_allowed="15" init_range="min..max" global_assert="NO" assert_range=""/>
         <scalar name="MotCtrlWriteMotCtrlReadTwoMsEnum" comment="" line="34" base_type="uint16" complete_type="uint16" init_mode="MAIN_GENERATOR" init_modes_allowed="15" init_range="min..max" global_assert="NO" assert_range=""/>
         <scalar name="MotCtrlWriteMotCtrlReadTwoMsbool" comment="" line="34" base_type="uint8" complete_type="uint8" init_mode="MAIN_GENERATOR" init_modes_allowed="15" init_range="min..max" global_assert="NO" assert_range=""/>
         <scalar name="MotCtrlWriteMotCtrlReadTwoMsf32" comment="" line="34" base_type="float32" complete_type="float32" init_mode="MAIN_GENERATOR" init_modes_allowed="15" init_range="min..max" global_assert="NO" assert_range=""/>
         <scalar name="MotCtrlWriteMotCtrlReadTwoMss08" comment="" line="34" base_type="int8" complete_type="int8" init_mode="MAIN_GENERATOR" init_modes_allowed="15" init_range="min..max" global_assert="NO" assert_range=""/>
         <scalar name="MotCtrlWriteMotCtrlReadTwoMss16" comment="" line="34" base_type="int16" complete_type="int16" init_mode="MAIN_GENERATOR" init_modes_allowed="15" init_range="min..max" global_assert="NO" assert_range=""/>
         <scalar name="MotCtrlWriteMotCtrlReadTwoMss32" comment="" line="34" base_type="int32" complete_type="int32" init_mode="MAIN_GENERATOR" init_modes_allowed="15" init_range="min..max" global_assert="NO" assert_range=""/>
         <scalar name="MotCtrlWriteMotCtrlReadTwoMsu08" comment="" line="34" base_type="uint8" complete_type="uint8" init_mode="MAIN_GENERATOR" init_modes_allowed="15" init_range="min..max" global_assert="NO" assert_range=""/>
         <scalar name="MotCtrlWriteMotCtrlReadTwoMsu16" comment="" line="34" base_type="uint16" complete_type="uint16" init_mode="MAIN_GENERATOR" init_modes_allowed="15" init_range="min..max" global_assert="NO" assert_range=""/>
         <scalar name="MotCtrlWriteMotCtrlReadTwoMsu32" comment="" line="34" base_type="uint32" complete_type="uint32" init_mode="MAIN_GENERATOR" init_modes_allowed="15" init_range="min..max" global_assert="NO" assert_range=""/>
         <array name="MotCtrlWriteMotCtrlReadTwoMsu32Ary" comment="" line="34" complete_type="uint32 [2]">
            <scalar comment="" line="34" base_type="uint32" complete_type="uint32" init_mode="MAIN_GENERATOR" init_modes_allowed="15" init_range="min..max" global_assert="NO" assert_range=""/>
         </array>
      </struct>
      <struct name="MotCtrlMgr_TwoMilliSecFromMotCtrl_Rec" comment="" line="70">
         <array name="Adc1RawRes" comment="" line="70" complete_type="uint16 [24]">
            <scalar comment="" line="70" base_type="uint16" complete_type="uint16" init_mode="MAIN_GENERATOR" init_modes_allowed="15" init_range="min..max" global_assert="NO" assert_range=""/>
         </array>
         <scalar name="Signal2" comment="" line="70" base_type="int8" complete_type="int8" init_mode="MAIN_GENERATOR" init_modes_allowed="15" init_range="min..max" global_assert="NO" assert_range=""/>
         <scalar name="Signal3" comment="" line="70" base_type="int8" complete_type="int8" init_mode="MAIN_GENERATOR" init_modes_allowed="15" init_range="min..max" global_assert="NO" assert_range=""/>
         <scalar name="Signal4" comment="" line="70" base_type="int8" complete_type="int8" init_mode="MAIN_GENERATOR" init_modes_allowed="15" init_range="min..max" global_assert="NO" assert_range=""/>
         <scalar name="WriteMotCtrlReadMotCtrlReadTwoMsEnum" comment="" line="70" base_type="uint16" complete_type="uint16" init_mode="MAIN_GENERATOR" init_modes_allowed="15" init_range="min..max" global_assert="NO" assert_range=""/>
         <scalar name="WriteMotCtrlReadMotCtrlReadTwoMsbool" comment="" line="70" base_type="uint8" complete_type="uint8" init_mode="MAIN_GENERATOR" init_modes_allowed="15" init_range="min..max" global_assert="NO" assert_range=""/>
         <scalar name="WriteMotCtrlReadMotCtrlReadTwoMsf32" comment="" line="70" base_type="float32" complete_type="float32" init_mode="MAIN_GENERATOR" init_modes_allowed="15" init_range="min..max" global_assert="NO" assert_range=""/>
         <scalar name="WriteMotCtrlReadMotCtrlReadTwoMss08" comment="" line="70" base_type="int8" complete_type="int8" init_mode="MAIN_GENERATOR" init_modes_allowed="15" init_range="min..max" global_assert="NO" assert_range=""/>
         <scalar name="WriteMotCtrlReadMotCtrlReadTwoMss16" comment="" line="70" base_type="int16" complete_type="int16" init_mode="MAIN_GENERATOR" init_modes_allowed="15" init_range="min..max" global_assert="NO" assert_range=""/>
         <scalar name="WriteMotCtrlReadMotCtrlReadTwoMss32" comment="" line="70" base_type="int32" complete_type="int32" init_mode="MAIN_GENERATOR" init_modes_allowed="15" init_range="min..max" global_assert="NO" assert_range=""/>
         <scalar name="WriteMotCtrlReadMotCtrlReadTwoMsu08" comment="" line="70" base_type="uint8" complete_type="uint8" init_mode="MAIN_GENERATOR" init_modes_allowed="15" init_range="min..max" global_assert="NO" assert_range=""/>
         <scalar name="WriteMotCtrlReadMotCtrlReadTwoMsu16" comment="" line="70" base_type="uint16" complete_type="uint16" init_mode="MAIN_GENERATOR" init_modes_allowed="15" init_range="min..max" global_assert="NO" assert_range=""/>
         <array name="WriteMotCtrlReadMotCtrlReadTwoMsu16Ary" comment="" line="70" complete_type="uint16 [2]">
            <scalar comment="" line="70" base_type="uint16" complete_type="uint16" init_mode="MAIN_GENERATOR" init_modes_allowed="15" init_range="min..max" global_assert="NO" assert_range=""/>
         </array>
         <scalar name="WriteMotCtrlReadMotCtrlReadTwoMsu32" comment="" line="70" base_type="uint32" complete_type="uint32" init_mode="MAIN_GENERATOR" init_modes_allowed="15" init_range="min..max" global_assert="NO" assert_range=""/>
         <scalar name="WriteMotCtrlReadTwoMsEnum" comment="" line="70" base_type="uint16" complete_type="uint16" init_mode="MAIN_GENERATOR" init_modes_allowed="15" init_range="min..max" global_assert="NO" assert_range=""/>
         <scalar name="WriteMotCtrlReadTwoMsbool" comment="" line="70" base_type="uint8" complete_type="uint8" init_mode="MAIN_GENERATOR" init_modes_allowed="15" init_range="min..max" global_assert="NO" assert_range=""/>
         <scalar name="WriteMotCtrlReadTwoMsf32" comment="" line="70" base_type="float32" complete_type="float32" init_mode="MAIN_GENERATOR" init_modes_allowed="15" init_range="min..max" global_assert="NO" assert_range=""/>
         <scalar name="WriteMotCtrlReadTwoMss08" comment="" line="70" base_type="int8" complete_type="int8" init_mode="MAIN_GENERATOR" init_modes_allowed="15" init_range="min..max" global_assert="NO" assert_range=""/>
         <scalar name="WriteMotCtrlReadTwoMss16" comment="" line="70" base_type="int16" complete_type="int16" init_mode="MAIN_GENERATOR" init_modes_allowed="15" init_range="min..max" global_assert="NO" assert_range=""/>
         <scalar name="WriteMotCtrlReadTwoMss32" comment="" line="70" base_type="int32" complete_type="int32" init_mode="MAIN_GENERATOR" init_modes_allowed="15" init_range="min..max" global_assert="NO" assert_range=""/>
         <scalar name="WriteMotCtrlReadTwoMsu08" comment="" line="70" base_type="uint8" complete_type="uint8" init_mode="MAIN_GENERATOR" init_modes_allowed="15" init_range="min..max" global_assert="NO" assert_range=""/>
         <scalar name="WriteMotCtrlReadTwoMsu16" comment="" line="70" base_type="uint16" complete_type="uint16" init_mode="MAIN_GENERATOR" init_modes_allowed="15" init_range="min..max" global_assert="NO" assert_range=""/>
         <scalar name="WriteMotCtrlReadTwoMsu32" comment="" line="70" base_type="uint32" complete_type="uint32" init_mode="MAIN_GENERATOR" init_modes_allowed="15" init_range="min..max" global_assert="NO" assert_range=""/>
         <array name="WriteMotCtrlReadTwoMsu32Ary" comment="" line="70" complete_type="uint32 [2]">
            <scalar comment="" line="70" base_type="uint32" complete_type="uint32" init_mode="MAIN_GENERATOR" init_modes_allowed="15" init_range="min..max" global_assert="NO" assert_range=""/>
         </array>
      </struct>
      <struct name="MotCtrlMgr_TwoMilliSecToMotCtrl_Rec" comment="" line="105">
         <scalar name="ReadMotCtrlWriteTwoMsEnum" comment="" line="105" base_type="uint32" complete_type="uint32" init_mode="MAIN_GENERATOR" init_modes_allowed="15" init_range="min..max" global_assert="NO" assert_range=""/>
         <scalar name="ReadMotCtrlWriteTwoMsbool" comment="" line="105" base_type="uint8" complete_type="uint8" init_mode="MAIN_GENERATOR" init_modes_allowed="15" init_range="min..max" global_assert="NO" assert_range=""/>
         <scalar name="ReadMotCtrlWriteTwoMsf32" comment="" line="105" base_type="float32" complete_type="float32" init_mode="MAIN_GENERATOR" init_modes_allowed="15" init_range="min..max" global_assert="NO" assert_range=""/>
         <scalar name="ReadMotCtrlWriteTwoMss08" comment="" line="105" base_type="int8" complete_type="int8" init_mode="MAIN_GENERATOR" init_modes_allowed="15" init_range="min..max" global_assert="NO" assert_range=""/>
         <scalar name="ReadMotCtrlWriteTwoMss16" comment="" line="105" base_type="int16" complete_type="int16" init_mode="MAIN_GENERATOR" init_modes_allowed="15" init_range="min..max" global_assert="NO" assert_range=""/>
         <scalar name="ReadMotCtrlWriteTwoMss32" comment="" line="105" base_type="int32" complete_type="int32" init_mode="MAIN_GENERATOR" init_modes_allowed="15" init_range="min..max" global_assert="NO" assert_range=""/>
         <array name="ReadMotCtrlWriteTwoMss32Ary" comment="" line="105" complete_type="int32 [2]">
            <scalar comment="" line="105" base_type="int32" complete_type="int32" init_mode="MAIN_GENERATOR" init_modes_allowed="15" init_range="min..max" global_assert="NO" assert_range=""/>
         </array>
         <scalar name="ReadMotCtrlWriteTwoMsu08" comment="" line="105" base_type="uint8" complete_type="uint8" init_mode="MAIN_GENERATOR" init_modes_allowed="15" init_range="min..max" global_assert="NO" assert_range=""/>
         <scalar name="ReadMotCtrlWriteTwoMsu16" comment="" line="105" base_type="uint16" complete_type="uint16" init_mode="MAIN_GENERATOR" init_modes_allowed="15" init_range="min..max" global_assert="NO" assert_range=""/>
         <scalar name="ReadMotCtrlWriteTwoMsu32" comment="" line="105" base_type="uint32" complete_type="uint32" init_mode="MAIN_GENERATOR" init_modes_allowed="15" init_range="min..max" global_assert="NO" assert_range=""/>
         <scalar name="Signal0" comment="" line="105" base_type="uint8" complete_type="uint8" init_mode="MAIN_GENERATOR" init_modes_allowed="15" init_range="min..max" global_assert="NO" assert_range=""/>
         <scalar name="Signal5" comment="" line="105" base_type="uint8" complete_type="uint8" init_mode="MAIN_GENERATOR" init_modes_allowed="15" init_range="min..max" global_assert="NO" assert_range=""/>
      </struct>
   </file>
   <file name="C:\\Users\\czgng4\\Desktop\\MotCtrlMgr\\AR300A_MotCtrlMgr_Impl\\tools\\local\\generate\\CDD_MotCtrlMgr_Irq.c" comment="">
      <function name="MotCtrlMgrIrq" comment="" line="43" main_generator_called="MAIN_GENERATOR" attributes="unused"/>
   </file>
   <file name="C:\\Users\\czgng4\\Desktop\\MotCtrlMgr\\AR300A_MotCtrlMgr_Impl\\tools\\local\\generate\\Rte_CDD_MotCtrlMgr.h" comment="">
      <function name="Rte_Read_CDD_MotCtrlMgr_ReadMotCtrlWriteTwoMss32Ary_Ary1D" comment="" line="118" main_generator_called="disabled" attributes="extern">
         <pointer name="arg1" comment="" line="118" complete_type="int32 *" init_mode="disabled" initialize_pointer="disabled" number_allocated="disabled" init_pointed="MULTI">
            <scalar comment="" line="118" base_type="int32" complete_type="int32" init_mode="PERMANENT" init_modes_allowed="4" init_range="min..max" global_assert="unsupported" assert_range="unsupported"/>
         </pointer>
         <scalar name="return" comment="" line="118" base_type="uint8" complete_type="uint8" init_mode="PERMANENT" init_modes_allowed="4" init_range="min..max" global_assert="unsupported" assert_range="unsupported"/>
      </function>
      <function name="Rte_Read_CDD_MotCtrlMgr_Signal0_Logl" comment="" line="125" main_generator_called="disabled" attributes="extern">
         <pointer name="arg1" comment="" line="125" complete_type="uint8 *" init_mode="disabled" initialize_pointer="disabled" number_allocated="disabled" init_pointed="MULTI">
            <scalar comment="" line="125" base_type="uint8" complete_type="uint8" init_mode="PERMANENT" init_modes_allowed="4" init_range="min..max" global_assert="unsupported" assert_range="unsupported"/>
         </pointer>
         <scalar name="return" comment="" line="125" base_type="uint8" complete_type="uint8" init_mode="PERMANENT" init_modes_allowed="4" init_range="min..max" global_assert="unsupported" assert_range="unsupported"/>
      </function>
      <function name="Rte_Read_CDD_MotCtrlMgr_Signal5_Logl" comment="" line="126" main_generator_called="disabled" attributes="extern">
         <pointer name="arg1" comment="" line="126" complete_type="uint8 *" init_mode="disabled" initialize_pointer="disabled" number_allocated="disabled" init_pointed="MULTI">
            <scalar comment="" line="126" base_type="uint8" complete_type="uint8" init_mode="PERMANENT" init_modes_allowed="4" init_range="min..max" global_assert="unsupported" assert_range="unsupported"/>
         </pointer>
         <scalar name="return" comment="" line="126" base_type="uint8" complete_type="uint8" init_mode="PERMANENT" init_modes_allowed="4" init_range="min..max" global_assert="unsupported" assert_range="unsupported"/>
      </function>
      <function name="Rte_Write_CDD_MotCtrlMgr_Signal2_Val" comment="" line="127" main_generator_called="disabled" attributes="extern">
         <scalar name="arg1" comment="" line="127" base_type="int8" complete_type="int8" init_mode="disabled" init_range="disabled" global_assert="unsupported" assert_range="unsupported"/>
         <scalar name="return" comment="" line="127" base_type="uint8" complete_type="uint8" init_mode="PERMANENT" init_modes_allowed="4" init_range="min..max" global_assert="unsupported" assert_range="unsupported"/>
      </function>
      <function name="Rte_Write_CDD_MotCtrlMgr_Signal4_Val" comment="" line="129" main_generator_called="disabled" attributes="extern">
         <scalar name="arg1" comment="" line="129" base_type="int8" complete_type="int8" init_mode="disabled" init_range="disabled" global_assert="unsupported" assert_range="unsupported"/>
         <scalar name="return" comment="" line="129" base_type="uint8" complete_type="uint8" init_mode="PERMANENT" init_modes_allowed="4" init_range="min..max" global_assert="unsupported" assert_range="unsupported"/>
      </function>
      <function name="Rte_Write_CDD_MotCtrlMgr_WriteMotCtrlReadMotCtrlReadTwoMsu16Ary_Ary1D" comment="" line="139" main_generator_called="disabled" attributes="extern">
         <pointer name="arg1" comment="" line="139" complete_type="const uint16 *" init_mode="disabled" initialize_pointer="disabled" number_allocated="disabled" init_pointed="disabled">
            <scalar comment="" line="139" base_type="uint16" attributes="const" complete_type="uint16" init_mode="disabled" init_range="disabled" global_assert="unsupported" assert_range="unsupported"/>
         </pointer>
         <scalar name="return" comment="" line="139" base_type="uint8" complete_type="uint8" init_mode="PERMANENT" init_modes_allowed="4" init_range="min..max" global_assert="unsupported" assert_range="unsupported"/>
      </function>
      <function name="Rte_Write_CDD_MotCtrlMgr_WriteMotCtrlReadTwoMsu32Ary_Ary1D" comment="" line="154" main_generator_called="disabled" attributes="extern">
         <pointer name="arg1" comment="" line="154" complete_type="const uint32 *" init_mode="disabled" initialize_pointer="disabled" number_allocated="disabled" init_pointed="disabled">
            <scalar comment="" line="154" base_type="uint32" attributes="const" complete_type="uint32" init_mode="disabled" init_range="disabled" global_assert="unsupported" assert_range="unsupported"/>
         </pointer>
         <scalar name="return" comment="" line="154" base_type="uint8" complete_type="uint8" init_mode="PERMANENT" init_modes_allowed="4" init_range="min..max" global_assert="unsupported" assert_range="unsupported"/>
      </function>
   </file>
   <file name="C:\\Users\\czgng4\\Desktop\\MotCtrlMgr\\AR300A_MotCtrlMgr_Impl\\tools\\local\\generate\\Rte_Stubs.c" comment="">
      <function name="Rte_Call_CDD_MotCtrlMgr_DmaEna2MilliSecToMotCtrlTrf_Oper" comment="" line="18" main_generator_called="MAIN_GENERATOR">
         <scalar name="return" comment="" line="18" base_type="uint8" complete_type="uint8" init_mode="disabled" init_range="disabled" global_assert="unsupported" assert_range="unsupported"/>
      </function>
      <function name="Rte_Call_CDD_MotCtrlMgr_DmaWaitForMotCtrlTo2MilliSecTrf_Oper" comment="" line="23" main_generator_called="MAIN_GENERATOR">
         <scalar name="return" comment="" line="23" base_type="uint8" complete_type="uint8" init_mode="disabled" init_range="disabled" global_assert="unsupported" assert_range="unsupported"/>
      </function>
      <function name="Rte_Stub" comment="" line="31" main_generator_called="MAIN_GENERATOR" attributes="unused"/>
   </file>
   <file name="C:\\Users\\czgng4\\Desktop\\MotCtrlMgr\\AR300A_MotCtrlMgr_Impl\\tools\\local\\generate\\Rte_Stubs.h" comment="">
      <scalar name="MotCtrlMgr_Ip_ReadMotCtrlWriteTwoMsEnum" comment="" line="28" base_type="uint32" attributes="extern" complete_type="uint32" init_mode="PERMANENT" init_modes_allowed="6" init_range="min..max" global_assert="NO" assert_range=""/>
      <scalar name="MotCtrlMgr_Ip_ReadMotCtrlWriteTwoMsbool" comment="" line="27" base_type="uint8" attributes="extern" complete_type="uint8" init_mode="PERMANENT" init_modes_allowed="6" init_range="0..1" global_assert="NO" assert_range=""/>
      <scalar name="MotCtrlMgr_Ip_ReadMotCtrlWriteTwoMsf32" comment="" line="19" base_type="float32" attributes="extern" complete_type="float32" init_mode="PERMANENT" init_modes_allowed="6" init_range="-8.8..8.8" global_assert="NO" assert_range=""/>
      <scalar name="MotCtrlMgr_Ip_ReadMotCtrlWriteTwoMss08" comment="" line="26" base_type="int8" attributes="extern" complete_type="int8" init_mode="PERMANENT" init_modes_allowed="6" init_range="-128..127" global_assert="NO" assert_range=""/>
      <scalar name="MotCtrlMgr_Ip_ReadMotCtrlWriteTwoMss16" comment="" line="24" base_type="int16" attributes="extern" complete_type="int16" init_mode="PERMANENT" init_modes_allowed="6" init_range="-32768..32767" global_assert="NO" assert_range=""/>
      <scalar name="MotCtrlMgr_Ip_ReadMotCtrlWriteTwoMss32" comment="" line="21" base_type="int32" attributes="extern" complete_type="int32" init_mode="PERMANENT" init_modes_allowed="6" init_range="-2147483648..2147483647" global_assert="NO" assert_range=""/>
      <scalar name="MotCtrlMgr_Ip_ReadMotCtrlWriteTwoMsu08" comment="" line="25" base_type="uint8" attributes="extern" complete_type="uint8" init_mode="PERMANENT" init_modes_allowed="6" init_range="0..255" global_assert="NO" assert_range=""/>
      <scalar name="MotCtrlMgr_Ip_ReadMotCtrlWriteTwoMsu16" comment="" line="23" base_type="uint16" attributes="extern" complete_type="uint16" init_mode="PERMANENT" init_modes_allowed="6" init_range="0..65535" global_assert="NO" assert_range=""/>
      <scalar name="MotCtrlMgr_Ip_ReadMotCtrlWriteTwoMsu32" comment="" line="20" base_type="uint32" attributes="extern" complete_type="uint32" init_mode="PERMANENT" init_modes_allowed="6" init_range="0..4294967295" global_assert="NO" assert_range=""/>
      <scalar name="MotCtrlMgr_Op_Signal3" comment="" line="45" base_type="int8" attributes="extern" complete_type="int8" init_mode="PERMANENT" init_modes_allowed="6" init_range="-128..127" global_assert="NO" assert_range=""/>
      <scalar name="MotCtrlMgr_Op_WriteMotCtrlReadMotCtrlReadTwoMsEnum" comment="" line="50" base_type="uint16" attributes="extern" complete_type="uint16" init_mode="PERMANENT" init_modes_allowed="6" init_range="min..max" global_assert="NO" assert_range=""/>
      <scalar name="MotCtrlMgr_Op_WriteMotCtrlReadMotCtrlReadTwoMsbool" comment="" line="48" base_type="uint8" attributes="extern" complete_type="uint8" init_mode="PERMANENT" init_modes_allowed="6" init_range="0..1" global_assert="NO" assert_range=""/>
      <scalar name="MotCtrlMgr_Op_WriteMotCtrlReadMotCtrlReadTwoMsf32" comment="" line="31" base_type="float32" attributes="extern" complete_type="float32" init_mode="PERMANENT" init_modes_allowed="6" init_range="-8.8..8.8" global_assert="NO" assert_range=""/>
      <scalar name="MotCtrlMgr_Op_WriteMotCtrlReadMotCtrlReadTwoMss08" comment="" line="46" base_type="int8" attributes="extern" complete_type="int8" init_mode="PERMANENT" init_modes_allowed="6" init_range="-128..127" global_assert="NO" assert_range=""/>
      <scalar name="MotCtrlMgr_Op_WriteMotCtrlReadMotCtrlReadTwoMss16" comment="" line="41" base_type="int16" attributes="extern" complete_type="int16" init_mode="PERMANENT" init_modes_allowed="6" init_range="-32768..32767" global_assert="NO" assert_range=""/>
      <scalar name="MotCtrlMgr_Op_WriteMotCtrlReadMotCtrlReadTwoMss32" comment="" line="36" base_type="int32" attributes="extern" complete_type="int32" init_mode="PERMANENT" init_modes_allowed="6" init_range="-2147483648..2147483647" global_assert="NO" assert_range=""/>
      <scalar name="MotCtrlMgr_Op_WriteMotCtrlReadMotCtrlReadTwoMsu08" comment="" line="43" base_type="uint8" attributes="extern" complete_type="uint8" init_mode="PERMANENT" init_modes_allowed="6" init_range="0..255" global_assert="NO" assert_range=""/>
      <scalar name="MotCtrlMgr_Op_WriteMotCtrlReadMotCtrlReadTwoMsu16" comment="" line="38" base_type="uint16" attributes="extern" complete_type="uint16" init_mode="PERMANENT" init_modes_allowed="6" init_range="0..65535" global_assert="NO" assert_range=""/>
      <scalar name="MotCtrlMgr_Op_WriteMotCtrlReadMotCtrlReadTwoMsu32" comment="" line="33" base_type="uint32" attributes="extern" complete_type="uint32" init_mode="PERMANENT" init_modes_allowed="6" init_range="0..4294967295" global_assert="NO" assert_range=""/>
      <scalar name="MotCtrlMgr_Op_WriteMotCtrlReadTwoMsEnum" comment="" line="51" base_type="uint16" attributes="extern" complete_type="uint16" init_mode="PERMANENT" init_modes_allowed="6" init_range="min..max" global_assert="NO" assert_range=""/>
      <scalar name="MotCtrlMgr_Op_WriteMotCtrlReadTwoMsbool" comment="" line="49" base_type="uint8" attributes="extern" complete_type="uint8" init_mode="PERMANENT" init_modes_allowed="6" init_range="0..1" global_assert="NO" assert_range=""/>
      <scalar name="MotCtrlMgr_Op_WriteMotCtrlReadTwoMsf32" comment="" line="32" base_type="float32" attributes="extern" complete_type="float32" init_mode="PERMANENT" init_modes_allowed="6" init_range="-8.8..8.8" global_assert="NO" assert_range=""/>
      <scalar name="MotCtrlMgr_Op_WriteMotCtrlReadTwoMss08" comment="" line="47" base_type="int8" attributes="extern" complete_type="int8" init_mode="PERMANENT" init_modes_allowed="6" init_range="-128..127" global_assert="NO" assert_range=""/>
      <scalar name="MotCtrlMgr_Op_WriteMotCtrlReadTwoMss16" comment="" line="42" base_type="int16" attributes="extern" complete_type="int16" init_mode="PERMANENT" init_modes_allowed="6" init_range="-32768..32767" global_assert="NO" assert_range=""/>
      <scalar name="MotCtrlMgr_Op_WriteMotCtrlReadTwoMss32" comment="" line="37" base_type="int32" attributes="extern" complete_type="int32" init_mode="PERMANENT" init_modes_allowed="6" init_range="-2147483648..2147483647" global_assert="NO" assert_range=""/>
      <scalar name="MotCtrlMgr_Op_WriteMotCtrlReadTwoMsu08" comment="" line="44" base_type="uint8" attributes="extern" complete_type="uint8" init_mode="PERMANENT" init_modes_allowed="6" init_range="0..255" global_assert="NO" assert_range=""/>
      <scalar name="MotCtrlMgr_Op_WriteMotCtrlReadTwoMsu16" comment="" line="40" base_type="uint16" attributes="extern" complete_type="uint16" init_mode="PERMANENT" init_modes_allowed="6" init_range="0..65535" global_assert="NO" assert_range=""/>
      <scalar name="MotCtrlMgr_Op_WriteMotCtrlReadTwoMsu32" comment="" line="34" base_type="uint32" attributes="extern" complete_type="uint32" init_mode="PERMANENT" init_modes_allowed="6" init_range="0..4294967295" global_assert="NO" assert_range=""/>
      <scalar name="MotCtrlMgr_Srv_DmaWaitForMotCtrlTo2MilliSecTrf_Return" comment="" line="54" base_type="uint8" attributes="extern" complete_type="uint8" init_mode="PERMANENT" init_modes_allowed="6" init_range="0..1" global_assert="NO" assert_range=""/>
   </file>
   <scalar name="MotCtrlMgr_Ip_ReadMotCtrlWriteTwoMss32Ary" comment="" init_mode="PERMANENT" init_range="-2147483648..2147483647" global_assert="NO" assert_range="min..max" non_applicable="1"/>
   <scalar name="MotCtrlMgr_Op_WriteMotCtrlReadMotCtrlReadTwoMsu16Ary" comment="" init_mode="PERMANENT" init_range="0..65535" global_assert="NO" assert_range="min..max" non_applicable="1"/>
   <scalar name="MotCtrlMgr_Op_WriteMotCtrlReadTwoMsu32Ary" comment="" init_mode="PERMANENT" init_range="0..4294967295" global_assert="NO" assert_range="min..max" non_applicable="1"/>
   <function name="atan2f" comment="" main_generator_called="MAIN_GENERATOR" non_applicable="1">
      <scalar name="return" comment="" init_mode="PERMANENT" init_range="-3.1412..3.1412" global_assert="NO" assert_range="min..max" non_applicable="1"/>
   </function>
   <function name="cosf" comment="" main_generator_called="MAIN_GENERATOR" non_applicable="1">
      <scalar name="return" comment="" init_mode="PERMANENT" init_range="-1..1" global_assert="NO" assert_range="min..max" non_applicable="1"/>
   </function>
   <function name="expf" comment="" main_generator_called="MAIN_GENERATOR" non_applicable="1">
      <scalar name="return" comment="" init_mode="PERMANENT" init_range="0..max" global_assert="NO" assert_range="min..max" non_applicable="1"/>
   </function>
   <function name="fabsf" comment="" main_generator_called="MAIN_GENERATOR" non_applicable="1">
      <scalar name="return" comment="" init_mode="PERMANENT" init_range="0..max" global_assert="NO" assert_range="min..max" non_applicable="1"/>
   </function>
   <function name="fmodf" comment="" main_generator_called="MAIN_GENERATOR" non_applicable="1">
      <scalar name="return" comment="" init_mode="PERMANENT" init_range="0..max" global_assert="NO" assert_range="min..max" non_applicable="1"/>
   </function>
   <function name="sinf" comment="" main_generator_called="MAIN_GENERATOR" non_applicable="1">
      <scalar name="return" comment="" init_mode="PERMANENT" init_range="-1..1" global_assert="NO" assert_range="min..max" non_applicable="1"/>
   </function>
   <function name="sqrtf" comment="" main_generator_called="MAIN_GENERATOR" non_applicable="1">
      <scalar name="return" comment="" init_mode="PERMANENT" init_range="0..max" global_assert="NO" assert_range="min..max" non_applicable="1"/>
   </function>
</global>
