<?xml version="1.0" encoding="UTF-8"?>
<!--EDRS Version 1.0-->
<global>
   <file name="C:\\Component\\MM079A_FordMsg41EBusHiSpd_Impl\\src\\FordMsg41EBusHiSpd.c" comment="">
      <function name="CalSeln" comment="" line="1310" main_generator_called="MAIN_GENERATOR" attributes="static">
         <scalar name="arg1" comment="" line="1310" base_type="uint8" attributes="static" complete_type="uint8" init_mode="MAIN_GENERATOR" init_modes_allowed="10" init_range="min..max" global_assert="unsupported" assert_range="unsupported"/>
         <pointer name="arg2" comment="" line="1310" attributes="static" complete_type="uint16 *" init_mode="MAIN_GENERATOR" init_modes_allowed="10" initialize_pointer="May-be NULL" number_allocated="max" init_pointed="MAIN_GENERATOR">
            <scalar comment="" line="1310" base_type="uint16" attributes="static" complete_type="uint16" init_mode="MAIN_GENERATOR" init_modes_allowed="10" init_range="min..max" global_assert="unsupported" assert_range="unsupported"/>
         </pointer>
         <pointer name="arg3" comment="" line="1310" attributes="static" complete_type="uint16 *" init_mode="MAIN_GENERATOR" init_modes_allowed="10" initialize_pointer="May-be NULL" number_allocated="max" init_pointed="MAIN_GENERATOR">
            <scalar comment="" line="1310" base_type="uint16" attributes="static" complete_type="uint16" init_mode="MAIN_GENERATOR" init_modes_allowed="10" init_range="min..max" global_assert="unsupported" assert_range="unsupported"/>
         </pointer>
      </function>
      <function name="ChkElpdTi" comment="" line="1199" main_generator_called="MAIN_GENERATOR" attributes="static">
         <scalar name="arg1" comment="" line="1199" base_type="uint8" attributes="static" complete_type="uint8" init_mode="MAIN_GENERATOR" init_modes_allowed="10" init_range="min..max" global_assert="unsupported" assert_range="unsupported"/>
         <scalar name="arg2" comment="" line="1199" base_type="uint8" attributes="static" complete_type="uint8" init_mode="MAIN_GENERATOR" init_modes_allowed="10" init_range="min..max" global_assert="unsupported" assert_range="unsupported"/>
         <scalar name="arg3" comment="" line="1199" base_type="uint8" attributes="static" complete_type="uint8" init_mode="MAIN_GENERATOR" init_modes_allowed="10" init_range="min..max" global_assert="unsupported" assert_range="unsupported"/>
         <scalar name="return" comment="" line="1199" base_type="uint8" attributes="static" complete_type="uint8" init_mode="disabled" init_range="disabled" global_assert="unsupported" assert_range="unsupported"/>
      </function>
      <function name="DiagEna" comment="" line="1128" main_generator_called="MAIN_GENERATOR" attributes="static">
         <scalar name="arg1" comment="" line="1128" base_type="uint8" attributes="static" complete_type="uint8" init_mode="MAIN_GENERATOR" init_modes_allowed="10" init_range="min..max" global_assert="unsupported" assert_range="unsupported"/>
         <scalar name="arg2" comment="" line="1128" base_type="uint8" attributes="static" complete_type="uint8" init_mode="MAIN_GENERATOR" init_modes_allowed="10" init_range="min..max" global_assert="unsupported" assert_range="unsupported"/>
         <scalar name="arg3" comment="" line="1128" base_type="uint8" attributes="static" complete_type="uint8" init_mode="MAIN_GENERATOR" init_modes_allowed="10" init_range="min..max" global_assert="unsupported" assert_range="unsupported"/>
         <pointer name="arg4" comment="" line="1128" attributes="static" complete_type="uint8 *" init_mode="MAIN_GENERATOR" init_modes_allowed="10" initialize_pointer="May-be NULL" number_allocated="max" init_pointed="MAIN_GENERATOR">
            <scalar comment="" line="1128" base_type="uint8" attributes="static" complete_type="uint8" init_mode="MAIN_GENERATOR" init_modes_allowed="10" init_range="min..max" global_assert="unsupported" assert_range="unsupported"/>
         </pointer>
         <pointer name="arg5" comment="" line="1128" attributes="static" complete_type="uint8 *" init_mode="MAIN_GENERATOR" init_modes_allowed="10" initialize_pointer="May-be NULL" number_allocated="max" init_pointed="MAIN_GENERATOR">
            <scalar comment="" line="1128" base_type="uint8" attributes="static" complete_type="uint8" init_mode="MAIN_GENERATOR" init_modes_allowed="10" init_range="min..max" global_assert="unsupported" assert_range="unsupported"/>
         </pointer>
      </function>
      <function name="FordMsg41EBusHiSpdInit1" comment="" line="861" main_generator_called="MAIN_GENERATOR"/>
      <function name="FordMsg41EBusHiSpdPer1" comment="" line="935" main_generator_called="MAIN_GENERATOR"/>
      <function name="FordVehSelDrvModChassisVldInpNtc" comment="" line="1235" main_generator_called="MAIN_GENERATOR" attributes="static">
         <scalar name="arg1" comment="" line="1235" base_type="uint8" attributes="static" complete_type="uint8" init_mode="MAIN_GENERATOR" init_modes_allowed="10" init_range="min..max" global_assert="unsupported" assert_range="unsupported"/>
         <scalar name="arg2" comment="" line="1235" base_type="uint16" attributes="static" complete_type="uint16" init_mode="MAIN_GENERATOR" init_modes_allowed="10" init_range="min..max" global_assert="unsupported" assert_range="unsupported"/>
      </function>
      <function name="MsgMiss" comment="" line="1166" main_generator_called="MAIN_GENERATOR" attributes="static">
         <scalar name="arg1" comment="" line="1166" base_type="uint8" attributes="static" complete_type="uint8" init_mode="MAIN_GENERATOR" init_modes_allowed="10" init_range="min..max" global_assert="unsupported" assert_range="unsupported"/>
         <scalar name="arg2" comment="" line="1166" base_type="uint8" attributes="static" complete_type="uint8" init_mode="MAIN_GENERATOR" init_modes_allowed="10" init_range="min..max" global_assert="unsupported" assert_range="unsupported"/>
         <scalar name="arg3" comment="" line="1166" base_type="uint16" attributes="static" complete_type="uint16" init_mode="MAIN_GENERATOR" init_modes_allowed="10" init_range="min..max" global_assert="unsupported" assert_range="unsupported"/>
      </function>
      <function name="VldElpdTi" comment="" line="1273" main_generator_called="MAIN_GENERATOR" attributes="static">
         <scalar name="arg1" comment="" line="1273" base_type="uint8" attributes="static" complete_type="uint8" init_mode="MAIN_GENERATOR" init_modes_allowed="10" init_range="min..max" global_assert="unsupported" assert_range="unsupported"/>
         <pointer name="arg2" comment="" line="1273" attributes="static" complete_type="uint8 *" init_mode="MAIN_GENERATOR" init_modes_allowed="10" initialize_pointer="May-be NULL" number_allocated="max" init_pointed="MAIN_GENERATOR">
            <scalar comment="" line="1273" base_type="uint8" attributes="static" complete_type="uint8" init_mode="MAIN_GENERATOR" init_modes_allowed="10" init_range="min..max" global_assert="unsupported" assert_range="unsupported"/>
         </pointer>
         <pointer name="arg3" comment="" line="1273" attributes="static" complete_type="uint8 *" init_mode="MAIN_GENERATOR" init_modes_allowed="10" initialize_pointer="May-be NULL" number_allocated="max" init_pointed="MAIN_GENERATOR">
            <scalar comment="" line="1273" base_type="uint8" attributes="static" complete_type="uint8" init_mode="MAIN_GENERATOR" init_modes_allowed="10" init_range="min..max" global_assert="unsupported" assert_range="unsupported"/>
         </pointer>
         <pointer name="arg4" comment="" line="1273" attributes="static" complete_type="uint8 *" init_mode="MAIN_GENERATOR" init_modes_allowed="10" initialize_pointer="May-be NULL" number_allocated="max" init_pointed="MAIN_GENERATOR">
            <scalar comment="" line="1273" base_type="uint8" attributes="static" complete_type="uint8" init_mode="MAIN_GENERATOR" init_modes_allowed="10" init_range="min..max" global_assert="unsupported" assert_range="unsupported"/>
         </pointer>
      </function>
   </file>
   <file name="C:\\Component\\MM079A_FordMsg41EBusHiSpd_Impl\\src\\FordMsg41EBusHiSpdNonRte.c" comment="">
      <function name="ComIPduCallout_BrakeSysFeatures_3_FD1" comment="" line="46" main_generator_called="MAIN_GENERATOR" attributes="unused">
         <scalar name="arg1" comment="" line="46" base_type="uint8" complete_type="uint8" init_mode="MAIN_GENERATOR" init_modes_allowed="10" init_range="min..max" global_assert="unsupported" assert_range="unsupported"/>
         <pointer name="arg2" comment="" line="46" complete_type="const struct  *" init_mode="MAIN_GENERATOR" init_modes_allowed="10" initialize_pointer="May-be NULL" number_allocated="max" init_pointed="MAIN_GENERATOR"/>
         <scalar name="return" comment="" line="46" base_type="uint8" complete_type="uint8" init_mode="disabled" init_range="disabled" global_assert="unsupported" assert_range="unsupported"/>
      </function>
      <function name="ComTimeoutNotification_SelDrvMdeChassis2_D_Rq" comment="" line="65" main_generator_called="MAIN_GENERATOR" attributes="unused"/>
   </file>
   <file name="C:\\Component\\MM079A_FordMsg41EBusHiSpd_Impl\\tools\\local\\generate\\Rte_FordMsg41EBusHiSpd.h" comment="">
      <function name="Rte_Read_FordMsg41EBusHiSpd_Ford_SelDrvMdeChassis2_D_Rq1_Ford_SelDrvMdeChassis2_D_Rq" comment="" line="102" main_generator_called="disabled" attributes="extern">
         <pointer name="arg1" comment="" line="102" complete_type="uint8 *" init_mode="disabled" initialize_pointer="disabled" number_allocated="disabled" init_pointed="MULTI">
            <scalar comment="" line="102" base_type="uint8" complete_type="uint8" init_mode="PERMANENT" init_modes_allowed="4" init_range="min..max" global_assert="unsupported" assert_range="unsupported"/>
         </pointer>
         <scalar name="return" comment="" line="102" base_type="uint8" complete_type="uint8" init_mode="PERMANENT" init_modes_allowed="4" init_range="min..max" global_assert="unsupported" assert_range="unsupported"/>
      </function>
      <function name="Rte_Write_FordMsg41EBusHiSpd_FordVehPenSelDrvMod_Ford_SelDrvMdeChassis2_D_Rq" comment="" line="103" main_generator_called="disabled" attributes="extern">
         <scalar name="arg1" comment="" line="103" base_type="uint8" complete_type="uint8" init_mode="disabled" init_range="disabled" global_assert="unsupported" assert_range="unsupported"/>
         <scalar name="return" comment="" line="103" base_type="uint8" complete_type="uint8" init_mode="PERMANENT" init_modes_allowed="4" init_range="min..max" global_assert="unsupported" assert_range="unsupported"/>
      </function>
   </file>
   <file name="C:\\Component\\MM079A_FordMsg41EBusHiSpd_Impl\\tools\\local\\generate\\Rte_Stubs.c" comment="">
      <function name="Rte_Call_FordMsg41EBusHiSpd_GetRefTmr100MicroSec32bit_Oper" comment="" line="18" main_generator_called="MAIN_GENERATOR">
         <pointer name="arg1" comment="" line="18" complete_type="uint32 *" init_mode="MAIN_GENERATOR" init_modes_allowed="10" initialize_pointer="May-be NULL" number_allocated="max" init_pointed="MAIN_GENERATOR">
            <scalar comment="" line="18" base_type="uint32" complete_type="uint32" init_mode="MAIN_GENERATOR" init_modes_allowed="10" init_range="min..max" global_assert="unsupported" assert_range="unsupported"/>
         </pointer>
         <scalar name="return" comment="" line="18" base_type="uint8" complete_type="uint8" init_mode="disabled" init_range="disabled" global_assert="unsupported" assert_range="unsupported"/>
      </function>
      <function name="Rte_Call_FordMsg41EBusHiSpd_GetTiSpan100MicroSec32bit_Oper" comment="" line="24" main_generator_called="MAIN_GENERATOR">
         <scalar name="arg1" comment="" line="24" base_type="uint32" complete_type="uint32" init_mode="MAIN_GENERATOR" init_modes_allowed="10" init_range="min..max" global_assert="unsupported" assert_range="unsupported"/>
         <pointer name="arg2" comment="" line="24" complete_type="uint32 *" init_mode="MAIN_GENERATOR" init_modes_allowed="10" initialize_pointer="May-be NULL" number_allocated="max" init_pointed="MAIN_GENERATOR">
            <scalar comment="" line="24" base_type="uint32" complete_type="uint32" init_mode="MAIN_GENERATOR" init_modes_allowed="10" init_range="min..max" global_assert="unsupported" assert_range="unsupported"/>
         </pointer>
         <scalar name="return" comment="" line="24" base_type="uint8" complete_type="uint8" init_mode="disabled" init_range="disabled" global_assert="unsupported" assert_range="unsupported"/>
      </function>
      <function name="Rte_Call_FordMsg41EBusHiSpd_SetNtcSts_Oper" comment="" line="31" main_generator_called="MAIN_GENERATOR">
         <scalar name="arg1" comment="" line="31" base_type="uint16" complete_type="uint16" init_mode="MAIN_GENERATOR" init_modes_allowed="10" init_range="min..max" global_assert="unsupported" assert_range="unsupported"/>
         <scalar name="arg2" comment="" line="31" base_type="uint8" complete_type="uint8" init_mode="MAIN_GENERATOR" init_modes_allowed="10" init_range="min..max" global_assert="unsupported" assert_range="unsupported"/>
         <scalar name="arg3" comment="" line="31" base_type="uint8" complete_type="uint8" init_mode="MAIN_GENERATOR" init_modes_allowed="10" init_range="min..max" global_assert="unsupported" assert_range="unsupported"/>
         <scalar name="arg4" comment="" line="31" base_type="uint16" complete_type="uint16" init_mode="MAIN_GENERATOR" init_modes_allowed="10" init_range="min..max" global_assert="unsupported" assert_range="unsupported"/>
         <scalar name="return" comment="" line="31" base_type="uint8" complete_type="uint8" init_mode="disabled" init_range="disabled" global_assert="unsupported" assert_range="unsupported"/>
      </function>
      <function name="Rte_Stub" comment="" line="43" main_generator_called="MAIN_GENERATOR" attributes="unused"/>
   </file>
   <file name="C:\\Component\\MM079A_FordMsg41EBusHiSpd_Impl\\tools\\local\\generate\\Rte_Stubs.h" comment="">
      <scalar name="FordMsg41EBusHiSpd_Cal_FordMsg41EBusHiSpdChassisVldMissFaildThd" comment="" line="30" base_type="uint16" attributes="extern const" complete_type="uint16" init_mode="PERMANENT" init_modes_allowed="6" init_range="0..6000" global_assert="NO" assert_range=""/>
      <scalar name="FordMsg41EBusHiSpd_Cal_FordMsg41EBusHiSpdChassisVldSigFaildThd" comment="" line="31" base_type="uint16" attributes="extern const" complete_type="uint16" init_mode="PERMANENT" init_modes_allowed="6" init_range="0..6000" global_assert="NO" assert_range=""/>
      <scalar name="FordMsg41EBusHiSpd_Cal_FordMsg41EBusHiSpdChassisVldSigPassdThd" comment="" line="32" base_type="uint16" attributes="extern const" complete_type="uint16" init_mode="PERMANENT" init_modes_allowed="6" init_range="0..6000" global_assert="NO" assert_range=""/>
      <scalar name="FordMsg41EBusHiSpd_Cal_FordMsg41EBusHiSpdInvldMsgFaildThd" comment="" line="33" base_type="uint16" attributes="extern const" complete_type="uint16" init_mode="PERMANENT" init_modes_allowed="6" init_range="0..6000" global_assert="NO" assert_range=""/>
      <scalar name="FordMsg41EBusHiSpd_Cal_FordMsg41EBusHiSpdInvldMsgPassdThd" comment="" line="34" base_type="uint16" attributes="extern const" complete_type="uint16" init_mode="PERMANENT" init_modes_allowed="6" init_range="0..6000" global_assert="NO" assert_range=""/>
      <scalar name="FordMsg41EBusHiSpd_Cal_FordMsg41EBusHiSpdMissMsgFaildThd" comment="" line="35" base_type="uint16" attributes="extern const" complete_type="uint16" init_mode="PERMANENT" init_modes_allowed="6" init_range="0..6000" global_assert="NO" assert_range=""/>
      <scalar name="FordMsg41EBusHiSpd_Cal_FordMsg41EBusHiSpdMissMsgPassdThd" comment="" line="36" base_type="uint16" attributes="extern const" complete_type="uint16" init_mode="PERMANENT" init_modes_allowed="6" init_range="0..6000" global_assert="NO" assert_range=""/>
      <scalar name="FordMsg41EBusHiSpd_Ip_ClrDiagcFlgProxy" comment="" line="19" base_type="uint8" attributes="extern" complete_type="uint8" init_mode="PERMANENT" init_modes_allowed="6" init_range="0..1" global_assert="NO" assert_range=""/>
      <scalar name="FordMsg41EBusHiSpd_Ip_FordCanDtcInhb" comment="" line="20" base_type="uint8" attributes="extern" complete_type="uint8" init_mode="PERMANENT" init_modes_allowed="6" init_range="0..1" global_assert="NO" assert_range=""/>
      <scalar name="FordMsg41EBusHiSpd_Ip_FordEpsLifeCycMod" comment="" line="21" base_type="uint8" attributes="extern" complete_type="uint8" init_mode="PERMANENT" init_modes_allowed="6" init_range="0..1" global_assert="NO" assert_range=""/>
      <scalar name="FordMsg41EBusHiSpd_Ip_FordSelDrvModEnad" comment="" line="22" base_type="uint8" attributes="extern" complete_type="uint8" init_mode="PERMANENT" init_modes_allowed="6" init_range="0..1" global_assert="NO" assert_range=""/>
      <scalar name="FordMsg41EBusHiSpd_Op_FordVehSelDrvModChassisVld" comment="" line="27" base_type="uint8" attributes="extern" complete_type="uint8" init_mode="PERMANENT" init_modes_allowed="6" init_range="0..1" global_assert="NO" assert_range=""/>
      <scalar name="FordMsg41EBusHiSpd_Pim_ClrDiagcFlgProxyPrev" comment="" line="41" base_type="uint8" attributes="extern" complete_type="uint8" init_mode="PERMANENT" init_modes_allowed="6" init_range="0..1" global_assert="NO" assert_range=""/>
      <scalar name="FordMsg41EBusHiSpd_Pim_FirstTranVldFlg" comment="" line="42" base_type="uint8" attributes="extern" complete_type="uint8" init_mode="PERMANENT" init_modes_allowed="6" init_range="0..1" global_assert="NO" assert_range=""/>
      <scalar name="FordMsg41EBusHiSpd_Pim_FordVehMsg41EMiss" comment="" line="43" base_type="uint8" attributes="extern" complete_type="uint8" init_mode="PERMANENT" init_modes_allowed="6" init_range="0..1" global_assert="NO" assert_range=""/>
      <scalar name="FordMsg41EBusHiSpd_Pim_FordVehPenSelDrvModPrev" comment="" line="44" base_type="uint8" attributes="extern" complete_type="uint8" init_mode="PERMANENT" init_modes_allowed="6" init_range="min..max" global_assert="NO" assert_range=""/>
      <scalar name="FordMsg41EBusHiSpd_Pim_FordVehSelDrvModChassisVldFaildRefTi" comment="" line="45" base_type="uint32" attributes="extern" complete_type="uint32" init_mode="PERMANENT" init_modes_allowed="6" init_range="0..4294967295" global_assert="NO" assert_range=""/>
      <scalar name="FordMsg41EBusHiSpd_Pim_FordVehSelDrvModChassisVldMissRefTi" comment="" line="46" base_type="uint32" attributes="extern" complete_type="uint32" init_mode="PERMANENT" init_modes_allowed="6" init_range="0..4294967295" global_assert="NO" assert_range=""/>
      <scalar name="FordMsg41EBusHiSpd_Pim_FordVehSelDrvModChassisVldPassdRefTi" comment="" line="47" base_type="uint32" attributes="extern" complete_type="uint32" init_mode="PERMANENT" init_modes_allowed="6" init_range="0..4294967295" global_assert="NO" assert_range=""/>
      <scalar name="FordMsg41EBusHiSpd_Pim_FordVehSelDrvModChassisVldPrev" comment="" line="48" base_type="uint8" attributes="extern" complete_type="uint8" init_mode="PERMANENT" init_modes_allowed="6" init_range="0..1" global_assert="NO" assert_range=""/>
      <scalar name="FordMsg41EBusHiSpd_Pim_InvldMsgFaildRefTi" comment="" line="49" base_type="uint32" attributes="extern" complete_type="uint32" init_mode="PERMANENT" init_modes_allowed="6" init_range="0..4294967295" global_assert="NO" assert_range=""/>
      <scalar name="FordMsg41EBusHiSpd_Pim_InvldMsgPassdRefTi" comment="" line="50" base_type="uint32" attributes="extern" complete_type="uint32" init_mode="PERMANENT" init_modes_allowed="6" init_range="0..4294967295" global_assert="NO" assert_range=""/>
      <scalar name="FordMsg41EBusHiSpd_Pim_MissMsgFaildRefTi" comment="" line="51" base_type="uint32" attributes="extern" complete_type="uint32" init_mode="PERMANENT" init_modes_allowed="6" init_range="0..4294967295" global_assert="NO" assert_range=""/>
      <scalar name="FordMsg41EBusHiSpd_Pim_MissMsgPassdRefTi" comment="" line="52" base_type="uint32" attributes="extern" complete_type="uint32" init_mode="PERMANENT" init_modes_allowed="6" init_range="0..4294967295" global_assert="NO" assert_range=""/>
      <scalar name="FordMsg41EBusHiSpd_Srv_GetRefTmr100MicroSec32bit_RefTmr" comment="" line="55" base_type="uint32" attributes="extern" complete_type="uint32" init_mode="PERMANENT" init_modes_allowed="6" init_range="0..4294967295" global_assert="NO" assert_range=""/>
      <scalar name="FordMsg41EBusHiSpd_Srv_GetTiSpan100MicroSec32bit_RefTmr" comment="" line="56" base_type="uint32" attributes="extern" complete_type="uint32" init_mode="PERMANENT" init_modes_allowed="6" init_range="0..4294967295" global_assert="NO" assert_range=""/>
      <scalar name="FordMsg41EBusHiSpd_Srv_GetTiSpan100MicroSec32bit_TiSpan" comment="" line="57" base_type="uint32" attributes="extern" complete_type="uint32" init_mode="PERMANENT" init_modes_allowed="6" init_range="0..4294967295" global_assert="NO" assert_range=""/>
      <scalar name="FordMsg41EBusHiSpd_Srv_SetNtcSts_DebStep" comment="" line="61" base_type="uint16" attributes="extern" complete_type="uint16" init_mode="PERMANENT" init_modes_allowed="6" init_range="0..65535" global_assert="NO" assert_range=""/>
      <scalar name="FordMsg41EBusHiSpd_Srv_SetNtcSts_NtcNr" comment="" line="58" base_type="uint16" attributes="extern" complete_type="uint16" init_mode="PERMANENT" init_modes_allowed="6" init_range="1..511" global_assert="NO" assert_range=""/>
      <scalar name="FordMsg41EBusHiSpd_Srv_SetNtcSts_NtcStInfo" comment="" line="59" base_type="uint8" attributes="extern" complete_type="uint8" init_mode="PERMANENT" init_modes_allowed="6" init_range="0..255" global_assert="NO" assert_range=""/>
      <scalar name="FordMsg41EBusHiSpd_Srv_SetNtcSts_NtcSts" comment="" line="60" base_type="uint8" attributes="extern" complete_type="uint8" init_mode="PERMANENT" init_modes_allowed="6" init_range="0..3" global_assert="NO" assert_range=""/>
      <scalar name="FordMsg41EBusHiSpd_Srv_SetNtcSts_Return" comment="" line="62" base_type="uint8" attributes="extern" complete_type="uint8" init_mode="PERMANENT" init_modes_allowed="6" init_range="0..1" global_assert="NO" assert_range=""/>
   </file>
   <scalar name="FordMsg41EBusHiSpd_Cal_SelnDrvgModMapSteerModY" comment="" init_mode="PERMANENT" init_range="0..31" global_assert="NO" assert_range="min..max" non_applicable="1"/>
   <scalar name="FordMsg41EBusHiSpd_Cal_SelnDrvgModSelDrvModChassis2X" comment="" init_mode="PERMANENT" init_range="0..31" global_assert="NO" assert_range="min..max" non_applicable="1"/>
   <scalar name="FordMsg41EBusHiSpd_Ip_Ford_SelDrvMdeChassis2_D_Rq1" comment="" init_mode="PERMANENT" init_range="min..max" global_assert="NO" assert_range="min..max" non_applicable="1"/>
   <scalar name="FordMsg41EBusHiSpd_Op_FordVehPenSelDrvMod" comment="" init_mode="PERMANENT" init_range="min..max" global_assert="NO" assert_range="min..max" non_applicable="1"/>
   <function name="atan2f" comment="" main_generator_called="MAIN_GENERATOR" non_applicable="1">
      <scalar name="return" comment="" init_mode="PERMANENT" init_range="-3.1412..3.1412" global_assert="NO" assert_range="min..max" non_applicable="1"/>
   </function>
   <function name="cosf" comment="" main_generator_called="MAIN_GENERATOR" non_applicable="1">
      <scalar name="return" comment="" init_mode="PERMANENT" init_range="-1..1" global_assert="NO" assert_range="min..max" non_applicable="1"/>
   </function>
   <function name="expf" comment="" main_generator_called="MAIN_GENERATOR" non_applicable="1">
      <scalar name="return" comment="" init_mode="PERMANENT" init_range="0..max" global_assert="NO" assert_range="min..max" non_applicable="1"/>
   </function>
   <function name="fabsf" comment="" main_generator_called="MAIN_GENERATOR" non_applicable="1">
      <scalar name="return" comment="" init_mode="PERMANENT" init_range="0..max" global_assert="NO" assert_range="min..max" non_applicable="1"/>
   </function>
   <function name="fmodf" comment="" main_generator_called="MAIN_GENERATOR" non_applicable="1">
      <scalar name="return" comment="" init_mode="PERMANENT" init_range="0..max" global_assert="NO" assert_range="min..max" non_applicable="1"/>
   </function>
   <function name="sinf" comment="" main_generator_called="MAIN_GENERATOR" non_applicable="1">
      <scalar name="return" comment="" init_mode="PERMANENT" init_range="-1..1" global_assert="NO" assert_range="min..max" non_applicable="1"/>
   </function>
   <function name="sqrtf" comment="" main_generator_called="MAIN_GENERATOR" non_applicable="1">
      <scalar name="return" comment="" init_mode="PERMANENT" init_range="0..max" global_assert="NO" assert_range="min..max" non_applicable="1"/>
   </function>
</global>
