<?xml version="1.0" encoding="UTF-8"?>

<project name="Polyspace" files="3" includes="23" ap_cg_cycle="0" ap_cg_direct_cycle="0" pshv="0" unpshv="0">
<file name="E:\EA4NewTemplate\MM054A_FordMsg083BusHiSpd_Impl\tools\local\generate\Rte_Stubs.c" total_lines="48" lines_without_cmt="26" comf="17" fco="-1">
<function name="Rte_Stub" path="1" goto="0" vg="1" calling="0" calls="2" param="0" stmt="2" level="1" return="0" vocf="1.7" flin="2" fxln="2" ncalls="2">
</function>
<function name="Rte_Call_FordMsg083BusHiSpd_SetNtcSts_Oper" path="1" goto="0" vg="1" calling="2" calls="0" param="4" stmt="5" level="1" return="1" vocf="1.6" flin="5" fxln="5" ncalls="0">
</function>
<function name="Rte_Call_FordMsg083BusHiSpd_GetTiSpan100MicroSec32bit_Oper" path="1" goto="0" vg="1" calling="3" calls="0" param="2" stmt="3" level="1" return="1" vocf="1.6" flin="3" fxln="3" ncalls="0">
</function>
<function name="Rte_Call_FordMsg083BusHiSpd_GetRefTmr100MicroSec32bit_Oper" path="1" goto="0" vg="1" calling="4" calls="0" param="1" stmt="2" level="1" return="1" vocf="1.4" flin="2" fxln="2" ncalls="0">
</function>
<function name="fabsf" path="2" goto="0" vg="2" calling="0" calls="0" param="1" stmt="3" level="1" return="1" vocf="2.3" flin="0" fxln="0" ncalls="0">
</function>
</file>
<file name="E:\EA4NewTemplate\MM054A_FordMsg083BusHiSpd_Impl\src\FordMsg083BusHiSpdNonRte.c" total_lines="82" lines_without_cmt="16" comf="100" fco="-1">
<function name="ComTimeoutNotification_TurnLghtSwtch_D_Stat_Oper" path="1" goto="0" vg="1" calling="0" calls="0" param="0" stmt="1" level="1" return="0" vocf="1.2" flin="1" fxln="1" ncalls="0">
</function>
<function name="ComIPduCallout_Steering_Data_FD1_Oper" path="1" goto="0" vg="1" calling="0" calls="0" param="2" stmt="2" level="1" return="1" vocf="1.2" flin="3" fxln="2" ncalls="0">
</function>
<function name="fabsf" path="2" goto="0" vg="2" calling="0" calls="0" param="1" stmt="3" level="1" return="1" vocf="2.3" flin="0" fxln="0" ncalls="0">
</function>
</file>
<file name="E:\EA4NewTemplate\MM054A_FordMsg083BusHiSpd_Impl\src\FordMsg083BusHiSpd.c" total_lines="1194" lines_without_cmt="228" comf="68" fco="26">
<function name="OutpProcg" path="6" goto="0" vg="4" calling="1" calls="3" param="3" stmt="12" level="2" return="0" vocf="4.1" flin="42" fxln="15" ncalls="3">
</function>
<function name="MsgPrsnt" path="6" goto="0" vg="4" calling="1" calls="4" param="2" stmt="11" level="2" return="0" vocf="4.9" flin="40" fxln="14" ncalls="7">
</function>
<function name="MsgMiss" path="12" goto="0" vg="5" calling="1" calls="4" param="5" stmt="16" level="2" return="0" vocf="5.6" flin="52" fxln="20" ncalls="8">
</function>
<function name="CalSeln" path="2" goto="0" vg="2" calling="1" calls="1" param="1" stmt="4" level="1" return="1" vocf="2.4" flin="11" fxln="5" ncalls="1">
</function>
<function name="DiagEna" path="4" goto="0" vg="3" calling="1" calls="0" param="5" stmt="7" level="1" return="0" vocf="3.1" flin="18" fxln="10" ncalls="0">
</function>
<function name="FordMsg083BusHiSpdPer1" path="2" goto="0" vg="2" calling="1" calls="12" param="0" stmt="15" level="1" return="0" vocf="4.1" flin="72" fxln="27" ncalls="12">
</function>
<function name="FordMsg083BusHiSpdInit1" path="1" goto="0" vg="1" calling="1" calls="1" param="0" stmt="6" level="1" return="0" vocf="3.0" flin="18" fxln="6" ncalls="1">
</function>
<function name="fabsf" path="2" goto="0" vg="2" calling="0" calls="0" param="1" stmt="3" level="1" return="1" vocf="2.3" flin="0" fxln="0" ncalls="0">
</function>
</file>
</project>
