<?xml version="1.0" encoding="UTF-8"?>

<project name="Polyspace" files="2" includes="18" ap_cg_cycle="0" ap_cg_direct_cycle="0" pshv="0" unpshv="0">
<file name="C:\Users\nz3541\Documents\SynergyWorkingEA4\ES102A_PolarityCfg_Impl\tools\local\generate\Rte_Stubs.c" total_lines="33" lines_without_cmt="13" comf="40" fco="2">
<function name="Rte_Stub" path="1" goto="0" vg="1" calling="0" calls="3" param="0" stmt="3" level="1" return="0" vocf="1.6" flin="3" fxln="3" ncalls="3">
</function>
<function name="Rte_Call_PolarityCfg_PolarityCfgSaved_SetRamBlockStatus" path="1" goto="0" vg="1" calling="1" calls="0" param="1" stmt="2" level="1" return="1" vocf="1.2" flin="2" fxln="2" ncalls="0">
</function>
</file>
<file name="C:\Users\nz3541\Documents\SynergyWorkingEA4\ES102A_PolarityCfg_Impl\src\PolarityCfg.c" total_lines="373" lines_without_cmt="87" comf="39" fco="24">
<function name="GetPolarity" path="2" goto="0" vg="2" calling="1" calls="0" param="2" stmt="4" level="1" return="1" vocf="2.1" flin="12" fxln="5" ncalls="0">
</function>
<function name="PolarityCfgWr_Oper" path="1" goto="0" vg="1" calling="1" calls="1" param="1" stmt="3" level="1" return="1" vocf="1.6" flin="11" fxln="3" ncalls="1">
</function>
<function name="PolarityCfgRead_Oper" path="1" goto="0" vg="1" calling="1" calls="0" param="1" stmt="2" level="1" return="1" vocf="1.5" flin="11" fxln="2" ncalls="0">
</function>
<function name="PolarityCfgInit1" path="1" goto="0" vg="1" calling="1" calls="1" param="0" stmt="26" level="1" return="0" vocf="8.1" flin="38" fxln="26" ncalls="26">
</function>
</file>
</project>
