<?xml version="1.0" encoding="UTF-8"?>

<MISRA-C-Report version="1.3">


<CodeStruct Name="" File="C:\Users\NZ5334\Documents\Synergy\Working\ses_dev_ea4\MM519A_FordMsg5B5BusHiSpd_Impl\src\FordMsg5B5BusHiSpd.c" Line="0" Column="0">

<Rule Name="5.1" Mode="required" Report="warning" Id="1">
<Loc File="C:\Users\NZ5334\Documents\Synergy\Working\ses_dev_ea4\MM519A_FordMsg5B5BusHiSpd_Impl\src\FordMsg5B5BusHiSpd.c" Line="108" Column="8">
</Loc>
<Message>
Identifiers "PWRSTEERCTRLMODLGATEWYNMONBDTESTMINVAL_CNT_U08" (FordMsg5B5BusHiSpd.c line 108 column 8) and "PWRSTEERCTRLMODLGATEWYNMONBDTESTMAXVAL_CNT_U08" (FordMsg5B5BusHiSpd.c line 107 column 8) have the same first 33 characters.
</Message>
</Rule>

<Rule Name="19.1" Mode="advisory" Report="warning" Id="2">
<Loc File="C:\Users\NZ5334\Documents\Synergy\Working\ses_dev_ea4\MM519A_FordMsg5B5BusHiSpd_Impl\src\FordMsg5B5BusHiSpd.c" Line="271" Column="0">
</Loc>
<Message>
#include statements in a file shall only be preceded by other preprocessor directives or comments.
</Message>
</Rule>

</CodeStruct>

<CodeStruct Name="FordMsg5B5BusHiSpdPer1" File="C:\Users\NZ5334\Documents\Synergy\Working\ses_dev_ea4\MM519A_FordMsg5B5BusHiSpd_Impl\src\FordMsg5B5BusHiSpd.c" Line="226" Column="5">

<Rule Name="21.1" Mode="required" Report="warning" Id="3">
<Loc File="C:\Users\NZ5334\Documents\Synergy\Working\ses_dev_ea4\MM519A_FordMsg5B5BusHiSpd_Impl\src\FordMsg5B5BusHiSpd.c" Line="244" Column="48">
</Loc>
<Message>
Minimisation of run-time failures.
</Message>
</Rule>

<Rule Name="21.1" Mode="required" Report="warning" Id="4">
<Loc File="C:\Users\NZ5334\Documents\Synergy\Working\ses_dev_ea4\MM519A_FordMsg5B5BusHiSpd_Impl\src\FordMsg5B5BusHiSpd.c" Line="245" Column="51">
</Loc>
<Message>
Minimisation of run-time failures.
</Message>
</Rule>

<Rule Name="21.1" Mode="required" Report="warning" Id="5">
<Loc File="C:\Users\NZ5334\Documents\Synergy\Working\ses_dev_ea4\MM519A_FordMsg5B5BusHiSpd_Impl\src\FordMsg5B5BusHiSpd.c" Line="246" Column="52">
</Loc>
<Message>
Minimisation of run-time failures.
</Message>
</Rule>

<Rule Name="21.1" Mode="required" Report="warning" Id="6">
<Loc File="C:\Users\NZ5334\Documents\Synergy\Working\ses_dev_ea4\MM519A_FordMsg5B5BusHiSpd_Impl\src\FordMsg5B5BusHiSpd.c" Line="247" Column="52">
</Loc>
<Message>
Minimisation of run-time failures.
</Message>
</Rule>

<Rule Name="21.1" Mode="required" Report="warning" Id="7">
<Loc File="C:\Users\NZ5334\Documents\Synergy\Working\ses_dev_ea4\MM519A_FordMsg5B5BusHiSpd_Impl\src\FordMsg5B5BusHiSpd.c" Line="248" Column="51">
</Loc>
<Message>
Minimisation of run-time failures.
</Message>
</Rule>

<Rule Name="21.1" Mode="required" Report="warning" Id="8">
<Loc File="C:\Users\NZ5334\Documents\Synergy\Working\ses_dev_ea4\MM519A_FordMsg5B5BusHiSpd_Impl\src\FordMsg5B5BusHiSpd.c" Line="249" Column="51">
</Loc>
<Message>
Minimisation of run-time failures.
</Message>
</Rule>

<Rule Name="21.1" Mode="required" Report="warning" Id="9">
<Loc File="C:\Users\NZ5334\Documents\Synergy\Working\ses_dev_ea4\MM519A_FordMsg5B5BusHiSpd_Impl\src\FordMsg5B5BusHiSpd.c" Line="250" Column="48">
</Loc>
<Message>
Minimisation of run-time failures.
</Message>
</Rule>

<Rule Name="21.1" Mode="required" Report="warning" Id="10">
<Loc File="C:\Users\NZ5334\Documents\Synergy\Working\ses_dev_ea4\MM519A_FordMsg5B5BusHiSpd_Impl\src\FordMsg5B5BusHiSpd.c" Line="251" Column="42">
</Loc>
<Message>
Minimisation of run-time failures.
</Message>
</Rule>

</CodeStruct>

<CodeStruct Name="FordMsg5B5BusHiSpdInit1" File="C:\Users\NZ5334\Documents\Synergy\Working\ses_dev_ea4\MM519A_FordMsg5B5BusHiSpd_Impl\src\FordMsg5B5BusHiSpd.c" Line="171" Column="5">

<Rule Name="21.1" Mode="required" Report="warning" Id="11">
<Loc File="C:\Users\NZ5334\Documents\Synergy\Working\ses_dev_ea4\MM519A_FordMsg5B5BusHiSpd_Impl\src\FordMsg5B5BusHiSpd.c" Line="177" Column="4">
</Loc>
<Message>
Minimisation of run-time failures.
</Message>
</Rule>

<Rule Name="21.1" Mode="required" Report="warning" Id="12">
<Loc File="C:\Users\NZ5334\Documents\Synergy\Working\ses_dev_ea4\MM519A_FordMsg5B5BusHiSpd_Impl\src\FordMsg5B5BusHiSpd.c" Line="177" Column="33">
</Loc>
<Message>
Minimisation of run-time failures.
</Message>
</Rule>

<Rule Name="21.1" Mode="required" Report="warning" Id="13">
<Loc File="C:\Users\NZ5334\Documents\Synergy\Working\ses_dev_ea4\MM519A_FordMsg5B5BusHiSpd_Impl\src\FordMsg5B5BusHiSpd.c" Line="178" Column="8">
</Loc>
<Message>
Minimisation of run-time failures.
</Message>
</Rule>

<Rule Name="21.1" Mode="required" Report="warning" Id="14">
<Loc File="C:\Users\NZ5334\Documents\Synergy\Working\ses_dev_ea4\MM519A_FordMsg5B5BusHiSpd_Impl\src\FordMsg5B5BusHiSpd.c" Line="179" Column="8">
</Loc>
<Message>
Minimisation of run-time failures.
</Message>
</Rule>

<Rule Name="21.1" Mode="required" Report="warning" Id="15">
<Loc File="C:\Users\NZ5334\Documents\Synergy\Working\ses_dev_ea4\MM519A_FordMsg5B5BusHiSpd_Impl\src\FordMsg5B5BusHiSpd.c" Line="180" Column="8">
</Loc>
<Message>
Minimisation of run-time failures.
</Message>
</Rule>

<Rule Name="21.1" Mode="required" Report="warning" Id="16">
<Loc File="C:\Users\NZ5334\Documents\Synergy\Working\ses_dev_ea4\MM519A_FordMsg5B5BusHiSpd_Impl\src\FordMsg5B5BusHiSpd.c" Line="181" Column="8">
</Loc>
<Message>
Minimisation of run-time failures.
</Message>
</Rule>

<Rule Name="21.1" Mode="required" Report="warning" Id="17">
<Loc File="C:\Users\NZ5334\Documents\Synergy\Working\ses_dev_ea4\MM519A_FordMsg5B5BusHiSpd_Impl\src\FordMsg5B5BusHiSpd.c" Line="182" Column="8">
</Loc>
<Message>
Minimisation of run-time failures.
</Message>
</Rule>

<Rule Name="21.1" Mode="required" Report="warning" Id="18">
<Loc File="C:\Users\NZ5334\Documents\Synergy\Working\ses_dev_ea4\MM519A_FordMsg5B5BusHiSpd_Impl\src\FordMsg5B5BusHiSpd.c" Line="183" Column="8">
</Loc>
<Message>
Minimisation of run-time failures.
</Message>
</Rule>

<Rule Name="21.1" Mode="required" Report="warning" Id="19">
<Loc File="C:\Users\NZ5334\Documents\Synergy\Working\ses_dev_ea4\MM519A_FordMsg5B5BusHiSpd_Impl\src\FordMsg5B5BusHiSpd.c" Line="184" Column="8">
</Loc>
<Message>
Minimisation of run-time failures.
</Message>
</Rule>

</CodeStruct>

</MISRA-C-Report>
