<?xml version="1.0" encoding="UTF-8"?>

<project name="Polyspace" files="2" includes="26" ap_cg_cycle="0" ap_cg_direct_cycle="0" pshv="0" unpshv="0">
<file name="C:\Users\nz3893\Documents\Synergy\EA4\Working\CM670A_HwAg1Meas_Impl\tools\local\generate\Rte_Stubs.c" total_lines="94" lines_without_cmt="66" comf="6" fco="3">
<function name="Rte_Stub" path="1" goto="0" vg="1" calling="0" calls="12" param="0" stmt="12" level="1" return="0" vocf="2.6" flin="12" fxln="12" ncalls="12">
</function>
<function name="Rte_Call_HwAg1Meas_SetNtcSts_Oper" path="1" goto="0" vg="1" calling="5" calls="0" param="4" stmt="5" level="1" return="1" vocf="1.6" flin="5" fxln="5" ncalls="0">
</function>
<function name="Rte_Call_HwAg1Meas_IoHwAb_SetFctPrphlHwAg1_Oper" path="1" goto="0" vg="1" calling="1" calls="0" param="0" stmt="1" level="1" return="1" vocf="1.0" flin="1" fxln="1" ncalls="0">
</function>
<function name="Rte_Call_HwAg1Meas_HwAg1Offs_SetRamBlockStatus" path="1" goto="0" vg="1" calling="4" calls="0" param="1" stmt="2" level="1" return="1" vocf="1.2" flin="2" fxln="2" ncalls="0">
</function>
<function name="Rte_Call_HwAg1Meas_HwAg1Offs_GetErrorStatus" path="1" goto="0" vg="1" calling="1" calls="0" param="1" stmt="2" level="1" return="1" vocf="1.2" flin="2" fxln="2" ncalls="0">
</function>
<function name="Rte_Call_HwAg1Meas_HwAg1IfFltLtch_SetRamBlockStatus" path="1" goto="0" vg="1" calling="3" calls="0" param="1" stmt="2" level="1" return="1" vocf="1.2" flin="2" fxln="2" ncalls="0">
</function>
<function name="Rte_Call_HwAg1Meas_HwAg1IfFltLtch_GetErrorStatus" path="1" goto="0" vg="1" calling="1" calls="0" param="1" stmt="2" level="1" return="1" vocf="1.2" flin="2" fxln="2" ncalls="0">
</function>
<function name="Rte_Call_HwAg1Meas_GetTiSpan1MicroSec32bit_Oper" path="1" goto="0" vg="1" calling="3" calls="0" param="2" stmt="3" level="1" return="1" vocf="1.6" flin="3" fxln="3" ncalls="0">
</function>
<function name="Rte_Call_HwAg1Meas_GetRefTmr1MicroSec32bit_Oper" path="1" goto="0" vg="1" calling="3" calls="0" param="1" stmt="2" level="1" return="1" vocf="1.4" flin="2" fxln="2" ncalls="0">
</function>
<function name="Rte_Call_HwAg1Meas_GetNtcQlfrSts_Oper" path="1" goto="0" vg="1" calling="1" calls="0" param="2" stmt="3" level="1" return="1" vocf="1.3" flin="3" fxln="3" ncalls="0">
</function>
</file>
<file name="C:\Users\nz3893\Documents\Synergy\EA4\Working\CM670A_HwAg1Meas_Impl\src\HwAg1Meas.c" total_lines="2075" lines_without_cmt="610" comf="28" fco="43">
<function name="UpdtLthOnValChng" path="2" goto="0" vg="2" calling="1" calls="1" param="1" stmt="3" level="1" return="0" vocf="2.6" flin="9" fxln="5" ncalls="1">
</function>
<function name="ReadRegister" path="1" goto="0" vg="1" calling="2" calls="0" param="1" stmt="1" level="1" return="1" vocf="1.2" flin="1" fxln="1" ncalls="0">
</function>
<function name="CalcHwAgIdx" path="3" goto="0" vg="3" calling="1" calls="1" param="1" stmt="7" level="2" return="1" vocf="5.9" flin="20" fxln="9" ncalls="3">
</function>
<function name="HwAg1WrTrim_Oper" path="1" goto="0" vg="1" calling="1" calls="1" param="1" stmt="3" level="1" return="0" vocf="2.0" flin="11" fxln="3" ncalls="1">
</function>
<function name="HwAg1TrimPrfmdSts_Oper" path="1" goto="0" vg="1" calling="1" calls="0" param="1" stmt="1" level="1" return="0" vocf="1.3" flin="9" fxln="1" ncalls="0">
</function>
<function name="HwAg1ReadTrim_Oper" path="1" goto="0" vg="1" calling="1" calls="0" param="1" stmt="1" level="1" return="0" vocf="1.3" flin="9" fxln="1" ncalls="0">
</function>
<function name="HwAg1MeasPer5" path="2" goto="0" vg="2" calling="1" calls="1" param="0" stmt="3" level="1" return="0" vocf="3.2" flin="22" fxln="10" ncalls="2">
</function>
<function name="HwAg1MeasPer4" path="80" goto="0" vg="11" calling="1" calls="7" param="0" stmt="62" level="5" return="0" vocf="7.7" flin="177" fxln="80" ncalls="13">
</function>
<function name="HwAg1MeasPer3" path="42" goto="0" vg="11" calling="1" calls="5" param="0" stmt="61" level="6" return="0" vocf="8.2" flin="154" fxln="83" ncalls="10">
</function>
<function name="HwAg1MeasPer2" path="12" goto="0" vg="8" calling="1" calls="2" param="0" stmt="46" level="6" return="0" vocf="8.6" flin="125" fxln="66" ncalls="6">
</function>
<function name="HwAg1MeasPer1" path="6" goto="0" vg="4" calling="1" calls="3" param="0" stmt="12" level="2" return="0" vocf="3.5" flin="36" fxln="14" ncalls="3">
</function>
<function name="HwAg1MeasInit1" path="16" goto="0" vg="8" calling="1" calls="8" param="0" stmt="35" level="3" return="0" vocf="8.2" flin="126" fxln="65" ncalls="15">
</function>
<function name="HwAg1ClrTrim_Oper" path="1" goto="0" vg="1" calling="1" calls="1" param="0" stmt="3" level="1" return="0" vocf="1.9" flin="12" fxln="3" ncalls="1">
</function>
<function name="HwAg1ClrLtch_Oper" path="1" goto="0" vg="1" calling="1" calls="1" param="0" stmt="3" level="1" return="0" vocf="2.1" flin="12" fxln="3" ncalls="1">
</function>
<function name="HwAg1AutTrim_Oper" path="1" goto="0" vg="1" calling="1" calls="1" param="0" stmt="3" level="1" return="0" vocf="2.2" flin="12" fxln="3" ncalls="1">
</function>
<function name="SinLookup" path="8" goto="0" vg="4" calling="0" calls="0" param="1" stmt="14" level="1" return="1" vocf="3.6" flin="0" fxln="0" ncalls="0">
</function>
<function name="SinCos_f32" path="16" goto="0" vg="17" calling="0" calls="0" param="3" stmt="56" level="1" return="0" vocf="10.9" flin="0" fxln="0" ncalls="0">
</function>
<function name="Mod_f32" path="1" goto="0" vg="1" calling="0" calls="1" param="2" stmt="1" level="1" return="1" vocf="1.7" flin="0" fxln="0" ncalls="1">
</function>
<function name="Sqrt_f32" path="1" goto="0" vg="1" calling="0" calls="1" param="1" stmt="1" level="1" return="1" vocf="1.5" flin="0" fxln="0" ncalls="1">
</function>
<function name="Exp_f32" path="1" goto="0" vg="1" calling="0" calls="1" param="1" stmt="1" level="1" return="1" vocf="1.5" flin="0" fxln="0" ncalls="1">
</function>
<function name="Cos_f32" path="1" goto="0" vg="1" calling="0" calls="1" param="1" stmt="1" level="1" return="1" vocf="1.5" flin="0" fxln="0" ncalls="1">
</function>
<function name="Sin_f32" path="1" goto="0" vg="1" calling="0" calls="1" param="1" stmt="1" level="1" return="1" vocf="1.5" flin="0" fxln="0" ncalls="1">
</function>
<function name="Arctan2_f32" path="1" goto="0" vg="1" calling="0" calls="1" param="2" stmt="1" level="1" return="1" vocf="1.7" flin="0" fxln="0" ncalls="1">
</function>
<function name="Lim_f32" path="1" goto="0" vg="3" calling="1" calls="0" param="3" stmt="1" level="1" return="1" vocf="3.1" flin="0" fxln="0" ncalls="0">
</function>
<function name="Lim_u32" path="1" goto="0" vg="3" calling="0" calls="0" param="3" stmt="1" level="1" return="1" vocf="3.1" flin="0" fxln="0" ncalls="0">
</function>
<function name="Lim_s32" path="1" goto="0" vg="3" calling="0" calls="0" param="3" stmt="1" level="1" return="1" vocf="3.1" flin="0" fxln="0" ncalls="0">
</function>
<function name="Lim_u16" path="1" goto="0" vg="3" calling="0" calls="0" param="3" stmt="1" level="1" return="1" vocf="3.1" flin="0" fxln="0" ncalls="0">
</function>
<function name="Lim_s16" path="1" goto="0" vg="3" calling="0" calls="0" param="3" stmt="1" level="1" return="1" vocf="3.1" flin="0" fxln="0" ncalls="0">
</function>
<function name="Lim_u08" path="1" goto="0" vg="3" calling="0" calls="0" param="3" stmt="1" level="1" return="1" vocf="3.1" flin="0" fxln="0" ncalls="0">
</function>
<function name="Lim_s08" path="1" goto="0" vg="3" calling="0" calls="0" param="3" stmt="1" level="1" return="1" vocf="3.1" flin="0" fxln="0" ncalls="0">
</function>
<function name="Max_f32" path="1" goto="0" vg="2" calling="0" calls="0" param="2" stmt="1" level="1" return="1" vocf="2.2" flin="0" fxln="0" ncalls="0">
</function>
<function name="Max_u32" path="1" goto="0" vg="2" calling="0" calls="0" param="2" stmt="1" level="1" return="1" vocf="2.2" flin="0" fxln="0" ncalls="0">
</function>
<function name="Max_s32" path="1" goto="0" vg="2" calling="0" calls="0" param="2" stmt="1" level="1" return="1" vocf="2.2" flin="0" fxln="0" ncalls="0">
</function>
<function name="Max_u16" path="1" goto="0" vg="2" calling="0" calls="0" param="2" stmt="1" level="1" return="1" vocf="2.2" flin="0" fxln="0" ncalls="0">
</function>
<function name="Max_s16" path="1" goto="0" vg="2" calling="0" calls="0" param="2" stmt="1" level="1" return="1" vocf="2.2" flin="0" fxln="0" ncalls="0">
</function>
<function name="Max_u08" path="1" goto="0" vg="2" calling="0" calls="0" param="2" stmt="1" level="1" return="1" vocf="2.2" flin="0" fxln="0" ncalls="0">
</function>
<function name="Max_s08" path="1" goto="0" vg="2" calling="0" calls="0" param="2" stmt="1" level="1" return="1" vocf="2.2" flin="0" fxln="0" ncalls="0">
</function>
<function name="Min_f32" path="1" goto="0" vg="2" calling="0" calls="0" param="2" stmt="1" level="1" return="1" vocf="2.2" flin="0" fxln="0" ncalls="0">
</function>
<function name="Min_u32" path="1" goto="0" vg="2" calling="0" calls="0" param="2" stmt="1" level="1" return="1" vocf="2.2" flin="0" fxln="0" ncalls="0">
</function>
<function name="Min_s32" path="1" goto="0" vg="2" calling="0" calls="0" param="2" stmt="1" level="1" return="1" vocf="2.2" flin="0" fxln="0" ncalls="0">
</function>
<function name="Min_u16" path="1" goto="0" vg="2" calling="0" calls="0" param="2" stmt="1" level="1" return="1" vocf="2.2" flin="0" fxln="0" ncalls="0">
</function>
<function name="Min_s16" path="1" goto="0" vg="2" calling="0" calls="0" param="2" stmt="1" level="1" return="1" vocf="2.2" flin="0" fxln="0" ncalls="0">
</function>
<function name="Min_u08" path="1" goto="0" vg="2" calling="0" calls="0" param="2" stmt="1" level="1" return="1" vocf="2.2" flin="0" fxln="0" ncalls="0">
</function>
<function name="Min_s08" path="1" goto="0" vg="2" calling="0" calls="0" param="2" stmt="1" level="1" return="1" vocf="2.2" flin="0" fxln="0" ncalls="0">
</function>
<function name="Sign_s08_f32" path="1" goto="0" vg="2" calling="0" calls="0" param="1" stmt="1" level="1" return="1" vocf="2.2" flin="0" fxln="0" ncalls="0">
</function>
<function name="Sign_s08_s32" path="1" goto="0" vg="2" calling="0" calls="0" param="1" stmt="1" level="1" return="1" vocf="2.2" flin="0" fxln="0" ncalls="0">
</function>
<function name="Sign_s08_s16" path="1" goto="0" vg="2" calling="0" calls="0" param="1" stmt="1" level="1" return="1" vocf="2.2" flin="0" fxln="0" ncalls="0">
</function>
<function name="Sign_s08_s08" path="1" goto="0" vg="2" calling="0" calls="0" param="1" stmt="1" level="1" return="1" vocf="2.3" flin="0" fxln="0" ncalls="0">
</function>
<function name="Abslt_f32_f32" path="1" goto="0" vg="1" calling="2" calls="1" param="1" stmt="1" level="1" return="1" vocf="1.5" flin="0" fxln="0" ncalls="1">
</function>
<function name="Abslt_u32_s32" path="1" goto="0" vg="2" calling="0" calls="0" param="1" stmt="1" level="1" return="1" vocf="2.8" flin="0" fxln="0" ncalls="0">
</function>
<function name="Abslt_u16_s16" path="1" goto="0" vg="2" calling="0" calls="0" param="1" stmt="1" level="1" return="1" vocf="2.8" flin="0" fxln="0" ncalls="0">
</function>
<function name="Abslt_u08_s08" path="1" goto="0" vg="2" calling="1" calls="0" param="1" stmt="1" level="1" return="1" vocf="2.8" flin="0" fxln="0" ncalls="0">
</function>
<function name="Blnd_f32" path="1" goto="0" vg="1" calling="0" calls="0" param="3" stmt="1" level="1" return="1" vocf="6.0" flin="0" fxln="0" ncalls="0">
</function>
</file>
</project>
