<?xml version="1.0" encoding="UTF-8"?>

<MISRA-C-Report version="1.3">


<CodeStruct Name="" File="E:\EA4NewTemplate\CF052A_FordSysSt_Impl\src\FordSysSt.c" Line="0" Column="0">

<Rule Name="19.1" Mode="advisory" Report="warning" Id="1">
<Loc File="E:\EA4NewTemplate\CF052A_FordSysSt_Impl\src\FordSysSt.c" Line="807" Column="0">
</Loc>
<Message>
#include statements in a file shall only be preceded by other preprocessor directives or comments.
</Message>
</Rule>

<Rule Name="19.1" Mode="advisory" Report="warning" Id="2">
<Loc File="E:\EA4NewTemplate\CF052A_FordSysSt_Impl\src\FordSysSt.c" Line="1229" Column="0">
</Loc>
<Message>
#include statements in a file shall only be preceded by other preprocessor directives or comments.
</Message>
</Rule>

</CodeStruct>

<CodeStruct Name="FordSysStInit1" File="E:\EA4NewTemplate\CF052A_FordSysSt_Impl\src\FordSysSt.c" Line="828" Column="5">

<Rule Name="21.1" Mode="required" Report="warning" Id="3">
<Loc File="E:\EA4NewTemplate\CF052A_FordSysSt_Impl\src\FordSysSt.c" Line="835" Column="4">
</Loc>
<Message>
Minimisation of run-time failures.
</Message>
</Rule>

<Rule Name="21.1" Mode="required" Report="warning" Id="4">
<Loc File="E:\EA4NewTemplate\CF052A_FordSysSt_Impl\src\FordSysSt.c" Line="835" Column="24">
</Loc>
<Message>
Minimisation of run-time failures.
</Message>
</Rule>

<Rule Name="21.1" Mode="required" Report="warning" Id="5">
<Loc File="E:\EA4NewTemplate\CF052A_FordSysSt_Impl\src\FordSysSt.c" Line="836" Column="4">
</Loc>
<Message>
Minimisation of run-time failures.
</Message>
</Rule>

</CodeStruct>

<CodeStruct Name="LimAssist" File="E:\EA4NewTemplate\CF052A_FordSysSt_Impl\src\FordSysSt.c" Line="1591" Column="12">

<Rule Name="21.1" Mode="required" Report="warning" Id="6">
<Loc File="E:\EA4NewTemplate\CF052A_FordSysSt_Impl\src\FordSysSt.c" Line="1609" Column="37">
</Loc>
<Message>
Minimisation of run-time failures.
</Message>
</Rule>

<Rule Name="21.1" Mode="required" Report="warning" Id="7">
<Loc File="E:\EA4NewTemplate\CF052A_FordSysSt_Impl\src\FordSysSt.c" Line="1610" Column="38">
</Loc>
<Message>
Minimisation of run-time failures.
</Message>
</Rule>

</CodeStruct>

<CodeStruct Name="FullAssist" File="E:\EA4NewTemplate\CF052A_FordSysSt_Impl\src\FordSysSt.c" Line="1637" Column="12">

<Rule Name="21.1" Mode="required" Report="warning" Id="8">
<Loc File="E:\EA4NewTemplate\CF052A_FordSysSt_Impl\src\FordSysSt.c" Line="1646" Column="33">
</Loc>
<Message>
Minimisation of run-time failures.
</Message>
</Rule>

<Rule Name="21.1" Mode="required" Report="warning" Id="9">
<Loc File="E:\EA4NewTemplate\CF052A_FordSysSt_Impl\src\FordSysSt.c" Line="1647" Column="34">
</Loc>
<Message>
Minimisation of run-time failures.
</Message>
</Rule>

</CodeStruct>

<CodeStruct Name="FordSysStPer1" File="E:\EA4NewTemplate\CF052A_FordSysSt_Impl\src\FordSysSt.c" Line="909" Column="5">

<Rule Name="21.1" Mode="required" Report="warning" Id="10">
<Loc File="E:\EA4NewTemplate\CF052A_FordSysSt_Impl\src\FordSysSt.c" Line="938" Column="28">
</Loc>
<Message>
Minimisation of run-time failures.
</Message>
</Rule>

<Rule Name="21.1" Mode="required" Report="warning" Id="11">
<Loc File="E:\EA4NewTemplate\CF052A_FordSysSt_Impl\src\FordSysSt.c" Line="939" Column="29">
</Loc>
<Message>
Minimisation of run-time failures.
</Message>
</Rule>

<Rule Name="21.1" Mode="required" Report="warning" Id="12">
<Loc File="E:\EA4NewTemplate\CF052A_FordSysSt_Impl\src\FordSysSt.c" Line="949" Column="11">
</Loc>
<Message>
Minimisation of run-time failures.
</Message>
</Rule>

<Rule Name="21.1" Mode="required" Report="warning" Id="13">
<Loc File="E:\EA4NewTemplate\CF052A_FordSysSt_Impl\src\FordSysSt.c" Line="950" Column="11">
</Loc>
<Message>
Minimisation of run-time failures.
</Message>
</Rule>

<Rule Name="9.1" Mode="required" Report="warning" Id="14">
<Loc File="E:\EA4NewTemplate\CF052A_FordSysSt_Impl\src\FordSysSt.c" Line="979" Column="18">
</Loc>
<Message>
All automatic variables shall have been assigned a value before being used.
</Message>
</Rule>

<Rule Name="9.1" Mode="required" Report="warning" Id="15">
<Loc File="E:\EA4NewTemplate\CF052A_FordSysSt_Impl\src\FordSysSt.c" Line="983" Column="16">
</Loc>
<Message>
All automatic variables shall have been assigned a value before being used.
</Message>
</Rule>

<Rule Name="9.1" Mode="required" Report="warning" Id="16">
<Loc File="E:\EA4NewTemplate\CF052A_FordSysSt_Impl\src\FordSysSt.c" Line="997" Column="17">
</Loc>
<Message>
All automatic variables shall have been assigned a value before being used.
</Message>
</Rule>

<Rule Name="9.1" Mode="required" Report="warning" Id="17">
<Loc File="E:\EA4NewTemplate\CF052A_FordSysSt_Impl\src\FordSysSt.c" Line="999" Column="17">
</Loc>
<Message>
All automatic variables shall have been assigned a value before being used.
</Message>
</Rule>

<Rule Name="9.1" Mode="required" Report="warning" Id="18">
<Loc File="E:\EA4NewTemplate\CF052A_FordSysSt_Impl\src\FordSysSt.c" Line="1008" Column="12">
</Loc>
<Message>
All automatic variables shall have been assigned a value before being used.
</Message>
</Rule>

<Rule Name="9.1" Mode="required" Report="warning" Id="19">
<Loc File="E:\EA4NewTemplate\CF052A_FordSysSt_Impl\src\FordSysSt.c" Line="1009" Column="11">
</Loc>
<Message>
All automatic variables shall have been assigned a value before being used.
</Message>
</Rule>

<Rule Name="9.1" Mode="required" Report="warning" Id="20">
<Loc File="E:\EA4NewTemplate\CF052A_FordSysSt_Impl\src\FordSysSt.c" Line="1064" Column="43">
</Loc>
<Message>
All automatic variables shall have been assigned a value before being used.
</Message>
</Rule>

<Rule Name="9.1" Mode="required" Report="warning" Id="21">
<Loc File="E:\EA4NewTemplate\CF052A_FordSysSt_Impl\src\FordSysSt.c" Line="1086" Column="43">
</Loc>
<Message>
All automatic variables shall have been assigned a value before being used.
</Message>
</Rule>

<Rule Name="9.1" Mode="required" Report="warning" Id="22">
<Loc File="E:\EA4NewTemplate\CF052A_FordSysSt_Impl\src\FordSysSt.c" Line="1108" Column="43">
</Loc>
<Message>
All automatic variables shall have been assigned a value before being used.
</Message>
</Rule>

<Rule Name="9.1" Mode="required" Report="warning" Id="23">
<Loc File="E:\EA4NewTemplate\CF052A_FordSysSt_Impl\src\FordSysSt.c" Line="1126" Column="43">
</Loc>
<Message>
All automatic variables shall have been assigned a value before being used.
</Message>
</Rule>

<Rule Name="9.1" Mode="required" Report="warning" Id="24">
<Loc File="E:\EA4NewTemplate\CF052A_FordSysSt_Impl\src\FordSysSt.c" Line="1150" Column="31">
</Loc>
<Message>
All automatic variables shall have been assigned a value before being used.
</Message>
</Rule>

<Rule Name="9.1" Mode="required" Report="warning" Id="25">
<Loc File="E:\EA4NewTemplate\CF052A_FordSysSt_Impl\src\FordSysSt.c" Line="1167" Column="39">
</Loc>
<Message>
All automatic variables shall have been assigned a value before being used.
</Message>
</Rule>

</CodeStruct>

</MISRA-C-Report>
