<?xml version="1.0" encoding="UTF-8"?>
<Navig version="1.0">
<Files>
<F id="1" n="C:\Program Files\MATLAB\R2013b\polyspace\verifier\cxx\cinclude\stdarg.h"/>
<F id="2" n="C:\Users\czgng4\Desktop\MotCtrlMgr\AR201A_ArCplrSuprt_Impl\include\ASR4.0.3\Platform_Types.h"/>
<F id="3" n="C:\Users\czgng4\Desktop\MotCtrlMgr\AR200A_ArSuprt_Impl\include\ASR4.0.3\Std_Types.h"/>
<F id="4" n="C:\Users\czgng4\Desktop\MotCtrlMgr\AR300A_MotCtrlMgr_Impl\tools\local\generate\Rte_Type.h"/>
<F id="5" n="C:\Users\czgng4\Desktop\MotCtrlMgr\AR300A_MotCtrlMgr_Impl\tools\local\generate\Rte_CDD_MotCtrlMgr.h"/>
<F id="6" n="C:\Users\czgng4\Desktop\MotCtrlMgr\AR300A_MotCtrlMgr_Impl\tools\local\generate\CDD_MotCtrlMgr_Data.h"/>
<F id="7" n="C:\Users\czgng4\Desktop\MotCtrlMgr\AR300A_MotCtrlMgr_Impl\tools\local\generate\Rte_Stubs.h"/>
<F id="8" n="C:\Users\czgng4\Desktop\MotCtrlMgr\AR300A_MotCtrlMgr_Impl\tools\local\generate\CDD_MotCtrlMgr.c"/>
<F id="9" n="C:\Users\czgng4\Desktop\MotCtrlMgr\AR300A_MotCtrlMgr_Impl\tools\local\generate\CDD_MotCtrlMgr_Data.c"/>
<F id="10" n="C:\Users\czgng4\Desktop\MotCtrlMgr\AR300A_MotCtrlMgr_Impl\tools\local\include\MotCtrlRunnable.h"/>
<F id="11" n="C:\Users\czgng4\Desktop\MotCtrlMgr\AR300A_MotCtrlMgr_Impl\tools\local\generate\CDD_MotCtrlMgr_Irq.c"/>
<F id="12" n="C:\Users\czgng4\Desktop\MotCtrlMgr\AR300A_MotCtrlMgr_Impl\tools\local\generate\Rte_Stubs.c"/>
<F id="13" n="C-STUBS\__polyspace__stdstubs.c"/>
<F id="14" n="C:\Users\czgng4\Desktop\MotCtrlMgr\AR300A_MotCtrlMgr_Impl\tools\Polyspace\~CodeProver\C-ALL\C-STUBS\pst_stub_types.h"/>
<F id="15" n="C-STUBS\pst_stubs_1.c"/>
<F id="16" n="C-STUBS\pst_stubs_0.c"/>
<F id="17" n="C-STUBS\__polyspace_main.c"/>
<F id="18" n="C:\Program Files\MATLAB\R2013b\polyspace\verifier\cxx\include\include-libc\float.h"/>
<F id="19" n="C:\Users\czgng4\Desktop\MotCtrlMgr\AR300A_MotCtrlMgr_Impl\include\CDD_MotCtrlMgr_Irq.h"/>
<F id="20" n="C:\Program Files\MATLAB\R2013b\polyspace\verifier\cxx\cinclude\__polyspace__std_decls.h"/>
<F id="21" n="C:\Program Files\MATLAB\R2013b\polyspace\verifier\cxx\cinclude\assert.h"/>
<F id="22" n="C:\Program Files\MATLAB\R2013b\polyspace\verifier\cxx\cinclude\__polyspace__libc_defs.h"/>
<F id="23" n="C:\Users\czgng4\Desktop\MotCtrlMgr\AR300A_MotCtrlMgr_Impl\tools\local\generate\Rte_CDD_MotCtrlMgr_Type.h"/>
<F id="24" n="C:\Users\czgng4\Desktop\MotCtrlMgr\AR300A_MotCtrlMgr_Impl\tools\local\generate\Rte.h"/>
<F id="25" n="C:\Users\czgng4\Desktop\MotCtrlMgr\AR201A_ArCplrSuprt_Impl\include\ASR4.0.3\Compiler.h"/>
<F id="26" n="C:\Users\czgng4\Desktop\MotCtrlMgr\AR201A_ArCplrSuprt_Impl\tools\contract\Compiler_Cfg.h"/>
<F id="27" n="C:\Users\czgng4\Desktop\MotCtrlMgr\AR201A_ArCplrSuprt_Impl\tools\contract\Renesas_Compiler.h"/>
<F id="28" n="C:\Users\czgng4\Desktop\MotCtrlMgr\AR300A_MotCtrlMgr_Impl\tools\local\generate\Rte_DataHandleType.h"/>
<F id="29" n="C:\Users\czgng4\Desktop\MotCtrlMgr\AR200A_ArSuprt_Impl\tools\contract\MemMap.h"/>
<F id="30" n="C:\Users\czgng4\Desktop\MotCtrlMgr\AR300A_MotCtrlMgr_Impl\tools\local\generate\CDD_MotCtrlMgr_MemMap.h"/>
<F id="31" n="C:\Users\czgng4\Desktop\MotCtrlMgr\AR300A_MotCtrlMgr_Impl\include\MotCtrlMgr_MemMap.h"/>
</Files>
<Definitions>
<D id="1" f="16" l="200" c="30" n="real_random_for_return" t="4" d="1"/>
<D id="2" f="14" l="200" c="31" n="__PST__g__85" t="7" d="1"/>
<D id="3" f="16" l="120" c="30" n="real_random_for_return" t="4" d="1"/>
<D id="4" f="16" l="201" c="21" n="random_for_return" t="4" d="1"/>
<D id="5" f="14" l="124" c="19" n="MotCtrlReadMotCtrlWriteNonef32" t="9" d="1"/>
<D id="6" f="13" l="131" c="21" n="wchar_t" t="7" d="1"/>
<D id="7" f="16" l="121" c="21" n="random_for_return" t="4" d="1"/>
<D id="8" f="16" l="140" c="30" n="real_random_for_return" t="4" d="1"/>
<D id="9" f="14" l="114" c="21" n="__PST__g__31" t="7" d="1"/>
<D id="10" f="16" l="141" c="21" n="random_for_return" t="4" d="1"/>
<D id="11" f="15" l="103" c="13" n="_main_gen_init_g2" t="2" d="1"/>
<D id="12" f="14" l="160" c="21" n="__PST__g__39" t="7" d="1"/>
<D id="13" f="15" l="204" c="12" n="_main_gen_init_sym_MotCtrlMgr_Srv_DmaWaitForMotCtrlTo2MilliSecTrf_Return" t="5" d="1"/>
<D id="14" f="16" l="103" c="13" n="Rte_Read_CDD_MotCtrlMgr_Signal5_Logl" t="2" d="1"/>
<D id="15" f="16" l="213" c="12" n="MotCtrlReadRunPer1" t="2" d="1"/>
<D id="16" f="14" l="113" c="22" n="__PST__g__30" t="7" d="1"/>
<D id="17" f="15" l="114" c="12" n="_main_gen_init_sym_MotCtrlMgr_Ip_ReadMotCtrlWriteTwoMsf32" t="5" d="1"/>
<D id="18" f="16" l="160" c="30" n="real_random_for_return" t="4" d="1"/>
<D id="19" f="14" l="127" c="19" n="MotCtrlReadNoneWriteMotCtrlf32" t="9" d="1"/>
<D id="20" f="14" l="112" c="23" n="__PST__g__29" t="7" d="1"/>
<D id="21" f="14" l="115" c="21" n="__PST__g__32" t="7" d="1"/>
<D id="22" f="14" l="181" c="29" n="__PST__g__61" t="7" d="1"/>
<D id="23" f="15" l="124" c="12" n="_main_gen_init_sym_MotCtrlMgr_Ip_ReadMotCtrlWriteTwoMsu32" t="5" d="1"/>
<D id="24" f="16" l="161" c="21" n="random_for_return" t="4" d="1"/>
<D id="25" f="14" l="119" c="19" n="MotCtrlReadMotCtrlWriteMotCtrlf32" t="9" d="1"/>
<D id="26" f="14" l="162" c="21" n="__PST__g__41" t="7" d="1"/>
<D id="27" f="15" l="134" c="12" n="_main_gen_init_sym_MotCtrlMgr_Ip_ReadMotCtrlWriteTwoMss32" t="5" d="1"/>
<D id="28" f="16" l="180" c="30" n="real_random_for_return" t="4" d="1"/>
<D id="29" f="13" l="520" c="14" n="_polyspace_random_char" t="5" d="1"/>
<D id="30" f="13" l="126" c="21" n="size_t" t="7" d="1"/>
<D id="31" f="14" l="161" c="22" n="__PST__g__42" t="7" d="1"/>
<D id="32" f="16" l="133" c="13" n="Rte_Write_CDD_MotCtrlMgr_Signal2_Val" t="2" d="1"/>
<D id="33" f="15" l="144" c="12" n="_main_gen_init_sym_MotCtrlMgr_Ip_ReadMotCtrlWriteTwoMsu16" t="5" d="1"/>
<D id="34" f="14" l="163" c="21" n="__PST__g__43" t="7" d="1"/>
<D id="35" f="14" l="180" c="22" n="__PST__g__60" t="7" d="1"/>
<D id="36" f="16" l="181" c="21" n="random_for_return" t="4" d="1"/>
<D id="37" f="14" l="110" c="17" n="__pst_unused_field_12" t="9" d="1"/>
<D id="38" f="14" l="101" c="17" n="MotCtrlReadMotCtrlWriteTwoMss32Ary" t="9" d="1"/>
<D id="39" f="15" l="154" c="12" n="_main_gen_init_sym_MotCtrlMgr_Ip_ReadMotCtrlWriteTwoMss16" t="5" d="1"/>
<D id="40" f="14" l="170" c="23" n="__PST__g__50" t="7" d="1"/>
<D id="41" f="14" l="190" c="22" n="__PST__g__70" t="7" d="1"/>
<D id="42" f="14" l="100" c="18" n="MotCtrlReadMotCtrlWriteTwoMss32" t="9" d="1"/>
<D id="43" f="14" l="175" c="29" n="__PST__g__55" t="7" d="1"/>
<D id="44" f="14" l="120" c="17" n="MotCtrlReadMotCtrlWriteMotCtrlf32Ary" t="9" d="1"/>
<D id="45" f="16" l="153" c="13" n="Rte_Write_CDD_MotCtrlMgr_Signal4_Val" t="2" d="1"/>
<D id="46" f="15" l="164" c="12" n="_main_gen_init_sym_MotCtrlMgr_Ip_ReadMotCtrlWriteTwoMsu08" t="5" d="1"/>
<D id="47" f="13" l="128" c="12" n="ptrdiff_t" t="7" d="1"/>
<D id="48" f="14" l="154" c="22" n="__PST__g__34" t="7" d="1"/>
<D id="49" f="14" l="191" c="22" n="__PST__g__71" t="7" d="1"/>
<D id="50" f="14" l="185" c="29" n="__PST__g__65" t="7" d="1"/>
<D id="51" f="16" l="227" c="12" n="MotCtrlWriteRunPer1" t="2" d="1"/>
<D id="52" f="14" l="153" c="23" n="__PST__g__33" t="7" d="1"/>
<D id="53" f="14" l="182" c="22" n="__PST__g__62" t="7" d="1"/>
<D id="54" f="15" l="174" c="12" n="_main_gen_init_sym_MotCtrlMgr_Ip_ReadMotCtrlWriteTwoMss08" t="5" d="1"/>
<D id="55" f="14" l="158" c="20" n="__PST__g__38" t="7" d="1"/>
<D id="56" f="13" l="530" c="34" n="random" t="4" d="1"/>
<D id="57" f="14" l="172" c="23" n="__PST__g__52" t="7" d="1"/>
<D id="58" f="14" l="140" c="17" n="MotCtrlReadMotCtrlWriteMotCtrls08" t="9" d="1"/>
<D id="59" f="14" l="157" c="30" n="__PST__g__36" t="7" d="1"/>
<D id="60" f="14" l="166" c="21" n="__PST__g__44" t="7" d="1"/>
<D id="61" f="14" l="192" c="22" n="__PST__g__72" t="7" d="1"/>
<D id="62" f="16" l="173" c="13" n="Rte_Write_CDD_MotCtrlMgr_WriteMotCtrlReadMotCtrlReadTwoMsu16Ary_Ary1D" t="2" d="1"/>
<D id="63" f="14" l="102" c="18" n="MotCtrlReadMotCtrlWriteTwoMsu32" t="9" d="1"/>
<D id="64" f="14" l="183" c="22" n="__PST__g__63" t="7" d="1"/>
<D id="65" f="15" l="184" c="12" n="_main_gen_init_sym_MotCtrlMgr_Ip_ReadMotCtrlWriteTwoMsbool" t="5" d="1"/>
<D id="66" f="14" l="171" c="24" n="__PST__g__51" t="7" d="1"/>
<D id="67" f="14" l="174" c="22" n="__PST__g__54" t="7" d="1"/>
<D id="68" f="15" l="206" c="24" n="MotCtrlMgr_Srv_DmaWaitForMotCtrlTo2MilliSecTrf_Return" t="1" d="0"/>
<D id="69" f="14" l="165" c="22" n="__PST__g__45" t="7" d="1"/>
<D id="70" f="13" l="552" c="23" n="_polyspace_random_ulong" t="5" d="1"/>
<D id="71" f="14" l="130" c="18" n="MotCtrlReadMotCtrlWriteMotCtrls16" t="9" d="1"/>
<D id="72" f="14" l="156" c="22" n="__PST__g__37" t="7" d="1"/>
<D id="73" f="14" l="121" c="18" n="MotCtrlReadMotCtrlWriteMotCtrls32" t="9" d="1"/>
<D id="74" f="14" l="150" c="17" n="MotCtrlReadNoneWriteMotCtrlu08Ary" t="9" d="1"/>
<D id="75" f="14" l="173" c="23" n="__PST__g__53" t="7" d="1"/>
<D id="76" f="16" l="103" c="63" n="P_0" t="4" d="1"/>
<D id="77" f="14" l="141" c="17" n="MotCtrlReadMotCtrlWriteMotCtrls08Ary" t="9" d="1"/>
<D id="78" f="14" l="155" c="32" n="__PST__g__35" t="7" d="1"/>
<D id="79" f="14" l="193" c="22" n="__PST__g__73" t="7" d="1"/>
<D id="80" f="14" l="187" c="29" n="__PST__g__67" t="7" d="1"/>
<D id="81" f="15" l="194" c="12" n="_main_gen_init_sym_MotCtrlMgr_Ip_ReadMotCtrlWriteTwoMsEnum" t="5" d="1"/>
<D id="82" f="13" l="522" c="25" n="random" t="4" d="1"/>
<D id="83" f="14" l="103" c="18" n="MotCtrlReadMotCtrlWriteTwoMss16" t="9" d="1"/>
<D id="84" f="14" l="184" c="22" n="__PST__g__64" t="7" d="1"/>
<D id="85" f="14" l="195" c="21" n="__PST__g__80" t="7" d="1"/>
<D id="86" f="13" l="536" c="13" n="_polyspace_random_int" t="5" d="1"/>
<D id="87" f="14" l="105" c="17" n="MotCtrlReadMotCtrlWriteTwoMsbool" t="9" d="1"/>
<D id="88" f="14" l="131" c="18" n="MotCtrlReadMotCtrlWriteMotCtrlu16" t="9" d="1"/>
<D id="89" f="16" l="193" c="13" n="Rte_Write_CDD_MotCtrlMgr_WriteMotCtrlReadTwoMsu32Ary_Ary1D" t="2" d="1"/>
<D id="90" f="14" l="122" c="18" n="MotCtrlReadMotCtrlWriteMotCtrlu32" t="9" d="1"/>
<D id="91" f="14" l="151" c="17" n="__pst_unused_field_33" t="9" d="1"/>
<D id="92" f="14" l="194" c="31" n="__PST__g__74" t="7" d="1"/>
<D id="93" f="13" l="544" c="14" n="_polyspace_random_long" t="5" d="1"/>
<D id="94" f="14" l="142" c="17" n="MotCtrlReadMotCtrlWriteMotCtrlu08" t="9" d="1"/>
<D id="95" f="15" l="105" c="17" n="x" t="4" d="1"/>
<D id="96" f="14" l="188" c="29" n="__PST__g__68" t="7" d="1"/>
<D id="97" f="14" l="104" c="18" n="MotCtrlReadMotCtrlWriteTwoMsu16" t="9" d="1"/>
<D id="98" f="14" l="133" c="17" n="MotCtrlReadMotCtrlWriteNones16Ary" t="9" d="1"/>
<D id="99" f="14" l="176" c="22" n="__PST__g__56" t="7" d="1"/>
<D id="100" f="14" l="196" c="30" n="__PST__g__81" t="7" d="1"/>
<D id="101" f="14" l="106" c="17" n="MotCtrlReadMotCtrlWriteTwoMss08" t="9" d="1"/>
<D id="102" f="14" l="132" c="18" n="MotCtrlReadMotCtrlWriteNones16" t="9" d="1"/>
<D id="103" f="14" l="123" c="18" n="MotCtrlReadMotCtrlWriteNoneEnum" t="9" d="1"/>
<D id="104" f="14" l="143" c="17" n="MotCtrlReadMotCtrlWriteNonebool" t="9" d="1"/>
<D id="105" f="15" l="126" c="25" n="MotCtrlMgr_Ip_ReadMotCtrlWriteTwoMsu32" t="1" d="0"/>
<D id="106" f="14" l="169" c="21" n="__PST__g__47" t="7" d="1"/>
<D id="107" f="14" l="186" c="22" n="__PST__g__66" t="7" d="1"/>
<D id="108" f="14" l="177" c="22" n="__PST__g__57" t="7" d="1"/>
<D id="109" f="14" l="197" c="30" n="__PST__g__82" t="7" d="1"/>
<D id="110" f="16" l="133" c="63" n="P_0" t="4" d="1"/>
<D id="111" f="14" l="168" c="22" n="__PST__g__48" t="7" d="1"/>
<D id="112" f="13" l="3606" c="4" n="__polyspace_nb_varargs" t="1" d="1"/>
<D id="113" f="14" l="107" c="17" n="MotCtrlReadMotCtrlWriteTwoMsu08" t="9" d="1"/>
<D id="114" f="15" l="116" c="26" n="MotCtrlMgr_Ip_ReadMotCtrlWriteTwoMsf32" t="1" d="0"/>
<D id="115" f="15" l="136" c="25" n="MotCtrlMgr_Ip_ReadMotCtrlWriteTwoMss32" t="1" d="0"/>
<D id="116" f="14" l="144" c="17" n="MotCtrlReadMotCtrlWriteNones08" t="9" d="1"/>
<D id="117" f="13" l="528" c="23" n="_polyspace_random_uchar" t="5" d="1"/>
<D id="118" f="14" l="178" c="22" n="__PST__g__58" t="7" d="1"/>
<D id="119" f="14" l="108" c="17" n="__pst_unused_field_10" t="9" d="1"/>
<D id="120" f="14" l="134" c="18" n="MotCtrlReadMotCtrlWriteNoneu16" t="9" d="1"/>
<D id="121" f="15" l="146" c="25" n="MotCtrlMgr_Ip_ReadMotCtrlWriteTwoMsu16" t="1" d="0"/>
<D id="122" f="14" l="125" c="18" n="MotCtrlReadMotCtrlWriteNones32" t="9" d="1"/>
<D id="123" f="15" l="166" c="24" n="MotCtrlMgr_Ip_ReadMotCtrlWriteTwoMsu08" t="1" d="0"/>
<D id="124" f="14" l="145" c="17" n="MotCtrlReadMotCtrlWriteNoneu08" t="9" d="1"/>
<D id="125" f="16" l="153" c="63" n="P_0" t="4" d="1"/>
<D id="126" f="14" l="159" c="23" n="__PST__g__40" t="7" d="1"/>
<D id="127" f="14" l="179" c="22" n="__PST__g__59" t="7" d="1"/>
<D id="128" f="13" l="554" c="34" n="random" t="4" d="1"/>
<D id="129" f="14" l="118" c="17" n="MotCtrlAdc0RawRes" t="9" d="1"/>
<D id="130" f="15" l="156" c="25" n="MotCtrlMgr_Ip_ReadMotCtrlWriteTwoMss16" t="1" d="0"/>
<D id="131" f="14" l="109" c="17" n="__pst_unused_field_11" t="9" d="1"/>
<D id="132" f="14" l="135" c="18" n="MotCtrlReadNoneWriteMotCtrls16" t="9" d="1"/>
<D id="133" f="15" l="176" c="24" n="MotCtrlMgr_Ip_ReadMotCtrlWriteTwoMss08" t="1" d="0"/>
<D id="134" f="14" l="126" c="18" n="MotCtrlReadMotCtrlWriteNoneu32" t="9" d="1"/>
<D id="135" f="14" l="146" c="17" n="MotCtrlReadNoneWriteMotCtrlEnum" t="9" d="1"/>
<D id="136" f="14" l="198" c="22" n="__PST__g__83" t="7" d="1"/>
<D id="137" f="14" l="189" c="22" n="__PST__g__69" t="7" d="1"/>
<D id="138" f="13" l="561" c="27" n="random" t="4" d="1"/>
<D id="139" f="13" l="538" c="24" n="random" t="4" d="1"/>
<D id="140" f="15" l="186" c="24" n="MotCtrlMgr_Ip_ReadMotCtrlWriteTwoMsbool" t="1" d="0"/>
<D id="141" f="14" l="136" c="18" n="MotCtrlReadNoneWriteMotCtrlu16" t="9" d="1"/>
<D id="142" f="13" l="546" c="25" n="random" t="4" d="1"/>
<D id="143" f="13" l="3605" c="7" n="__polyspace_vararg" t="1" d="1"/>
<D id="144" f="14" l="147" c="17" n="MotCtrlReadNoneWriteMotCtrlbool" t="9" d="1"/>
<D id="145" f="14" l="199" c="22" n="__PST__g__84" t="7" d="1"/>
<D id="146" f="14" l="138" c="17" n="MotCtrlReadMotCtrlWriteMotCtrlEnum" t="9" d="1"/>
<D id="147" f="14" l="137" c="18" n="MotCtrlSignal1" t="9" d="1"/>
<D id="148" f="14" l="128" c="18" n="MotCtrlReadNoneWriteMotCtrls32" t="9" d="1"/>
<D id="149" f="14" l="148" c="17" n="MotCtrlReadNoneWriteMotCtrls08" t="9" d="1"/>
<D id="150" f="14" l="139" c="17" n="MotCtrlReadMotCtrlWriteMotCtrlbool" t="9" d="1"/>
<D id="151" f="14" l="164" c="28" n="__PST__g__46" t="7" d="1"/>
<D id="152" f="14" l="129" c="18" n="MotCtrlReadNoneWriteMotCtrlu32" t="9" d="1"/>
<D id="153" f="15" l="196" c="25" n="MotCtrlMgr_Ip_ReadMotCtrlWriteTwoMsEnum" t="1" d="0"/>
<D id="154" f="14" l="149" c="17" n="MotCtrlReadNoneWriteMotCtrlu08" t="9" d="1"/>
<D id="155" f="13" l="559" c="16" n="_polyspace_random_double" t="5" d="1"/>
<D id="156" f="14" l="167" c="28" n="__PST__g__49" t="7" d="1"/>
<D id="157" f="16" l="193" c="85" n="P_0" t="4" d="1"/>
<D id="158" f="16" l="173" c="96" n="P_0" t="4" d="1"/>
<D id="159" f="13" l="6951" c="14" n="_polyspace_compare_function_type" t="7" d="1"/>
<D id="160" f="5" l="50" c="7" n="Rte_CDS_CDD_MotCtrlMgr" t="6" d="1"/>
<D id="161" f="5" l="53" c="8" n="_dummy" t="9" d="1"/>
<D id="162" f="8" l="57" c="5" n="MotCtrlMgrPer1" t="2" d="1"/>
<D id="163" f="8" l="98" c="5" n="MotCtrlMgrPer2" t="2" d="1"/>
<D id="164" f="13" l="11411" c="21" n="HUGE_VAL" t="1" d="1"/>
<D id="165" f="13" l="11412" c="21" n="HUGE_VALF" t="1" d="1"/>
<D id="166" f="13" l="11413" c="21" n="HUGE_VALL" t="1" d="1"/>
<D id="167" f="13" l="11393" c="12" n="_polyspace_random_long_double" t="2" d="1"/>
<D id="168" f="13" l="12255" c="16" n="__polyspace_absolute_address" t="1" d="1"/>
<D id="169" f="13" l="11395" c="23" n="random" t="4" d="1"/>
<D id="170" f="6" l="112" c="1" n="MotCtrlToTwoMilliSecRec1" t="7" d="1"/>
<D id="171" f="14" l="3" c="20" n="__PST__SINT8" t="7" d="1"/>
<D id="172" f="14" l="5" c="19" n="__PST__SINT32" t="7" d="1"/>
<D id="173" f="7" l="50" c="20" n="MotCtrlMgr_Op_WriteMotCtrlReadMotCtrlReadTwoMsEnum" t="1" d="0"/>
<D id="174" f="6" l="141" c="1" n="TwoMilliSecFromMotCtrlRec1" t="7" d="1"/>
<D id="175" f="6" l="213" c="1" n="MotCtrlIntRec1" t="7" d="1"/>
<D id="176" f="14" l="1" c="13" n="__PST__CHAR" t="7" d="1"/>
<D id="177" f="6" l="90" c="19" n="MotCtrlWriteMotCtrlReadMotCtrlReadTwoMsu32" t="9" d="1"/>
<D id="178" f="7" l="51" c="20" n="MotCtrlMgr_Op_WriteMotCtrlReadTwoMsEnum" t="1" d="0"/>
<D id="179" f="3" l="141" c="2" n="Std_VersionInfoType" t="7" d="1"/>
<D id="180" f="14" l="2" c="13" n="__PST__VOID" t="7" d="1"/>
<D id="181" f="14" l="4" c="21" n="__PST__SINT16" t="7" d="1"/>
<D id="182" f="6" l="92" c="19" n="MotCtrlWriteMotCtrlReadTwoMss32" t="9" d="1"/>
<D id="183" f="7" l="20" c="14" n="MotCtrlMgr_Ip_ReadMotCtrlWriteTwoMsu32" t="1" d="0"/>
<D id="184" f="6" l="91" c="20" n="MotCtrlWriteMotCtrlReadTwoMsf32" t="9" d="1"/>
<D id="185" f="6" l="93" c="19" n="MotCtrlWriteMotCtrlReadTwoMsu32" t="9" d="1"/>
<D id="186" f="7" l="21" c="14" n="MotCtrlMgr_Ip_ReadMotCtrlWriteTwoMss32" t="1" d="0"/>
<D id="187" f="6" l="42" c="22" n="TestEnum_u08" t="7" d="1"/>
<D id="188" f="12" l="31" c="5" n="Rte_Stub" t="2" d="1"/>
<D id="189" f="7" l="40" c="14" n="MotCtrlMgr_Op_WriteMotCtrlReadTwoMsu16" t="1" d="0"/>
<D id="190" f="6" l="94" c="19" n="MotCtrlWriteMotCtrlReadTwoMsu32Ary" t="9" d="1"/>
<D id="191" f="7" l="28" c="20" n="MotCtrlMgr_Ip_ReadMotCtrlWriteTwoMsEnum" t="1" d="0"/>
<D id="192" f="7" l="41" c="14" n="MotCtrlMgr_Op_WriteMotCtrlReadMotCtrlReadTwoMss16" t="1" d="0"/>
<D id="193" f="7" l="43" c="13" n="MotCtrlMgr_Op_WriteMotCtrlReadMotCtrlReadTwoMsu08" t="1" d="0"/>
<D id="194" f="7" l="23" c="14" n="MotCtrlMgr_Ip_ReadMotCtrlWriteTwoMsu16" t="1" d="0"/>
<D id="195" f="6" l="70" c="23" n="TestEnum_u32" t="7" d="1"/>
<D id="196" f="7" l="25" c="13" n="MotCtrlMgr_Ip_ReadMotCtrlWriteTwoMsu08" t="1" d="0"/>
<D id="197" f="14" l="7" c="22" n="__PST__UINT8" t="7" d="1"/>
<D id="198" f="4" l="41" c="15" n="Ary_u32" t="7" d="1"/>
<D id="199" f="7" l="31" c="15" n="MotCtrlMgr_Op_WriteMotCtrlReadMotCtrlReadTwoMsf32" t="1" d="0"/>
<D id="200" f="7" l="42" c="14" n="MotCtrlMgr_Op_WriteMotCtrlReadTwoMss16" t="1" d="0"/>
<D id="201" f="14" l="20" c="7" n="__PST__g__18" t="6" d="1"/>
<D id="202" f="14" l="9" c="21" n="__PST__UINT32" t="7" d="1"/>
<D id="203" f="6" l="96" c="19" n="MotCtrlWriteMotCtrlReadMotCtrlReadTwoMss16" t="9" d="1"/>
<D id="204" f="7" l="33" c="14" n="MotCtrlMgr_Op_WriteMotCtrlReadMotCtrlReadTwoMsu32" t="1" d="0"/>
<D id="205" f="7" l="44" c="13" n="MotCtrlMgr_Op_WriteMotCtrlReadTwoMsu08" t="1" d="0"/>
<D id="206" f="6" l="87" c="19" n="MotCtrlAdc1RawRes" t="9" d="1"/>
<D id="207" f="7" l="24" c="14" n="MotCtrlMgr_Ip_ReadMotCtrlWriteTwoMss16" t="1" d="0"/>
<D id="208" f="7" l="54" c="22" n="MotCtrlMgr_Srv_DmaWaitForMotCtrlTo2MilliSecTrf_Return" t="1" d="0"/>
<D id="209" f="7" l="26" c="13" n="MotCtrlMgr_Ip_ReadMotCtrlWriteTwoMss08" t="1" d="0"/>
<D id="210" f="11" l="43" c="5" n="MotCtrlMgrIrq" t="2" d="1"/>
<D id="211" f="7" l="32" c="15" n="MotCtrlMgr_Op_WriteMotCtrlReadTwoMsf32" t="1" d="0"/>
<D id="212" f="6" l="97" c="19" n="MotCtrlWriteMotCtrlReadMotCtrlReadTwoMsu16" t="9" d="1"/>
<D id="213" f="7" l="34" c="14" n="MotCtrlMgr_Op_WriteMotCtrlReadTwoMsu32" t="1" d="0"/>
<D id="214" f="7" l="45" c="13" n="MotCtrlMgr_Op_Signal3" t="1" d="0"/>
<D id="215" f="1" l="45" c="14" n="__va_list" t="7" d="1"/>
<D id="216" f="6" l="175" c="1" n="MotCtrlFromTwoMilliSecRec1" t="7" d="1"/>
<D id="217" f="6" l="98" c="19" n="MotCtrlWriteMotCtrlReadMotCtrlReadTwoMsu16Ary" t="9" d="1"/>
<D id="218" f="7" l="46" c="13" n="MotCtrlMgr_Op_WriteMotCtrlReadMotCtrlReadTwoMss08" t="1" d="0"/>
<D id="219" f="6" l="89" c="19" n="MotCtrlWriteMotCtrlReadMotCtrlReadTwoMss32" t="9" d="1"/>
<D id="220" f="17" l="42" c="5" n="main" t="2" d="1"/>
<D id="221" f="14" l="8" c="23" n="__PST__UINT16" t="7" d="1"/>
<D id="222" f="4" l="44" c="15" n="TestEnum_u16" t="7" d="1"/>
<D id="223" f="4" l="35" c="15" n="Ary_s32" t="7" d="1"/>
<D id="224" f="6" l="88" c="20" n="MotCtrlWriteMotCtrlReadMotCtrlReadTwoMsf32" t="9" d="1"/>
<D id="225" f="6" l="158" c="1" n="TwoMilliSecToMotCtrlRec1" t="7" d="1"/>
<D id="226" f="7" l="36" c="14" n="MotCtrlMgr_Op_WriteMotCtrlReadMotCtrlReadTwoMss32" t="1" d="0"/>
<D id="227" f="7" l="47" c="13" n="MotCtrlMgr_Op_WriteMotCtrlReadTwoMss08" t="1" d="0"/>
<D id="228" f="14" l="6" c="25" n="__PST__SINT64" t="7" d="1"/>
<D id="229" f="6" l="56" c="23" n="TestEnum_u16" t="7" d="1"/>
<D id="230" f="1" l="50" c="18" n="__gnuc_va_list" t="7" d="1"/>
<D id="231" f="7" l="37" c="14" n="MotCtrlMgr_Op_WriteMotCtrlReadTwoMss32" t="1" d="0"/>
<D id="232" f="9" l="34" c="25" n="MotCtrlMgr_MotCtrlToTwoMilliSec_Rec" t="1" d="1"/>
<D id="233" f="7" l="27" c="15" n="MotCtrlMgr_Ip_ReadMotCtrlWriteTwoMsbool" t="1" d="0"/>
<D id="234" f="7" l="38" c="14" n="MotCtrlMgr_Op_WriteMotCtrlReadMotCtrlReadTwoMsu16" t="1" d="0"/>
<D id="235" f="4" l="47" c="15" n="TestEnum_u32" t="7" d="1"/>
<D id="236" f="4" l="38" c="15" n="Ary_u16" t="7" d="1"/>
<D id="237" f="7" l="19" c="15" n="MotCtrlMgr_Ip_ReadMotCtrlWriteTwoMsf32" t="1" d="0"/>
<D id="238" f="9" l="70" c="27" n="MotCtrlMgr_TwoMilliSecFromMotCtrl_Rec" t="1" d="1"/>
<D id="239" f="7" l="48" c="15" n="MotCtrlMgr_Op_WriteMotCtrlReadMotCtrlReadTwoMsbool" t="1" d="0"/>
<D id="240" f="7" l="49" c="15" n="MotCtrlMgr_Op_WriteMotCtrlReadTwoMsbool" t="1" d="0"/>
<D id="241" f="5" l="64" c="45" n="Rte_Instance" t="7" d="1"/>
<D id="242" f="6" l="95" c="25" n="MotCtrlWriteMotCtrlReadMotCtrlReadTwoMsEnum" t="9" d="1"/>
<D id="243" f="1" l="49" c="18" n="va_list" t="7" d="1"/>
<D id="244" f="14" l="49" c="7" n="__PST__g__23" t="6" d="1"/>
<D id="245" f="6" l="99" c="25" n="MotCtrlWriteMotCtrlReadTwoMsEnum" t="9" d="1"/>
<D id="246" f="14" l="96" c="7" n="__PST__g__27" t="6" d="1"/>
<D id="247" f="14" l="79" c="7" n="__PST__g__24" t="6" d="1"/>
<D id="248" f="6" l="100" c="19" n="MotCtrlWriteMotCtrlReadTwoMss16" t="9" d="1"/>
<D id="249" f="6" l="101" c="19" n="MotCtrlWriteMotCtrlReadTwoMsu16" t="9" d="1"/>
<D id="250" f="6" l="200" c="20" n="MotCtrlReadMotCtrlWriteMotCtrlbool" t="9" d="1"/>
<D id="251" f="6" l="130" c="19" n="WriteMotCtrlReadTwoMsu16" t="9" d="1"/>
<D id="252" f="6" l="121" c="19" n="WriteMotCtrlReadTwoMss32" t="9" d="1"/>
<D id="253" f="3" l="140" c="10" n="sw_patch_version" t="9" d="1"/>
<D id="254" f="6" l="120" c="20" n="WriteMotCtrlReadTwoMsf32" t="9" d="1"/>
<D id="255" f="6" l="122" c="19" n="WriteMotCtrlReadTwoMsu32" t="9" d="1"/>
<D id="256" f="6" l="150" c="19" n="ReadMotCtrlWriteTwoMss16" t="9" d="1"/>
<D id="257" f="14" l="23" c="19" n="MotCtrlWriteMotCtrlReadMotCtrlReadTwoMsf32" t="9" d="1"/>
<D id="258" f="2" l="110" c="31" n="uint32" t="7" d="1"/>
<D id="259" f="6" l="123" c="19" n="WriteMotCtrlReadTwoMsu32Ary" t="9" d="1"/>
<D id="260" f="6" l="151" c="19" n="ReadMotCtrlWriteTwoMsu16" t="9" d="1"/>
<D id="261" f="15" l="30" c="30" n="pst_random_g_7" t="3" d="1"/>
<D id="262" f="14" l="12" c="21" n="__PST__g__11" t="7" d="1"/>
<D id="263" f="14" l="52" c="19" n="WriteMotCtrlReadMotCtrlReadTwoMsf32" t="9" d="1"/>
<D id="264" f="15" l="32" c="29" n="pst_random_g_6" t="3" d="1"/>
<D id="265" f="14" l="14" c="20" n="__PST__g__15" t="7" d="1"/>
<D id="266" f="6" l="204" c="20" n="MotCtrlReadMotCtrlWriteNonebool" t="9" d="1"/>
<D id="267" f="15" l="31" c="30" n="pst_random_g_3" t="3" d="1"/>
<D id="268" f="2" l="112" c="31" n="sint8_least" t="7" d="1"/>
<D id="269" f="6" l="105" c="20" n="MotCtrlWriteMotCtrlReadMotCtrlReadTwoMsbool" t="9" d="1"/>
<D id="270" f="6" l="125" c="19" n="WriteMotCtrlReadMotCtrlReadTwoMss16" t="9" d="1"/>
<D id="271" f="15" l="33" c="29" n="pst_random_g_2" t="3" d="1"/>
<D id="272" f="2" l="103" c="31" n="boolean" t="7" d="1"/>
<D id="273" f="6" l="116" c="19" n="Adc1RawRes" t="9" d="1"/>
<D id="274" f="14" l="26" c="19" n="MotCtrlWriteMotCtrlReadTwoMsf32" t="9" d="1"/>
<D id="275" f="6" l="190" c="19" n="MotCtrlReadNoneWriteMotCtrlu32" t="9" d="1"/>
<D id="276" f="2" l="113" c="31" n="uint8_least" t="7" d="1"/>
<D id="277" f="6" l="126" c="19" n="WriteMotCtrlReadMotCtrlReadTwoMsu16" t="9" d="1"/>
<D id="278" f="6" l="152" c="20" n="ReadMotCtrlWriteTwoMsbool" t="9" d="1"/>
<D id="279" f="14" l="11" c="14" n="__PST__FLOAT32" t="7" d="1"/>
<D id="280" f="14" l="82" c="19" n="ReadMotCtrlWriteTwoMsf32" t="9" d="1"/>
<D id="281" f="3" l="136" c="10" n="vendorID" t="9" d="1"/>
<D id="282" f="6" l="134" c="20" n="WriteMotCtrlReadMotCtrlReadTwoMsbool" t="9" d="1"/>
<D id="283" f="6" l="180" c="20" n="MotCtrlReadMotCtrlWriteMotCtrlf32" t="9" d="1"/>
<D id="284" f="15" l="25" c="20" n="pst_random_int" t="3" d="1"/>
<D id="285" f="6" l="191" c="19" n="MotCtrlReadMotCtrlWriteMotCtrls16" t="9" d="1"/>
<D id="286" f="6" l="182" c="19" n="MotCtrlReadMotCtrlWriteMotCtrls32" t="9" d="1"/>
<D id="287" f="16" l="25" c="20" n="pst_random_int" t="3" d="1"/>
<D id="288" f="14" l="15" c="21" n="__PST__g__16" t="7" d="1"/>
<D id="289" f="14" l="55" c="19" n="WriteMotCtrlReadTwoMsf32" t="9" d="1"/>
<D id="290" f="2" l="114" c="31" n="sint16_least" t="7" d="1"/>
<D id="291" f="6" l="127" c="19" n="WriteMotCtrlReadMotCtrlReadTwoMsu16Ary" t="9" d="1"/>
<D id="292" f="2" l="105" c="31" n="sint8" t="7" d="1"/>
<D id="293" f="6" l="118" c="19" n="WriteMotCtrlReadMotCtrlReadTwoMss32" t="9" d="1"/>
<D id="294" f="6" l="164" c="19" n="MotCtrlReadMotCtrlWriteTwoMss32" t="9" d="1"/>
<D id="295" f="17" l="25" c="20" n="pst_random_int" t="3" d="1"/>
<D id="296" f="3" l="137" c="10" n="moduleID" t="9" d="1"/>
<D id="297" f="6" l="181" c="20" n="MotCtrlReadMotCtrlWriteMotCtrlf32Ary" t="9" d="1"/>
<D id="298" f="6" l="172" c="20" n="MotCtrlSignal0" t="9" d="1"/>
<D id="299" f="6" l="192" c="19" n="MotCtrlReadMotCtrlWriteMotCtrlu16" t="9" d="1"/>
<D id="300" f="6" l="117" c="20" n="WriteMotCtrlReadMotCtrlReadTwoMsf32" t="9" d="1"/>
<D id="301" f="6" l="163" c="20" n="MotCtrlReadMotCtrlWriteTwoMsf32" t="9" d="1"/>
<D id="302" f="6" l="183" c="19" n="MotCtrlReadMotCtrlWriteMotCtrlu32" t="9" d="1"/>
<D id="303" f="2" l="115" c="31" n="uint16_least" t="7" d="1"/>
<D id="304" f="6" l="108" c="20" n="MotCtrlWriteMotCtrlReadTwoMsbool" t="9" d="1"/>
<D id="305" f="11" l="45" c="21" n="MotCtrlLoopCntr_Cnt_F_u8" t="4" d="1"/>
<D id="306" f="2" l="106" c="31" n="uint8" t="7" d="1"/>
<D id="307" f="6" l="119" c="19" n="WriteMotCtrlReadMotCtrlReadTwoMsu32" t="9" d="1"/>
<D id="308" f="6" l="165" c="19" n="MotCtrlReadMotCtrlWriteTwoMss32Ary" t="9" d="1"/>
<D id="309" f="15" l="220" c="5" n="_extern_init" t="2" d="1"/>
<D id="310" f="3" l="138" c="10" n="sw_major_version" t="9" d="1"/>
<D id="311" f="6" l="147" c="19" n="ReadMotCtrlWriteTwoMss32" t="9" d="1"/>
<D id="312" f="6" l="173" c="20" n="MotCtrlSignal5" t="9" d="1"/>
<D id="313" f="6" l="193" c="19" n="MotCtrlReadMotCtrlWriteNones16" t="9" d="1"/>
<D id="314" f="6" l="208" c="20" n="MotCtrlReadNoneWriteMotCtrlbool" t="9" d="1"/>
<D id="315" f="13" l="502" c="4" n="errno" t="1" d="1"/>
<D id="316" f="3" l="132" c="14" n="Std_ReturnType" t="7" d="1"/>
<D id="317" f="2" l="116" c="31" n="sint32_least" t="7" d="1"/>
<D id="318" f="6" l="129" c="19" n="WriteMotCtrlReadTwoMss16" t="9" d="1"/>
<D id="319" f="6" l="155" c="20" n="Signal0" t="9" d="1"/>
<D id="320" f="2" l="107" c="31" n="sint16" t="7" d="1"/>
<D id="321" f="3" l="125" c="22" n="StatusType" t="7" d="1"/>
<D id="322" f="6" l="146" c="20" n="ReadMotCtrlWriteTwoMsf32" t="9" d="1"/>
<D id="323" f="6" l="166" c="19" n="MotCtrlReadMotCtrlWriteTwoMsu32" t="9" d="1"/>
<D id="324" f="15" l="57" c="19" n="x" t="4" d="1"/>
<D id="325" f="3" l="139" c="10" n="sw_minor_version" t="9" d="1"/>
<D id="326" f="6" l="137" c="20" n="WriteMotCtrlReadTwoMsbool" t="9" d="1"/>
<D id="327" f="14" l="16" c="22" n="__PST__g__19" t="7" d="1"/>
<D id="328" f="6" l="148" c="19" n="ReadMotCtrlWriteTwoMss32Ary" t="9" d="1"/>
<D id="329" f="6" l="194" c="19" n="MotCtrlReadMotCtrlWriteNones16Ary" t="9" d="1"/>
<D id="330" f="16" l="28" c="29" n="pst_random_g_6" t="3" d="1"/>
<D id="331" f="14" l="13" c="15" n="__PST__FLOAT64" t="7" d="1"/>
<D id="332" f="12" l="23" c="15" n="Rte_Call_CDD_MotCtrlMgr_DmaWaitForMotCtrlTo2MilliSecTrf_Oper" t="2" d="1"/>
<D id="333" f="2" l="117" c="31" n="uint32_least" t="7" d="1"/>
<D id="334" f="6" l="156" c="20" n="Signal5" t="9" d="1"/>
<D id="335" f="2" l="108" c="31" n="uint16" t="7" d="1"/>
<D id="336" f="6" l="167" c="19" n="MotCtrlReadMotCtrlWriteTwoMss16" t="9" d="1"/>
<D id="337" f="16" l="27" c="30" n="pst_random_g_4" t="3" d="1"/>
<D id="338" f="16" l="64" c="30" n="real_random_for_return" t="4" d="1"/>
<D id="339" f="14" l="17" c="22" n="__PST__g__20" t="7" d="1"/>
<D id="340" f="6" l="149" c="19" n="ReadMotCtrlWriteTwoMsu32" t="9" d="1"/>
<D id="341" f="6" l="195" c="19" n="MotCtrlReadMotCtrlWriteNoneu16" t="9" d="1"/>
<D id="342" f="16" l="240" c="5" n="__PST__MAIN__ENTRY__POINT__" t="2" d="1"/>
<D id="343" f="2" l="127" c="31" n="sint64" t="7" d="1"/>
<D id="344" f="6" l="186" c="19" n="MotCtrlReadMotCtrlWriteNones32" t="9" d="1"/>
<D id="345" f="16" l="92" c="30" n="real_random_for_return" t="4" d="1"/>
<D id="346" f="14" l="19" c="21" n="__PST__g__86" t="7" d="1"/>
<D id="347" f="15" l="28" c="30" n="pst_random_g_8" t="3" d="1"/>
<D id="348" f="2" l="109" c="31" n="sint32" t="7" d="1"/>
<D id="349" f="6" l="168" c="19" n="MotCtrlReadMotCtrlWriteTwoMsu16" t="9" d="1"/>
<D id="350" f="6" l="185" c="20" n="MotCtrlReadMotCtrlWriteNonef32" t="9" d="1"/>
<D id="351" f="14" l="10" c="27" n="__PST__UINT64" t="7" d="1"/>
<D id="352" f="14" l="18" c="22" n="__PST__g__21" t="7" d="1"/>
<D id="353" f="15" l="27" c="31" n="pst_random_g_10" t="3" d="1"/>
<D id="354" f="15" l="71" c="14" n="_main_gen_init_g4" t="2" d="1"/>
<D id="355" f="6" l="196" c="19" n="MotCtrlReadNoneWriteMotCtrls16" t="9" d="1"/>
<D id="356" f="16" l="65" c="21" n="random_for_return" t="4" d="1"/>
<D id="357" f="2" l="128" c="31" n="uint64" t="7" d="1"/>
<D id="358" f="6" l="187" c="19" n="MotCtrlReadMotCtrlWriteNoneu32" t="9" d="1"/>
<D id="359" f="15" l="29" c="30" n="pst_random_g_4" t="3" d="1"/>
<D id="360" f="16" l="93" c="21" n="random_for_return" t="4" d="1"/>
<D id="361" f="9" l="151" c="15" n="MotCtrlMgr_MotCtrlInt_Rec" t="1" d="1"/>
<D id="362" f="6" l="110" c="18" n="MotCtrlWriteMotCtrlReadTwoMsu08" t="9" d="1"/>
<D id="363" f="14" l="48" c="21" n="__PST__g__22" t="7" d="1"/>
<D id="364" f="14" l="40" c="17" n="MotCtrlWriteMotCtrlReadMotCtrlReadTwoMsbool" t="9" d="1"/>
<D id="365" f="2" l="138" c="31" n="float32" t="7" d="1"/>
<D id="366" f="6" l="197" c="19" n="MotCtrlReadNoneWriteMotCtrlu16" t="9" d="1"/>
<D id="367" f="15" l="63" c="14" n="_main_gen_init_g8" t="2" d="1"/>
<D id="368" f="6" l="210" c="18" n="MotCtrlReadNoneWriteMotCtrlu08" t="9" d="1"/>
<D id="369" f="14" l="22" c="17" n="MotCtrlAdc1RawRes" t="9" d="1"/>
<D id="370" f="6" l="179" c="19" n="MotCtrlAdc0RawRes" t="9" d="1"/>
<D id="371" f="6" l="201" c="18" n="MotCtrlReadMotCtrlWriteMotCtrls08" t="9" d="1"/>
<D id="372" f="6" l="111" c="18" n="AlgnResd1" t="9" d="1"/>
<D id="373" f="14" l="30" c="18" n="MotCtrlWriteMotCtrlReadMotCtrlReadTwoMsEnum" t="9" d="1"/>
<D id="374" f="14" l="95" c="21" n="__PST__g__26" t="7" d="1"/>
<D id="375" f="6" l="102" c="18" n="MotCtrlSignal2" t="9" d="1"/>
<D id="376" f="14" l="41" c="17" n="MotCtrlWriteMotCtrlReadMotCtrlReadTwoMss08" t="9" d="1"/>
<D id="377" f="9" l="105" c="25" n="MotCtrlMgr_TwoMilliSecToMotCtrl_Rec" t="1" d="1"/>
<D id="378" f="2" l="139" c="31" n="float64" t="7" d="1"/>
<D id="379" f="6" l="124" c="25" n="WriteMotCtrlReadMotCtrlReadTwoMsEnum" t="9" d="1"/>
<D id="380" f="6" l="198" c="19" n="MotCtrlSignal1" t="9" d="1"/>
<D id="381" f="6" l="169" c="20" n="MotCtrlReadMotCtrlWriteTwoMsbool" t="9" d="1"/>
<D id="382" f="6" l="189" c="19" n="MotCtrlReadNoneWriteMotCtrls32" t="9" d="1"/>
<D id="383" f="6" l="211" c="18" n="MotCtrlReadNoneWriteMotCtrlu08Ary" t="9" d="1"/>
<D id="384" f="16" l="47" c="13" n="Rte_Read_CDD_MotCtrlMgr_ReadMotCtrlWriteTwoMss32Ary_Ary1D" t="2" d="1"/>
<D id="385" f="6" l="202" c="18" n="MotCtrlReadMotCtrlWriteMotCtrls08Ary" t="9" d="1"/>
<D id="386" f="14" l="99" c="19" n="MotCtrlReadMotCtrlWriteTwoMsf32" t="9" d="1"/>
<D id="387" f="12" l="18" c="15" n="Rte_Call_CDD_MotCtrlMgr_DmaEna2MilliSecToMotCtrlTrf_Oper" t="2" d="1"/>
<D id="388" f="16" l="75" c="13" n="Rte_Read_CDD_MotCtrlMgr_Signal0_Logl" t="2" d="1"/>
<D id="389" f="14" l="31" c="18" n="MotCtrlWriteMotCtrlReadMotCtrlReadTwoMss16" t="9" d="1"/>
<D id="390" f="14" l="51" c="17" n="Adc1RawRes" t="9" d="1"/>
<D id="391" f="6" l="103" c="18" n="MotCtrlSignal3" t="9" d="1"/>
<D id="392" f="6" l="188" c="20" n="MotCtrlReadNoneWriteMotCtrlf32" t="9" d="1"/>
<D id="393" f="14" l="42" c="17" n="MotCtrlWriteMotCtrlReadMotCtrlReadTwoMsu08" t="9" d="1"/>
<D id="394" f="6" l="140" c="18" n="AlgnResd2" t="9" d="1"/>
<D id="395" f="14" l="33" c="17" n="MotCtrlWriteMotCtrlReadMotCtrlReadTwoMsu16Ary" t="9" d="1"/>
<D id="396" f="14" l="78" c="21" n="__PST__g__87" t="7" d="1"/>
<D id="397" f="6" l="131" c="18" n="Signal2" t="9" d="1"/>
<D id="398" f="6" l="162" c="25" n="MotCtrlReadMotCtrlWriteTwoMsEnum" t="9" d="1"/>
<D id="399" f="6" l="212" c="18" n="AlgnResd5" t="9" d="1"/>
<D id="400" f="14" l="70" c="17" n="WriteMotCtrlReadMotCtrlReadTwoMss08" t="9" d="1"/>
<D id="401" f="6" l="203" c="18" n="MotCtrlReadMotCtrlWriteMotCtrlu08" t="9" d="1"/>
<D id="402" f="14" l="32" c="18" n="MotCtrlWriteMotCtrlReadMotCtrlReadTwoMsu16" t="9" d="1"/>
<D id="403" f="14" l="77" c="22" n="__PST__g__25" t="7" d="1"/>
<D id="404" f="6" l="104" c="18" n="MotCtrlSignal4" t="9" d="1"/>
<D id="405" f="14" l="43" c="17" n="MotCtrlWriteMotCtrlReadTwoMsbool" t="9" d="1"/>
<D id="406" f="15" l="55" c="15" n="_main_gen_init_g10" t="2" d="1"/>
<D id="407" f="15" l="95" c="13" n="_main_gen_init_g6" t="2" d="1"/>
<D id="408" f="6" l="207" c="25" n="MotCtrlReadNoneWriteMotCtrlEnum" t="9" d="1"/>
<D id="409" f="14" l="60" c="18" n="WriteMotCtrlReadMotCtrlReadTwoMss16" t="9" d="1"/>
<D id="410" f="6" l="132" c="18" n="Signal3" t="9" d="1"/>
<D id="411" f="14" l="71" c="17" n="WriteMotCtrlReadMotCtrlReadTwoMsu08" t="9" d="1"/>
<D id="412" f="14" l="62" c="17" n="WriteMotCtrlReadMotCtrlReadTwoMsu16Ary" t="9" d="1"/>
<D id="413" f="6" l="145" c="25" n="ReadMotCtrlWriteTwoMsEnum" t="9" d="1"/>
<D id="414" f="14" l="24" c="18" n="MotCtrlWriteMotCtrlReadMotCtrlReadTwoMss32" t="9" d="1"/>
<D id="415" f="14" l="116" c="7" n="__PST__g__28" t="6" d="1"/>
<D id="416" f="14" l="44" c="17" n="MotCtrlWriteMotCtrlReadTwoMss08" t="9" d="1"/>
<D id="417" f="14" l="90" c="17" n="ReadMotCtrlWriteTwoMsu08" t="9" d="1"/>
<D id="418" f="14" l="61" c="18" n="WriteMotCtrlReadMotCtrlReadTwoMsu16" t="9" d="1"/>
<D id="419" f="6" l="133" c="18" n="Signal4" t="9" d="1"/>
<D id="420" f="14" l="72" c="17" n="WriteMotCtrlReadTwoMsbool" t="9" d="1"/>
<D id="421" f="6" l="170" c="18" n="MotCtrlReadMotCtrlWriteTwoMss08" t="9" d="1"/>
<D id="422" f="6" l="205" c="18" n="MotCtrlReadMotCtrlWriteNones08" t="9" d="1"/>
<D id="423" f="14" l="34" c="18" n="MotCtrlWriteMotCtrlReadTwoMsEnum" t="9" d="1"/>
<D id="424" f="15" l="23" c="28" n="pst_random_char" t="3" d="1"/>
<D id="425" f="6" l="106" c="18" n="MotCtrlWriteMotCtrlReadMotCtrlReadTwoMss08" t="9" d="1"/>
<D id="426" f="14" l="25" c="18" n="MotCtrlWriteMotCtrlReadMotCtrlReadTwoMsu32" t="9" d="1"/>
<D id="427" f="14" l="45" c="17" n="MotCtrlWriteMotCtrlReadTwoMsu08" t="9" d="1"/>
<D id="428" f="14" l="91" c="17" n="Signal0" t="9" d="1"/>
<D id="429" f="6" l="128" c="25" n="WriteMotCtrlReadTwoMsEnum" t="9" d="1"/>
<D id="430" f="16" l="23" c="28" n="pst_random_char" t="3" d="1"/>
<D id="431" f="14" l="53" c="18" n="WriteMotCtrlReadMotCtrlReadTwoMss32" t="9" d="1"/>
<D id="432" f="14" l="73" c="17" n="WriteMotCtrlReadTwoMss08" t="9" d="1"/>
<D id="433" f="6" l="171" c="18" n="MotCtrlReadMotCtrlWriteTwoMsu08" t="9" d="1"/>
<D id="434" f="6" l="206" c="18" n="MotCtrlReadMotCtrlWriteNoneu08" t="9" d="1"/>
<D id="435" f="17" l="23" c="28" n="pst_random_char" t="3" d="1"/>
<D id="436" f="14" l="35" c="18" n="MotCtrlWriteMotCtrlReadTwoMss16" t="9" d="1"/>
<D id="437" f="14" l="81" c="18" n="ReadMotCtrlWriteTwoMsEnum" t="9" d="1"/>
<D id="438" f="15" l="87" c="14" n="_main_gen_init_g3" t="2" d="1"/>
<D id="439" f="6" l="107" c="18" n="MotCtrlWriteMotCtrlReadMotCtrlReadTwoMsu08" t="9" d="1"/>
<D id="440" f="6" l="153" c="18" n="ReadMotCtrlWriteTwoMss08" t="9" d="1"/>
<D id="441" f="6" l="184" c="25" n="MotCtrlReadMotCtrlWriteNoneEnum" t="9" d="1"/>
<D id="442" f="14" l="46" c="17" n="__pst_unused_field_24" t="9" d="1"/>
<D id="443" f="14" l="92" c="17" n="Signal5" t="9" d="1"/>
<D id="444" f="14" l="37" c="17" n="MotCtrlSignal2" t="9" d="1"/>
<D id="445" f="14" l="63" c="18" n="WriteMotCtrlReadTwoMsEnum" t="9" d="1"/>
<D id="446" f="15" l="81" c="18" n="x" t="4" d="1"/>
<D id="447" f="6" l="135" c="18" n="WriteMotCtrlReadMotCtrlReadTwoMss08" t="9" d="1"/>
<D id="448" f="14" l="54" c="18" n="WriteMotCtrlReadMotCtrlReadTwoMsu32" t="9" d="1"/>
<D id="449" f="14" l="74" c="17" n="WriteMotCtrlReadTwoMsu08" t="9" d="1"/>
<D id="450" f="14" l="36" c="18" n="MotCtrlWriteMotCtrlReadTwoMsu16" t="9" d="1"/>
<D id="451" f="6" l="154" c="18" n="ReadMotCtrlWriteTwoMsu08" t="9" d="1"/>
<D id="452" f="14" l="27" c="18" n="MotCtrlWriteMotCtrlReadTwoMss32" t="9" d="1"/>
<D id="453" f="14" l="93" c="17" n="__pst_unused_field_12" t="9" d="1"/>
<D id="454" f="15" l="79" c="14" n="_main_gen_init_g7" t="2" d="1"/>
<D id="455" f="14" l="38" c="17" n="MotCtrlSignal3" t="9" d="1"/>
<D id="456" f="14" l="64" c="18" n="WriteMotCtrlReadTwoMss16" t="9" d="1"/>
<D id="457" f="14" l="84" c="17" n="ReadMotCtrlWriteTwoMss32Ary" t="9" d="1"/>
<D id="458" f="6" l="136" c="18" n="WriteMotCtrlReadMotCtrlReadTwoMsu08" t="9" d="1"/>
<D id="459" f="14" l="29" c="17" n="MotCtrlWriteMotCtrlReadTwoMsu32Ary" t="9" d="1"/>
<D id="460" f="14" l="75" c="17" n="__pst_unused_field_24" t="9" d="1"/>
<D id="461" f="15" l="73" c="18" n="x" t="4" d="1"/>
<D id="462" f="14" l="66" c="17" n="Signal2" t="9" d="1"/>
<D id="463" f="14" l="83" c="18" n="ReadMotCtrlWriteTwoMss32" t="9" d="1"/>
<D id="464" f="6" l="109" c="18" n="MotCtrlWriteMotCtrlReadTwoMss08" t="9" d="1"/>
<D id="465" f="14" l="28" c="18" n="MotCtrlWriteMotCtrlReadTwoMsu32" t="9" d="1"/>
<D id="466" f="14" l="39" c="17" n="MotCtrlSignal4" t="9" d="1"/>
<D id="467" f="14" l="65" c="18" n="WriteMotCtrlReadTwoMsu16" t="9" d="1"/>
<D id="468" f="14" l="56" c="18" n="WriteMotCtrlReadTwoMss32" t="9" d="1"/>
<D id="469" f="6" l="174" c="18" n="AlgnResd4" t="9" d="1"/>
<D id="470" f="6" l="209" c="18" n="MotCtrlReadNoneWriteMotCtrls08" t="9" d="1"/>
<D id="471" f="14" l="67" c="17" n="Signal3" t="9" d="1"/>
<D id="472" f="15" l="65" c="18" n="x" t="4" d="1"/>
<D id="473" f="16" l="75" c="63" n="P_0" t="4" d="1"/>
<D id="474" f="14" l="58" c="17" n="WriteMotCtrlReadTwoMsu32Ary" t="9" d="1"/>
<D id="475" f="9" l="128" c="27" n="MotCtrlMgr_MotCtrlFromTwoMilliSec_Rec" t="1" d="1"/>
<D id="476" f="6" l="138" c="18" n="WriteMotCtrlReadTwoMss08" t="9" d="1"/>
<D id="477" f="14" l="57" c="18" n="WriteMotCtrlReadTwoMsu32" t="9" d="1"/>
<D id="478" f="14" l="68" c="17" n="Signal4" t="9" d="1"/>
<D id="479" f="14" l="85" c="18" n="ReadMotCtrlWriteTwoMsu32" t="9" d="1"/>
<D id="480" f="6" l="157" c="18" n="AlgnResd3" t="9" d="1"/>
<D id="481" f="6" l="139" c="18" n="WriteMotCtrlReadTwoMsu08" t="9" d="1"/>
<D id="482" f="14" l="69" c="17" n="WriteMotCtrlReadMotCtrlReadTwoMsbool" t="9" d="1"/>
<D id="483" f="14" l="86" c="18" n="ReadMotCtrlWriteTwoMss16" t="9" d="1"/>
<D id="484" f="14" l="88" c="17" n="ReadMotCtrlWriteTwoMsbool" t="9" d="1"/>
<D id="485" f="14" l="59" c="18" n="WriteMotCtrlReadMotCtrlReadTwoMsEnum" t="9" d="1"/>
<D id="486" f="15" l="97" c="17" n="x" t="4" d="1"/>
<D id="487" f="6" l="199" c="25" n="MotCtrlReadMotCtrlWriteMotCtrlEnum" t="9" d="1"/>
<D id="488" f="14" l="87" c="18" n="ReadMotCtrlWriteTwoMsu16" t="9" d="1"/>
<D id="489" f="14" l="89" c="17" n="ReadMotCtrlWriteTwoMss08" t="9" d="1"/>
<D id="490" f="16" l="47" c="84" n="P_0" t="4" d="1"/>
<D id="491" f="14" l="98" c="18" n="MotCtrlReadMotCtrlWriteTwoMsEnum" t="9" d="1"/>
<D id="492" f="15" l="89" c="18" n="x" t="4" d="1"/>
</Definitions>
<Uses>
<U id="1" f="15" l="100" c="11" d="486" a="0"/>
<U id="2" f="15" l="120" c="49" d="406" a="0"/>
<U id="3" f="15" l="200" c="50" d="367" a="0"/>
<U id="4" f="16" l="112" c="12" d="76" a="0"/>
<U id="5" f="15" l="130" c="49" d="367" a="0"/>
<U id="6" f="13" l="531" c="11" d="56" a="0"/>
<U id="7" f="15" l="140" c="49" d="354" a="0"/>
<U id="8" f="16" l="201" c="41" d="1" a="0"/>
<U id="9" f="15" l="150" c="49" d="454" a="0"/>
<U id="10" f="15" l="206" c="11" d="197" a="0"/>
<U id="11" f="13" l="523" c="11" d="82" a="0"/>
<U id="12" f="15" l="116" c="11" d="279" a="0"/>
<U id="13" f="16" l="121" c="41" d="3" a="0"/>
<U id="14" f="16" l="243" c="20" d="220" a="0"/>
<U id="15" f="16" l="110" c="15" d="287" a="0"/>
<U id="16" f="16" l="103" c="50" d="31" a="0"/>
<U id="17" f="15" l="160" c="49" d="438" a="0"/>
<U id="18" f="15" l="126" c="11" d="202" a="0"/>
<U id="19" f="15" l="108" c="11" d="95" a="0"/>
<U id="20" f="15" l="170" c="49" d="407" a="0"/>
<U id="21" f="15" l="136" c="11" d="172" a="0"/>
<U id="22" f="16" l="141" c="41" d="8" a="0"/>
<U id="23" f="16" l="202" c="15" d="4" a="0"/>
<U id="24" f="15" l="180" c="49" d="11" a="0"/>
<U id="25" f="13" l="562" c="11" d="138" a="0"/>
<U id="26" f="14" l="200" c="17" d="202" a="0"/>
<U id="27" f="15" l="146" c="11" d="221" a="0"/>
<U id="28" f="16" l="133" c="50" d="171" a="0"/>
<U id="29" f="16" l="200" c="17" d="197" a="0"/>
<U id="30" f="16" l="122" c="15" d="7" a="0"/>
<U id="31" f="15" l="156" c="11" d="181" a="0"/>
<U id="32" f="16" l="112" c="34" d="330" a="0"/>
<U id="33" f="16" l="161" c="41" d="18" a="0"/>
<U id="34" f="16" l="112" c="16" d="287" a="0"/>
<U id="35" f="16" l="120" c="17" d="197" a="0"/>
<U id="36" f="15" l="166" c="11" d="197" a="0"/>
<U id="37" f="13" l="555" c="11" d="128" a="0"/>
<U id="38" f="16" l="153" c="50" d="171" a="0"/>
<U id="39" f="15" l="190" c="50" d="407" a="0"/>
<U id="40" f="16" l="142" c="15" d="10" a="0"/>
<U id="41" f="14" l="160" c="34" d="126" a="0"/>
<U id="42" f="15" l="176" c="11" d="171" a="0"/>
<U id="43" f="16" l="181" c="41" d="28" a="0"/>
<U id="44" f="13" l="547" c="11" d="142" a="0"/>
<U id="45" f="16" l="140" c="17" d="197" a="0"/>
<U id="46" f="15" l="210" c="64" d="407" a="0"/>
<U id="47" f="15" l="186" c="11" d="197" a="0"/>
<U id="48" f="14" l="164" c="14" d="221" a="0"/>
<U id="49" f="16" l="162" c="15" d="24" a="0"/>
<U id="50" f="14" l="181" c="15" d="247" a="0"/>
<U id="51" f="15" l="196" c="11" d="202" a="0"/>
<U id="52" f="13" l="539" c="11" d="139" a="0"/>
<U id="53" f="14" l="162" c="34" d="31" a="0"/>
<U id="54" f="16" l="114" c="17" d="330" a="0"/>
<U id="55" f="16" l="160" c="17" d="197" a="0"/>
<U id="56" f="14" l="163" c="34" d="171" a="0"/>
<U id="57" f="16" l="182" c="15" d="36" a="0"/>
<U id="58" f="8" l="106" c="108" d="328" a="0"/>
<U id="59" f="16" l="180" c="17" d="197" a="0"/>
<U id="60" f="14" l="167" c="14" d="202" a="0"/>
<U id="61" f="14" l="175" c="15" d="244" a="0"/>
<U id="62" f="14" l="185" c="15" d="201" a="0"/>
<U id="63" f="14" l="158" c="33" d="172" a="0"/>
<U id="64" f="14" l="155" c="17" d="331" a="0"/>
<U id="65" f="14" l="166" c="34" d="69" a="0"/>
<U id="66" f="14" l="187" c="15" d="246" a="0"/>
<U id="67" f="14" l="157" c="17" d="72" a="0"/>
<U id="68" f="14" l="194" c="17" d="172" a="0"/>
<U id="69" f="16" l="193" c="72" d="111" a="0"/>
<U id="70" f="14" l="188" c="15" d="415" a="0"/>
<U id="71" f="14" l="169" c="34" d="111" a="0"/>
<U id="72" f="16" l="173" c="83" d="69" a="0"/>
<U id="73" f="14" l="196" c="17" d="171" a="0"/>
<U id="74" f="14" l="197" c="17" d="197" a="0"/>
<U id="75" f="9" l="70" c="0" d="174" a="0"/>
<U id="76" f="9" l="34" c="0" d="170" a="0"/>
<U id="77" f="5" l="53" c="2" d="306" a="0"/>
<U id="78" f="7" l="20" c="7" d="258" a="0"/>
<U id="79" f="7" l="21" c="7" d="348" a="0"/>
<U id="80" f="7" l="40" c="7" d="335" a="0"/>
<U id="81" f="7" l="31" c="7" d="365" a="0"/>
<U id="82" f="1" l="50" c="8" d="215" a="0"/>
<U id="83" f="7" l="50" c="7" d="222" a="0"/>
<U id="84" f="7" l="41" c="7" d="320" a="0"/>
<U id="85" f="7" l="32" c="7" d="365" a="0"/>
<U id="86" f="7" l="23" c="7" d="335" a="0"/>
<U id="87" f="4" l="41" c="8" d="258" a="0"/>
<U id="88" f="7" l="51" c="7" d="222" a="0"/>
<U id="89" f="7" l="42" c="7" d="320" a="0"/>
<U id="90" f="7" l="33" c="7" d="258" a="0"/>
<U id="91" f="7" l="24" c="7" d="320" a="0"/>
<U id="92" f="7" l="43" c="7" d="306" a="0"/>
<U id="93" f="7" l="34" c="7" d="258" a="0"/>
<U id="94" f="7" l="25" c="7" d="306" a="0"/>
<U id="95" f="7" l="44" c="7" d="306" a="0"/>
<U id="96" f="7" l="26" c="7" d="292" a="0"/>
<U id="97" f="7" l="54" c="7" d="316" a="0"/>
<U id="98" f="4" l="44" c="8" d="335" a="0"/>
<U id="99" f="4" l="35" c="8" d="348" a="0"/>
<U id="100" f="6" l="90" c="8" d="258" a="0"/>
<U id="101" f="7" l="45" c="7" d="292" a="0"/>
<U id="102" f="7" l="36" c="7" d="348" a="0"/>
<U id="103" f="7" l="27" c="7" d="272" a="0"/>
<U id="104" f="1" l="84" c="7" d="243" a="0"/>
<U id="105" f="6" l="91" c="8" d="365" a="0"/>
<U id="106" f="7" l="46" c="7" d="292" a="0"/>
<U id="107" f="7" l="37" c="7" d="348" a="0"/>
<U id="108" f="7" l="28" c="7" d="235" a="0"/>
<U id="109" f="7" l="19" c="7" d="365" a="0"/>
<U id="110" f="6" l="92" c="8" d="348" a="0"/>
<U id="111" f="7" l="47" c="7" d="292" a="0"/>
<U id="112" f="7" l="38" c="7" d="335" a="0"/>
<U id="113" f="4" l="47" c="8" d="258" a="0"/>
<U id="114" f="4" l="38" c="8" d="335" a="0"/>
<U id="115" f="6" l="93" c="8" d="258" a="0"/>
<U id="116" f="7" l="48" c="7" d="272" a="0"/>
<U id="117" f="1" l="49" c="8" d="215" a="0"/>
<U id="118" f="6" l="94" c="8" d="258" a="0"/>
<U id="119" f="7" l="49" c="7" d="272" a="0"/>
<U id="120" f="6" l="95" c="8" d="222" a="0"/>
<U id="121" f="6" l="96" c="8" d="320" a="0"/>
<U id="122" f="6" l="87" c="8" d="335" a="0"/>
<U id="123" f="6" l="97" c="8" d="335" a="0"/>
<U id="124" f="6" l="88" c="8" d="365" a="0"/>
<U id="125" f="6" l="98" c="8" d="335" a="0"/>
<U id="126" f="6" l="89" c="8" d="348" a="0"/>
<U id="127" f="6" l="99" c="8" d="222" a="0"/>
<U id="128" f="13" l="11396" c="9" d="169" a="0"/>
<U id="129" f="5" l="111" c="0" d="316" a="0"/>
<U id="130" f="5" l="130" c="0" d="316" a="0"/>
<U id="131" f="5" l="112" c="0" d="316" a="0"/>
<U id="132" f="5" l="131" c="0" d="316" a="0"/>
<U id="133" f="12" l="23" c="0" d="316" a="0"/>
<U id="134" f="5" l="122" c="0" d="316" a="0"/>
<U id="135" f="5" l="113" c="0" d="316" a="0"/>
<U id="136" f="5" l="150" c="0" d="316" a="0"/>
<U id="137" f="10" l="4" c="20" d="15" a="0"/>
<U id="138" f="5" l="132" c="0" d="316" a="0"/>
<U id="139" f="5" l="123" c="0" d="316" a="0"/>
<U id="140" f="5" l="114" c="0" d="316" a="0"/>
<U id="141" f="10" l="5" c="20" d="51" a="0"/>
<U id="142" f="5" l="151" c="0" d="316" a="0"/>
<U id="143" f="5" l="133" c="0" d="316" a="0"/>
<U id="144" f="5" l="124" c="0" d="316" a="0"/>
<U id="145" f="9" l="105" c="0" d="225" a="0"/>
<U id="146" f="9" l="151" c="0" d="175" a="0"/>
<U id="147" f="5" l="115" c="0" d="316" a="0"/>
<U id="148" f="5" l="152" c="0" d="316" a="0"/>
<U id="149" f="5" l="143" c="0" d="316" a="0"/>
<U id="150" f="5" l="134" c="0" d="316" a="0"/>
<U id="151" f="5" l="125" c="0" d="316" a="0"/>
<U id="152" f="15" l="71" c="0" d="172" a="0"/>
<U id="153" f="5" l="116" c="0" d="316" a="0"/>
<U id="154" f="3" l="140" c="3" d="306" a="0"/>
<U id="155" f="5" l="144" c="0" d="316" a="0"/>
<U id="156" f="5" l="135" c="0" d="316" a="0"/>
<U id="157" f="5" l="126" c="0" d="316" a="0"/>
<U id="158" f="14" l="30" c="4" d="221" a="0"/>
<U id="159" f="12" l="18" c="0" d="316" a="0"/>
<U id="160" f="15" l="63" c="0" d="202" a="0"/>
<U id="161" f="5" l="154" c="0" d="316" a="0"/>
<U id="162" f="5" l="145" c="0" d="316" a="0"/>
<U id="163" f="5" l="136" c="0" d="316" a="0"/>
<U id="164" f="14" l="40" c="4" d="197" a="0"/>
<U id="165" f="5" l="127" c="0" d="316" a="0"/>
<U id="166" f="14" l="31" c="4" d="181" a="0"/>
<U id="167" f="5" l="118" c="0" d="316" a="0"/>
<U id="168" f="14" l="22" c="4" d="327" a="0"/>
<U id="169" f="15" l="55" c="0" d="279" a="0"/>
<U id="170" f="5" l="146" c="0" d="316" a="0"/>
<U id="171" f="5" l="137" c="0" d="316" a="0"/>
<U id="172" f="14" l="41" c="4" d="171" a="0"/>
<U id="173" f="5" l="128" c="0" d="316" a="0"/>
<U id="174" f="14" l="32" c="4" d="221" a="0"/>
<U id="175" f="14" l="23" c="4" d="279" a="0"/>
<U id="176" f="12" l="33" c="4" d="162" a="0"/>
<U id="177" f="8" l="61" c="22" d="32" a="0"/>
<U id="178" f="14" l="60" c="4" d="181" a="0"/>
<U id="179" f="5" l="147" c="0" d="316" a="0"/>
<U id="180" f="14" l="51" c="4" d="327" a="0"/>
<U id="181" f="9" l="128" c="0" d="216" a="0"/>
<U id="182" f="5" l="64" c="21" d="160" a="0"/>
<U id="183" f="1" l="84" c="39" d="243" a="0"/>
<U id="184" f="14" l="42" c="4" d="197" a="0"/>
<U id="185" f="5" l="129" c="0" d="316" a="0"/>
<U id="186" f="8" l="61" c="59" d="238" a="1"/>
<U id="187" f="16" l="47" c="0" d="197" a="0"/>
<U id="188" f="14" l="33" c="4" d="352" a="0"/>
<U id="189" f="14" l="24" c="4" d="172" a="0"/>
<U id="190" f="14" l="70" c="4" d="171" a="0"/>
<U id="191" f="12" l="34" c="4" d="163" a="0"/>
<U id="192" f="16" l="75" c="0" d="197" a="0"/>
<U id="193" f="14" l="61" c="4" d="221" a="0"/>
<U id="194" f="5" l="148" c="0" d="316" a="0"/>
<U id="195" f="8" l="70" c="23" d="193" a="1"/>
<U id="196" f="14" l="52" c="4" d="279" a="0"/>
<U id="197" f="6" l="100" c="8" d="320" a="0"/>
<U id="198" f="5" l="139" c="0" d="316" a="0"/>
<U id="199" f="8" l="72" c="22" d="62" a="0"/>
<U id="200" f="14" l="43" c="4" d="197" a="0"/>
<U id="201" f="8" l="63" c="22" d="45" a="0"/>
<U id="202" f="14" l="34" c="4" d="221" a="0"/>
<U id="203" f="8" l="80" c="23" d="205" a="1"/>
<U id="204" f="14" l="25" c="4" d="202" a="0"/>
<U id="205" f="14" l="71" c="4" d="197" a="0"/>
<U id="206" f="6" l="200" c="8" d="272" a="0"/>
<U id="207" f="5" l="158" c="0" d="316" a="0"/>
<U id="208" f="8" l="71" c="23" d="234" a="1"/>
<U id="209" f="14" l="62" c="4" d="352" a="0"/>
<U id="210" f="3" l="136" c="3" d="335" a="0"/>
<U id="211" f="6" l="110" c="8" d="306" a="0"/>
<U id="212" f="5" l="149" c="0" d="316" a="0"/>
<U id="213" f="8" l="62" c="23" d="214" a="1"/>
<U id="214" f="8" l="63" c="59" d="238" a="1"/>
<U id="215" f="14" l="53" c="4" d="172" a="0"/>
<U id="216" f="15" l="95" c="0" d="197" a="0"/>
<U id="217" f="6" l="101" c="8" d="335" a="0"/>
<U id="218" f="14" l="44" c="4" d="171" a="0"/>
<U id="219" f="14" l="90" c="4" d="197" a="0"/>
<U id="220" f="8" l="81" c="23" d="189" a="1"/>
<U id="221" f="14" l="35" c="4" d="181" a="0"/>
<U id="222" f="14" l="81" c="4" d="202" a="0"/>
<U id="223" f="6" l="210" c="8" d="306" a="0"/>
<U id="224" f="8" l="83" c="22" d="89" a="0"/>
<U id="225" f="14" l="26" c="4" d="279" a="0"/>
<U id="226" f="14" l="72" c="4" d="197" a="0"/>
<U id="227" f="6" l="120" c="8" d="365" a="0"/>
<U id="228" f="6" l="201" c="8" d="292" a="0"/>
<U id="229" f="6" l="230" c="7" d="225" a="0"/>
<U id="230" f="5" l="159" c="0" d="316" a="0"/>
<U id="231" f="14" l="63" c="4" d="221" a="0"/>
<U id="232" f="15" l="81" c="4" d="221" a="0"/>
<U id="233" f="3" l="137" c="3" d="335" a="0"/>
<U id="234" f="6" l="111" c="8" d="306" a="0"/>
<U id="235" f="14" l="54" c="4" d="202" a="0"/>
<U id="236" f="6" l="102" c="8" d="292" a="0"/>
<U id="237" f="8" l="82" c="23" d="213" a="1"/>
<U id="238" f="14" l="45" c="4" d="197" a="0"/>
<U id="239" f="14" l="91" c="4" d="197" a="0"/>
<U id="240" f="15" l="87" c="0" d="181" a="0"/>
<U id="241" f="6" l="42" c="16" d="306" a="0"/>
<U id="242" f="8" l="73" c="23" d="204" a="1"/>
<U id="243" f="14" l="12" c="8" d="180" a="0"/>
<U id="244" f="14" l="36" c="4" d="221" a="0"/>
<U id="245" f="14" l="82" c="4" d="279" a="0"/>
<U id="246" f="6" l="70" c="16" d="258" a="0"/>
<U id="247" f="6" l="130" c="8" d="335" a="0"/>
<U id="248" f="6" l="211" c="8" d="306" a="0"/>
<U id="249" f="8" l="64" c="23" d="173" a="1"/>
<U id="250" f="14" l="27" c="4" d="172" a="0"/>
<U id="251" f="14" l="73" c="4" d="171" a="0"/>
<U id="252" f="15" l="91" c="4" d="492" a="1"/>
<U id="253" f="6" l="121" c="8" d="348" a="0"/>
<U id="254" f="6" l="202" c="8" d="292" a="0"/>
<U id="255" f="14" l="64" c="4" d="181" a="0"/>
<U id="256" f="3" l="138" c="3" d="306" a="0"/>
<U id="257" f="14" l="55" c="4" d="279" a="0"/>
<U id="258" f="15" l="73" c="4" d="172" a="0"/>
<U id="259" f="6" l="103" c="8" d="292" a="0"/>
<U id="260" f="8" l="74" c="23" d="178" a="1"/>
<U id="261" f="14" l="46" c="4" d="346" a="0"/>
<U id="262" f="14" l="92" c="4" d="197" a="0"/>
<U id="263" f="6" l="140" c="8" d="306" a="0"/>
<U id="264" f="8" l="59" c="12" d="332" a="0"/>
<U id="265" f="8" l="65" c="23" d="239" a="1"/>
<U id="266" f="14" l="37" c="4" d="171" a="0"/>
<U id="267" f="14" l="83" c="4" d="172" a="0"/>
<U id="268" f="15" l="79" c="0" d="221" a="0"/>
<U id="269" f="11" l="51" c="8" d="51" a="0"/>
<U id="270" f="6" l="131" c="8" d="292" a="0"/>
<U id="271" f="6" l="212" c="8" d="306" a="0"/>
<U id="272" f="14" l="28" c="4" d="202" a="0"/>
<U id="273" f="14" l="74" c="4" d="197" a="0"/>
<U id="274" f="6" l="122" c="8" d="258" a="0"/>
<U id="275" f="6" l="203" c="8" d="306" a="0"/>
<U id="276" f="14" l="65" c="4" d="221" a="0"/>
<U id="277" f="15" l="83" c="4" d="446" a="1"/>
<U id="278" f="3" l="132" c="8" d="306" a="0"/>
<U id="279" f="3" l="139" c="3" d="306" a="0"/>
<U id="280" f="8" l="75" c="23" d="240" a="1"/>
<U id="281" f="14" l="56" c="4" d="172" a="0"/>
<U id="282" f="6" l="104" c="8" d="292" a="0"/>
<U id="283" f="6" l="150" c="8" d="320" a="0"/>
<U id="284" f="8" l="66" c="23" d="199" a="1"/>
<U id="285" f="14" l="93" c="4" d="396" a="0"/>
<U id="286" f="15" l="65" c="4" d="202" a="0"/>
<U id="287" f="14" l="14" c="8" d="180" a="0"/>
<U id="288" f="14" l="38" c="4" d="171" a="0"/>
<U id="289" f="14" l="84" c="4" d="403" a="0"/>
<U id="290" f="11" l="52" c="8" d="305" a="1"/>
<U id="291" f="6" l="132" c="8" d="292" a="0"/>
<U id="292" f="5" l="317" c="5" d="163" a="0"/>
<U id="293" f="14" l="29" c="4" d="339" a="0"/>
<U id="294" f="14" l="75" c="4" d="346" a="0"/>
<U id="295" f="6" l="123" c="8" d="258" a="0"/>
<U id="296" f="6" l="204" c="8" d="272" a="0"/>
<U id="297" f="8" l="76" c="23" d="211" a="1"/>
<U id="298" f="14" l="66" c="4" d="171" a="0"/>
<U id="299" f="6" l="224" c="7" d="174" a="0"/>
<U id="300" f="8" l="67" c="23" d="218" a="1"/>
<U id="301" f="14" l="57" c="4" d="202" a="0"/>
<U id="302" f="15" l="75" c="4" d="461" a="1"/>
<U id="303" f="6" l="105" c="8" d="272" a="0"/>
<U id="304" f="6" l="151" c="8" d="335" a="0"/>
<U id="305" f="16" l="51" c="8" d="490" a="0"/>
<U id="306" f="14" l="15" c="8" d="197" a="0"/>
<U id="307" f="14" l="39" c="4" d="171" a="0"/>
<U id="308" f="14" l="85" c="4" d="202" a="0"/>
<U id="309" f="15" l="57" c="4" d="279" a="0"/>
<U id="310" f="6" l="133" c="8" d="292" a="0"/>
<U id="311" f="8" l="77" c="23" d="227" a="1"/>
<U id="312" f="6" l="124" c="8" d="222" a="0"/>
<U id="313" f="6" l="170" c="8" d="292" a="0"/>
<U id="314" f="6" l="205" c="8" d="292" a="0"/>
<U id="315" f="8" l="68" c="23" d="192" a="1"/>
<U id="316" f="14" l="67" c="4" d="171" a="0"/>
<U id="317" f="14" l="58" c="4" d="339" a="0"/>
<U id="318" f="6" l="56" c="16" d="335" a="0"/>
<U id="319" f="6" l="106" c="8" d="292" a="0"/>
<U id="320" f="6" l="152" c="8" d="272" a="0"/>
<U id="321" f="15" l="67" c="4" d="472" a="1"/>
<U id="322" f="8" l="78" c="23" d="200" a="1"/>
<U id="323" f="16" l="52" c="8" d="287" a="0"/>
<U id="324" f="14" l="16" c="8" d="221" a="0"/>
<U id="325" f="14" l="86" c="4" d="181" a="0"/>
<U id="326" f="6" l="134" c="8" d="272" a="0"/>
<U id="327" f="6" l="180" c="8" d="365" a="0"/>
<U id="328" f="8" l="69" c="23" d="226" a="1"/>
<U id="329" f="6" l="125" c="8" d="320" a="0"/>
<U id="330" f="6" l="171" c="8" d="306" a="0"/>
<U id="331" f="6" l="206" c="8" d="306" a="0"/>
<U id="332" f="16" l="80" c="8" d="287" a="0"/>
<U id="333" f="14" l="68" c="4" d="171" a="0"/>
<U id="334" f="6" l="116" c="8" d="335" a="0"/>
<U id="335" f="6" l="162" c="8" d="235" a="0"/>
<U id="336" f="14" l="59" c="4" d="221" a="0"/>
<U id="337" f="6" l="107" c="8" d="306" a="0"/>
<U id="338" f="6" l="153" c="8" d="292" a="0"/>
<U id="339" f="8" l="79" c="23" d="231" a="1"/>
<U id="340" f="6" l="190" c="8" d="258" a="0"/>
<U id="341" f="8" l="83" c="81" d="238" a="1"/>
<U id="342" f="14" l="17" c="8" d="202" a="0"/>
<U id="343" f="14" l="87" c="4" d="221" a="0"/>
<U id="344" f="15" l="59" c="4" d="324" a="1"/>
<U id="345" f="6" l="135" c="8" d="292" a="0"/>
<U id="346" f="6" l="181" c="8" d="365" a="0"/>
<U id="347" f="6" l="126" c="8" d="335" a="0"/>
<U id="348" f="6" l="172" c="8" d="272" a="0"/>
<U id="349" f="6" l="207" c="8" d="187" a="0"/>
<U id="350" f="5" l="276" c="5" d="162" a="0"/>
<U id="351" f="14" l="69" c="4" d="197" a="0"/>
<U id="352" f="6" l="117" c="8" d="365" a="0"/>
<U id="353" f="6" l="163" c="8" d="365" a="0"/>
<U id="354" f="6" l="108" c="8" d="272" a="0"/>
<U id="355" f="6" l="154" c="8" d="306" a="0"/>
<U id="356" f="8" l="80" c="65" d="238" a="1"/>
<U id="357" f="15" l="91" c="8" d="267" a="0"/>
<U id="358" f="6" l="145" c="8" d="235" a="0"/>
<U id="359" f="6" l="191" c="8" d="320" a="0"/>
<U id="360" f="14" l="18" c="8" d="221" a="0"/>
<U id="361" f="14" l="88" c="4" d="197" a="0"/>
<U id="362" f="6" l="136" c="8" d="306" a="0"/>
<U id="363" f="6" l="182" c="8" d="348" a="0"/>
<U id="364" f="8" l="72" c="92" d="238" a="1"/>
<U id="365" f="15" l="97" c="4" d="197" a="0"/>
<U id="366" f="6" l="127" c="8" d="335" a="0"/>
<U id="367" f="6" l="173" c="8" d="272" a="0"/>
<U id="368" f="6" l="208" c="8" d="272" a="0"/>
<U id="369" f="6" l="118" c="8" d="348" a="0"/>
<U id="370" f="6" l="164" c="8" d="348" a="0"/>
<U id="371" f="8" l="81" c="65" d="238" a="1"/>
<U id="372" f="6" l="109" c="8" d="292" a="0"/>
<U id="373" f="6" l="155" c="8" d="272" a="0"/>
<U id="374" f="14" l="98" c="4" d="202" a="0"/>
<U id="375" f="6" l="146" c="8" d="365" a="0"/>
<U id="376" f="6" l="192" c="8" d="335" a="0"/>
<U id="377" f="14" l="19" c="8" d="171" a="0"/>
<U id="378" f="15" l="83" c="8" d="261" a="0"/>
<U id="379" f="14" l="89" c="4" d="171" a="0"/>
<U id="380" f="6" l="137" c="8" d="272" a="0"/>
<U id="381" f="6" l="183" c="8" d="258" a="0"/>
<U id="382" f="6" l="128" c="8" d="222" a="0"/>
<U id="383" f="6" l="174" c="8" d="306" a="0"/>
<U id="384" f="6" l="209" c="8" d="292" a="0"/>
<U id="385" f="8" l="82" c="65" d="238" a="1"/>
<U id="386" f="15" l="89" c="4" d="181" a="0"/>
<U id="387" f="6" l="119" c="8" d="258" a="0"/>
<U id="388" f="6" l="165" c="8" d="348" a="0"/>
<U id="389" f="6" l="156" c="8" d="272" a="0"/>
<U id="390" f="8" l="70" c="76" d="238" a="1"/>
<U id="391" f="16" l="65" c="8" d="197" a="0"/>
<U id="392" f="14" l="99" c="4" d="279" a="0"/>
<U id="393" f="6" l="147" c="8" d="348" a="0"/>
<U id="394" f="6" l="193" c="8" d="320" a="0"/>
<U id="395" f="8" l="62" c="48" d="238" a="1"/>
<U id="396" f="6" l="138" c="8" d="292" a="0"/>
<U id="397" f="6" l="184" c="8" d="235" a="0"/>
<U id="398" f="16" l="93" c="8" d="197" a="0"/>
<U id="399" f="15" l="75" c="8" d="359" a="0"/>
<U id="400" f="15" l="99" c="4" d="486" a="1"/>
<U id="401" f="6" l="129" c="8" d="320" a="0"/>
<U id="402" f="14" l="48" c="8" d="197" a="0"/>
<U id="403" f="6" l="166" c="8" d="258" a="0"/>
<U id="404" f="8" l="71" c="76" d="238" a="1"/>
<U id="405" f="6" l="157" c="8" d="306" a="0"/>
<U id="406" f="6" l="148" c="8" d="348" a="0"/>
<U id="407" f="6" l="194" c="8" d="320" a="0"/>
<U id="408" f="6" l="139" c="8" d="306" a="0"/>
<U id="409" f="6" l="185" c="8" d="365" a="0"/>
<U id="410" f="14" l="95" c="8" d="197" a="0"/>
<U id="411" f="15" l="67" c="8" d="347" a="0"/>
<U id="412" f="6" l="167" c="8" d="320" a="0"/>
<U id="413" f="8" l="74" c="66" d="238" a="1"/>
<U id="414" f="14" l="77" c="8" d="172" a="0"/>
<U id="415" f="6" l="149" c="8" d="258" a="0"/>
<U id="416" f="6" l="195" c="8" d="335" a="0"/>
<U id="417" f="8" l="76" c="65" d="238" a="1"/>
<U id="418" f="16" l="58" c="8" d="490" a="0"/>
<U id="419" f="6" l="186" c="8" d="348" a="0"/>
<U id="420" f="8" l="73" c="76" d="238" a="1"/>
<U id="421" f="16" l="86" c="8" d="473" a="0"/>
<U id="422" f="6" l="168" c="8" d="335" a="0"/>
<U id="423" f="8" l="75" c="66" d="238" a="1"/>
<U id="424" f="15" l="59" c="8" d="353" a="0"/>
<U id="425" f="8" l="77" c="65" d="238" a="1"/>
<U id="426" f="14" l="78" c="8" d="171" a="0"/>
<U id="427" f="6" l="196" c="8" d="320" a="0"/>
<U id="428" f="6" l="187" c="8" d="258" a="0"/>
<U id="429" f="6" l="169" c="8" d="272" a="0"/>
<U id="430" f="8" l="78" c="65" d="238" a="1"/>
<U id="431" f="8" l="61" c="97" d="397" a="0"/>
<U id="432" f="8" l="64" c="77" d="238" a="1"/>
<U id="433" f="6" l="197" c="8" d="335" a="0"/>
<U id="434" f="8" l="66" c="76" d="238" a="1"/>
<U id="435" f="6" l="188" c="8" d="365" a="0"/>
<U id="436" f="6" l="179" c="8" d="335" a="0"/>
<U id="437" f="8" l="79" c="65" d="238" a="1"/>
<U id="438" f="8" l="65" c="77" d="238" a="1"/>
<U id="439" f="16" l="79" c="8" d="473" a="0"/>
<U id="440" f="8" l="62" c="88" d="410" a="0"/>
<U id="441" f="8" l="67" c="76" d="238" a="1"/>
<U id="442" f="6" l="198" c="8" d="335" a="0"/>
<U id="443" f="6" l="189" c="8" d="348" a="0"/>
<U id="444" f="8" l="63" c="97" d="419" a="0"/>
<U id="445" f="8" l="68" c="76" d="238" a="1"/>
<U id="446" f="15" l="99" c="8" d="264" a="0"/>
<U id="447" f="6" l="199" c="8" d="187" a="0"/>
<U id="448" f="8" l="69" c="76" d="238" a="1"/>
<U id="449" f="12" l="20" c="11" d="316" a="0"/>
<U id="450" f="15" l="103" c="0" d="171" a="0"/>
<U id="451" f="16" l="103" c="0" d="197" a="0"/>
<U id="452" f="16" l="213" c="0" d="180" a="0"/>
<U id="453" f="14" l="100" c="4" d="172" a="0"/>
<U id="454" f="16" l="133" c="0" d="197" a="0"/>
<U id="455" f="14" l="110" c="4" d="396" a="0"/>
<U id="456" f="14" l="101" c="4" d="403" a="0"/>
<U id="457" f="15" l="60" c="11" d="324" a="0"/>
<U id="458" f="14" l="120" c="4" d="20" a="0"/>
<U id="459" f="12" l="25" c="11" d="208" a="0"/>
<U id="460" f="17" l="62" c="19" d="180" a="0"/>
<U id="461" f="14" l="102" c="4" d="202" a="0"/>
<U id="462" f="8" l="110" c="14" d="388" a="0"/>
<U id="463" f="16" l="153" c="0" d="197" a="0"/>
<U id="464" f="14" l="130" c="4" d="181" a="0"/>
<U id="465" f="14" l="121" c="4" d="172" a="0"/>
<U id="466" f="5" l="111" c="69" d="235" a="0"/>
<U id="467" f="8" l="83" c="119" d="259" a="0"/>
<U id="468" f="17" l="54" c="19" d="180" a="0"/>
<U id="469" f="14" l="103" c="4" d="181" a="0"/>
<U id="470" f="8" l="111" c="14" d="14" a="0"/>
<U id="471" f="17" l="60" c="12" d="295" a="0"/>
<U id="472" f="6" l="230" c="32" d="377" a="0"/>
<U id="473" f="14" l="140" c="4" d="171" a="0"/>
<U id="474" f="14" l="131" c="4" d="221" a="0"/>
<U id="475" f="14" l="122" c="4" d="202" a="0"/>
<U id="476" f="14" l="104" c="4" d="221" a="0"/>
<U id="477" f="17" l="52" c="12" d="295" a="0"/>
<U id="478" f="16" l="173" c="0" d="197" a="0"/>
<U id="479" f="14" l="150" c="4" d="21" a="0"/>
<U id="480" f="8" l="72" c="130" d="291" a="0"/>
<U id="481" f="8" l="110" c="52" d="377" a="1"/>
<U id="482" f="14" l="141" c="4" d="9" a="0"/>
<U id="483" f="15" l="240" c="4" d="46" a="0"/>
<U id="484" f="14" l="132" c="4" d="181" a="0"/>
<U id="485" f="15" l="231" c="4" d="27" a="0"/>
<U id="486" f="16" l="227" c="0" d="180" a="0"/>
<U id="487" f="14" l="123" c="4" d="202" a="0"/>
<U id="488" f="5" l="150" c="69" d="306" a="0"/>
<U id="489" f="8" l="113" c="14" d="387" a="0"/>
<U id="490" f="15" l="92" c="11" d="492" a="0"/>
<U id="491" f="14" l="105" c="4" d="197" a="0"/>
<U id="492" f="5" l="112" c="70" d="272" a="0"/>
<U id="493" f="8" l="111" c="52" d="377" a="1"/>
<U id="494" f="14" l="151" c="4" d="346" a="0"/>
<U id="495" f="14" l="142" c="4" d="197" a="0"/>
<U id="496" f="15" l="105" c="4" d="171" a="0"/>
<U id="497" f="17" l="46" c="11" d="295" a="0"/>
<U id="498" f="14" l="133" c="4" d="16" a="0"/>
<U id="499" f="5" l="151" c="69" d="335" a="0"/>
<U id="500" f="14" l="124" c="4" d="279" a="0"/>
<U id="501" f="11" l="47" c="12" d="305" a="0"/>
<U id="502" f="17" l="62" c="31" d="188" a="0"/>
<U id="503" f="16" l="193" c="0" d="197" a="0"/>
<U id="504" f="15" l="30" c="16" d="221" a="0"/>
<U id="505" f="15" l="84" c="11" d="446" a="0"/>
<U id="506" f="14" l="106" c="4" d="171" a="0"/>
<U id="507" f="15" l="200" c="8" d="153" a="1"/>
<U id="508" f="14" l="143" c="4" d="197" a="0"/>
<U id="509" f="5" l="152" c="69" d="258" a="0"/>
<U id="510" f="17" l="64" c="12" d="188" a="0"/>
<U id="511" f="14" l="134" c="4" d="221" a="0"/>
<U id="512" f="8" l="80" c="105" d="481" a="0"/>
<U id="513" f="8" l="106" c="14" d="384" a="0"/>
<U id="514" f="14" l="125" c="4" d="172" a="0"/>
<U id="515" f="15" l="31" c="16" d="181" a="0"/>
<U id="516" f="17" l="54" c="31" d="210" a="0"/>
<U id="517" f="15" l="76" c="11" d="461" a="0"/>
<U id="518" f="8" l="100" c="18" d="377" a="1"/>
<U id="519" f="14" l="107" c="4" d="197" a="0"/>
<U id="520" f="16" l="56" c="12" d="490" a="0"/>
<U id="521" f="15" l="210" c="8" d="68" a="1"/>
<U id="522" f="5" l="130" c="81" d="222" a="0"/>
<U id="523" f="8" l="81" c="105" d="251" a="0"/>
<U id="524" f="15" l="120" c="8" d="114" a="1"/>
<U id="525" f="14" l="144" c="4" d="171" a="0"/>
<U id="526" f="15" l="107" c="4" d="95" a="1"/>
<U id="527" f="15" l="243" c="4" d="54" a="0"/>
<U id="528" f="17" l="56" c="12" d="210" a="0"/>
<U id="529" f="16" l="84" c="12" d="473" a="0"/>
<U id="530" f="14" l="135" c="4" d="181" a="0"/>
<U id="531" f="15" l="32" c="16" d="197" a="0"/>
<U id="532" f="15" l="234" c="4" d="33" a="0"/>
<U id="533" f="5" l="132" c="80" d="365" a="0"/>
<U id="534" f="16" l="201" c="8" d="197" a="0"/>
<U id="535" f="14" l="126" c="4" d="202" a="0"/>
<U id="536" f="15" l="23" c="16" d="176" a="0"/>
<U id="537" f="15" l="225" c="4" d="17" a="0"/>
<U id="538" f="8" l="101" c="18" d="377" a="1"/>
<U id="539" f="5" l="125" c="15" d="388" a="0"/>
<U id="540" f="15" l="68" c="11" d="472" a="0"/>
<U id="541" f="8" l="82" c="105" d="255" a="0"/>
<U id="542" f="16" l="23" c="16" d="176" a="0"/>
<U id="543" f="14" l="108" c="4" d="197" a="0"/>
<U id="544" f="11" l="45" c="15" d="306" a="0"/>
<U id="545" f="14" l="112" c="8" d="279" a="0"/>
<U id="546" f="15" l="130" c="8" d="105" a="1"/>
<U id="547" f="17" l="23" c="16" d="176" a="0"/>
<U id="548" f="14" l="145" c="4" d="197" a="0"/>
<U id="549" f="15" l="33" c="16" d="171" a="0"/>
<U id="550" f="5" l="133" c="80" d="292" a="0"/>
<U id="551" f="14" l="136" c="4" d="221" a="0"/>
<U id="552" f="15" l="290" c="4" d="13" a="0"/>
<U id="553" f="5" l="125" c="52" d="272" a="0"/>
<U id="554" f="8" l="70" c="116" d="458" a="0"/>
<U id="555" f="8" l="102" c="18" d="377" a="1"/>
<U id="556" f="6" l="224" c="34" d="238" a="0"/>
<U id="557" f="5" l="126" c="15" d="14" a="0"/>
<U id="558" f="16" l="121" c="8" d="197" a="0"/>
<U id="559" f="14" l="127" c="4" d="279" a="0"/>
<U id="560" f="5" l="144" c="70" d="222" a="0"/>
<U id="561" f="14" l="118" c="4" d="327" a="0"/>
<U id="562" f="8" l="100" c="56" d="413" a="0"/>
<U id="563" f="5" l="154" c="15" d="89" a="0"/>
<U id="564" f="14" l="109" c="4" d="197" a="0"/>
<U id="565" f="15" l="140" c="8" d="115" a="1"/>
<U id="566" f="5" l="143" c="80" d="258" a="0"/>
<U id="567" f="5" l="146" c="69" d="365" a="0"/>
<U id="568" f="16" l="65" c="41" d="338" a="0"/>
<U id="569" f="14" l="113" c="8" d="181" a="0"/>
<U id="570" f="5" l="134" c="80" d="320" a="0"/>
<U id="571" f="8" l="71" c="116" d="277" a="0"/>
<U id="572" f="14" l="146" c="4" d="197" a="0"/>
<U id="573" f="5" l="126" c="52" d="272" a="0"/>
<U id="574" f="5" l="131" c="82" d="272" a="0"/>
<U id="575" f="8" l="103" c="18" d="377" a="1"/>
<U id="576" f="5" l="127" c="15" d="32" a="0"/>
<U id="577" f="16" l="54" c="15" d="287" a="0"/>
<U id="578" f="16" l="93" c="41" d="345" a="0"/>
<U id="579" f="14" l="137" c="4" d="221" a="0"/>
<U id="580" f="5" l="118" c="15" d="384" a="0"/>
<U id="581" f="16" l="75" c="50" d="31" a="0"/>
<U id="582" f="14" l="128" c="4" d="172" a="0"/>
<U id="583" f="8" l="101" c="56" d="278" a="0"/>
<U id="584" f="16" l="82" c="15" d="287" a="0"/>
<U id="585" f="14" l="119" c="4" d="279" a="0"/>
<U id="586" f="15" l="150" c="8" d="121" a="1"/>
<U id="587" f="5" l="147" c="69" d="292" a="0"/>
<U id="588" f="5" l="135" c="80" d="348" a="0"/>
<U id="589" f="8" l="74" c="106" d="429" a="0"/>
<U id="590" f="8" l="76" c="105" d="254" a="0"/>
<U id="591" f="14" l="114" c="8" d="171" a="0"/>
<U id="592" f="5" l="127" c="52" d="292" a="0"/>
<U id="593" f="8" l="104" c="18" d="377" a="1"/>
<U id="594" f="16" l="141" c="8" d="197" a="0"/>
<U id="595" f="14" l="160" c="8" d="197" a="0"/>
<U id="596" f="14" l="147" c="4" d="197" a="0"/>
<U id="597" f="15" l="246" c="4" d="65" a="0"/>
<U id="598" f="14" l="138" c="4" d="197" a="0"/>
<U id="599" f="15" l="237" c="4" d="39" a="0"/>
<U id="600" f="5" l="154" c="80" d="258" a="0"/>
<U id="601" f="8" l="73" c="116" d="307" a="0"/>
<U id="602" f="8" l="102" c="56" d="322" a="0"/>
<U id="603" f="14" l="129" c="4" d="202" a="0"/>
<U id="604" f="15" l="160" c="8" d="130" a="1"/>
<U id="605" f="15" l="228" c="4" d="23" a="0"/>
<U id="606" f="5" l="148" c="69" d="320" a="0"/>
<U id="607" f="8" l="75" c="106" d="326" a="0"/>
<U id="608" f="8" l="77" c="105" d="476" a="0"/>
<U id="609" f="16" l="114" c="8" d="76" a="0"/>
<U id="610" f="5" l="136" c="80" d="306" a="0"/>
<U id="611" f="5" l="145" c="71" d="272" a="0"/>
<U id="612" f="8" l="106" c="72" d="377" a="1"/>
<U id="613" f="15" l="27" c="16" d="279" a="0"/>
<U id="614" f="5" l="128" c="52" d="292" a="0"/>
<U id="615" f="8" l="100" c="85" d="191" a="0"/>
<U id="616" f="8" l="105" c="18" d="377" a="1"/>
<U id="617" f="5" l="129" c="15" d="45" a="0"/>
<U id="618" f="14" l="115" c="8" d="197" a="0"/>
<U id="619" f="14" l="170" c="8" d="202" a="0"/>
<U id="620" f="16" l="27" c="16" d="172" a="0"/>
<U id="621" f="14" l="161" c="8" d="197" a="0"/>
<U id="622" f="14" l="148" c="4" d="171" a="0"/>
<U id="623" f="8" l="78" c="105" d="318" a="0"/>
<U id="624" f="8" l="102" c="84" d="237" a="0"/>
<U id="625" f="8" l="103" c="56" d="440" a="0"/>
<U id="626" f="14" l="139" c="4" d="197" a="0"/>
<U id="627" f="15" l="170" c="8" d="123" a="1"/>
<U id="628" f="5" l="149" c="69" d="348" a="0"/>
<U id="629" f="5" l="137" c="80" d="335" a="0"/>
<U id="630" f="5" l="139" c="15" d="62" a="0"/>
<U id="631" f="16" l="66" c="15" d="356" a="0"/>
<U id="632" f="15" l="28" c="16" d="202" a="0"/>
<U id="633" f="5" l="129" c="52" d="292" a="0"/>
<U id="634" f="8" l="101" c="85" d="233" a="0"/>
<U id="635" f="16" l="161" c="8" d="197" a="0"/>
<U id="636" f="14" l="180" c="8" d="288" a="0"/>
<U id="637" f="8" l="64" c="117" d="379" a="0"/>
<U id="638" f="8" l="66" c="116" d="300" a="0"/>
<U id="639" f="8" l="79" c="105" d="252" a="0"/>
<U id="640" f="16" l="28" c="16" d="197" a="0"/>
<U id="641" f="16" l="56" c="34" d="337" a="0"/>
<U id="642" f="16" l="94" c="15" d="360" a="0"/>
<U id="643" f="14" l="171" c="8" d="279" a="0"/>
<U id="644" f="8" l="103" c="84" d="209" a="0"/>
<U id="645" f="8" l="104" c="56" d="256" a="0"/>
<U id="646" f="5" l="158" c="15" d="387" a="0"/>
<U id="647" f="14" l="162" c="8" d="197" a="0"/>
<U id="648" f="14" l="149" c="4" d="197" a="0"/>
<U id="649" f="15" l="180" c="8" d="133" a="1"/>
<U id="650" f="16" l="56" c="16" d="287" a="0"/>
<U id="651" f="16" l="84" c="34" d="330" a="0"/>
<U id="652" f="14" l="153" c="8" d="331" a="0"/>
<U id="653" f="15" l="107" c="8" d="271" a="0"/>
<U id="654" f="15" l="29" c="16" d="172" a="0"/>
<U id="655" f="11" l="49" c="16" d="15" a="0"/>
<U id="656" f="8" l="65" c="117" d="282" a="0"/>
<U id="657" f="8" l="67" c="116" d="447" a="0"/>
<U id="658" f="8" l="107" c="18" d="377" a="1"/>
<U id="659" f="16" l="64" c="17" d="197" a="0"/>
<U id="660" f="16" l="84" c="16" d="287" a="0"/>
<U id="661" f="14" l="190" c="8" d="16" a="0"/>
<U id="662" f="16" l="107" c="8" d="76" a="0"/>
<U id="663" f="16" l="243" c="8" d="180" a="0"/>
<U id="664" f="16" l="47" c="71" d="126" a="0"/>
<U id="665" f="8" l="104" c="84" d="207" a="0"/>
<U id="666" f="8" l="105" c="56" d="311" a="0"/>
<U id="667" f="5" l="159" c="15" d="332" a="0"/>
<U id="668" f="16" l="92" c="17" d="197" a="0"/>
<U id="669" f="14" l="172" c="8" d="181" a="0"/>
<U id="670" f="15" l="190" c="8" d="140" a="1"/>
<U id="671" f="14" l="163" c="8" d="197" a="0"/>
<U id="672" f="15" l="249" c="4" d="81" a="0"/>
<U id="673" f="8" l="68" c="116" d="270" a="0"/>
<U id="674" f="14" l="154" c="8" d="262" a="0"/>
<U id="675" f="8" l="108" c="18" d="377" a="1"/>
<U id="676" f="16" l="181" c="8" d="197" a="0"/>
<U id="677" f="14" l="191" c="8" d="9" a="0"/>
<U id="678" f="8" l="105" c="84" d="186" a="0"/>
<U id="679" f="16" l="108" c="8" d="287" a="0"/>
<U id="680" f="14" l="182" c="8" d="12" a="0"/>
<U id="681" f="5" l="118" c="73" d="348" a="0"/>
<U id="682" f="8" l="69" c="116" d="293" a="0"/>
<U id="683" f="14" l="173" c="8" d="221" a="0"/>
<U id="684" f="8" l="109" c="18" d="377" a="1"/>
<U id="685" f="8" l="107" c="56" d="451" a="0"/>
<U id="686" f="14" l="192" c="8" d="21" a="0"/>
<U id="687" f="16" l="245" c="8" d="220" a="0"/>
<U id="688" f="14" l="183" c="8" d="403" a="0"/>
<U id="689" f="14" l="174" c="8" d="34" a="0"/>
<U id="690" f="5" l="122" c="68" d="306" a="0"/>
<U id="691" f="14" l="165" c="8" d="151" a="0"/>
<U id="692" f="5" l="113" c="68" d="365" a="0"/>
<U id="693" f="16" l="58" c="17" d="337" a="0"/>
<U id="694" f="14" l="156" c="8" d="171" a="0"/>
<U id="695" f="8" l="107" c="84" d="196" a="0"/>
<U id="696" f="8" l="108" c="56" d="260" a="0"/>
<U id="697" f="8" l="110" c="88" d="319" a="0"/>
<U id="698" f="16" l="86" c="17" d="330" a="0"/>
<U id="699" f="14" l="193" c="8" d="265" a="0"/>
<U id="700" f="5" l="139" c="91" d="335" a="0"/>
<U id="701" f="14" l="184" c="8" d="26" a="0"/>
<U id="702" f="5" l="123" c="68" d="335" a="0"/>
<U id="703" f="5" l="114" c="68" d="292" a="0"/>
<U id="704" f="14" l="166" c="8" d="197" a="0"/>
<U id="705" f="8" l="108" c="84" d="194" a="0"/>
<U id="706" f="8" l="109" c="56" d="340" a="0"/>
<U id="707" f="8" l="111" c="88" d="334" a="0"/>
<U id="708" f="5" l="124" c="68" d="258" a="0"/>
<U id="709" f="5" l="115" c="68" d="320" a="0"/>
<U id="710" f="14" l="176" c="8" d="60" a="0"/>
<U id="711" f="8" l="109" c="84" d="183" a="0"/>
<U id="712" f="14" l="158" c="8" d="180" a="0"/>
<U id="713" f="14" l="195" c="8" d="171" a="0"/>
<U id="714" f="5" l="116" c="68" d="348" a="0"/>
<U id="715" f="14" l="186" c="8" d="327" a="0"/>
<U id="716" f="14" l="177" c="8" d="352" a="0"/>
<U id="717" f="14" l="168" c="8" d="156" a="0"/>
<U id="718" f="14" l="159" c="8" d="172" a="0"/>
<U id="719" f="14" l="178" c="8" d="106" a="0"/>
<U id="720" f="14" l="169" c="8" d="197" a="0"/>
<U id="721" f="14" l="179" c="8" d="339" a="0"/>
<U id="722" f="14" l="198" c="8" d="172" a="0"/>
<U id="723" f="14" l="189" c="8" d="20" a="0"/>
<U id="724" f="14" l="199" c="8" d="202" a="0"/>
</Uses>
<Blocks>
<B id="1" t="routine" f="12" l="18" c="15">
<BEGIN l="19" c="0"/>
<END l="21" c="0"/>
</B>
<B id="2" t="routine" f="12" l="23" c="15">
<BEGIN l="24" c="0"/>
<END l="26" c="0"/>
</B>
<B id="3" t="routine" f="12" l="31" c="5">
<BEGIN l="32" c="0"/>
<END l="35" c="0"/>
</B>
<B id="4" t="ppcif" f="18" l="3" c="0">
<BEGIN l="3" c="19"/>
<END l="68" c="0"/>
</B>
<B id="5" t="if" f="11" l="47" c="8">
<BEGIN l="48" c="8"/>
<END l="50" c="8"/>
</B>
<B id="6" t="routine" f="11" l="43" c="5">
<BEGIN l="44" c="0"/>
<END l="53" c="0"/>
<SUB d="5"/>
</B>
<B id="7" t="ppcif" f="19" l="21" c="0">
<BEGIN l="21" c="28"/>
<END l="33" c="0"/>
</B>
<B id="8" t="ppcif" f="10" l="1" c="0">
<BEGIN l="1" c="25"/>
<END l="7" c="0"/>
</B>
<B id="9" t="initializer" f="9" l="34" c="25">
<BEGIN l="34" c="61"/>
<END l="61" c="0"/>
</B>
<B id="10" t="initializer" f="9" l="70" c="27">
<BEGIN l="70" c="65"/>
<END l="97" c="0"/>
</B>
<B id="11" t="initializer" f="9" l="105" c="25">
<BEGIN l="105" c="61"/>
<END l="120" c="0"/>
</B>
<B id="12" t="initializer" f="9" l="128" c="27">
<BEGIN l="128" c="65"/>
<END l="143" c="0"/>
</B>
<B id="13" t="initializer" f="9" l="151" c="15">
<BEGIN l="151" c="41"/>
<END l="187" c="0"/>
</B>
<B id="14" t="if" f="8" l="59" c="8">
<BEGIN l="60" c="8"/>
<END l="84" c="8"/>
</B>
<B id="15" t="routine" f="8" l="57" c="5">
<BEGIN l="58" c="0"/>
<END l="85" c="0"/>
<SUB d="14"/>
</B>
<B id="16" t="routine" f="8" l="98" c="5">
<BEGIN l="99" c="0"/>
<END l="114" c="0"/>
</B>
<B id="17" t="ppcif" f="20" l="15" c="0">
<BEGIN l="15" c="27"/>
<END l="330" c="0"/>
</B>
<B id="18" t="ppcif" f="20" l="25" c="0">
<BEGIN l="25" c="19"/>
<END l="155" c="0"/>
</B>
<B id="19" t="ppcrmif" f="20" l="46" c="0">
<BEGIN l="46" c="93"/>
<END l="91" c="0"/>
</B>
<B id="20" t="ppcrmif" f="20" l="94" c="0">
<BEGIN l="94" c="91"/>
<END l="153" c="0"/>
</B>
<B id="21" t="ppcrmelse" f="20" l="155" c="0">
<BEGIN l="155" c="35"/>
<END l="328" c="0"/>
</B>
<B id="22" t="ppcif" f="21" l="11" c="0">
<BEGIN l="11" c="27"/>
<END l="36" c="0"/>
</B>
<B id="23" t="ppcrmif" f="21" l="14" c="0">
<BEGIN l="14" c="19"/>
<END l="29" c="0"/>
</B>
<B id="24" t="ppcelse" f="21" l="29" c="0">
<BEGIN l="29" c="5"/>
<END l="33" c="0"/>
</B>
<B id="25" t="ppcif" f="1" l="22" c="0">
<BEGIN l="22" c="17"/>
<END l="109" c="0"/>
</B>
<B id="26" t="ppcrmif" f="1" l="39" c="0">
<BEGIN l="39" c="66"/>
<END l="43" c="0"/>
</B>
<B id="27" t="ppcelse" f="1" l="43" c="0">
<BEGIN l="43" c="60"/>
<END l="47" c="0"/>
</B>
<B id="28" t="ppcrmif" f="1" l="52" c="0">
<BEGIN l="52" c="18"/>
<END l="58" c="0"/>
</B>
<B id="29" t="ppcrmif" f="1" l="62" c="0">
<BEGIN l="62" c="33"/>
<END l="80" c="0"/>
</B>
<B id="30" t="ppcelse" f="1" l="80" c="0">
<BEGIN l="80" c="31"/>
<END l="93" c="0"/>
</B>
<B id="31" t="ppcrmif" f="1" l="96" c="0">
<BEGIN l="96" c="14"/>
<END l="106" c="0"/>
</B>
<B id="32" t="ppcif" f="22" l="3" c="0">
<BEGIN l="3" c="29"/>
<END l="348" c="0"/>
</B>
<B id="33" t="ppcif" f="22" l="61" c="0">
<BEGIN l="63" c="27"/>
<END l="66" c="0"/>
</B>
<B id="34" t="ppcrmif" f="22" l="165" c="0">
<BEGIN l="165" c="17"/>
<END l="206" c="0"/>
</B>
<B id="35" t="ppcrmif" f="22" l="209" c="0">
<BEGIN l="209" c="37"/>
<END l="211" c="0"/>
</B>
<B id="36" t="ppcrmif" f="22" l="213" c="0">
<BEGIN l="213" c="44"/>
<END l="321" c="0"/>
</B>
<B id="37" t="ppcif" f="22" l="323" c="0">
<BEGIN l="323" c="18"/>
<END l="346" c="0"/>
</B>
<B id="38" t="ppcrmif" f="22" l="326" c="0">
<BEGIN l="326" c="18"/>
<END l="328" c="0"/>
</B>
<B id="39" t="ppcrmif" f="22" l="329" c="0">
<BEGIN l="329" c="63"/>
<END l="331" c="0"/>
</B>
<B id="40" t="ppcrmif" f="22" l="332" c="0">
<BEGIN l="332" c="64"/>
<END l="334" c="0"/>
</B>
<B id="41" t="ppcrmif" f="22" l="335" c="0">
<BEGIN l="335" c="16"/>
<END l="340" c="0"/>
</B>
<B id="42" t="ppcif" f="22" l="343" c="0">
<BEGIN l="343" c="57"/>
<END l="345" c="0"/>
</B>
<B id="43" t="type" f="5" l="50" c="7">
<BEGIN l="50" c="28"/>
<END l="54" c="0"/>
</B>
<B id="44" t="ppcif" f="5" l="24" c="0">
<BEGIN l="24" c="29"/>
<END l="333" c="0"/>
</B>
<B id="45" t="ppcrmif" f="5" l="27" c="0">
<BEGIN l="27" c="35"/>
<END l="29" c="0"/>
</B>
<B id="46" t="ppcif" f="5" l="31" c="0">
<BEGIN l="31" c="38"/>
<END l="33" c="0"/>
</B>
<B id="47" t="ppcrmif" f="5" l="35" c="0">
<BEGIN l="35" c="19"/>
<END l="38" c="0"/>
</B>
<B id="48" t="ppcif" f="5" l="117" c="0">
<BEGIN l="117" c="37"/>
<END l="119" c="0"/>
</B>
<B id="49" t="ppcrmelse" f="5" l="119" c="0">
<BEGIN l="119" c="6"/>
<END l="121" c="0"/>
</B>
<B id="50" t="ppcif" f="5" l="138" c="0">
<BEGIN l="138" c="37"/>
<END l="140" c="0"/>
</B>
<B id="51" t="ppcrmelse" f="5" l="140" c="0">
<BEGIN l="140" c="6"/>
<END l="142" c="0"/>
</B>
<B id="52" t="ppcif" f="5" l="153" c="0">
<BEGIN l="153" c="37"/>
<END l="155" c="0"/>
</B>
<B id="53" t="ppcrmelse" f="5" l="155" c="0">
<BEGIN l="155" c="6"/>
<END l="157" c="0"/>
</B>
<B id="54" t="ppcrmif" f="5" l="329" c="0">
<BEGIN l="329" c="19"/>
<END l="331" c="0"/>
</B>
<B id="55" t="ppcif" f="23" l="24" c="0">
<BEGIN l="24" c="34"/>
<END l="67" c="0"/>
</B>
<B id="56" t="ppcrmif" f="23" l="27" c="0">
<BEGIN l="27" c="19"/>
<END l="30" c="0"/>
</B>
<B id="57" t="ppcif" f="23" l="38" c="0">
<BEGIN l="38" c="30"/>
<END l="40" c="0"/>
</B>
<B id="58" t="ppcif" f="23" l="42" c="0">
<BEGIN l="42" c="30"/>
<END l="44" c="0"/>
</B>
<B id="59" t="ppcif" f="23" l="46" c="0">
<BEGIN l="46" c="30"/>
<END l="48" c="0"/>
</B>
<B id="60" t="ppcif" f="23" l="50" c="0">
<BEGIN l="50" c="30"/>
<END l="52" c="0"/>
</B>
<B id="61" t="ppcif" f="23" l="54" c="0">
<BEGIN l="54" c="30"/>
<END l="56" c="0"/>
</B>
<B id="62" t="ppcif" f="23" l="58" c="0">
<BEGIN l="58" c="30"/>
<END l="60" c="0"/>
</B>
<B id="63" t="ppcrmif" f="23" l="63" c="0">
<BEGIN l="63" c="19"/>
<END l="65" c="0"/>
</B>
<B id="64" t="ppcif" f="4" l="24" c="0">
<BEGIN l="24" c="19"/>
<END l="49" c="0"/>
</B>
<B id="65" t="ppcif" f="24" l="25" c="0">
<BEGIN l="25" c="14"/>
<END l="96" c="0"/>
</B>
<B id="66" t="ppcrmif" f="24" l="41" c="0">
<BEGIN l="41" c="33"/>
<END l="43" c="0"/>
</B>
<B id="67" t="ppcrmif" f="24" l="45" c="0">
<BEGIN l="45" c="46"/>
<END l="47" c="0"/>
</B>
<B id="68" t="ppcrmif" f="24" l="49" c="0">
<BEGIN l="49" c="28"/>
<END l="51" c="0"/>
</B>
<B id="69" t="type" f="3" l="135" c="0">
<BEGIN l="135" c="0"/>
<END l="141" c="0"/>
</B>
<B id="70" t="ppcif" f="3" l="56" c="0">
<BEGIN l="56" c="19"/>
<END l="154" c="0"/>
</B>
<B id="71" t="ppcif" f="3" l="122" c="0">
<BEGIN l="122" c="26"/>
<END l="126" c="0"/>
</B>
<B id="72" t="ppcif" f="2" l="43" c="0">
<BEGIN l="43" c="24"/>
<END l="150" c="0"/>
</B>
<B id="73" t="ppcif" f="2" l="81" c="0">
<BEGIN l="81" c="13"/>
<END l="83" c="0"/>
</B>
<B id="74" t="ppcif" f="2" l="85" c="0">
<BEGIN l="85" c="14"/>
<END l="87" c="0"/>
</B>
<B id="75" t="ppcrmif" f="2" l="119" c="0">
<BEGIN l="119" c="46"/>
<END l="125" c="0"/>
</B>
<B id="76" t="ppcelse" f="2" l="125" c="0">
<BEGIN l="125" c="6"/>
<END l="129" c="0"/>
</B>
<B id="77" t="ppcrmif" f="2" l="131" c="0">
<BEGIN l="131" c="46"/>
<END l="137" c="0"/>
</B>
<B id="78" t="ppcelse" f="2" l="137" c="0">
<BEGIN l="137" c="6"/>
<END l="140" c="0"/>
</B>
<B id="79" t="ppcif" f="25" l="43" c="0">
<BEGIN l="43" c="18"/>
<END l="202" c="0"/>
</B>
<B id="80" t="ppcif" f="25" l="88" c="0">
<BEGIN l="88" c="17"/>
<END l="90" c="0"/>
</B>
<B id="81" t="ppcif" f="26" l="19" c="0">
<BEGIN l="19" c="22"/>
<END l="23" c="0"/>
</B>
<B id="82" t="ppcif" f="27" l="19" c="0">
<BEGIN l="19" c="26"/>
<END l="23" c="0"/>
</B>
<B id="83" t="ppcif" f="28" l="24" c="0">
<BEGIN l="24" c="31"/>
<END l="27" c="0"/>
</B>
<B id="84" t="ppcif" f="29" l="19" c="0">
<BEGIN l="19" c="16"/>
<END l="24" c="0"/>
</B>
<B id="85" t="ppcif" f="30" l="53" c="0">
<BEGIN l="53" c="36"/>
<END l="56" c="0"/>
</B>
<B id="86" t="ppcrmif" f="30" l="66" c="0">
<BEGIN l="66" c="49"/>
<END l="69" c="0"/>
</B>
<B id="87" t="ppcrmif" f="30" l="79" c="0">
<BEGIN l="79" c="54"/>
<END l="82" c="0"/>
</B>
<B id="88" t="ppcif" f="30" l="92" c="0">
<BEGIN l="92" c="52"/>
<END l="95" c="0"/>
</B>
<B id="89" t="ppcrmif" f="30" l="105" c="0">
<BEGIN l="105" c="57"/>
<END l="108" c="0"/>
</B>
<B id="90" t="ppcif" f="30" l="120" c="0">
<BEGIN l="120" c="35"/>
<END l="123" c="0"/>
</B>
<B id="91" t="ppcrmif" f="30" l="133" c="0">
<BEGIN l="133" c="48"/>
<END l="136" c="0"/>
</B>
<B id="92" t="ppcrmif" f="30" l="146" c="0">
<BEGIN l="146" c="53"/>
<END l="149" c="0"/>
</B>
<B id="93" t="ppcif" f="30" l="159" c="0">
<BEGIN l="159" c="51"/>
<END l="162" c="0"/>
</B>
<B id="94" t="ppcrmif" f="30" l="172" c="0">
<BEGIN l="172" c="56"/>
<END l="175" c="0"/>
</B>
<B id="95" t="ppcif" f="7" l="12" c="0">
<BEGIN l="12" c="19"/>
<END l="223" c="0"/>
</B>
<B id="96" t="ppcif" f="7" l="59" c="0">
<BEGIN l="59" c="44"/>
<END l="61" c="0"/>
</B>
<B id="97" t="ppcif" f="7" l="64" c="0">
<BEGIN l="64" c="44"/>
<END l="66" c="0"/>
</B>
<B id="98" t="ppcif" f="7" l="69" c="0">
<BEGIN l="69" c="44"/>
<END l="71" c="0"/>
</B>
<B id="99" t="ppcrmif" f="7" l="74" c="0">
<BEGIN l="74" c="47"/>
<END l="76" c="0"/>
</B>
<B id="100" t="ppcif" f="7" l="79" c="0">
<BEGIN l="79" c="44"/>
<END l="81" c="0"/>
</B>
<B id="101" t="ppcif" f="7" l="84" c="0">
<BEGIN l="84" c="44"/>
<END l="86" c="0"/>
</B>
<B id="102" t="ppcif" f="7" l="89" c="0">
<BEGIN l="89" c="44"/>
<END l="91" c="0"/>
</B>
<B id="103" t="ppcif" f="7" l="94" c="0">
<BEGIN l="94" c="44"/>
<END l="96" c="0"/>
</B>
<B id="104" t="ppcif" f="7" l="99" c="0">
<BEGIN l="99" c="46"/>
<END l="101" c="0"/>
</B>
<B id="105" t="ppcif" f="7" l="104" c="0">
<BEGIN l="104" c="45"/>
<END l="106" c="0"/>
</B>
<B id="106" t="ppcif" f="7" l="112" c="0">
<BEGIN l="112" c="56"/>
<END l="114" c="0"/>
</B>
<B id="107" t="ppcif" f="7" l="117" c="0">
<BEGIN l="117" c="45"/>
<END l="119" c="0"/>
</B>
<B id="108" t="ppcif" f="7" l="122" c="0">
<BEGIN l="122" c="56"/>
<END l="124" c="0"/>
</B>
<B id="109" t="ppcif" f="7" l="127" c="0">
<BEGIN l="127" c="45"/>
<END l="129" c="0"/>
</B>
<B id="110" t="ppcrmif" f="7" l="132" c="0">
<BEGIN l="132" c="48"/>
<END l="134" c="0"/>
</B>
<B id="111" t="ppcif" f="7" l="137" c="0">
<BEGIN l="137" c="56"/>
<END l="139" c="0"/>
</B>
<B id="112" t="ppcif" f="7" l="142" c="0">
<BEGIN l="142" c="45"/>
<END l="144" c="0"/>
</B>
<B id="113" t="ppcif" f="7" l="147" c="0">
<BEGIN l="147" c="56"/>
<END l="149" c="0"/>
</B>
<B id="114" t="ppcrmif" f="7" l="152" c="0">
<BEGIN l="152" c="59"/>
<END l="154" c="0"/>
</B>
<B id="115" t="ppcif" f="7" l="157" c="0">
<BEGIN l="157" c="45"/>
<END l="159" c="0"/>
</B>
<B id="116" t="ppcif" f="7" l="162" c="0">
<BEGIN l="162" c="56"/>
<END l="164" c="0"/>
</B>
<B id="117" t="ppcif" f="7" l="167" c="0">
<BEGIN l="167" c="45"/>
<END l="169" c="0"/>
</B>
<B id="118" t="ppcif" f="7" l="172" c="0">
<BEGIN l="172" c="56"/>
<END l="174" c="0"/>
</B>
<B id="119" t="ppcif" f="7" l="177" c="0">
<BEGIN l="177" c="45"/>
<END l="179" c="0"/>
</B>
<B id="120" t="ppcif" f="7" l="182" c="0">
<BEGIN l="182" c="28"/>
<END l="184" c="0"/>
</B>
<B id="121" t="ppcif" f="7" l="187" c="0">
<BEGIN l="187" c="56"/>
<END l="189" c="0"/>
</B>
<B id="122" t="ppcif" f="7" l="192" c="0">
<BEGIN l="192" c="45"/>
<END l="194" c="0"/>
</B>
<B id="123" t="ppcif" f="7" l="197" c="0">
<BEGIN l="197" c="58"/>
<END l="199" c="0"/>
</B>
<B id="124" t="ppcif" f="7" l="202" c="0">
<BEGIN l="202" c="47"/>
<END l="204" c="0"/>
</B>
<B id="125" t="ppcif" f="7" l="207" c="0">
<BEGIN l="207" c="57"/>
<END l="209" c="0"/>
</B>
<B id="126" t="ppcif" f="7" l="212" c="0">
<BEGIN l="212" c="46"/>
<END l="214" c="0"/>
</B>
<B id="127" t="type" f="6" l="86" c="0">
<BEGIN l="86" c="0"/>
<END l="112" c="0"/>
</B>
<B id="128" t="type" f="6" l="115" c="0">
<BEGIN l="115" c="0"/>
<END l="141" c="0"/>
</B>
<B id="129" t="type" f="6" l="144" c="0">
<BEGIN l="144" c="0"/>
<END l="158" c="0"/>
</B>
<B id="130" t="type" f="6" l="161" c="0">
<BEGIN l="161" c="0"/>
<END l="175" c="0"/>
</B>
<B id="131" t="type" f="6" l="178" c="0">
<BEGIN l="178" c="0"/>
<END l="213" c="0"/>
</B>
<B id="132" t="ppcif" f="6" l="26" c="0">
<BEGIN l="26" c="29"/>
<END l="326" c="0"/>
</B>
<B id="133" t="ppcif" f="6" l="41" c="0">
<BEGIN l="41" c="32"/>
<END l="43" c="0"/>
</B>
<B id="134" t="ppcif" f="6" l="45" c="0">
<BEGIN l="45" c="29"/>
<END l="47" c="0"/>
</B>
<B id="135" t="ppcif" f="6" l="48" c="0">
<BEGIN l="48" c="29"/>
<END l="50" c="0"/>
</B>
<B id="136" t="ppcif" f="6" l="51" c="0">
<BEGIN l="51" c="29"/>
<END l="53" c="0"/>
</B>
<B id="137" t="ppcif" f="6" l="55" c="0">
<BEGIN l="55" c="32"/>
<END l="57" c="0"/>
</B>
<B id="138" t="ppcif" f="6" l="59" c="0">
<BEGIN l="59" c="29"/>
<END l="61" c="0"/>
</B>
<B id="139" t="ppcif" f="6" l="62" c="0">
<BEGIN l="62" c="29"/>
<END l="64" c="0"/>
</B>
<B id="140" t="ppcif" f="6" l="65" c="0">
<BEGIN l="65" c="29"/>
<END l="67" c="0"/>
</B>
<B id="141" t="ppcif" f="6" l="69" c="0">
<BEGIN l="69" c="32"/>
<END l="71" c="0"/>
</B>
<B id="142" t="ppcif" f="6" l="73" c="0">
<BEGIN l="73" c="29"/>
<END l="75" c="0"/>
</B>
<B id="143" t="ppcif" f="6" l="76" c="0">
<BEGIN l="76" c="29"/>
<END l="78" c="0"/>
</B>
<B id="144" t="ppcif" f="6" l="79" c="0">
<BEGIN l="79" c="29"/>
<END l="81" c="0"/>
</B>
<B id="145" t="ppcif" f="31" l="27" c="0">
<BEGIN l="27" c="40"/>
<END l="32" c="0"/>
</B>
<B id="146" t="ppcif" f="31" l="34" c="0">
<BEGIN l="34" c="39"/>
<END l="39" c="0"/>
</B>
<B id="147" t="ppcif" f="31" l="41" c="0">
<BEGIN l="41" c="44"/>
<END l="47" c="0"/>
</B>
<B id="148" t="ppcelif" f="31" l="47" c="0">
<BEGIN l="47" c="5"/>
<END l="52" c="0"/>
</B>
<B id="149" t="ppcelif" f="31" l="52" c="0">
<BEGIN l="52" c="5"/>
<END l="60" c="0"/>
</B>
<B id="150" t="ppcelif" f="31" l="60" c="0">
<BEGIN l="60" c="5"/>
<END l="66" c="0"/>
</B>
<B id="151" t="ppcrmif" f="31" l="68" c="0">
<BEGIN l="68" c="19"/>
<END l="70" c="0"/>
</B>
</Blocks>
</Navig>
