<?pst parser version="1.0" encoding="UTF-8"?>
<DiffFile>
<Header>
--
-- File created by Polyspace / Comments Diff
-- Copyright 1999-2018 MathWorks, Inc.
--
</Header>

<File Name="FordMsg230BusHiSpd.c" NewName="FordMsg230BusHiSpd.c">

        <Rule Name="21.1" File="FordMsg230BusHiSpd.c">
            <Diff Reason="NO_MATCH_FOUND" RuleID="18" File="C:\Users\NZ5334\Documents\Synergy\Working\ses_dev_ea4\MM066A_FordMsg230BusHiSpd_Impl\src\FordMsg230BusHiSpd.c" Line="1148" Col="89">
            <IsViolated/>
            </Diff>
        </Rule>

        <Rule Name="21.1" File="FordMsg230BusHiSpd.c">
            <Diff Reason="NO_MATCH_FOUND" RuleID="49" File="C:\Users\NZ5334\Documents\Synergy\Working\ses_dev_ea4\MM066A_FordMsg230BusHiSpd_Impl\src\FordMsg230BusHiSpd.c" Line="1253" Col="71">
            <IsViolated/>
            </Diff>
        </Rule>
</File>
</DiffFile>
