<?pst parser version="1.0" encoding="UTF-8"?>
<DiffFile>
<Header>
--
-- File created by Polyspace / Comments Diff
-- Copyright 1999-2018 MathWorks, Inc.
--
</Header>

<File Name="FordMsg230BusHiSpd.c" NewName="FordMsg230BusHiSpd.c">

    <CodeStruct Name="FordMsg230BusHiSpd.MsgPrsnt" File="FordMsg230BusHiSpd.c" Line="1115" Col="12" NewName="FordMsg230BusHiSpd.MsgPrsnt" NewFile="FordMsg230BusHiSpd.c" NewLine="1115" NewCol="12">

        <Er Category="UNR" Checker="DEAD_CODE" NodeID="16" Color="Gray" File="FordMsg230BusHiSpd.c" Line="1146" Col="16">
            <Diff Reason="NO_MATCH_FOUND" File="FordMsg230BusHiSpd.c" Line="1146">
            </Diff>
        </Er>

        <Er Category="IDP" Checker="OUT_BOUND_PTR" NodeID="17" Color="Gray" File="FordMsg230BusHiSpd.c" Line="1148" Col="89">
            <Diff Reason="COLOR_HAS_CHANGED" NodeID="16" Color="Orange" File="FordMsg230BusHiSpd.c" Line="1148" Col="89">
            </Diff>
        </Er>

        <Er Category="NIV" Checker="NON_INIT_VAR" NodeID="18" Color="Gray" File="FordMsg230BusHiSpd.c" Line="1148" Col="89">
            <Diff Reason="COLOR_HAS_CHANGED" NodeID="17" Color="Green" File="FordMsg230BusHiSpd.c" Line="1148" Col="89">
            </Diff>
        </Er>

        <Er Category="NIP" Checker="NON_INIT_PTR" NodeID="19" Color="Gray" File="FordMsg230BusHiSpd.c" Line="1148" Col="91">
            <Diff Reason="COLOR_HAS_CHANGED" NodeID="18" Color="Green" File="FordMsg230BusHiSpd.c" Line="1148" Col="91">
            </Diff>
        </Er>

        <Er Category="IDP" Checker="OUT_BOUND_PTR" NodeID="20" Color="Gray" File="FordMsg230BusHiSpd.c" Line="1148" Col="118">
            <Diff Reason="COLOR_HAS_CHANGED" NodeID="19" Color="Green" File="FordMsg230BusHiSpd.c" Line="1148" Col="118">
            </Diff>
        </Er>

        <Er Category="NIP" Checker="NON_INIT_PTR" NodeID="21" Color="Gray" File="FordMsg230BusHiSpd.c" Line="1148" Col="120">
            <Diff Reason="COLOR_HAS_CHANGED" NodeID="20" Color="Green" File="FordMsg230BusHiSpd.c" Line="1148" Col="120">
            </Diff>
        </Er>

        <Er Category="NIVL" Checker="NON_INIT_VAR" NodeID="22" Color="Gray" File="FordMsg230BusHiSpd.c" Line="1149" Col="28">
            <Diff Reason="COLOR_HAS_CHANGED" NodeID="21" Color="Green" File="FordMsg230BusHiSpd.c" Line="1149" Col="28">
            </Diff>
        </Er>

        <Er Category="NIVL" Checker="NON_INIT_VAR" NodeID="23" Color="Gray" File="FordMsg230BusHiSpd.c" Line="1149" Col="56">
            <Diff Reason="COLOR_HAS_CHANGED" NodeID="22" Color="Green" File="FordMsg230BusHiSpd.c" Line="1149" Col="56">
            </Diff>
        </Er>
    </CodeStruct>

    <CodeStruct Name="FordMsg230BusHiSpd.OutpProcg" File="FordMsg230BusHiSpd.c" Line="1193" Col="12" NewName="FordMsg230BusHiSpd.OutpProcg" NewFile="FordMsg230BusHiSpd.c" NewLine="1193" NewCol="12">

        <Er Category="UNR" Checker="DEAD_CODE" NodeID="5" Color="Gray" File="FordMsg230BusHiSpd.c" Line="1207" Col="11">
            <Diff Reason="NO_MATCH_FOUND" File="FordMsg230BusHiSpd.c" Line="1207" Col="11">
            </Diff>
        </Er>

        <Er Category="NIVL" Checker="NON_INIT_VAR" NodeID="6" Color="Gray" File="FordMsg230BusHiSpd.c" Line="1207" Col="29">
            <Diff Reason="COLOR_HAS_CHANGED" NodeID="5" Color="Green" File="FordMsg230BusHiSpd.c" Line="1207" Col="29">
            </Diff>
        </Er>

        <Er Category="NIVL" Checker="NON_INIT_VAR" NodeID="7" Color="Gray" File="FordMsg230BusHiSpd.c" Line="1208" Col="40">
            <Diff Reason="COLOR_HAS_CHANGED" NodeID="6" Color="Green" File="FordMsg230BusHiSpd.c" Line="1208" Col="40">
            </Diff>
        </Er>

        <Er Category="UNR" Checker="DEAD_CODE" NodeID="10" Color="Gray" File="FordMsg230BusHiSpd.c" Line="1213" Col="8">
            <Diff Reason="NO_MATCH_FOUND" File="FordMsg230BusHiSpd.c" Line="1213">
            </Diff>
        </Er>

        <Er Category="IDP" Checker="OUT_BOUND_PTR" NodeID="11" Color="Gray" File="FordMsg230BusHiSpd.c" Line="1214" Col="16">
            <Diff Reason="COLOR_HAS_CHANGED" NodeID="9" Color="Green" File="FordMsg230BusHiSpd.c" Line="1214" Col="16">
            </Diff>
        </Er>

        <Er Category="NIP" Checker="NON_INIT_PTR" NodeID="12" Color="Gray" File="FordMsg230BusHiSpd.c" Line="1214" Col="17">
            <Diff Reason="COLOR_HAS_CHANGED" NodeID="10" Color="Green" File="FordMsg230BusHiSpd.c" Line="1214" Col="17">
            </Diff>
        </Er>

        <Er Category="UNR" Checker="DEAD_CODE" NodeID="43" Color="Gray" File="FordMsg230BusHiSpd.c" Line="1246" Col="16">
            <Diff Reason="NO_MATCH_FOUND" File="FordMsg230BusHiSpd.c" Line="1246">
            </Diff>
        </Er>

        <Er Category="NIVL" Checker="NON_INIT_VAR" NodeID="44" Color="Gray" File="FordMsg230BusHiSpd.c" Line="1247" Col="34">
            <Diff Reason="COLOR_HAS_CHANGED" NodeID="41" Color="Green" File="FordMsg230BusHiSpd.c" Line="1247" Col="34">
            </Diff>
        </Er>

        <Er Category="IDP" Checker="OUT_BOUND_PTR" NodeID="45" Color="Gray" File="FordMsg230BusHiSpd.c" Line="1249" Col="32">
            <Diff Reason="COLOR_HAS_CHANGED" NodeID="42" Color="Green" File="FordMsg230BusHiSpd.c" Line="1249" Col="32">
            </Diff>
        </Er>

        <Er Category="NIP" Checker="NON_INIT_PTR" NodeID="46" Color="Gray" File="FordMsg230BusHiSpd.c" Line="1249" Col="33">
            <Diff Reason="COLOR_HAS_CHANGED" NodeID="43" Color="Green" File="FordMsg230BusHiSpd.c" Line="1249" Col="33">
            </Diff>
        </Er>

        <Er Category="IDP" Checker="OUT_BOUND_PTR" NodeID="47" Color="Gray" File="FordMsg230BusHiSpd.c" Line="1253" Col="32">
            <Diff Reason="COLOR_HAS_CHANGED" NodeID="44" Color="Green" File="FordMsg230BusHiSpd.c" Line="1253" Col="32">
            </Diff>
        </Er>

        <Er Category="NIP" Checker="NON_INIT_PTR" NodeID="48" Color="Gray" File="FordMsg230BusHiSpd.c" Line="1253" Col="33">
            <Diff Reason="COLOR_HAS_CHANGED" NodeID="45" Color="Green" File="FordMsg230BusHiSpd.c" Line="1253" Col="33">
            </Diff>
        </Er>

        <Er Category="IDP" Checker="OUT_BOUND_PTR" NodeID="49" Color="Gray" File="FordMsg230BusHiSpd.c" Line="1253" Col="71">
            <Diff Reason="COLOR_HAS_CHANGED" NodeID="46" Color="Orange" File="FordMsg230BusHiSpd.c" Line="1253" Col="71">
            </Diff>
        </Er>

        <Er Category="NIV" Checker="NON_INIT_VAR" NodeID="50" Color="Gray" File="FordMsg230BusHiSpd.c" Line="1253" Col="71">
            <Diff Reason="COLOR_HAS_CHANGED" NodeID="47" Color="Green" File="FordMsg230BusHiSpd.c" Line="1253" Col="71">
            </Diff>
        </Er>

        <Er Category="NIP" Checker="NON_INIT_PTR" NodeID="51" Color="Gray" File="FordMsg230BusHiSpd.c" Line="1253" Col="73">
            <Diff Reason="COLOR_HAS_CHANGED" NodeID="48" Color="Green" File="FordMsg230BusHiSpd.c" Line="1253" Col="73">
            </Diff>
        </Er>

        <Er Category="IDP" Checker="OUT_BOUND_PTR" NodeID="52" Color="Gray" File="FordMsg230BusHiSpd.c" Line="1253" Col="100">
            <Diff Reason="COLOR_HAS_CHANGED" NodeID="49" Color="Green" File="FordMsg230BusHiSpd.c" Line="1253" Col="100">
            </Diff>
        </Er>

        <Er Category="NIP" Checker="NON_INIT_PTR" NodeID="53" Color="Gray" File="FordMsg230BusHiSpd.c" Line="1253" Col="102">
            <Diff Reason="COLOR_HAS_CHANGED" NodeID="50" Color="Green" File="FordMsg230BusHiSpd.c" Line="1253" Col="102">
            </Diff>
        </Er>

        <Er Category="NIP" Checker="NON_INIT_PTR" NodeID="54" Color="Gray" File="FordMsg230BusHiSpd.c" Line="1255" Col="91">
            <Diff Reason="COLOR_HAS_CHANGED" NodeID="51" Color="Green" File="FordMsg230BusHiSpd.c" Line="1255" Col="91">
            </Diff>
        </Er>

        <Er Category="IDP" Checker="OUT_BOUND_PTR" NodeID="55" Color="Gray" File="FordMsg230BusHiSpd.c" Line="1255" Col="118">
            <Diff Reason="COLOR_HAS_CHANGED" NodeID="52" Color="Green" File="FordMsg230BusHiSpd.c" Line="1255" Col="118">
            </Diff>
        </Er>

        <Er Category="NIP" Checker="NON_INIT_PTR" NodeID="56" Color="Gray" File="FordMsg230BusHiSpd.c" Line="1255" Col="120">
            <Diff Reason="COLOR_HAS_CHANGED" NodeID="53" Color="Green" File="FordMsg230BusHiSpd.c" Line="1255" Col="120">
            </Diff>
        </Er>
    </CodeStruct>
</File>
</DiffFile>
