<?xml version="1.0" encoding="UTF-8"?>

<project name="Polyspace" files="3" includes="24" ap_cg_cycle="0" ap_cg_direct_cycle="0" pshv="0" unpshv="0">
<file name="E:\EA4NewTemplate\AR350A_ImcArbn_Impl\tools\local\generate\Rte_Stubs.c" total_lines="59" lines_without_cmt="39" comf="6" fco="25">
<function name="Rte_Stub" path="1" goto="0" vg="1" calling="0" calls="26" param="0" stmt="26" level="1" return="0" vocf="2.5" flin="26" fxln="26" ncalls="26">
</function>
<function name="Rte_Call_ImcArbn_SetNtcSts_Oper" path="1" goto="0" vg="1" calling="1" calls="0" param="4" stmt="5" level="1" return="1" vocf="1.6" flin="5" fxln="5" ncalls="0">
</function>
</file>
<file name="E:\EA4NewTemplate\AR350A_ImcArbn_Impl\tools\local\generate\ImcArbn_Private_Cfg.c" total_lines="239" lines_without_cmt="168" comf="54" fco="1">
<function name="GetImcTestSig8" path="1" goto="0" vg="1" calling="0" calls="1" param="0" stmt="3" level="1" return="1" vocf="2.2" flin="5" fxln="3" ncalls="1">
</function>
<function name="GetImcTestSig7" path="1" goto="0" vg="1" calling="0" calls="1" param="0" stmt="3" level="1" return="1" vocf="2.2" flin="5" fxln="3" ncalls="1">
</function>
<function name="GetImcTestSig6" path="1" goto="0" vg="1" calling="0" calls="1" param="0" stmt="3" level="1" return="1" vocf="2.2" flin="5" fxln="3" ncalls="1">
</function>
<function name="GetImcTestSig5" path="1" goto="0" vg="1" calling="0" calls="1" param="0" stmt="3" level="1" return="1" vocf="2.2" flin="5" fxln="3" ncalls="1">
</function>
<function name="GetImcTestSig4" path="1" goto="0" vg="1" calling="0" calls="1" param="0" stmt="3" level="1" return="1" vocf="2.2" flin="5" fxln="3" ncalls="1">
</function>
<function name="GetImcTestSig3" path="1" goto="0" vg="1" calling="0" calls="1" param="0" stmt="3" level="1" return="1" vocf="2.2" flin="5" fxln="3" ncalls="1">
</function>
<function name="GetImcTestSig2" path="1" goto="0" vg="1" calling="0" calls="1" param="0" stmt="2" level="1" return="1" vocf="1.9" flin="4" fxln="2" ncalls="1">
</function>
<function name="GetImcTestSig1" path="1" goto="0" vg="1" calling="0" calls="1" param="0" stmt="3" level="1" return="1" vocf="2.4" flin="5" fxln="3" ncalls="1">
</function>
</file>
<file name="E:\EA4NewTemplate\AR350A_ImcArbn_Impl\src\ImcArbn.c" total_lines="3886" lines_without_cmt="1296" comf="67" fco="63">
<function name="NoDataRxd" path="2" goto="0" vg="2" calling="1" calls="0" param="2" stmt="4" level="1" return="1" vocf="2.5" flin="13" fxln="5" ncalls="0">
</function>
<function name="GetImcFltParamByte" path="16" goto="0" vg="5" calling="1" calls="0" param="0" stmt="10" level="1" return="1" vocf="15.6" flin="38" fxln="17" ncalls="0">
</function>
<function name="GetImcSigSts" path="3" goto="0" vg="3" calling="8" calls="0" param="1" stmt="8" level="1" return="1" vocf="2.7" flin="25" fxln="12" ncalls="0">
</function>
<function name="DecodSigGroupData" path="2" goto="0" vg="2" calling="1" calls="2" param="4" stmt="8" level="1" return="0" vocf="4.1" flin="20" fxln="8" ncalls="2">
</function>
<function name="CreatSigGroupData" path="2" goto="0" vg="2" calling="1" calls="0" param="1" stmt="5" level="1" return="1" vocf="2.6" flin="13" fxln="4" ncalls="0">
</function>
<function name="RollgCntrSeqChk" path="4" goto="0" vg="3" calling="1" calls="0" param="4" stmt="13" level="1" return="1" vocf="4.2" flin="33" fxln="10" ncalls="0">
</function>
<function name="VldtRollgCntrAlg" path="11" goto="0" vg="8" calling="1" calls="1" param="4" stmt="21" level="4" return="1" vocf="9.0" flin="91" fxln="34" ncalls="3">
</function>
<function name="VldtRollgCntr" path="3" goto="0" vg="3" calling="1" calls="1" param="4" stmt="12" level="2" return="1" vocf="7.4" flin="35" fxln="17" ncalls="1">
</function>
<function name="ImcChResyncHndlg" path="16" goto="0" vg="7" calling="1" calls="0" param="3" stmt="22" level="3" return="0" vocf="15.2" flin="83" fxln="26" ncalls="0">
</function>
<function name="RxFrmVldChk" path="34" goto="0" vg="15" calling="1" calls="3" param="7" stmt="38" level="5" return="1" vocf="11.7" flin="121" fxln="43" ncalls="3">
</function>
<function name="EvlSigGroupNeverRxdMissSts" path="3" goto="0" vg="3" calling="1" calls="0" param="2" stmt="8" level="2" return="1" vocf="4.8" flin="31" fxln="10" ncalls="0">
</function>
<function name="OvrdSigStsDurgStrtUp" path="3" goto="0" vg="3" calling="1" calls="0" param="2" stmt="3" level="2" return="0" vocf="2.2" flin="10" fxln="3" ncalls="0">
</function>
<function name="NoDataHndlg" path="6" goto="0" vg="4" calling="1" calls="1" param="6" stmt="12" level="2" return="0" vocf="5.7" flin="31" fxln="13" ncalls="1">
</function>
<function name="ImcArbnRx" path="161" goto="0" vg="12" calling="3" calls="7" param="3" stmt="56" level="4" return="0" vocf="11.7" flin="191" fxln="82" ncalls="10">
</function>
<function name="ImcArbnTx" path="6" goto="0" vg="4" calling="3" calls="4" param="1" stmt="20" level="2" return="0" vocf="6.9" flin="55" fxln="20" ncalls="4">
</function>
<function name="SetRxSigGroup_Oper" path="6" goto="0" vg="6" calling="1" calls="3" param="3" stmt="21" level="3" return="1" vocf="5.1" flin="62" fxln="25" ncalls="6">
</function>
<function name="ImcArbnPer6" path="9" goto="0" vg="5" calling="1" calls="4" param="0" stmt="11" level="2" return="0" vocf="3.9" flin="51" fxln="12" ncalls="5">
</function>
<function name="ImcArbnPer5" path="1" goto="0" vg="1" calling="1" calls="1" param="0" stmt="2" level="1" return="0" vocf="2.2" flin="19" fxln="2" ncalls="1">
</function>
<function name="ImcArbnPer4" path="1" goto="0" vg="1" calling="1" calls="1" param="0" stmt="2" level="1" return="0" vocf="2.2" flin="21" fxln="2" ncalls="1">
</function>
<function name="ImcArbnPer3" path="1" goto="0" vg="1" calling="1" calls="1" param="0" stmt="1" level="1" return="0" vocf="1.6" flin="12" fxln="1" ncalls="1">
</function>
<function name="ImcArbnPer2" path="1" goto="0" vg="1" calling="1" calls="1" param="0" stmt="1" level="1" return="0" vocf="1.6" flin="12" fxln="1" ncalls="1">
</function>
<function name="ImcArbnPer1" path="1" goto="0" vg="1" calling="1" calls="1" param="0" stmt="1" level="1" return="0" vocf="1.6" flin="13" fxln="1" ncalls="1">
</function>
<function name="ImcArbnInit1" path="4" goto="0" vg="3" calling="1" calls="1" param="0" stmt="9" level="1" return="0" vocf="5.4" flin="27" fxln="9" ncalls="1">
</function>
<function name="GetTxSigGroup_Oper" path="3" goto="0" vg="3" calling="1" calls="3" param="2" stmt="9" level="2" return="1" vocf="3.4" flin="33" fxln="10" ncalls="3">
</function>
<function name="GetTxRateGroup_Oper" path="4" goto="0" vg="4" calling="1" calls="3" param="2" stmt="10" level="3" return="1" vocf="4.9" flin="40" fxln="14" ncalls="3">
</function>
<function name="GetSigImcData_u32_Oper" path="3" goto="0" vg="3" calling="1" calls="4" param="3" stmt="10" level="2" return="1" vocf="3.8" flin="35" fxln="13" ncalls="4">
</function>
<function name="GetSigImcData_u16_Oper" path="3" goto="0" vg="3" calling="1" calls="4" param="3" stmt="10" level="2" return="1" vocf="3.9" flin="35" fxln="13" ncalls="4">
</function>
<function name="GetSigImcData_u08_Oper" path="3" goto="0" vg="3" calling="1" calls="4" param="3" stmt="10" level="2" return="1" vocf="3.8" flin="33" fxln="13" ncalls="4">
</function>
<function name="GetSigImcData_s32_Oper" path="3" goto="0" vg="3" calling="1" calls="4" param="3" stmt="10" level="2" return="1" vocf="3.8" flin="35" fxln="13" ncalls="4">
</function>
<function name="GetSigImcData_s16_Oper" path="3" goto="0" vg="3" calling="1" calls="4" param="3" stmt="10" level="2" return="1" vocf="3.8" flin="34" fxln="13" ncalls="4">
</function>
<function name="GetSigImcData_s08_Oper" path="3" goto="0" vg="3" calling="1" calls="4" param="3" stmt="10" level="2" return="1" vocf="3.8" flin="34" fxln="13" ncalls="4">
</function>
<function name="GetSigImcData_logl_Oper" path="3" goto="0" vg="3" calling="1" calls="4" param="3" stmt="10" level="2" return="1" vocf="3.8" flin="34" fxln="13" ncalls="4">
</function>
<function name="GetSigImcData_f32_Oper" path="3" goto="0" vg="3" calling="1" calls="4" param="3" stmt="10" level="2" return="1" vocf="4.0" flin="35" fxln="13" ncalls="4">
</function>
<function name="GetSigImcDataExtdSts_u32_Oper" path="3" goto="0" vg="3" calling="1" calls="3" param="4" stmt="11" level="2" return="1" vocf="4.4" flin="36" fxln="15" ncalls="3">
</function>
<function name="GetSigImcDataExtdSts_u16_Oper" path="3" goto="0" vg="3" calling="1" calls="3" param="4" stmt="11" level="2" return="1" vocf="4.5" flin="35" fxln="15" ncalls="3">
</function>
<function name="GetSigImcDataExtdSts_u08_Oper" path="3" goto="0" vg="3" calling="1" calls="3" param="4" stmt="11" level="2" return="1" vocf="4.4" flin="36" fxln="15" ncalls="3">
</function>
<function name="GetSigImcDataExtdSts_s32_Oper" path="3" goto="0" vg="3" calling="1" calls="3" param="4" stmt="11" level="2" return="1" vocf="4.4" flin="37" fxln="15" ncalls="3">
</function>
<function name="GetSigImcDataExtdSts_s16_Oper" path="3" goto="0" vg="3" calling="1" calls="3" param="4" stmt="11" level="2" return="1" vocf="4.4" flin="37" fxln="15" ncalls="3">
</function>
<function name="GetSigImcDataExtdSts_s08_Oper" path="3" goto="0" vg="3" calling="1" calls="3" param="4" stmt="11" level="2" return="1" vocf="4.4" flin="35" fxln="15" ncalls="3">
</function>
<function name="GetSigImcDataExtdSts_logl_Oper" path="3" goto="0" vg="3" calling="1" calls="3" param="4" stmt="11" level="2" return="1" vocf="4.4" flin="35" fxln="15" ncalls="3">
</function>
<function name="GetSigImcDataExtdSts_f32_Oper" path="3" goto="0" vg="3" calling="1" calls="3" param="4" stmt="11" level="2" return="1" vocf="4.6" flin="35" fxln="15" ncalls="3">
</function>
</file>
</project>
