<?pst parser version="1.0" encoding="UTF-8"?>
<DiffFile>
<Header>
--
-- File created by Polyspace / Comments Diff
-- Copyright 1999-2018 MathWorks, Inc.
--
</Header>

<File Name="FordMsg216BusHiSpd.c" NewName="FordMsg216BusHiSpd.c">

        <Rule Name="5.1" File="FordMsg216BusHiSpd.c">
            <Diff Reason="NO_MATCH_FOUND" RuleID="242" File="C:\Users\NZ5334\Documents\Synergy\Working\ses_dev_ea4\MM064A_FordMsg216BusHiSpd_Impl\src\FordMsg216BusHiSpd.c" Line="1171" Col="33">
            <IsViolated/>
            </Diff>
        </Rule>

        <Rule Name="5.1" File="FordMsg216BusHiSpd.c">
            <Diff Reason="NO_MATCH_FOUND" RuleID="243" File="C:\Users\NZ5334\Documents\Synergy\Working\ses_dev_ea4\MM064A_FordMsg216BusHiSpd_Impl\src\FordMsg216BusHiSpd.c" Line="1172" Col="33">
            <IsViolated/>
            </Diff>
        </Rule>

        <Rule Name="5.1" File="FordMsg216BusHiSpd.c">
            <Diff Reason="NO_MATCH_FOUND" RuleID="244" File="C:\Users\NZ5334\Documents\Synergy\Working\ses_dev_ea4\MM064A_FordMsg216BusHiSpd_Impl\src\FordMsg216BusHiSpd.c" Line="1173" Col="33">
            <IsViolated/>
            </Diff>
        </Rule>

        <Rule Name="5.1" File="FordMsg216BusHiSpd.c">
            <Diff Reason="NO_MATCH_FOUND" RuleID="245" File="C:\Users\NZ5334\Documents\Synergy\Working\ses_dev_ea4\MM064A_FordMsg216BusHiSpd_Impl\src\FordMsg216BusHiSpd.c" Line="1174" Col="33">
            <IsViolated/>
            </Diff>
        </Rule>

        <Rule Name="5.1" File="FordMsg216BusHiSpd.c">
            <Diff Reason="NO_MATCH_FOUND" RuleID="246" File="C:\Users\NZ5334\Documents\Synergy\Working\ses_dev_ea4\MM064A_FordMsg216BusHiSpd_Impl\src\FordMsg216BusHiSpd.c" Line="1175" Col="33">
            <IsViolated/>
            </Diff>
        </Rule>

        <Rule Name="5.1" File="FordMsg216BusHiSpd.c">
            <Diff Reason="NO_MATCH_FOUND" RuleID="248" File="C:\Users\NZ5334\Documents\Synergy\Working\ses_dev_ea4\MM064A_FordMsg216BusHiSpd_Impl\src\FordMsg216BusHiSpd.c" Line="1176" Col="33">
            <IsViolated/>
            </Diff>
        </Rule>

        <Rule Name="5.1" File="FordMsg216BusHiSpd.c">
            <Diff Reason="NO_MATCH_FOUND" RuleID="250" File="C:\Users\NZ5334\Documents\Synergy\Working\ses_dev_ea4\MM064A_FordMsg216BusHiSpd_Impl\src\FordMsg216BusHiSpd.c" Line="1177" Col="33">
            <IsViolated/>
            </Diff>
        </Rule>

        <Rule Name="5.1" File="FordMsg216BusHiSpd.c">
            <Diff Reason="NO_MATCH_FOUND" RuleID="252" File="C:\Users\NZ5334\Documents\Synergy\Working\ses_dev_ea4\MM064A_FordMsg216BusHiSpd_Impl\src\FordMsg216BusHiSpd.c" Line="1178" Col="33">
            <IsViolated/>
            </Diff>
        </Rule>

        <Rule Name="5.1" RuleID="213" File="FordMsg216BusHiSpd.c" Line="1140" Col="16">
            <IsViolated/>
            <Diff Reason="NO_MATCH_FOUND" File="FordMsg216BusHiSpd.c">
            </Diff>
        </Rule>

        <Rule Name="5.1" RuleID="214" File="FordMsg216BusHiSpd.c" Line="1141" Col="16">
            <IsViolated/>
            <Diff Reason="NO_MATCH_FOUND" File="FordMsg216BusHiSpd.c">
            </Diff>
        </Rule>

        <Rule Name="5.1" RuleID="215" File="FordMsg216BusHiSpd.c" Line="1142" Col="16">
            <IsViolated/>
            <Diff Reason="NO_MATCH_FOUND" File="FordMsg216BusHiSpd.c">
            </Diff>
        </Rule>

        <Rule Name="5.1" RuleID="216" File="FordMsg216BusHiSpd.c" Line="1143" Col="16">
            <IsViolated/>
            <Diff Reason="NO_MATCH_FOUND" File="FordMsg216BusHiSpd.c">
            </Diff>
        </Rule>

        <Rule Name="5.1" RuleID="217" File="FordMsg216BusHiSpd.c" Line="1144" Col="16">
            <IsViolated/>
            <Diff Reason="NO_MATCH_FOUND" File="FordMsg216BusHiSpd.c">
            </Diff>
        </Rule>

        <Rule Name="5.1" RuleID="219" File="FordMsg216BusHiSpd.c" Line="1145" Col="16">
            <IsViolated/>
            <Diff Reason="NO_MATCH_FOUND" File="FordMsg216BusHiSpd.c">
            </Diff>
        </Rule>

        <Rule Name="5.1" RuleID="221" File="FordMsg216BusHiSpd.c" Line="1146" Col="16">
            <IsViolated/>
            <Diff Reason="NO_MATCH_FOUND" File="FordMsg216BusHiSpd.c">
            </Diff>
        </Rule>

        <Rule Name="5.1" RuleID="223" File="FordMsg216BusHiSpd.c" Line="1147" Col="16">
            <IsViolated/>
            <Diff Reason="NO_MATCH_FOUND" File="FordMsg216BusHiSpd.c">
            </Diff>
        </Rule>
</File>
</DiffFile>
