<?pst parser version="1.0" encoding="UTF-8"?>
<DiffFile>
<Header>
--
-- File created by Polyspace / Comments Diff
-- Copyright 1999-2017 MathWorks, Inc.
--
</Header>

<File Name="" NewName="Rte_Stubs.c">
    <Added/>
</File>

<File Name="None" NewName="None">
</File>

<File Name="LoaMgr.c" NewName="LoaMgr.c">

        <Rule Name="8.10" RuleID="2" File="LoaMgr.c" Line="822" Col="0">
            <IsViolated/>
            <Diff Reason="NO_MATCH_FOUND" File="LoaMgr.c" Line="822">
            </Diff>
        </Rule>

        <Rule Name="8.10" RuleID="3" File="LoaMgr.c" Line="908" Col="0">
            <IsViolated/>
            <Diff Reason="NO_MATCH_FOUND" File="LoaMgr.c" Line="908">
            </Diff>
        </Rule>
</File>
</DiffFile>
