<?pst parser version="1.0" encoding="UTF-8"?>
<DiffFile>
<Header>
--
-- File created by Polyspace / Comments Diff
-- Copyright 1999-2017 MathWorks, Inc.
--
</Header>

<File Name="" NewName="Rte_Stubs.c">
    <Added/>

    <CodeStruct NewName="Rte_Stubs.Rte_Stub" NewFile="Rte_Stubs.c" NewLine="30" NewCol="5">
        <Added/>
    </CodeStruct>

    <CodeStruct NewName="Rte_Stubs.Rte_Call_LoaMgr_SetNtcSts_Oper" NewFile="Rte_Stubs.c" NewLine="18" NewCol="15">
        <Added/>
    </CodeStruct>
</File>

<File Name="None" NewName="None">

    <CodeStruct Name="?extern.Rte_Write_LoaMgr_HwTqLoaMtgtnEna_Logl" File="None" Line="0" Col="0" NewFile="None" NewLine="0">
        <Removed/>
    </CodeStruct>

    <CodeStruct Name="?extern.Rte_Prm_LoaMgr_LoaMgrCurrIvtrMtgtnSca_Val" File="None" Line="0" Col="0" NewFile="None" NewLine="0">
        <Removed/>
    </CodeStruct>

    <CodeStruct Name="?extern.Rte_Prm_LoaMgr_LoaMgrHwTqIdptSigFltThd_Val" File="None" Line="0" Col="0" NewFile="None" NewLine="0">
        <Removed/>
    </CodeStruct>

    <CodeStruct Name="?extern.Rte_Prm_LoaMgr_LoaMgrHwTqIdptSig4Resp_Val" File="None" Line="0" Col="0" NewFile="None" NewLine="0">
        <Removed/>
    </CodeStruct>

    <CodeStruct Name="?extern.Rte_Read_LoaMgr_IvtrFetFltTyp_Val" File="None" Line="0" Col="0" NewFile="None" NewLine="0">
        <Removed/>
    </CodeStruct>

    <CodeStruct Name="?extern.Rte_Write_LoaMgr_LoaRateLim_Val" File="None" Line="0" Col="0" NewFile="None" NewLine="0">
        <Removed/>
    </CodeStruct>

    <CodeStruct Name="?extern.Rte_Prm_LoaMgr_LoaMgrIvtrIdptSig2Resp_Val" File="None" Line="0" Col="0" NewFile="None" NewLine="0">
        <Removed/>
    </CodeStruct>

    <CodeStruct Name="?extern.Rte_Write_LoaMgr_LoaSt_Val" File="None" Line="0" Col="0" NewFile="None" NewLine="0">
        <Removed/>
    </CodeStruct>

    <CodeStruct Name="?extern.Rte_Call_LoaMgr_SetNtcSts_Oper" File="None" Line="0" Col="0" NewFile="None" NewLine="0">
        <Removed/>
    </CodeStruct>

    <CodeStruct Name="?extern.Rte_Prm_LoaMgr_LoaMgrMotAgMtgtnScaZeroEna_Logl" File="None" Line="0" Col="0" NewFile="None" NewLine="0">
        <Removed/>
    </CodeStruct>

    <CodeStruct Name="?extern.Rte_Read_LoaMgr_CurrMeasIdptSig_Val" File="None" Line="0" Col="0" NewFile="None" NewLine="0">
        <Removed/>
    </CodeStruct>

    <CodeStruct Name="?extern.Rte_Prm_LoaMgr_LoaMgrCurrMeasMtgtnRate_Val" File="None" Line="0" Col="0" NewFile="None" NewLine="0">
        <Removed/>
    </CodeStruct>

    <CodeStruct Name="?extern.Rte_Prm_LoaMgr_LoaMgrMotAgIdptSigFltThd_Val" File="None" Line="0" Col="0" NewFile="None" NewLine="0">
        <Removed/>
    </CodeStruct>

    <CodeStruct Name="?extern.Rte_Prm_LoaMgr_LoaMgrHwTqIdptSig1NoTqLoaResp_Val" File="None" Line="0" Col="0" NewFile="None" NewLine="0">
        <Removed/>
    </CodeStruct>

    <CodeStruct Name="?extern.Rte_Prm_LoaMgr_LoaMgrHwTqIdptSig3Resp_Val" File="None" Line="0" Col="0" NewFile="None" NewLine="0">
        <Removed/>
    </CodeStruct>

    <CodeStruct Name="?extern.Rte_Prm_LoaMgr_LoaMgrCurrMeasIdptSig0Resp_Val" File="None" Line="0" Col="0" NewFile="None" NewLine="0">
        <Removed/>
    </CodeStruct>

    <CodeStruct Name="?extern.Rte_Prm_LoaMgr_LoaMgrIvtrIdptSig1Resp_Val" File="None" Line="0" Col="0" NewFile="None" NewLine="0">
        <Removed/>
    </CodeStruct>

    <CodeStruct Name="?extern.Rte_Read_LoaMgr_DiagcStsIvtr1Inactv_Logl" File="None" Line="0" Col="0" NewFile="None" NewLine="0">
        <Removed/>
    </CodeStruct>

    <CodeStruct Name="?extern.Rte_Exit_LoaMgr_LoaMgrExclusiveArea" File="None" Line="0" Col="0" NewFile="None" NewLine="0">
        <Removed/>
    </CodeStruct>

    <CodeStruct Name="?extern.Rte_Prm_LoaMgr_LoaMgrIvtrMtgtnSca_Val" File="None" Line="0" Col="0" NewFile="None" NewLine="0">
        <Removed/>
    </CodeStruct>

    <CodeStruct Name="?extern.Rte_Prm_LoaMgr_LoaMgrCurrIvtrMtgtnRate_Val" File="None" Line="0" Col="0" NewFile="None" NewLine="0">
        <Removed/>
    </CodeStruct>

    <CodeStruct Name="?extern.Rte_Prm_LoaMgr_LoaMgrMotAgIdptSig0NoSnsrlsResp_Val" File="None" Line="0" Col="0" NewFile="None" NewLine="0">
        <Removed/>
    </CodeStruct>

    <CodeStruct Name="?extern.Rte_Prm_LoaMgr_LoaMgrFadeOutStRate_Val" File="None" Line="0" Col="0" NewFile="None" NewLine="0">
        <Removed/>
    </CodeStruct>

    <CodeStruct Name="?extern.Rte_Prm_LoaMgr_LoaMgrIvtrMtgtnRate_Val" File="None" Line="0" Col="0" NewFile="None" NewLine="0">
        <Removed/>
    </CodeStruct>

    <CodeStruct Name="?extern.Rte_Prm_LoaMgr_LoaMgrMotAgMtgtnSca_Val" File="None" Line="0" Col="0" NewFile="None" NewLine="0">
        <Removed/>
    </CodeStruct>

    <CodeStruct Name="?extern.Rte_Prm_LoaMgr_LoaMgrHwTqIdptSig0NoTqLoaResp_Val" File="None" Line="0" Col="0" NewFile="None" NewLine="0">
        <Removed/>
    </CodeStruct>

    <CodeStruct Name="?extern.Rte_Prm_LoaMgr_LoaMgrLimdStSca_Val" File="None" Line="0" Col="0" NewFile="None" NewLine="0">
        <Removed/>
    </CodeStruct>

    <CodeStruct Name="?extern.Rte_Prm_LoaMgr_LoaMgrCurrMeasIdptSig1Resp_Val" File="None" Line="0" Col="0" NewFile="None" NewLine="0">
        <Removed/>
    </CodeStruct>

    <CodeStruct Name="?extern.Rte_Prm_LoaMgr_LoaMgrHwTqIdptSig2Resp_Val" File="None" Line="0" Col="0" NewFile="None" NewLine="0">
        <Removed/>
    </CodeStruct>

    <CodeStruct Name="?extern.Rte_Prm_LoaMgr_LoaMgrMotAgMtgtnRate_Val" File="None" Line="0" Col="0" NewFile="None" NewLine="0">
        <Removed/>
    </CodeStruct>

    <CodeStruct Name="?extern.Rte_Prm_LoaMgr_LoaMgrIvtrIdptSig0Resp_Val" File="None" Line="0" Col="0" NewFile="None" NewLine="0">
        <Removed/>
    </CodeStruct>

    <CodeStruct Name="?extern.Rte_Prm_LoaMgr_LoaMgrMotAgIdptSig2Resp_Val" File="None" Line="0" Col="0" NewFile="None" NewLine="0">
        <Removed/>
    </CodeStruct>

    <CodeStruct Name="?extern.Rte_Prm_LoaMgr_LoaMgrCurrMeasIdptSig2Resp_Val" File="None" Line="0" Col="0" NewFile="None" NewLine="0">
        <Removed/>
    </CodeStruct>

    <CodeStruct Name="?extern.Rte_Read_LoaMgr_MotAgSnsrlsAvl_Logl" File="None" Line="0" Col="0" NewFile="None" NewLine="0">
        <Removed/>
    </CodeStruct>

    <CodeStruct Name="?extern.Rte_Read_LoaMgr_DiagcStsIvtr2Inactv_Logl" File="None" Line="0" Col="0" NewFile="None" NewLine="0">
        <Removed/>
    </CodeStruct>

    <CodeStruct Name="?extern.Rte_Prm_LoaMgr_LoaMgrIvtrMtgtnScaZeroEna_Logl" File="None" Line="0" Col="0" NewFile="None" NewLine="0">
        <Removed/>
    </CodeStruct>

    <CodeStruct Name="?extern.Rte_Write_LoaMgr_LoaSca_Val" File="None" Line="0" Col="0" NewFile="None" NewLine="0">
        <Removed/>
    </CodeStruct>

    <CodeStruct Name="?extern.Rte_Prm_LoaMgr_LoaMgrLimdStRate_Val" File="None" Line="0" Col="0" NewFile="None" NewLine="0">
        <Removed/>
    </CodeStruct>

    <CodeStruct Name="?extern.Rte_Enter_LoaMgr_LoaMgrExclusiveArea" File="None" Line="0" Col="0" NewFile="None" NewLine="0">
        <Removed/>
    </CodeStruct>

    <CodeStruct Name="?extern.Rte_Read_LoaMgr_LoaScaDi_Logl" File="None" Line="0" Col="0" NewFile="None" NewLine="0">
        <Removed/>
    </CodeStruct>

    <CodeStruct Name="?extern.Rte_Prm_LoaMgr_LoaMgrIvtrIdptSigFltThd_Val" File="None" Line="0" Col="0" NewFile="None" NewLine="0">
        <Removed/>
    </CodeStruct>

    <CodeStruct Name="?extern.Rte_Prm_LoaMgr_LoaMgrMotAgIdptSig1NoSnsrlsResp_Val" File="None" Line="0" Col="0" NewFile="None" NewLine="0">
        <Removed/>
    </CodeStruct>

    <CodeStruct Name="?extern.Rte_Prm_LoaMgr_LoaMgrCurrMeasMtgtnScaZeroEna_Logl" File="None" Line="0" Col="0" NewFile="None" NewLine="0">
        <Removed/>
    </CodeStruct>

    <CodeStruct Name="?extern.Rte_Prm_LoaMgr_LoaMgrCurrMeasMtgtnSca_Val" File="None" Line="0" Col="0" NewFile="None" NewLine="0">
        <Removed/>
    </CodeStruct>

    <CodeStruct Name="?extern.Rte_Read_LoaMgr_TqLoaAvl_Logl" File="None" Line="0" Col="0" NewFile="None" NewLine="0">
        <Removed/>
    </CodeStruct>

    <CodeStruct Name="?extern.Rte_Prm_LoaMgr_LoaMgrCurrMeasIdptSigFltThd_Val" File="None" Line="0" Col="0" NewFile="None" NewLine="0">
        <Removed/>
    </CodeStruct>

    <CodeStruct Name="?extern.Rte_Prm_LoaMgr_LoaMgrMotAgIdptSig3Resp_Val" File="None" Line="0" Col="0" NewFile="None" NewLine="0">
        <Removed/>
    </CodeStruct>

    <CodeStruct Name="?extern.Rte_Prm_LoaMgr_LoaMgrMotAgAvlSnsrlsResp_Val" File="None" Line="0" Col="0" NewFile="None" NewLine="0">
        <Removed/>
    </CodeStruct>

    <CodeStruct Name="?extern.Rte_Read_LoaMgr_HwTqIdptSig_Val" File="None" Line="0" Col="0" NewFile="None" NewLine="0">
        <Removed/>
    </CodeStruct>

    <CodeStruct Name="?extern.Rte_Read_LoaMgr_MotAgMeclIdptSig_Val" File="None" Line="0" Col="0" NewFile="None" NewLine="0">
        <Removed/>
    </CodeStruct>

    <CodeStruct Name="?extern.Rte_Read_LoaMgr_VehSteerMod_Val" File="None" Line="0" Col="0" NewFile="None" NewLine="0">
        <Removed/>
    </CodeStruct>

    <CodeStruct Name="?extern.Rte_Prm_LoaMgr_LoaMgrHwTqLoaAvlResp_Val" File="None" Line="0" Col="0" NewFile="None" NewLine="0">
        <Removed/>
    </CodeStruct>

    <CodeStruct Name="?extern.Rte_Prm_LoaMgr_LoaMgrCurrIvtrMtgtnScaZeroEna_Logl" File="None" Line="0" Col="0" NewFile="None" NewLine="0">
        <Removed/>
    </CodeStruct>
</File>

<File Name="LoaMgr.c" NewName="LoaMgr.c">
</File>
</DiffFile>
