<?xml version="1.0" encoding="UTF-8"?>

<MISRA-C-Report version="1.3">


<CodeStruct Name="" File="C:\_Synergy_Projects\Working\MM065A_FordMsg217BusHiSpd_Impl\src\FordMsg217BusHiSpd.c" Line="0" Column="0">

<Rule Name="5.1" Mode="required" Report="warning" Id="2">
<Loc File="C:\_Synergy_Projects\Working\MM065A_FordMsg217BusHiSpd_Impl\src\FordMsg217BusHiSpd.c" Line="188" Column="70">
</Loc>
<Message>
Identifiers "FordVehFrntLeWhlSpdVld_Cnt_T_logl" (FordMsg217BusHiSpd.c line 171 column 31) and "FordVehFrntLeWhlSpdVld_Cnt_T_logl" (FordMsg217BusHiSpd.c line 188 column 70) have the same first 33 characters.
</Message>
</Rule>

<Rule Name="5.1" Mode="required" Report="warning" Id="3">
<Loc File="C:\_Synergy_Projects\Working\MM065A_FordMsg217BusHiSpd_Impl\src\FordMsg217BusHiSpd.c" Line="189" Column="70">
</Loc>
<Message>
Identifiers "FordVehFrntRiWhlSpdVld_Cnt_T_logl" (FordMsg217BusHiSpd.c line 172 column 71) and "FordVehFrntRiWhlSpdVld_Cnt_T_logl" (FordMsg217BusHiSpd.c line 189 column 70) have the same first 33 characters.
</Message>
</Rule>

<Rule Name="5.1" Mode="required" Report="warning" Id="4">
<Loc File="C:\_Synergy_Projects\Working\MM065A_FordMsg217BusHiSpd_Impl\src\FordMsg217BusHiSpd.c" Line="190" Column="70">
</Loc>
<Message>
Identifiers "FordVehReLeWhlSpdVld_Cnt_T_logl" (FordMsg217BusHiSpd.c line 173 column 71) and "FordVehReLeWhlSpdVld_Cnt_T_logl" (FordMsg217BusHiSpd.c line 190 column 70) have the same first 31 characters.
</Message>
</Rule>

<Rule Name="5.1" Mode="required" Report="warning" Id="5">
<Loc File="C:\_Synergy_Projects\Working\MM065A_FordMsg217BusHiSpd_Impl\src\FordMsg217BusHiSpd.c" Line="191" Column="70">
</Loc>
<Message>
Identifiers "FordVehReRiWhlSpdVld_Cnt_T_logl" (FordMsg217BusHiSpd.c line 174 column 71) and "FordVehReRiWhlSpdVld_Cnt_T_logl" (FordMsg217BusHiSpd.c line 191 column 70) have the same first 31 characters.
</Message>
</Rule>

<Rule Name="5.1" Mode="required" Report="warning" Id="6">
<Loc File="C:\_Synergy_Projects\Working\MM065A_FordMsg217BusHiSpd_Impl\src\FordMsg217BusHiSpd.c" Line="201" Column="69">
</Loc>
<Message>
Identifiers "FordVehFrntLeWhlSpdVld_Cnt_T_logl" (FordMsg217BusHiSpd.c line 171 column 31) and "FordVehFrntLeWhlSpdVld_Cnt_T_logl" (FordMsg217BusHiSpd.c line 201 column 69) have the same first 33 characters.
Identifiers "FordVehFrntLeWhlSpdVld_Cnt_T_logl" (FordMsg217BusHiSpd.c line 188 column 70) and "FordVehFrntLeWhlSpdVld_Cnt_T_logl" (FordMsg217BusHiSpd.c line 201 column 69) have the same first 33 characters.
</Message>
</Rule>

<Rule Name="5.1" Mode="required" Report="warning" Id="7">
<Loc File="C:\_Synergy_Projects\Working\MM065A_FordMsg217BusHiSpd_Impl\src\FordMsg217BusHiSpd.c" Line="202" Column="69">
</Loc>
<Message>
Identifiers "FordVehFrntRiWhlSpdVld_Cnt_T_logl" (FordMsg217BusHiSpd.c line 189 column 70) and "FordVehFrntRiWhlSpdVld_Cnt_T_logl" (FordMsg217BusHiSpd.c line 202 column 69) have the same first 33 characters.
Identifiers "FordVehFrntRiWhlSpdVld_Cnt_T_logl" (FordMsg217BusHiSpd.c line 172 column 71) and "FordVehFrntRiWhlSpdVld_Cnt_T_logl" (FordMsg217BusHiSpd.c line 202 column 69) have the same first 33 characters.
</Message>
</Rule>

<Rule Name="5.1" Mode="required" Report="warning" Id="8">
<Loc File="C:\_Synergy_Projects\Working\MM065A_FordMsg217BusHiSpd_Impl\src\FordMsg217BusHiSpd.c" Line="203" Column="69">
</Loc>
<Message>
Identifiers "FordVehReLeWhlSpdVld_Cnt_T_logl" (FordMsg217BusHiSpd.c line 173 column 71) and "FordVehReLeWhlSpdVld_Cnt_T_logl" (FordMsg217BusHiSpd.c line 203 column 69) have the same first 31 characters.
Identifiers "FordVehReLeWhlSpdVld_Cnt_T_logl" (FordMsg217BusHiSpd.c line 190 column 70) and "FordVehReLeWhlSpdVld_Cnt_T_logl" (FordMsg217BusHiSpd.c line 203 column 69) have the same first 31 characters.
</Message>
</Rule>

<Rule Name="5.1" Mode="required" Report="warning" Id="9">
<Loc File="C:\_Synergy_Projects\Working\MM065A_FordMsg217BusHiSpd_Impl\src\FordMsg217BusHiSpd.c" Line="204" Column="69">
</Loc>
<Message>
Identifiers "FordVehReRiWhlSpdVld_Cnt_T_logl" (FordMsg217BusHiSpd.c line 191 column 70) and "FordVehReRiWhlSpdVld_Cnt_T_logl" (FordMsg217BusHiSpd.c line 204 column 69) have the same first 31 characters.
Identifiers "FordVehReRiWhlSpdVld_Cnt_T_logl" (FordMsg217BusHiSpd.c line 174 column 71) and "FordVehReRiWhlSpdVld_Cnt_T_logl" (FordMsg217BusHiSpd.c line 204 column 69) have the same first 31 characters.
</Message>
</Rule>

<Rule Name="5.1" Mode="required" Report="warning" Id="10">
<Loc File="C:\_Synergy_Projects\Working\MM065A_FordMsg217BusHiSpd_Impl\src\FordMsg217BusHiSpd.c" Line="207" Column="153">
</Loc>
<Message>
Identifiers "FrntLeWhlBusHiSpdInvldFaildThd_MilliSec_T_u16p0" (FordMsg217BusHiSpd.c line 166 column 69) and "FrntLeWhlBusHiSpdInvldFaildThd_MilliSec_T_u16p0" (FordMsg217BusHiSpd.c line 207 column 153) have the same first 47 characters.
</Message>
</Rule>

<Rule Name="5.1" Mode="required" Report="warning" Id="11">
<Loc File="C:\_Synergy_Projects\Working\MM065A_FordMsg217BusHiSpd_Impl\src\FordMsg217BusHiSpd.c" Line="208" Column="153">
</Loc>
<Message>
Identifiers "FrntRiWhlBusHiSpdInvldFaildThd_MilliSec_T_u16p0" (FordMsg217BusHiSpd.c line 167 column 69) and "FrntRiWhlBusHiSpdInvldFaildThd_MilliSec_T_u16p0" (FordMsg217BusHiSpd.c line 208 column 153) have the same first 47 characters.
</Message>
</Rule>

<Rule Name="5.1" Mode="required" Report="warning" Id="12">
<Loc File="C:\_Synergy_Projects\Working\MM065A_FordMsg217BusHiSpd_Impl\src\FordMsg217BusHiSpd.c" Line="209" Column="154">
</Loc>
<Message>
Identifiers "FordVehFrntLeWhlSpdVldInp_Cnt_T_logl" (FordMsg217BusHiSpd.c line 193 column 70) and "FordVehFrntLeWhlSpdVldInp_Cnt_T_logl" (FordMsg217BusHiSpd.c line 209 column 154) have the same first 36 characters.
</Message>
</Rule>

<Rule Name="5.1" Mode="required" Report="warning" Id="13">
<Loc File="C:\_Synergy_Projects\Working\MM065A_FordMsg217BusHiSpd_Impl\src\FordMsg217BusHiSpd.c" Line="210" Column="154">
</Loc>
<Message>
Identifiers "FordVehFrntRiWhlSpdVldInp_Cnt_T_logl" (FordMsg217BusHiSpd.c line 192 column 70) and "FordVehFrntRiWhlSpdVldInp_Cnt_T_logl" (FordMsg217BusHiSpd.c line 210 column 154) have the same first 36 characters.
</Message>
</Rule>

<Rule Name="5.1" Mode="required" Report="warning" Id="14">
<Loc File="C:\_Synergy_Projects\Working\MM065A_FordMsg217BusHiSpd_Impl\src\FordMsg217BusHiSpd.c" Line="213" Column="151">
</Loc>
<Message>
Identifiers "ReLeWhlBusHiSpdInvldFaildThd_MilliSec_T_u16p0" (FordMsg217BusHiSpd.c line 168 column 69) and "ReLeWhlBusHiSpdInvldFaildThd_MilliSec_T_u16p0" (FordMsg217BusHiSpd.c line 213 column 151) have the same first 45 characters.
</Message>
</Rule>

<Rule Name="5.1" Mode="required" Report="warning" Id="15">
<Loc File="C:\_Synergy_Projects\Working\MM065A_FordMsg217BusHiSpd_Impl\src\FordMsg217BusHiSpd.c" Line="214" Column="151">
</Loc>
<Message>
Identifiers "ReRiWhlBusHiSpdInvldFaildThd_MilliSec_T_u16p0" (FordMsg217BusHiSpd.c line 169 column 69) and "ReRiWhlBusHiSpdInvldFaildThd_MilliSec_T_u16p0" (FordMsg217BusHiSpd.c line 214 column 151) have the same first 45 characters.
</Message>
</Rule>

<Rule Name="5.1" Mode="required" Report="warning" Id="16">
<Loc File="C:\_Synergy_Projects\Working\MM065A_FordMsg217BusHiSpd_Impl\src\FordMsg217BusHiSpd.c" Line="215" Column="152">
</Loc>
<Message>
Identifiers "FordVehReLeWhlSpdVldInp_Cnt_T_logl" (FordMsg217BusHiSpd.c line 195 column 70) and "FordVehReLeWhlSpdVldInp_Cnt_T_logl" (FordMsg217BusHiSpd.c line 215 column 152) have the same first 34 characters.
</Message>
</Rule>

<Rule Name="5.1" Mode="required" Report="warning" Id="17">
<Loc File="C:\_Synergy_Projects\Working\MM065A_FordMsg217BusHiSpd_Impl\src\FordMsg217BusHiSpd.c" Line="216" Column="152">
</Loc>
<Message>
Identifiers "FordVehReRiWhlSpdVldInp_Cnt_T_logl" (FordMsg217BusHiSpd.c line 194 column 70) and "FordVehReRiWhlSpdVldInp_Cnt_T_logl" (FordMsg217BusHiSpd.c line 216 column 152) have the same first 34 characters.
</Message>
</Rule>

<Rule Name="19.1" Mode="advisory" Report="warning" Id="18">
<Loc File="C:\_Synergy_Projects\Working\MM065A_FordMsg217BusHiSpd_Impl\src\FordMsg217BusHiSpd.c" Line="855" Column="0">
</Loc>
<Message>
#include statements in a file shall only be preceded by other preprocessor directives or comments.
</Message>
</Rule>

<Rule Name="19.1" Mode="advisory" Report="warning" Id="19">
<Loc File="C:\_Synergy_Projects\Working\MM065A_FordMsg217BusHiSpd_Impl\src\FordMsg217BusHiSpd.c" Line="1272" Column="0">
</Loc>
<Message>
#include statements in a file shall only be preceded by other preprocessor directives or comments.
</Message>
</Rule>

<Rule Name="5.1" Mode="required" Report="warning" Id="20">
<Loc File="C:\_Synergy_Projects\Working\MM065A_FordMsg217BusHiSpd_Impl\src\FordMsg217BusHiSpd.c" Line="1297" Column="67">
</Loc>
<Message>
Identifiers "FordInvldMsgDiagcInhb_Cnt_T_u08" (FordMsg217BusHiSpd.c line 1297 column 67) and "FordInvldMsgDiagcInhb_Cnt_T_u08" (FordMsg217BusHiSpd.c line 151 column 67) have the same first 31 characters.
</Message>
</Rule>

<Rule Name="5.1" Mode="required" Report="warning" Id="21">
<Loc File="C:\_Synergy_Projects\Working\MM065A_FordMsg217BusHiSpd_Impl\src\FordMsg217BusHiSpd.c" Line="1302" Column="69">
</Loc>
<Message>
Identifiers "FordActvNiblCtrlEnad_Cnt_T_logl" (FordMsg217BusHiSpd.c line 1302 column 69) and "FordActvNiblCtrlEnad_Cnt_T_logl" (FordMsg217BusHiSpd.c line 156 column 69) have the same first 31 characters.
</Message>
</Rule>

<Rule Name="5.1" Mode="required" Report="warning" Id="22">
<Loc File="C:\_Synergy_Projects\Working\MM065A_FordMsg217BusHiSpd_Impl\src\FordMsg217BusHiSpd.c" Line="1305" Column="69">
</Loc>
<Message>
Identifiers "FordTrlrBackupAssiEnad_Cnt_T_logl" (FordMsg217BusHiSpd.c line 1305 column 69) and "FordTrlrBackupAssiEnad_Cnt_T_logl" (FordMsg217BusHiSpd.c line 159 column 69) have the same first 33 characters.
</Message>
</Rule>

<Rule Name="5.1" Mode="required" Report="warning" Id="23">
<Loc File="C:\_Synergy_Projects\Working\MM065A_FordMsg217BusHiSpd_Impl\src\FordMsg217BusHiSpd.c" Line="1396" Column="69">
</Loc>
<Message>
Identifiers "BusHiSpdMissMsgFaildThd_MilliSec_T_u16p0" (FordMsg217BusHiSpd.c line 1396 column 69) and "BusHiSpdMissMsgFaildThd_MilliSec_T_u16p0" (FordMsg217BusHiSpd.c line 165 column 69) have the same first 40 characters.
</Message>
</Rule>

<Rule Name="5.1" Mode="required" Report="warning" Id="24">
<Loc File="C:\_Synergy_Projects\Working\MM065A_FordMsg217BusHiSpd_Impl\src\FordMsg217BusHiSpd.c" Line="1397" Column="69">
</Loc>
<Message>
Identifiers "FrntLeWhlBusHiSpdInvldFaildThd_MilliSec_T_u16p0" (FordMsg217BusHiSpd.c line 1397 column 69) and "FrntLeWhlBusHiSpdInvldFaildThd_MilliSec_T_u16p0" (FordMsg217BusHiSpd.c line 166 column 69) have the same first 47 characters.
Identifiers "FrntLeWhlBusHiSpdInvldFaildThd_MilliSec_T_u16p0" (FordMsg217BusHiSpd.c line 1397 column 69) and "FrntLeWhlBusHiSpdInvldFaildThd_MilliSec_T_u16p0" (FordMsg217BusHiSpd.c line 207 column 153) have the same first 47 characters.
</Message>
</Rule>

<Rule Name="5.1" Mode="required" Report="warning" Id="25">
<Loc File="C:\_Synergy_Projects\Working\MM065A_FordMsg217BusHiSpd_Impl\src\FordMsg217BusHiSpd.c" Line="1398" Column="69">
</Loc>
<Message>
Identifiers "FrntRiWhlBusHiSpdInvldFaildThd_MilliSec_T_u16p0" (FordMsg217BusHiSpd.c line 1398 column 69) and "FrntRiWhlBusHiSpdInvldFaildThd_MilliSec_T_u16p0" (FordMsg217BusHiSpd.c line 167 column 69) have the same first 47 characters.
Identifiers "FrntRiWhlBusHiSpdInvldFaildThd_MilliSec_T_u16p0" (FordMsg217BusHiSpd.c line 1398 column 69) and "FrntRiWhlBusHiSpdInvldFaildThd_MilliSec_T_u16p0" (FordMsg217BusHiSpd.c line 208 column 153) have the same first 47 characters.
</Message>
</Rule>

<Rule Name="5.1" Mode="required" Report="warning" Id="26">
<Loc File="C:\_Synergy_Projects\Working\MM065A_FordMsg217BusHiSpd_Impl\src\FordMsg217BusHiSpd.c" Line="1399" Column="69">
</Loc>
<Message>
Identifiers "ReLeWhlBusHiSpdInvldFaildThd_MilliSec_T_u16p0" (FordMsg217BusHiSpd.c line 1399 column 69) and "ReLeWhlBusHiSpdInvldFaildThd_MilliSec_T_u16p0" (FordMsg217BusHiSpd.c line 213 column 151) have the same first 45 characters.
Identifiers "ReLeWhlBusHiSpdInvldFaildThd_MilliSec_T_u16p0" (FordMsg217BusHiSpd.c line 1399 column 69) and "ReLeWhlBusHiSpdInvldFaildThd_MilliSec_T_u16p0" (FordMsg217BusHiSpd.c line 168 column 69) have the same first 45 characters.
</Message>
</Rule>

<Rule Name="5.1" Mode="required" Report="warning" Id="27">
<Loc File="C:\_Synergy_Projects\Working\MM065A_FordMsg217BusHiSpd_Impl\src\FordMsg217BusHiSpd.c" Line="1400" Column="69">
</Loc>
<Message>
Identifiers "ReRiWhlBusHiSpdInvldFaildThd_MilliSec_T_u16p0" (FordMsg217BusHiSpd.c line 1400 column 69) and "ReRiWhlBusHiSpdInvldFaildThd_MilliSec_T_u16p0" (FordMsg217BusHiSpd.c line 214 column 151) have the same first 45 characters.
Identifiers "ReRiWhlBusHiSpdInvldFaildThd_MilliSec_T_u16p0" (FordMsg217BusHiSpd.c line 1400 column 69) and "ReRiWhlBusHiSpdInvldFaildThd_MilliSec_T_u16p0" (FordMsg217BusHiSpd.c line 169 column 69) have the same first 45 characters.
</Message>
</Rule>

<Rule Name="5.1" Mode="required" Report="warning" Id="28">
<Loc File="C:\_Synergy_Projects\Working\MM065A_FordMsg217BusHiSpd_Impl\src\FordMsg217BusHiSpd.c" Line="1432" Column="31">
</Loc>
<Message>
Identifiers "FordVehFrntLeWhlSpdVld_Cnt_T_logl" (FordMsg217BusHiSpd.c line 1432 column 31) and "FordVehFrntLeWhlSpdVld_Cnt_T_logl" (FordMsg217BusHiSpd.c line 188 column 70) have the same first 33 characters.
Identifiers "FordVehFrntLeWhlSpdVld_Cnt_T_logl" (FordMsg217BusHiSpd.c line 1432 column 31) and "FordVehFrntLeWhlSpdVld_Cnt_T_logl" (FordMsg217BusHiSpd.c line 201 column 69) have the same first 33 characters.
Identifiers "FordVehFrntLeWhlSpdVld_Cnt_T_logl" (FordMsg217BusHiSpd.c line 1432 column 31) and "FordVehFrntLeWhlSpdVld_Cnt_T_logl" (FordMsg217BusHiSpd.c line 171 column 31) have the same first 33 characters.
</Message>
</Rule>

<Rule Name="5.1" Mode="required" Report="warning" Id="29">
<Loc File="C:\_Synergy_Projects\Working\MM065A_FordMsg217BusHiSpd_Impl\src\FordMsg217BusHiSpd.c" Line="1433" Column="71">
</Loc>
<Message>
Identifiers "FordVehFrntRiWhlSpdVld_Cnt_T_logl" (FordMsg217BusHiSpd.c line 1433 column 71) and "FordVehFrntRiWhlSpdVld_Cnt_T_logl" (FordMsg217BusHiSpd.c line 202 column 69) have the same first 33 characters.
Identifiers "FordVehFrntRiWhlSpdVld_Cnt_T_logl" (FordMsg217BusHiSpd.c line 1433 column 71) and "FordVehFrntRiWhlSpdVld_Cnt_T_logl" (FordMsg217BusHiSpd.c line 189 column 70) have the same first 33 characters.
Identifiers "FordVehFrntRiWhlSpdVld_Cnt_T_logl" (FordMsg217BusHiSpd.c line 1433 column 71) and "FordVehFrntRiWhlSpdVld_Cnt_T_logl" (FordMsg217BusHiSpd.c line 172 column 71) have the same first 33 characters.
</Message>
</Rule>

<Rule Name="5.1" Mode="required" Report="warning" Id="30">
<Loc File="C:\_Synergy_Projects\Working\MM065A_FordMsg217BusHiSpd_Impl\src\FordMsg217BusHiSpd.c" Line="1434" Column="71">
</Loc>
<Message>
Identifiers "FordVehReLeWhlSpdVld_Cnt_T_logl" (FordMsg217BusHiSpd.c line 1434 column 71) and "FordVehReLeWhlSpdVld_Cnt_T_logl" (FordMsg217BusHiSpd.c line 190 column 70) have the same first 31 characters.
Identifiers "FordVehReLeWhlSpdVld_Cnt_T_logl" (FordMsg217BusHiSpd.c line 1434 column 71) and "FordVehReLeWhlSpdVld_Cnt_T_logl" (FordMsg217BusHiSpd.c line 173 column 71) have the same first 31 characters.
Identifiers "FordVehReLeWhlSpdVld_Cnt_T_logl" (FordMsg217BusHiSpd.c line 1434 column 71) and "FordVehReLeWhlSpdVld_Cnt_T_logl" (FordMsg217BusHiSpd.c line 203 column 69) have the same first 31 characters.
</Message>
</Rule>

<Rule Name="5.1" Mode="required" Report="warning" Id="31">
<Loc File="C:\_Synergy_Projects\Working\MM065A_FordMsg217BusHiSpd_Impl\src\FordMsg217BusHiSpd.c" Line="1435" Column="71">
</Loc>
<Message>
Identifiers "FordVehReRiWhlSpdVld_Cnt_T_logl" (FordMsg217BusHiSpd.c line 1435 column 71) and "FordVehReRiWhlSpdVld_Cnt_T_logl" (FordMsg217BusHiSpd.c line 174 column 71) have the same first 31 characters.
Identifiers "FordVehReRiWhlSpdVld_Cnt_T_logl" (FordMsg217BusHiSpd.c line 1435 column 71) and "FordVehReRiWhlSpdVld_Cnt_T_logl" (FordMsg217BusHiSpd.c line 204 column 69) have the same first 31 characters.
Identifiers "FordVehReRiWhlSpdVld_Cnt_T_logl" (FordMsg217BusHiSpd.c line 1435 column 71) and "FordVehReRiWhlSpdVld_Cnt_T_logl" (FordMsg217BusHiSpd.c line 191 column 70) have the same first 31 characters.
</Message>
</Rule>

<Rule Name="5.1" Mode="required" Report="warning" Id="32">
<Loc File="C:\_Synergy_Projects\Working\MM065A_FordMsg217BusHiSpd_Impl\src\FordMsg217BusHiSpd.c" Line="1510" Column="70">
</Loc>
<Message>
Identifiers "FordVehFrntLeWhlSpdRaw_Cnt_T_u16" (FordMsg217BusHiSpd.c line 1510 column 70) and "FordVehFrntLeWhlSpdRaw_Cnt_T_u16" (FordMsg217BusHiSpd.c line 180 column 69) have the same first 32 characters.
</Message>
</Rule>

<Rule Name="5.1" Mode="required" Report="warning" Id="33">
<Loc File="C:\_Synergy_Projects\Working\MM065A_FordMsg217BusHiSpd_Impl\src\FordMsg217BusHiSpd.c" Line="1511" Column="71">
</Loc>
<Message>
Identifiers "FordVehFrntLeWhlSpd_RadPerSec_T_f32" (FordMsg217BusHiSpd.c line 1511 column 71) and "FordVehFrntLeWhlSpd_RadPerSec_T_f32" (FordMsg217BusHiSpd.c line 181 column 70) have the same first 35 characters.
</Message>
</Rule>

<Rule Name="5.1" Mode="required" Report="warning" Id="34">
<Loc File="C:\_Synergy_Projects\Working\MM065A_FordMsg217BusHiSpd_Impl\src\FordMsg217BusHiSpd.c" Line="1512" Column="70">
</Loc>
<Message>
Identifiers "FordVehFrntRiWhlSpdRaw_Cnt_T_u16" (FordMsg217BusHiSpd.c line 1512 column 70) and "FordVehFrntRiWhlSpdRaw_Cnt_T_u16" (FordMsg217BusHiSpd.c line 182 column 69) have the same first 32 characters.
</Message>
</Rule>

<Rule Name="5.1" Mode="required" Report="warning" Id="35">
<Loc File="C:\_Synergy_Projects\Working\MM065A_FordMsg217BusHiSpd_Impl\src\FordMsg217BusHiSpd.c" Line="1513" Column="71">
</Loc>
<Message>
Identifiers "FordVehFrntRiWhlSpd_RadPerSec_T_f32" (FordMsg217BusHiSpd.c line 1513 column 71) and "FordVehFrntRiWhlSpd_RadPerSec_T_f32" (FordMsg217BusHiSpd.c line 183 column 70) have the same first 35 characters.
</Message>
</Rule>

<Rule Name="5.1" Mode="required" Report="warning" Id="36">
<Loc File="C:\_Synergy_Projects\Working\MM065A_FordMsg217BusHiSpd_Impl\src\FordMsg217BusHiSpd.c" Line="1515" Column="71">
</Loc>
<Message>
Identifiers "FordVehReLeWhlSpd_RadPerSec_T_f32" (FordMsg217BusHiSpd.c line 1515 column 71) and "FordVehReLeWhlSpd_RadPerSec_T_f32" (FordMsg217BusHiSpd.c line 185 column 70) have the same first 33 characters.
</Message>
</Rule>

<Rule Name="5.1" Mode="required" Report="warning" Id="37">
<Loc File="C:\_Synergy_Projects\Working\MM065A_FordMsg217BusHiSpd_Impl\src\FordMsg217BusHiSpd.c" Line="1517" Column="71">
</Loc>
<Message>
Identifiers "FordVehReRiWhlSpd_RadPerSec_T_f32" (FordMsg217BusHiSpd.c line 1517 column 71) and "FordVehReRiWhlSpd_RadPerSec_T_f32" (FordMsg217BusHiSpd.c line 187 column 70) have the same first 33 characters.
</Message>
</Rule>

<Rule Name="5.1" Mode="required" Report="warning" Id="38">
<Loc File="C:\_Synergy_Projects\Working\MM065A_FordMsg217BusHiSpd_Impl\src\FordMsg217BusHiSpd.c" Line="1518" Column="71">
</Loc>
<Message>
Identifiers "FordVehFrntLeWhlSpdVld_Cnt_T_logl" (FordMsg217BusHiSpd.c line 1518 column 71) and "FordVehFrntLeWhlSpdVld_Cnt_T_logl" (FordMsg217BusHiSpd.c line 201 column 69) have the same first 33 characters.
Identifiers "FordVehFrntLeWhlSpdVld_Cnt_T_logl" (FordMsg217BusHiSpd.c line 1518 column 71) and "FordVehFrntLeWhlSpdVld_Cnt_T_logl" (FordMsg217BusHiSpd.c line 171 column 31) have the same first 33 characters.
Identifiers "FordVehFrntLeWhlSpdVld_Cnt_T_logl" (FordMsg217BusHiSpd.c line 1432 column 31) and "FordVehFrntLeWhlSpdVld_Cnt_T_logl" (FordMsg217BusHiSpd.c line 1518 column 71) have the same first 33 characters.
Identifiers "FordVehFrntLeWhlSpdVld_Cnt_T_logl" (FordMsg217BusHiSpd.c line 1518 column 71) and "FordVehFrntLeWhlSpdVld_Cnt_T_logl" (FordMsg217BusHiSpd.c line 188 column 70) have the same first 33 characters.
</Message>
</Rule>

<Rule Name="5.1" Mode="required" Report="warning" Id="39">
<Loc File="C:\_Synergy_Projects\Working\MM065A_FordMsg217BusHiSpd_Impl\src\FordMsg217BusHiSpd.c" Line="1519" Column="71">
</Loc>
<Message>
Identifiers "FordVehFrntRiWhlSpdVld_Cnt_T_logl" (FordMsg217BusHiSpd.c line 1433 column 71) and "FordVehFrntRiWhlSpdVld_Cnt_T_logl" (FordMsg217BusHiSpd.c line 1519 column 71) have the same first 33 characters.
Identifiers "FordVehFrntRiWhlSpdVld_Cnt_T_logl" (FordMsg217BusHiSpd.c line 1519 column 71) and "FordVehFrntRiWhlSpdVld_Cnt_T_logl" (FordMsg217BusHiSpd.c line 202 column 69) have the same first 33 characters.
Identifiers "FordVehFrntRiWhlSpdVld_Cnt_T_logl" (FordMsg217BusHiSpd.c line 1519 column 71) and "FordVehFrntRiWhlSpdVld_Cnt_T_logl" (FordMsg217BusHiSpd.c line 189 column 70) have the same first 33 characters.
Identifiers "FordVehFrntRiWhlSpdVld_Cnt_T_logl" (FordMsg217BusHiSpd.c line 1519 column 71) and "FordVehFrntRiWhlSpdVld_Cnt_T_logl" (FordMsg217BusHiSpd.c line 172 column 71) have the same first 33 characters.
</Message>
</Rule>

<Rule Name="5.1" Mode="required" Report="warning" Id="40">
<Loc File="C:\_Synergy_Projects\Working\MM065A_FordMsg217BusHiSpd_Impl\src\FordMsg217BusHiSpd.c" Line="1520" Column="71">
</Loc>
<Message>
Identifiers "FordVehReLeWhlSpdVld_Cnt_T_logl" (FordMsg217BusHiSpd.c line 1520 column 71) and "FordVehReLeWhlSpdVld_Cnt_T_logl" (FordMsg217BusHiSpd.c line 190 column 70) have the same first 31 characters.
Identifiers "FordVehReLeWhlSpdVld_Cnt_T_logl" (FordMsg217BusHiSpd.c line 1520 column 71) and "FordVehReLeWhlSpdVld_Cnt_T_logl" (FordMsg217BusHiSpd.c line 173 column 71) have the same first 31 characters.
Identifiers "FordVehReLeWhlSpdVld_Cnt_T_logl" (FordMsg217BusHiSpd.c line 1520 column 71) and "FordVehReLeWhlSpdVld_Cnt_T_logl" (FordMsg217BusHiSpd.c line 203 column 69) have the same first 31 characters.
Identifiers "FordVehReLeWhlSpdVld_Cnt_T_logl" (FordMsg217BusHiSpd.c line 1434 column 71) and "FordVehReLeWhlSpdVld_Cnt_T_logl" (FordMsg217BusHiSpd.c line 1520 column 71) have the same first 31 characters.
</Message>
</Rule>

<Rule Name="5.1" Mode="required" Report="warning" Id="41">
<Loc File="C:\_Synergy_Projects\Working\MM065A_FordMsg217BusHiSpd_Impl\src\FordMsg217BusHiSpd.c" Line="1521" Column="71">
</Loc>
<Message>
Identifiers "FordVehReRiWhlSpdVld_Cnt_T_logl" (FordMsg217BusHiSpd.c line 1521 column 71) and "FordVehReRiWhlSpdVld_Cnt_T_logl" (FordMsg217BusHiSpd.c line 191 column 70) have the same first 31 characters.
Identifiers "FordVehReRiWhlSpdVld_Cnt_T_logl" (FordMsg217BusHiSpd.c line 1521 column 71) and "FordVehReRiWhlSpdVld_Cnt_T_logl" (FordMsg217BusHiSpd.c line 174 column 71) have the same first 31 characters.
Identifiers "FordVehReRiWhlSpdVld_Cnt_T_logl" (FordMsg217BusHiSpd.c line 1521 column 71) and "FordVehReRiWhlSpdVld_Cnt_T_logl" (FordMsg217BusHiSpd.c line 204 column 69) have the same first 31 characters.
Identifiers "FordVehReRiWhlSpdVld_Cnt_T_logl" (FordMsg217BusHiSpd.c line 1435 column 71) and "FordVehReRiWhlSpdVld_Cnt_T_logl" (FordMsg217BusHiSpd.c line 1521 column 71) have the same first 31 characters.
</Message>
</Rule>

<Rule Name="5.1" Mode="required" Report="warning" Id="42">
<Loc File="C:\_Synergy_Projects\Working\MM065A_FordMsg217BusHiSpd_Impl\src\FordMsg217BusHiSpd.c" Line="1522" Column="71">
</Loc>
<Message>
Identifiers "FordVehFrntRiWhlSpdVldInp_Cnt_T_logl" (FordMsg217BusHiSpd.c line 1522 column 71) and "FordVehFrntRiWhlSpdVldInp_Cnt_T_logl" (FordMsg217BusHiSpd.c line 210 column 154) have the same first 36 characters.
Identifiers "FordVehFrntRiWhlSpdVldInp_Cnt_T_logl" (FordMsg217BusHiSpd.c line 1522 column 71) and "FordVehFrntRiWhlSpdVldInp_Cnt_T_logl" (FordMsg217BusHiSpd.c line 192 column 70) have the same first 36 characters.
</Message>
</Rule>

<Rule Name="5.1" Mode="required" Report="warning" Id="43">
<Loc File="C:\_Synergy_Projects\Working\MM065A_FordMsg217BusHiSpd_Impl\src\FordMsg217BusHiSpd.c" Line="1523" Column="71">
</Loc>
<Message>
Identifiers "FordVehFrntLeWhlSpdVldInp_Cnt_T_logl" (FordMsg217BusHiSpd.c line 1523 column 71) and "FordVehFrntLeWhlSpdVldInp_Cnt_T_logl" (FordMsg217BusHiSpd.c line 209 column 154) have the same first 36 characters.
Identifiers "FordVehFrntLeWhlSpdVldInp_Cnt_T_logl" (FordMsg217BusHiSpd.c line 1523 column 71) and "FordVehFrntLeWhlSpdVldInp_Cnt_T_logl" (FordMsg217BusHiSpd.c line 193 column 70) have the same first 36 characters.
</Message>
</Rule>

<Rule Name="5.1" Mode="required" Report="warning" Id="44">
<Loc File="C:\_Synergy_Projects\Working\MM065A_FordMsg217BusHiSpd_Impl\src\FordMsg217BusHiSpd.c" Line="1524" Column="71">
</Loc>
<Message>
Identifiers "FordVehReRiWhlSpdVldInp_Cnt_T_logl" (FordMsg217BusHiSpd.c line 1524 column 71) and "FordVehReRiWhlSpdVldInp_Cnt_T_logl" (FordMsg217BusHiSpd.c line 216 column 152) have the same first 34 characters.
Identifiers "FordVehReRiWhlSpdVldInp_Cnt_T_logl" (FordMsg217BusHiSpd.c line 1524 column 71) and "FordVehReRiWhlSpdVldInp_Cnt_T_logl" (FordMsg217BusHiSpd.c line 194 column 70) have the same first 34 characters.
</Message>
</Rule>

<Rule Name="5.1" Mode="required" Report="warning" Id="45">
<Loc File="C:\_Synergy_Projects\Working\MM065A_FordMsg217BusHiSpd_Impl\src\FordMsg217BusHiSpd.c" Line="1525" Column="71">
</Loc>
<Message>
Identifiers "FordVehReLeWhlSpdVldInp_Cnt_T_logl" (FordMsg217BusHiSpd.c line 1525 column 71) and "FordVehReLeWhlSpdVldInp_Cnt_T_logl" (FordMsg217BusHiSpd.c line 215 column 152) have the same first 34 characters.
Identifiers "FordVehReLeWhlSpdVldInp_Cnt_T_logl" (FordMsg217BusHiSpd.c line 1525 column 71) and "FordVehReLeWhlSpdVldInp_Cnt_T_logl" (FordMsg217BusHiSpd.c line 195 column 70) have the same first 34 characters.
</Message>
</Rule>

<Rule Name="5.1" Mode="required" Report="warning" Id="46">
<Loc File="C:\_Synergy_Projects\Working\MM065A_FordMsg217BusHiSpd_Impl\src\FordMsg217BusHiSpd.c" Line="1601" Column="153">
</Loc>
<Message>
Identifiers "FrntLeWhlBusHiSpdInvldFaildThd_MilliSec_T_u16p0" (FordMsg217BusHiSpd.c line 1601 column 153) and "FrntLeWhlBusHiSpdInvldFaildThd_MilliSec_T_u16p0" (FordMsg217BusHiSpd.c line 166 column 69) have the same first 47 characters.
Identifiers "FrntLeWhlBusHiSpdInvldFaildThd_MilliSec_T_u16p0" (FordMsg217BusHiSpd.c line 1601 column 153) and "FrntLeWhlBusHiSpdInvldFaildThd_MilliSec_T_u16p0" (FordMsg217BusHiSpd.c line 207 column 153) have the same first 47 characters.
Identifiers "FrntLeWhlBusHiSpdInvldFaildThd_MilliSec_T_u16p0" (FordMsg217BusHiSpd.c line 1397 column 69) and "FrntLeWhlBusHiSpdInvldFaildThd_MilliSec_T_u16p0" (FordMsg217BusHiSpd.c line 1601 column 153) have the same first 47 characters.
</Message>
</Rule>

<Rule Name="5.1" Mode="required" Report="warning" Id="47">
<Loc File="C:\_Synergy_Projects\Working\MM065A_FordMsg217BusHiSpd_Impl\src\FordMsg217BusHiSpd.c" Line="1602" Column="153">
</Loc>
<Message>
Identifiers "FrntRiWhlBusHiSpdInvldFaildThd_MilliSec_T_u16p0" (FordMsg217BusHiSpd.c line 1602 column 153) and "FrntRiWhlBusHiSpdInvldFaildThd_MilliSec_T_u16p0" (FordMsg217BusHiSpd.c line 208 column 153) have the same first 47 characters.
Identifiers "FrntRiWhlBusHiSpdInvldFaildThd_MilliSec_T_u16p0" (FordMsg217BusHiSpd.c line 1398 column 69) and "FrntRiWhlBusHiSpdInvldFaildThd_MilliSec_T_u16p0" (FordMsg217BusHiSpd.c line 1602 column 153) have the same first 47 characters.
Identifiers "FrntRiWhlBusHiSpdInvldFaildThd_MilliSec_T_u16p0" (FordMsg217BusHiSpd.c line 1602 column 153) and "FrntRiWhlBusHiSpdInvldFaildThd_MilliSec_T_u16p0" (FordMsg217BusHiSpd.c line 167 column 69) have the same first 47 characters.
</Message>
</Rule>

<Rule Name="5.1" Mode="required" Report="warning" Id="48">
<Loc File="C:\_Synergy_Projects\Working\MM065A_FordMsg217BusHiSpd_Impl\src\FordMsg217BusHiSpd.c" Line="1603" Column="154">
</Loc>
<Message>
Identifiers "FordVehFrntLeWhlSpdVldInp_Cnt_T_logl" (FordMsg217BusHiSpd.c line 1603 column 154) and "FordVehFrntLeWhlSpdVldInp_Cnt_T_logl" (FordMsg217BusHiSpd.c line 209 column 154) have the same first 36 characters.
Identifiers "FordVehFrntLeWhlSpdVldInp_Cnt_T_logl" (FordMsg217BusHiSpd.c line 1603 column 154) and "FordVehFrntLeWhlSpdVldInp_Cnt_T_logl" (FordMsg217BusHiSpd.c line 193 column 70) have the same first 36 characters.
Identifiers "FordVehFrntLeWhlSpdVldInp_Cnt_T_logl" (FordMsg217BusHiSpd.c line 1523 column 71) and "FordVehFrntLeWhlSpdVldInp_Cnt_T_logl" (FordMsg217BusHiSpd.c line 1603 column 154) have the same first 36 characters.
</Message>
</Rule>

<Rule Name="5.1" Mode="required" Report="warning" Id="49">
<Loc File="C:\_Synergy_Projects\Working\MM065A_FordMsg217BusHiSpd_Impl\src\FordMsg217BusHiSpd.c" Line="1604" Column="154">
</Loc>
<Message>
Identifiers "FordVehFrntRiWhlSpdVldInp_Cnt_T_logl" (FordMsg217BusHiSpd.c line 1522 column 71) and "FordVehFrntRiWhlSpdVldInp_Cnt_T_logl" (FordMsg217BusHiSpd.c line 1604 column 154) have the same first 36 characters.
Identifiers "FordVehFrntRiWhlSpdVldInp_Cnt_T_logl" (FordMsg217BusHiSpd.c line 1604 column 154) and "FordVehFrntRiWhlSpdVldInp_Cnt_T_logl" (FordMsg217BusHiSpd.c line 192 column 70) have the same first 36 characters.
Identifiers "FordVehFrntRiWhlSpdVldInp_Cnt_T_logl" (FordMsg217BusHiSpd.c line 1604 column 154) and "FordVehFrntRiWhlSpdVldInp_Cnt_T_logl" (FordMsg217BusHiSpd.c line 210 column 154) have the same first 36 characters.
</Message>
</Rule>

<Rule Name="5.1" Mode="required" Report="warning" Id="50">
<Loc File="C:\_Synergy_Projects\Working\MM065A_FordMsg217BusHiSpd_Impl\src\FordMsg217BusHiSpd.c" Line="1680" Column="151">
</Loc>
<Message>
Identifiers "ReLeWhlBusHiSpdInvldFaildThd_MilliSec_T_u16p0" (FordMsg217BusHiSpd.c line 1680 column 151) and "ReLeWhlBusHiSpdInvldFaildThd_MilliSec_T_u16p0" (FordMsg217BusHiSpd.c line 213 column 151) have the same first 45 characters.
Identifiers "ReLeWhlBusHiSpdInvldFaildThd_MilliSec_T_u16p0" (FordMsg217BusHiSpd.c line 1399 column 69) and "ReLeWhlBusHiSpdInvldFaildThd_MilliSec_T_u16p0" (FordMsg217BusHiSpd.c line 1680 column 151) have the same first 45 characters.
Identifiers "ReLeWhlBusHiSpdInvldFaildThd_MilliSec_T_u16p0" (FordMsg217BusHiSpd.c line 1680 column 151) and "ReLeWhlBusHiSpdInvldFaildThd_MilliSec_T_u16p0" (FordMsg217BusHiSpd.c line 168 column 69) have the same first 45 characters.
</Message>
</Rule>

<Rule Name="5.1" Mode="required" Report="warning" Id="51">
<Loc File="C:\_Synergy_Projects\Working\MM065A_FordMsg217BusHiSpd_Impl\src\FordMsg217BusHiSpd.c" Line="1681" Column="151">
</Loc>
<Message>
Identifiers "ReRiWhlBusHiSpdInvldFaildThd_MilliSec_T_u16p0" (FordMsg217BusHiSpd.c line 1681 column 151) and "ReRiWhlBusHiSpdInvldFaildThd_MilliSec_T_u16p0" (FordMsg217BusHiSpd.c line 214 column 151) have the same first 45 characters.
Identifiers "ReRiWhlBusHiSpdInvldFaildThd_MilliSec_T_u16p0" (FordMsg217BusHiSpd.c line 1681 column 151) and "ReRiWhlBusHiSpdInvldFaildThd_MilliSec_T_u16p0" (FordMsg217BusHiSpd.c line 169 column 69) have the same first 45 characters.
Identifiers "ReRiWhlBusHiSpdInvldFaildThd_MilliSec_T_u16p0" (FordMsg217BusHiSpd.c line 1400 column 69) and "ReRiWhlBusHiSpdInvldFaildThd_MilliSec_T_u16p0" (FordMsg217BusHiSpd.c line 1681 column 151) have the same first 45 characters.
</Message>
</Rule>

<Rule Name="5.1" Mode="required" Report="warning" Id="52">
<Loc File="C:\_Synergy_Projects\Working\MM065A_FordMsg217BusHiSpd_Impl\src\FordMsg217BusHiSpd.c" Line="1682" Column="152">
</Loc>
<Message>
Identifiers "FordVehReLeWhlSpdVldInp_Cnt_T_logl" (FordMsg217BusHiSpd.c line 1682 column 152) and "FordVehReLeWhlSpdVldInp_Cnt_T_logl" (FordMsg217BusHiSpd.c line 215 column 152) have the same first 34 characters.
Identifiers "FordVehReLeWhlSpdVldInp_Cnt_T_logl" (FordMsg217BusHiSpd.c line 1682 column 152) and "FordVehReLeWhlSpdVldInp_Cnt_T_logl" (FordMsg217BusHiSpd.c line 195 column 70) have the same first 34 characters.
Identifiers "FordVehReLeWhlSpdVldInp_Cnt_T_logl" (FordMsg217BusHiSpd.c line 1525 column 71) and "FordVehReLeWhlSpdVldInp_Cnt_T_logl" (FordMsg217BusHiSpd.c line 1682 column 152) have the same first 34 characters.
</Message>
</Rule>

<Rule Name="5.1" Mode="required" Report="warning" Id="53">
<Loc File="C:\_Synergy_Projects\Working\MM065A_FordMsg217BusHiSpd_Impl\src\FordMsg217BusHiSpd.c" Line="1683" Column="152">
</Loc>
<Message>
Identifiers "FordVehReRiWhlSpdVldInp_Cnt_T_logl" (FordMsg217BusHiSpd.c line 1683 column 152) and "FordVehReRiWhlSpdVldInp_Cnt_T_logl" (FordMsg217BusHiSpd.c line 216 column 152) have the same first 34 characters.
Identifiers "FordVehReRiWhlSpdVldInp_Cnt_T_logl" (FordMsg217BusHiSpd.c line 1683 column 152) and "FordVehReRiWhlSpdVldInp_Cnt_T_logl" (FordMsg217BusHiSpd.c line 194 column 70) have the same first 34 characters.
Identifiers "FordVehReRiWhlSpdVldInp_Cnt_T_logl" (FordMsg217BusHiSpd.c line 1524 column 71) and "FordVehReRiWhlSpdVldInp_Cnt_T_logl" (FordMsg217BusHiSpd.c line 1683 column 152) have the same first 34 characters.
</Message>
</Rule>

<Rule Name="5.1" Mode="required" Report="warning" Id="54">
<Loc File="C:\_Synergy_Projects\Working\MM065A_FordMsg217BusHiSpd_Impl\src\FordMsg217BusHiSpd.c" Line="1789" Column="69">
</Loc>
<Message>
Identifiers "FordVehFrntLeWhlSpdVld_Cnt_T_logl" (FordMsg217BusHiSpd.c line 1789 column 69) and "FordVehFrntLeWhlSpdVld_Cnt_T_logl" (FordMsg217BusHiSpd.c line 171 column 31) have the same first 33 characters.
Identifiers "FordVehFrntLeWhlSpdVld_Cnt_T_logl" (FordMsg217BusHiSpd.c line 1518 column 71) and "FordVehFrntLeWhlSpdVld_Cnt_T_logl" (FordMsg217BusHiSpd.c line 1789 column 69) have the same first 33 characters.
Identifiers "FordVehFrntLeWhlSpdVld_Cnt_T_logl" (FordMsg217BusHiSpd.c line 1789 column 69) and "FordVehFrntLeWhlSpdVld_Cnt_T_logl" (FordMsg217BusHiSpd.c line 188 column 70) have the same first 33 characters.
Identifiers "FordVehFrntLeWhlSpdVld_Cnt_T_logl" (FordMsg217BusHiSpd.c line 1432 column 31) and "FordVehFrntLeWhlSpdVld_Cnt_T_logl" (FordMsg217BusHiSpd.c line 1789 column 69) have the same first 33 characters.
Identifiers "FordVehFrntLeWhlSpdVld_Cnt_T_logl" (FordMsg217BusHiSpd.c line 1789 column 69) and "FordVehFrntLeWhlSpdVld_Cnt_T_logl" (FordMsg217BusHiSpd.c line 201 column 69) have the same first 33 characters.
</Message>
</Rule>

<Rule Name="5.1" Mode="required" Report="warning" Id="55">
<Loc File="C:\_Synergy_Projects\Working\MM065A_FordMsg217BusHiSpd_Impl\src\FordMsg217BusHiSpd.c" Line="1790" Column="69">
</Loc>
<Message>
Identifiers "FordVehFrntRiWhlSpdVld_Cnt_T_logl" (FordMsg217BusHiSpd.c line 1433 column 71) and "FordVehFrntRiWhlSpdVld_Cnt_T_logl" (FordMsg217BusHiSpd.c line 1790 column 69) have the same first 33 characters.
Identifiers "FordVehFrntRiWhlSpdVld_Cnt_T_logl" (FordMsg217BusHiSpd.c line 1790 column 69) and "FordVehFrntRiWhlSpdVld_Cnt_T_logl" (FordMsg217BusHiSpd.c line 189 column 70) have the same first 33 characters.
Identifiers "FordVehFrntRiWhlSpdVld_Cnt_T_logl" (FordMsg217BusHiSpd.c line 1519 column 71) and "FordVehFrntRiWhlSpdVld_Cnt_T_logl" (FordMsg217BusHiSpd.c line 1790 column 69) have the same first 33 characters.
Identifiers "FordVehFrntRiWhlSpdVld_Cnt_T_logl" (FordMsg217BusHiSpd.c line 1790 column 69) and "FordVehFrntRiWhlSpdVld_Cnt_T_logl" (FordMsg217BusHiSpd.c line 172 column 71) have the same first 33 characters.
Identifiers "FordVehFrntRiWhlSpdVld_Cnt_T_logl" (FordMsg217BusHiSpd.c line 1790 column 69) and "FordVehFrntRiWhlSpdVld_Cnt_T_logl" (FordMsg217BusHiSpd.c line 202 column 69) have the same first 33 characters.
</Message>
</Rule>

<Rule Name="5.1" Mode="required" Report="warning" Id="56">
<Loc File="C:\_Synergy_Projects\Working\MM065A_FordMsg217BusHiSpd_Impl\src\FordMsg217BusHiSpd.c" Line="1791" Column="69">
</Loc>
<Message>
Identifiers "FordVehReLeWhlSpdVld_Cnt_T_logl" (FordMsg217BusHiSpd.c line 1791 column 69) and "FordVehReLeWhlSpdVld_Cnt_T_logl" (FordMsg217BusHiSpd.c line 190 column 70) have the same first 31 characters.
Identifiers "FordVehReLeWhlSpdVld_Cnt_T_logl" (FordMsg217BusHiSpd.c line 1791 column 69) and "FordVehReLeWhlSpdVld_Cnt_T_logl" (FordMsg217BusHiSpd.c line 173 column 71) have the same first 31 characters.
Identifiers "FordVehReLeWhlSpdVld_Cnt_T_logl" (FordMsg217BusHiSpd.c line 1791 column 69) and "FordVehReLeWhlSpdVld_Cnt_T_logl" (FordMsg217BusHiSpd.c line 203 column 69) have the same first 31 characters.
Identifiers "FordVehReLeWhlSpdVld_Cnt_T_logl" (FordMsg217BusHiSpd.c line 1434 column 71) and "FordVehReLeWhlSpdVld_Cnt_T_logl" (FordMsg217BusHiSpd.c line 1791 column 69) have the same first 31 characters.
Identifiers "FordVehReLeWhlSpdVld_Cnt_T_logl" (FordMsg217BusHiSpd.c line 1520 column 71) and "FordVehReLeWhlSpdVld_Cnt_T_logl" (FordMsg217BusHiSpd.c line 1791 column 69) have the same first 31 characters.
</Message>
</Rule>

<Rule Name="5.1" Mode="required" Report="warning" Id="57">
<Loc File="C:\_Synergy_Projects\Working\MM065A_FordMsg217BusHiSpd_Impl\src\FordMsg217BusHiSpd.c" Line="1792" Column="69">
</Loc>
<Message>
Identifiers "FordVehReRiWhlSpdVld_Cnt_T_logl" (FordMsg217BusHiSpd.c line 1792 column 69) and "FordVehReRiWhlSpdVld_Cnt_T_logl" (FordMsg217BusHiSpd.c line 191 column 70) have the same first 31 characters.
Identifiers "FordVehReRiWhlSpdVld_Cnt_T_logl" (FordMsg217BusHiSpd.c line 1792 column 69) and "FordVehReRiWhlSpdVld_Cnt_T_logl" (FordMsg217BusHiSpd.c line 174 column 71) have the same first 31 characters.
Identifiers "FordVehReRiWhlSpdVld_Cnt_T_logl" (FordMsg217BusHiSpd.c line 1792 column 69) and "FordVehReRiWhlSpdVld_Cnt_T_logl" (FordMsg217BusHiSpd.c line 204 column 69) have the same first 31 characters.
Identifiers "FordVehReRiWhlSpdVld_Cnt_T_logl" (FordMsg217BusHiSpd.c line 1435 column 71) and "FordVehReRiWhlSpdVld_Cnt_T_logl" (FordMsg217BusHiSpd.c line 1792 column 69) have the same first 31 characters.
Identifiers "FordVehReRiWhlSpdVld_Cnt_T_logl" (FordMsg217BusHiSpd.c line 1521 column 71) and "FordVehReRiWhlSpdVld_Cnt_T_logl" (FordMsg217BusHiSpd.c line 1792 column 69) have the same first 31 characters.
</Message>
</Rule>

</CodeStruct>

<CodeStruct Name="" File="C:\_Synergy_Projects\Working\MM065A_FordMsg217BusHiSpd_Impl\src\FordMsg217BusHiSpdNonRte.c" Line="0" Column="0">

<Rule Name="19.1" Mode="advisory" Report="warning" Id="1">
<Loc File="C:\_Synergy_Projects\Working\MM065A_FordMsg217BusHiSpd_Impl\src\FordMsg217BusHiSpdNonRte.c" Line="79" Column="0">
</Loc>
<Message>
#include statements in a file shall only be preceded by other preprocessor directives or comments.
</Message>
</Rule>

</CodeStruct>

<CodeStruct Name="FordMsg217BusHiSpdPer1" File="C:\_Synergy_Projects\Working\MM065A_FordMsg217BusHiSpd_Impl\src\FordMsg217BusHiSpd.c" Line="990" Column="5">

<Rule Name="5.1" Mode="required" Report="warning" Id="58">
<Loc File="C:\_Synergy_Projects\Working\MM065A_FordMsg217BusHiSpd_Impl\src\FordMsg217BusHiSpd.c" Line="998" Column="7">
</Loc>
<Message>
Identifiers "FordInvldMsgDiagcInhb_Cnt_T_u08" (FordMsg217BusHiSpd.c line 151 column 67) and "FordInvldMsgDiagcInhb_Cnt_T_u08" (FordMsg217BusHiSpd.c line 998 column 7) have the same first 31 characters.
</Message>
</Rule>

<Rule Name="5.1" Mode="required" Report="warning" Id="59">
<Loc File="C:\_Synergy_Projects\Working\MM065A_FordMsg217BusHiSpd_Impl\src\FordMsg217BusHiSpd.c" Line="1003" Column="9">
</Loc>
<Message>
Identifiers "FordActvNiblCtrlEnad_Cnt_T_logl" (FordMsg217BusHiSpd.c line 156 column 69) and "FordActvNiblCtrlEnad_Cnt_T_logl" (FordMsg217BusHiSpd.c line 1003 column 9) have the same first 31 characters.
</Message>
</Rule>

<Rule Name="5.1" Mode="required" Report="warning" Id="60">
<Loc File="C:\_Synergy_Projects\Working\MM065A_FordMsg217BusHiSpd_Impl\src\FordMsg217BusHiSpd.c" Line="1006" Column="9">
</Loc>
<Message>
Identifiers "FordTrlrBackupAssiEnad_Cnt_T_logl" (FordMsg217BusHiSpd.c line 159 column 69) and "FordTrlrBackupAssiEnad_Cnt_T_logl" (FordMsg217BusHiSpd.c line 1006 column 9) have the same first 33 characters.
</Message>
</Rule>

<Rule Name="5.1" Mode="required" Report="warning" Id="61">
<Loc File="C:\_Synergy_Projects\Working\MM065A_FordMsg217BusHiSpd_Impl\src\FordMsg217BusHiSpd.c" Line="1009" Column="8">
</Loc>
<Message>
Identifiers "BusHiSpdMissMsgFaildThd_MilliSec_T_u16p0" (FordMsg217BusHiSpd.c line 165 column 69) and "BusHiSpdMissMsgFaildThd_MilliSec_T_u16p0" (FordMsg217BusHiSpd.c line 1009 column 8) have the same first 40 characters.
</Message>
</Rule>

<Rule Name="5.1" Mode="required" Report="warning" Id="62">
<Loc File="C:\_Synergy_Projects\Working\MM065A_FordMsg217BusHiSpd_Impl\src\FordMsg217BusHiSpd.c" Line="1010" Column="8">
</Loc>
<Message>
Identifiers "FrntLeWhlBusHiSpdInvldFaildThd_MilliSec_T_u16p0" (FordMsg217BusHiSpd.c line 207 column 153) and "FrntLeWhlBusHiSpdInvldFaildThd_MilliSec_T_u16p0" (FordMsg217BusHiSpd.c line 1010 column 8) have the same first 47 characters.
Identifiers "FrntLeWhlBusHiSpdInvldFaildThd_MilliSec_T_u16p0" (FordMsg217BusHiSpd.c line 166 column 69) and "FrntLeWhlBusHiSpdInvldFaildThd_MilliSec_T_u16p0" (FordMsg217BusHiSpd.c line 1010 column 8) have the same first 47 characters.
</Message>
</Rule>

<Rule Name="5.1" Mode="required" Report="warning" Id="63">
<Loc File="C:\_Synergy_Projects\Working\MM065A_FordMsg217BusHiSpd_Impl\src\FordMsg217BusHiSpd.c" Line="1011" Column="8">
</Loc>
<Message>
Identifiers "FrntRiWhlBusHiSpdInvldFaildThd_MilliSec_T_u16p0" (FordMsg217BusHiSpd.c line 208 column 153) and "FrntRiWhlBusHiSpdInvldFaildThd_MilliSec_T_u16p0" (FordMsg217BusHiSpd.c line 1011 column 8) have the same first 47 characters.
Identifiers "FrntRiWhlBusHiSpdInvldFaildThd_MilliSec_T_u16p0" (FordMsg217BusHiSpd.c line 167 column 69) and "FrntRiWhlBusHiSpdInvldFaildThd_MilliSec_T_u16p0" (FordMsg217BusHiSpd.c line 1011 column 8) have the same first 47 characters.
</Message>
</Rule>

<Rule Name="5.1" Mode="required" Report="warning" Id="64">
<Loc File="C:\_Synergy_Projects\Working\MM065A_FordMsg217BusHiSpd_Impl\src\FordMsg217BusHiSpd.c" Line="1012" Column="8">
</Loc>
<Message>
Identifiers "ReLeWhlBusHiSpdInvldFaildThd_MilliSec_T_u16p0" (FordMsg217BusHiSpd.c line 168 column 69) and "ReLeWhlBusHiSpdInvldFaildThd_MilliSec_T_u16p0" (FordMsg217BusHiSpd.c line 1012 column 8) have the same first 45 characters.
Identifiers "ReLeWhlBusHiSpdInvldFaildThd_MilliSec_T_u16p0" (FordMsg217BusHiSpd.c line 213 column 151) and "ReLeWhlBusHiSpdInvldFaildThd_MilliSec_T_u16p0" (FordMsg217BusHiSpd.c line 1012 column 8) have the same first 45 characters.
</Message>
</Rule>

<Rule Name="5.1" Mode="required" Report="warning" Id="65">
<Loc File="C:\_Synergy_Projects\Working\MM065A_FordMsg217BusHiSpd_Impl\src\FordMsg217BusHiSpd.c" Line="1013" Column="8">
</Loc>
<Message>
Identifiers "ReRiWhlBusHiSpdInvldFaildThd_MilliSec_T_u16p0" (FordMsg217BusHiSpd.c line 214 column 151) and "ReRiWhlBusHiSpdInvldFaildThd_MilliSec_T_u16p0" (FordMsg217BusHiSpd.c line 1013 column 8) have the same first 45 characters.
Identifiers "ReRiWhlBusHiSpdInvldFaildThd_MilliSec_T_u16p0" (FordMsg217BusHiSpd.c line 169 column 69) and "ReRiWhlBusHiSpdInvldFaildThd_MilliSec_T_u16p0" (FordMsg217BusHiSpd.c line 1013 column 8) have the same first 45 characters.
</Message>
</Rule>

<Rule Name="5.1" Mode="required" Report="warning" Id="66">
<Loc File="C:\_Synergy_Projects\Working\MM065A_FordMsg217BusHiSpd_Impl\src\FordMsg217BusHiSpd.c" Line="1014" Column="8">
</Loc>
<Message>
Identifiers "FordVehFrntLeWhlSpdRaw_Cnt_T_u16" (FordMsg217BusHiSpd.c line 180 column 69) and "FordVehFrntLeWhlSpdRaw_Cnt_T_u16" (FordMsg217BusHiSpd.c line 1014 column 8) have the same first 32 characters.
</Message>
</Rule>

<Rule Name="5.1" Mode="required" Report="warning" Id="67">
<Loc File="C:\_Synergy_Projects\Working\MM065A_FordMsg217BusHiSpd_Impl\src\FordMsg217BusHiSpd.c" Line="1015" Column="8">
</Loc>
<Message>
Identifiers "FordVehFrntRiWhlSpdRaw_Cnt_T_u16" (FordMsg217BusHiSpd.c line 182 column 69) and "FordVehFrntRiWhlSpdRaw_Cnt_T_u16" (FordMsg217BusHiSpd.c line 1015 column 8) have the same first 32 characters.
</Message>
</Rule>

<Rule Name="5.1" Mode="required" Report="warning" Id="68">
<Loc File="C:\_Synergy_Projects\Working\MM065A_FordMsg217BusHiSpd_Impl\src\FordMsg217BusHiSpd.c" Line="1025" Column="9">
</Loc>
<Message>
Identifiers "FordVehFrntLeWhlSpd_RadPerSec_T_f32" (FordMsg217BusHiSpd.c line 181 column 70) and "FordVehFrntLeWhlSpd_RadPerSec_T_f32" (FordMsg217BusHiSpd.c line 1025 column 9) have the same first 35 characters.
</Message>
</Rule>

<Rule Name="5.1" Mode="required" Report="warning" Id="69">
<Loc File="C:\_Synergy_Projects\Working\MM065A_FordMsg217BusHiSpd_Impl\src\FordMsg217BusHiSpd.c" Line="1026" Column="9">
</Loc>
<Message>
Identifiers "FordVehFrntRiWhlSpd_RadPerSec_T_f32" (FordMsg217BusHiSpd.c line 183 column 70) and "FordVehFrntRiWhlSpd_RadPerSec_T_f32" (FordMsg217BusHiSpd.c line 1026 column 9) have the same first 35 characters.
</Message>
</Rule>

<Rule Name="5.1" Mode="required" Report="warning" Id="70">
<Loc File="C:\_Synergy_Projects\Working\MM065A_FordMsg217BusHiSpd_Impl\src\FordMsg217BusHiSpd.c" Line="1027" Column="9">
</Loc>
<Message>
Identifiers "FordVehReLeWhlSpd_RadPerSec_T_f32" (FordMsg217BusHiSpd.c line 185 column 70) and "FordVehReLeWhlSpd_RadPerSec_T_f32" (FordMsg217BusHiSpd.c line 1027 column 9) have the same first 33 characters.
</Message>
</Rule>

<Rule Name="5.1" Mode="required" Report="warning" Id="71">
<Loc File="C:\_Synergy_Projects\Working\MM065A_FordMsg217BusHiSpd_Impl\src\FordMsg217BusHiSpd.c" Line="1028" Column="9">
</Loc>
<Message>
Identifiers "FordVehReRiWhlSpd_RadPerSec_T_f32" (FordMsg217BusHiSpd.c line 187 column 70) and "FordVehReRiWhlSpd_RadPerSec_T_f32" (FordMsg217BusHiSpd.c line 1028 column 9) have the same first 33 characters.
</Message>
</Rule>

<Rule Name="5.1" Mode="required" Report="warning" Id="72">
<Loc File="C:\_Synergy_Projects\Working\MM065A_FordMsg217BusHiSpd_Impl\src\FordMsg217BusHiSpd.c" Line="1033" Column="9">
</Loc>
<Message>
Identifiers "FordVehFrntLeWhlSpdVld_Cnt_T_logl" (FordMsg217BusHiSpd.c line 188 column 70) and "FordVehFrntLeWhlSpdVld_Cnt_T_logl" (FordMsg217BusHiSpd.c line 1033 column 9) have the same first 33 characters.
Identifiers "FordVehFrntLeWhlSpdVld_Cnt_T_logl" (FordMsg217BusHiSpd.c line 171 column 31) and "FordVehFrntLeWhlSpdVld_Cnt_T_logl" (FordMsg217BusHiSpd.c line 1033 column 9) have the same first 33 characters.
Identifiers "FordVehFrntLeWhlSpdVld_Cnt_T_logl" (FordMsg217BusHiSpd.c line 201 column 69) and "FordVehFrntLeWhlSpdVld_Cnt_T_logl" (FordMsg217BusHiSpd.c line 1033 column 9) have the same first 33 characters.
</Message>
</Rule>

<Rule Name="5.1" Mode="required" Report="warning" Id="73">
<Loc File="C:\_Synergy_Projects\Working\MM065A_FordMsg217BusHiSpd_Impl\src\FordMsg217BusHiSpd.c" Line="1034" Column="9">
</Loc>
<Message>
Identifiers "FordVehFrntRiWhlSpdVld_Cnt_T_logl" (FordMsg217BusHiSpd.c line 189 column 70) and "FordVehFrntRiWhlSpdVld_Cnt_T_logl" (FordMsg217BusHiSpd.c line 1034 column 9) have the same first 33 characters.
Identifiers "FordVehFrntRiWhlSpdVld_Cnt_T_logl" (FordMsg217BusHiSpd.c line 172 column 71) and "FordVehFrntRiWhlSpdVld_Cnt_T_logl" (FordMsg217BusHiSpd.c line 1034 column 9) have the same first 33 characters.
Identifiers "FordVehFrntRiWhlSpdVld_Cnt_T_logl" (FordMsg217BusHiSpd.c line 202 column 69) and "FordVehFrntRiWhlSpdVld_Cnt_T_logl" (FordMsg217BusHiSpd.c line 1034 column 9) have the same first 33 characters.
</Message>
</Rule>

<Rule Name="5.1" Mode="required" Report="warning" Id="74">
<Loc File="C:\_Synergy_Projects\Working\MM065A_FordMsg217BusHiSpd_Impl\src\FordMsg217BusHiSpd.c" Line="1035" Column="9">
</Loc>
<Message>
Identifiers "FordVehReLeWhlSpdVld_Cnt_T_logl" (FordMsg217BusHiSpd.c line 173 column 71) and "FordVehReLeWhlSpdVld_Cnt_T_logl" (FordMsg217BusHiSpd.c line 1035 column 9) have the same first 31 characters.
Identifiers "FordVehReLeWhlSpdVld_Cnt_T_logl" (FordMsg217BusHiSpd.c line 203 column 69) and "FordVehReLeWhlSpdVld_Cnt_T_logl" (FordMsg217BusHiSpd.c line 1035 column 9) have the same first 31 characters.
Identifiers "FordVehReLeWhlSpdVld_Cnt_T_logl" (FordMsg217BusHiSpd.c line 190 column 70) and "FordVehReLeWhlSpdVld_Cnt_T_logl" (FordMsg217BusHiSpd.c line 1035 column 9) have the same first 31 characters.
</Message>
</Rule>

<Rule Name="5.1" Mode="required" Report="warning" Id="75">
<Loc File="C:\_Synergy_Projects\Working\MM065A_FordMsg217BusHiSpd_Impl\src\FordMsg217BusHiSpd.c" Line="1036" Column="9">
</Loc>
<Message>
Identifiers "FordVehReRiWhlSpdVld_Cnt_T_logl" (FordMsg217BusHiSpd.c line 174 column 71) and "FordVehReRiWhlSpdVld_Cnt_T_logl" (FordMsg217BusHiSpd.c line 1036 column 9) have the same first 31 characters.
Identifiers "FordVehReRiWhlSpdVld_Cnt_T_logl" (FordMsg217BusHiSpd.c line 204 column 69) and "FordVehReRiWhlSpdVld_Cnt_T_logl" (FordMsg217BusHiSpd.c line 1036 column 9) have the same first 31 characters.
Identifiers "FordVehReRiWhlSpdVld_Cnt_T_logl" (FordMsg217BusHiSpd.c line 191 column 70) and "FordVehReRiWhlSpdVld_Cnt_T_logl" (FordMsg217BusHiSpd.c line 1036 column 9) have the same first 31 characters.
</Message>
</Rule>

<Rule Name="5.1" Mode="required" Report="warning" Id="76">
<Loc File="C:\_Synergy_Projects\Working\MM065A_FordMsg217BusHiSpd_Impl\src\FordMsg217BusHiSpd.c" Line="1037" Column="9">
</Loc>
<Message>
Identifiers "FordVehFrntRiWhlSpdVldInp_Cnt_T_logl" (FordMsg217BusHiSpd.c line 192 column 70) and "FordVehFrntRiWhlSpdVldInp_Cnt_T_logl" (FordMsg217BusHiSpd.c line 1037 column 9) have the same first 36 characters.
Identifiers "FordVehFrntRiWhlSpdVldInp_Cnt_T_logl" (FordMsg217BusHiSpd.c line 210 column 154) and "FordVehFrntRiWhlSpdVldInp_Cnt_T_logl" (FordMsg217BusHiSpd.c line 1037 column 9) have the same first 36 characters.
</Message>
</Rule>

<Rule Name="5.1" Mode="required" Report="warning" Id="77">
<Loc File="C:\_Synergy_Projects\Working\MM065A_FordMsg217BusHiSpd_Impl\src\FordMsg217BusHiSpd.c" Line="1038" Column="9">
</Loc>
<Message>
Identifiers "FordVehFrntLeWhlSpdVldInp_Cnt_T_logl" (FordMsg217BusHiSpd.c line 193 column 70) and "FordVehFrntLeWhlSpdVldInp_Cnt_T_logl" (FordMsg217BusHiSpd.c line 1038 column 9) have the same first 36 characters.
Identifiers "FordVehFrntLeWhlSpdVldInp_Cnt_T_logl" (FordMsg217BusHiSpd.c line 209 column 154) and "FordVehFrntLeWhlSpdVldInp_Cnt_T_logl" (FordMsg217BusHiSpd.c line 1038 column 9) have the same first 36 characters.
</Message>
</Rule>

<Rule Name="5.1" Mode="required" Report="warning" Id="78">
<Loc File="C:\_Synergy_Projects\Working\MM065A_FordMsg217BusHiSpd_Impl\src\FordMsg217BusHiSpd.c" Line="1039" Column="9">
</Loc>
<Message>
Identifiers "FordVehReRiWhlSpdVldInp_Cnt_T_logl" (FordMsg217BusHiSpd.c line 216 column 152) and "FordVehReRiWhlSpdVldInp_Cnt_T_logl" (FordMsg217BusHiSpd.c line 1039 column 9) have the same first 34 characters.
Identifiers "FordVehReRiWhlSpdVldInp_Cnt_T_logl" (FordMsg217BusHiSpd.c line 194 column 70) and "FordVehReRiWhlSpdVldInp_Cnt_T_logl" (FordMsg217BusHiSpd.c line 1039 column 9) have the same first 34 characters.
</Message>
</Rule>

<Rule Name="5.1" Mode="required" Report="warning" Id="79">
<Loc File="C:\_Synergy_Projects\Working\MM065A_FordMsg217BusHiSpd_Impl\src\FordMsg217BusHiSpd.c" Line="1040" Column="9">
</Loc>
<Message>
Identifiers "FordVehReLeWhlSpdVldInp_Cnt_T_logl" (FordMsg217BusHiSpd.c line 215 column 152) and "FordVehReLeWhlSpdVldInp_Cnt_T_logl" (FordMsg217BusHiSpd.c line 1040 column 9) have the same first 34 characters.
Identifiers "FordVehReLeWhlSpdVldInp_Cnt_T_logl" (FordMsg217BusHiSpd.c line 195 column 70) and "FordVehReLeWhlSpdVldInp_Cnt_T_logl" (FordMsg217BusHiSpd.c line 1040 column 9) have the same first 34 characters.
</Message>
</Rule>

<Rule Name="9.1" Mode="required" Report="warning" Id="80">
<Loc File="C:\_Synergy_Projects\Working\MM065A_FordMsg217BusHiSpd_Impl\src\FordMsg217BusHiSpd.c" Line="1150" Column="17">
</Loc>
<Message>
All automatic variables shall have been assigned a value before being used.
</Message>
</Rule>

<Rule Name="9.1" Mode="required" Report="warning" Id="81">
<Loc File="C:\_Synergy_Projects\Working\MM065A_FordMsg217BusHiSpd_Impl\src\FordMsg217BusHiSpd.c" Line="1151" Column="16">
</Loc>
<Message>
All automatic variables shall have been assigned a value before being used.
</Message>
</Rule>

<Rule Name="9.1" Mode="required" Report="warning" Id="82">
<Loc File="C:\_Synergy_Projects\Working\MM065A_FordMsg217BusHiSpd_Impl\src\FordMsg217BusHiSpd.c" Line="1152" Column="16">
</Loc>
<Message>
All automatic variables shall have been assigned a value before being used.
</Message>
</Rule>

<Rule Name="9.1" Mode="required" Report="warning" Id="83">
<Loc File="C:\_Synergy_Projects\Working\MM065A_FordMsg217BusHiSpd_Impl\src\FordMsg217BusHiSpd.c" Line="1153" Column="16">
</Loc>
<Message>
All automatic variables shall have been assigned a value before being used.
</Message>
</Rule>

<Rule Name="9.1" Mode="required" Report="warning" Id="84">
<Loc File="C:\_Synergy_Projects\Working\MM065A_FordMsg217BusHiSpd_Impl\src\FordMsg217BusHiSpd.c" Line="1225" Column="57">
</Loc>
<Message>
All automatic variables shall have been assigned a value before being used.
</Message>
</Rule>

<Rule Name="9.1" Mode="required" Report="warning" Id="85">
<Loc File="C:\_Synergy_Projects\Working\MM065A_FordMsg217BusHiSpd_Impl\src\FordMsg217BusHiSpd.c" Line="1233" Column="57">
</Loc>
<Message>
All automatic variables shall have been assigned a value before being used.
</Message>
</Rule>

<Rule Name="9.1" Mode="required" Report="warning" Id="86">
<Loc File="C:\_Synergy_Projects\Working\MM065A_FordMsg217BusHiSpd_Impl\src\FordMsg217BusHiSpd.c" Line="1241" Column="55">
</Loc>
<Message>
All automatic variables shall have been assigned a value before being used.
</Message>
</Rule>

<Rule Name="5.1" Mode="required" Report="warning" Id="87">
<Loc File="C:\_Synergy_Projects\Working\MM065A_FordMsg217BusHiSpd_Impl\src\FordMsg217BusHiSpd.c" Line="1297" Column="67">
</Loc>
<Message>
Identifiers "FordInvldMsgDiagcInhb_Cnt_T_u08" (FordMsg217BusHiSpd.c line 1297 column 67) and "FordInvldMsgDiagcInhb_Cnt_T_u08" (FordMsg217BusHiSpd.c line 998 column 7) have the same first 31 characters.
</Message>
</Rule>

<Rule Name="5.1" Mode="required" Report="warning" Id="88">
<Loc File="C:\_Synergy_Projects\Working\MM065A_FordMsg217BusHiSpd_Impl\src\FordMsg217BusHiSpd.c" Line="1302" Column="69">
</Loc>
<Message>
Identifiers "FordActvNiblCtrlEnad_Cnt_T_logl" (FordMsg217BusHiSpd.c line 1302 column 69) and "FordActvNiblCtrlEnad_Cnt_T_logl" (FordMsg217BusHiSpd.c line 1003 column 9) have the same first 31 characters.
</Message>
</Rule>

<Rule Name="5.1" Mode="required" Report="warning" Id="89">
<Loc File="C:\_Synergy_Projects\Working\MM065A_FordMsg217BusHiSpd_Impl\src\FordMsg217BusHiSpd.c" Line="1305" Column="69">
</Loc>
<Message>
Identifiers "FordTrlrBackupAssiEnad_Cnt_T_logl" (FordMsg217BusHiSpd.c line 1305 column 69) and "FordTrlrBackupAssiEnad_Cnt_T_logl" (FordMsg217BusHiSpd.c line 1006 column 9) have the same first 33 characters.
</Message>
</Rule>

<Rule Name="5.1" Mode="required" Report="warning" Id="90">
<Loc File="C:\_Synergy_Projects\Working\MM065A_FordMsg217BusHiSpd_Impl\src\FordMsg217BusHiSpd.c" Line="1396" Column="69">
</Loc>
<Message>
Identifiers "BusHiSpdMissMsgFaildThd_MilliSec_T_u16p0" (FordMsg217BusHiSpd.c line 1396 column 69) and "BusHiSpdMissMsgFaildThd_MilliSec_T_u16p0" (FordMsg217BusHiSpd.c line 1009 column 8) have the same first 40 characters.
</Message>
</Rule>

<Rule Name="5.1" Mode="required" Report="warning" Id="91">
<Loc File="C:\_Synergy_Projects\Working\MM065A_FordMsg217BusHiSpd_Impl\src\FordMsg217BusHiSpd.c" Line="1397" Column="69">
</Loc>
<Message>
Identifiers "FrntLeWhlBusHiSpdInvldFaildThd_MilliSec_T_u16p0" (FordMsg217BusHiSpd.c line 1397 column 69) and "FrntLeWhlBusHiSpdInvldFaildThd_MilliSec_T_u16p0" (FordMsg217BusHiSpd.c line 1010 column 8) have the same first 47 characters.
</Message>
</Rule>

<Rule Name="5.1" Mode="required" Report="warning" Id="92">
<Loc File="C:\_Synergy_Projects\Working\MM065A_FordMsg217BusHiSpd_Impl\src\FordMsg217BusHiSpd.c" Line="1398" Column="69">
</Loc>
<Message>
Identifiers "FrntRiWhlBusHiSpdInvldFaildThd_MilliSec_T_u16p0" (FordMsg217BusHiSpd.c line 1398 column 69) and "FrntRiWhlBusHiSpdInvldFaildThd_MilliSec_T_u16p0" (FordMsg217BusHiSpd.c line 1011 column 8) have the same first 47 characters.
</Message>
</Rule>

<Rule Name="5.1" Mode="required" Report="warning" Id="93">
<Loc File="C:\_Synergy_Projects\Working\MM065A_FordMsg217BusHiSpd_Impl\src\FordMsg217BusHiSpd.c" Line="1399" Column="69">
</Loc>
<Message>
Identifiers "ReLeWhlBusHiSpdInvldFaildThd_MilliSec_T_u16p0" (FordMsg217BusHiSpd.c line 1399 column 69) and "ReLeWhlBusHiSpdInvldFaildThd_MilliSec_T_u16p0" (FordMsg217BusHiSpd.c line 1012 column 8) have the same first 45 characters.
</Message>
</Rule>

<Rule Name="5.1" Mode="required" Report="warning" Id="94">
<Loc File="C:\_Synergy_Projects\Working\MM065A_FordMsg217BusHiSpd_Impl\src\FordMsg217BusHiSpd.c" Line="1400" Column="69">
</Loc>
<Message>
Identifiers "ReRiWhlBusHiSpdInvldFaildThd_MilliSec_T_u16p0" (FordMsg217BusHiSpd.c line 1400 column 69) and "ReRiWhlBusHiSpdInvldFaildThd_MilliSec_T_u16p0" (FordMsg217BusHiSpd.c line 1013 column 8) have the same first 45 characters.
</Message>
</Rule>

<Rule Name="5.1" Mode="required" Report="warning" Id="95">
<Loc File="C:\_Synergy_Projects\Working\MM065A_FordMsg217BusHiSpd_Impl\src\FordMsg217BusHiSpd.c" Line="1432" Column="31">
</Loc>
<Message>
Identifiers "FordVehFrntLeWhlSpdVld_Cnt_T_logl" (FordMsg217BusHiSpd.c line 1432 column 31) and "FordVehFrntLeWhlSpdVld_Cnt_T_logl" (FordMsg217BusHiSpd.c line 1033 column 9) have the same first 33 characters.
</Message>
</Rule>

<Rule Name="5.1" Mode="required" Report="warning" Id="96">
<Loc File="C:\_Synergy_Projects\Working\MM065A_FordMsg217BusHiSpd_Impl\src\FordMsg217BusHiSpd.c" Line="1433" Column="71">
</Loc>
<Message>
Identifiers "FordVehFrntRiWhlSpdVld_Cnt_T_logl" (FordMsg217BusHiSpd.c line 1433 column 71) and "FordVehFrntRiWhlSpdVld_Cnt_T_logl" (FordMsg217BusHiSpd.c line 1034 column 9) have the same first 33 characters.
</Message>
</Rule>

<Rule Name="5.1" Mode="required" Report="warning" Id="97">
<Loc File="C:\_Synergy_Projects\Working\MM065A_FordMsg217BusHiSpd_Impl\src\FordMsg217BusHiSpd.c" Line="1434" Column="71">
</Loc>
<Message>
Identifiers "FordVehReLeWhlSpdVld_Cnt_T_logl" (FordMsg217BusHiSpd.c line 1434 column 71) and "FordVehReLeWhlSpdVld_Cnt_T_logl" (FordMsg217BusHiSpd.c line 1035 column 9) have the same first 31 characters.
</Message>
</Rule>

<Rule Name="5.1" Mode="required" Report="warning" Id="98">
<Loc File="C:\_Synergy_Projects\Working\MM065A_FordMsg217BusHiSpd_Impl\src\FordMsg217BusHiSpd.c" Line="1435" Column="71">
</Loc>
<Message>
Identifiers "FordVehReRiWhlSpdVld_Cnt_T_logl" (FordMsg217BusHiSpd.c line 1435 column 71) and "FordVehReRiWhlSpdVld_Cnt_T_logl" (FordMsg217BusHiSpd.c line 1036 column 9) have the same first 31 characters.
</Message>
</Rule>

<Rule Name="5.1" Mode="required" Report="warning" Id="99">
<Loc File="C:\_Synergy_Projects\Working\MM065A_FordMsg217BusHiSpd_Impl\src\FordMsg217BusHiSpd.c" Line="1510" Column="70">
</Loc>
<Message>
Identifiers "FordVehFrntLeWhlSpdRaw_Cnt_T_u16" (FordMsg217BusHiSpd.c line 1510 column 70) and "FordVehFrntLeWhlSpdRaw_Cnt_T_u16" (FordMsg217BusHiSpd.c line 1014 column 8) have the same first 32 characters.
</Message>
</Rule>

<Rule Name="5.1" Mode="required" Report="warning" Id="100">
<Loc File="C:\_Synergy_Projects\Working\MM065A_FordMsg217BusHiSpd_Impl\src\FordMsg217BusHiSpd.c" Line="1511" Column="71">
</Loc>
<Message>
Identifiers "FordVehFrntLeWhlSpd_RadPerSec_T_f32" (FordMsg217BusHiSpd.c line 1511 column 71) and "FordVehFrntLeWhlSpd_RadPerSec_T_f32" (FordMsg217BusHiSpd.c line 1025 column 9) have the same first 35 characters.
</Message>
</Rule>

<Rule Name="5.1" Mode="required" Report="warning" Id="101">
<Loc File="C:\_Synergy_Projects\Working\MM065A_FordMsg217BusHiSpd_Impl\src\FordMsg217BusHiSpd.c" Line="1512" Column="70">
</Loc>
<Message>
Identifiers "FordVehFrntRiWhlSpdRaw_Cnt_T_u16" (FordMsg217BusHiSpd.c line 1512 column 70) and "FordVehFrntRiWhlSpdRaw_Cnt_T_u16" (FordMsg217BusHiSpd.c line 1015 column 8) have the same first 32 characters.
</Message>
</Rule>

<Rule Name="5.1" Mode="required" Report="warning" Id="102">
<Loc File="C:\_Synergy_Projects\Working\MM065A_FordMsg217BusHiSpd_Impl\src\FordMsg217BusHiSpd.c" Line="1513" Column="71">
</Loc>
<Message>
Identifiers "FordVehFrntRiWhlSpd_RadPerSec_T_f32" (FordMsg217BusHiSpd.c line 1513 column 71) and "FordVehFrntRiWhlSpd_RadPerSec_T_f32" (FordMsg217BusHiSpd.c line 1026 column 9) have the same first 35 characters.
</Message>
</Rule>

<Rule Name="5.1" Mode="required" Report="warning" Id="103">
<Loc File="C:\_Synergy_Projects\Working\MM065A_FordMsg217BusHiSpd_Impl\src\FordMsg217BusHiSpd.c" Line="1515" Column="71">
</Loc>
<Message>
Identifiers "FordVehReLeWhlSpd_RadPerSec_T_f32" (FordMsg217BusHiSpd.c line 1515 column 71) and "FordVehReLeWhlSpd_RadPerSec_T_f32" (FordMsg217BusHiSpd.c line 1027 column 9) have the same first 33 characters.
</Message>
</Rule>

<Rule Name="5.1" Mode="required" Report="warning" Id="104">
<Loc File="C:\_Synergy_Projects\Working\MM065A_FordMsg217BusHiSpd_Impl\src\FordMsg217BusHiSpd.c" Line="1517" Column="71">
</Loc>
<Message>
Identifiers "FordVehReRiWhlSpd_RadPerSec_T_f32" (FordMsg217BusHiSpd.c line 1517 column 71) and "FordVehReRiWhlSpd_RadPerSec_T_f32" (FordMsg217BusHiSpd.c line 1028 column 9) have the same first 33 characters.
</Message>
</Rule>

<Rule Name="5.1" Mode="required" Report="warning" Id="105">
<Loc File="C:\_Synergy_Projects\Working\MM065A_FordMsg217BusHiSpd_Impl\src\FordMsg217BusHiSpd.c" Line="1518" Column="71">
</Loc>
<Message>
Identifiers "FordVehFrntLeWhlSpdVld_Cnt_T_logl" (FordMsg217BusHiSpd.c line 1518 column 71) and "FordVehFrntLeWhlSpdVld_Cnt_T_logl" (FordMsg217BusHiSpd.c line 1033 column 9) have the same first 33 characters.
</Message>
</Rule>

<Rule Name="5.1" Mode="required" Report="warning" Id="106">
<Loc File="C:\_Synergy_Projects\Working\MM065A_FordMsg217BusHiSpd_Impl\src\FordMsg217BusHiSpd.c" Line="1519" Column="71">
</Loc>
<Message>
Identifiers "FordVehFrntRiWhlSpdVld_Cnt_T_logl" (FordMsg217BusHiSpd.c line 1519 column 71) and "FordVehFrntRiWhlSpdVld_Cnt_T_logl" (FordMsg217BusHiSpd.c line 1034 column 9) have the same first 33 characters.
</Message>
</Rule>

<Rule Name="5.1" Mode="required" Report="warning" Id="107">
<Loc File="C:\_Synergy_Projects\Working\MM065A_FordMsg217BusHiSpd_Impl\src\FordMsg217BusHiSpd.c" Line="1520" Column="71">
</Loc>
<Message>
Identifiers "FordVehReLeWhlSpdVld_Cnt_T_logl" (FordMsg217BusHiSpd.c line 1520 column 71) and "FordVehReLeWhlSpdVld_Cnt_T_logl" (FordMsg217BusHiSpd.c line 1035 column 9) have the same first 31 characters.
</Message>
</Rule>

<Rule Name="5.1" Mode="required" Report="warning" Id="108">
<Loc File="C:\_Synergy_Projects\Working\MM065A_FordMsg217BusHiSpd_Impl\src\FordMsg217BusHiSpd.c" Line="1521" Column="71">
</Loc>
<Message>
Identifiers "FordVehReRiWhlSpdVld_Cnt_T_logl" (FordMsg217BusHiSpd.c line 1521 column 71) and "FordVehReRiWhlSpdVld_Cnt_T_logl" (FordMsg217BusHiSpd.c line 1036 column 9) have the same first 31 characters.
</Message>
</Rule>

<Rule Name="5.1" Mode="required" Report="warning" Id="109">
<Loc File="C:\_Synergy_Projects\Working\MM065A_FordMsg217BusHiSpd_Impl\src\FordMsg217BusHiSpd.c" Line="1522" Column="71">
</Loc>
<Message>
Identifiers "FordVehFrntRiWhlSpdVldInp_Cnt_T_logl" (FordMsg217BusHiSpd.c line 1522 column 71) and "FordVehFrntRiWhlSpdVldInp_Cnt_T_logl" (FordMsg217BusHiSpd.c line 1037 column 9) have the same first 36 characters.
</Message>
</Rule>

<Rule Name="5.1" Mode="required" Report="warning" Id="110">
<Loc File="C:\_Synergy_Projects\Working\MM065A_FordMsg217BusHiSpd_Impl\src\FordMsg217BusHiSpd.c" Line="1523" Column="71">
</Loc>
<Message>
Identifiers "FordVehFrntLeWhlSpdVldInp_Cnt_T_logl" (FordMsg217BusHiSpd.c line 1523 column 71) and "FordVehFrntLeWhlSpdVldInp_Cnt_T_logl" (FordMsg217BusHiSpd.c line 1038 column 9) have the same first 36 characters.
</Message>
</Rule>

<Rule Name="5.1" Mode="required" Report="warning" Id="111">
<Loc File="C:\_Synergy_Projects\Working\MM065A_FordMsg217BusHiSpd_Impl\src\FordMsg217BusHiSpd.c" Line="1524" Column="71">
</Loc>
<Message>
Identifiers "FordVehReRiWhlSpdVldInp_Cnt_T_logl" (FordMsg217BusHiSpd.c line 1524 column 71) and "FordVehReRiWhlSpdVldInp_Cnt_T_logl" (FordMsg217BusHiSpd.c line 1039 column 9) have the same first 34 characters.
</Message>
</Rule>

<Rule Name="5.1" Mode="required" Report="warning" Id="112">
<Loc File="C:\_Synergy_Projects\Working\MM065A_FordMsg217BusHiSpd_Impl\src\FordMsg217BusHiSpd.c" Line="1525" Column="71">
</Loc>
<Message>
Identifiers "FordVehReLeWhlSpdVldInp_Cnt_T_logl" (FordMsg217BusHiSpd.c line 1525 column 71) and "FordVehReLeWhlSpdVldInp_Cnt_T_logl" (FordMsg217BusHiSpd.c line 1040 column 9) have the same first 34 characters.
</Message>
</Rule>

<Rule Name="5.1" Mode="required" Report="warning" Id="113">
<Loc File="C:\_Synergy_Projects\Working\MM065A_FordMsg217BusHiSpd_Impl\src\FordMsg217BusHiSpd.c" Line="1601" Column="153">
</Loc>
<Message>
Identifiers "FrntLeWhlBusHiSpdInvldFaildThd_MilliSec_T_u16p0" (FordMsg217BusHiSpd.c line 1601 column 153) and "FrntLeWhlBusHiSpdInvldFaildThd_MilliSec_T_u16p0" (FordMsg217BusHiSpd.c line 1010 column 8) have the same first 47 characters.
</Message>
</Rule>

<Rule Name="5.1" Mode="required" Report="warning" Id="114">
<Loc File="C:\_Synergy_Projects\Working\MM065A_FordMsg217BusHiSpd_Impl\src\FordMsg217BusHiSpd.c" Line="1602" Column="153">
</Loc>
<Message>
Identifiers "FrntRiWhlBusHiSpdInvldFaildThd_MilliSec_T_u16p0" (FordMsg217BusHiSpd.c line 1602 column 153) and "FrntRiWhlBusHiSpdInvldFaildThd_MilliSec_T_u16p0" (FordMsg217BusHiSpd.c line 1011 column 8) have the same first 47 characters.
</Message>
</Rule>

<Rule Name="5.1" Mode="required" Report="warning" Id="115">
<Loc File="C:\_Synergy_Projects\Working\MM065A_FordMsg217BusHiSpd_Impl\src\FordMsg217BusHiSpd.c" Line="1603" Column="154">
</Loc>
<Message>
Identifiers "FordVehFrntLeWhlSpdVldInp_Cnt_T_logl" (FordMsg217BusHiSpd.c line 1603 column 154) and "FordVehFrntLeWhlSpdVldInp_Cnt_T_logl" (FordMsg217BusHiSpd.c line 1038 column 9) have the same first 36 characters.
</Message>
</Rule>

<Rule Name="5.1" Mode="required" Report="warning" Id="116">
<Loc File="C:\_Synergy_Projects\Working\MM065A_FordMsg217BusHiSpd_Impl\src\FordMsg217BusHiSpd.c" Line="1604" Column="154">
</Loc>
<Message>
Identifiers "FordVehFrntRiWhlSpdVldInp_Cnt_T_logl" (FordMsg217BusHiSpd.c line 1604 column 154) and "FordVehFrntRiWhlSpdVldInp_Cnt_T_logl" (FordMsg217BusHiSpd.c line 1037 column 9) have the same first 36 characters.
</Message>
</Rule>

<Rule Name="5.1" Mode="required" Report="warning" Id="117">
<Loc File="C:\_Synergy_Projects\Working\MM065A_FordMsg217BusHiSpd_Impl\src\FordMsg217BusHiSpd.c" Line="1680" Column="151">
</Loc>
<Message>
Identifiers "ReLeWhlBusHiSpdInvldFaildThd_MilliSec_T_u16p0" (FordMsg217BusHiSpd.c line 1680 column 151) and "ReLeWhlBusHiSpdInvldFaildThd_MilliSec_T_u16p0" (FordMsg217BusHiSpd.c line 1012 column 8) have the same first 45 characters.
</Message>
</Rule>

<Rule Name="5.1" Mode="required" Report="warning" Id="118">
<Loc File="C:\_Synergy_Projects\Working\MM065A_FordMsg217BusHiSpd_Impl\src\FordMsg217BusHiSpd.c" Line="1681" Column="151">
</Loc>
<Message>
Identifiers "ReRiWhlBusHiSpdInvldFaildThd_MilliSec_T_u16p0" (FordMsg217BusHiSpd.c line 1681 column 151) and "ReRiWhlBusHiSpdInvldFaildThd_MilliSec_T_u16p0" (FordMsg217BusHiSpd.c line 1013 column 8) have the same first 45 characters.
</Message>
</Rule>

<Rule Name="5.1" Mode="required" Report="warning" Id="119">
<Loc File="C:\_Synergy_Projects\Working\MM065A_FordMsg217BusHiSpd_Impl\src\FordMsg217BusHiSpd.c" Line="1682" Column="152">
</Loc>
<Message>
Identifiers "FordVehReLeWhlSpdVldInp_Cnt_T_logl" (FordMsg217BusHiSpd.c line 1682 column 152) and "FordVehReLeWhlSpdVldInp_Cnt_T_logl" (FordMsg217BusHiSpd.c line 1040 column 9) have the same first 34 characters.
</Message>
</Rule>

<Rule Name="5.1" Mode="required" Report="warning" Id="120">
<Loc File="C:\_Synergy_Projects\Working\MM065A_FordMsg217BusHiSpd_Impl\src\FordMsg217BusHiSpd.c" Line="1683" Column="152">
</Loc>
<Message>
Identifiers "FordVehReRiWhlSpdVldInp_Cnt_T_logl" (FordMsg217BusHiSpd.c line 1683 column 152) and "FordVehReRiWhlSpdVldInp_Cnt_T_logl" (FordMsg217BusHiSpd.c line 1039 column 9) have the same first 34 characters.
</Message>
</Rule>

<Rule Name="5.1" Mode="required" Report="warning" Id="121">
<Loc File="C:\_Synergy_Projects\Working\MM065A_FordMsg217BusHiSpd_Impl\src\FordMsg217BusHiSpd.c" Line="1789" Column="69">
</Loc>
<Message>
Identifiers "FordVehFrntLeWhlSpdVld_Cnt_T_logl" (FordMsg217BusHiSpd.c line 1789 column 69) and "FordVehFrntLeWhlSpdVld_Cnt_T_logl" (FordMsg217BusHiSpd.c line 1033 column 9) have the same first 33 characters.
</Message>
</Rule>

<Rule Name="5.1" Mode="required" Report="warning" Id="122">
<Loc File="C:\_Synergy_Projects\Working\MM065A_FordMsg217BusHiSpd_Impl\src\FordMsg217BusHiSpd.c" Line="1790" Column="69">
</Loc>
<Message>
Identifiers "FordVehFrntRiWhlSpdVld_Cnt_T_logl" (FordMsg217BusHiSpd.c line 1790 column 69) and "FordVehFrntRiWhlSpdVld_Cnt_T_logl" (FordMsg217BusHiSpd.c line 1034 column 9) have the same first 33 characters.
</Message>
</Rule>

<Rule Name="5.1" Mode="required" Report="warning" Id="123">
<Loc File="C:\_Synergy_Projects\Working\MM065A_FordMsg217BusHiSpd_Impl\src\FordMsg217BusHiSpd.c" Line="1791" Column="69">
</Loc>
<Message>
Identifiers "FordVehReLeWhlSpdVld_Cnt_T_logl" (FordMsg217BusHiSpd.c line 1791 column 69) and "FordVehReLeWhlSpdVld_Cnt_T_logl" (FordMsg217BusHiSpd.c line 1035 column 9) have the same first 31 characters.
</Message>
</Rule>

<Rule Name="5.1" Mode="required" Report="warning" Id="124">
<Loc File="C:\_Synergy_Projects\Working\MM065A_FordMsg217BusHiSpd_Impl\src\FordMsg217BusHiSpd.c" Line="1792" Column="69">
</Loc>
<Message>
Identifiers "FordVehReRiWhlSpdVld_Cnt_T_logl" (FordMsg217BusHiSpd.c line 1792 column 69) and "FordVehReRiWhlSpdVld_Cnt_T_logl" (FordMsg217BusHiSpd.c line 1036 column 9) have the same first 31 characters.
</Message>
</Rule>

</CodeStruct>

</MISRA-C-Report>
