<?xml version="1.0" encoding="UTF-8"?>
<Navig version="1.0">
<Files>
<F id="1" n="C:\Program Files\MATLAB\R2013b\polyspace\verifier\cxx\cinclude\stdarg.h"/>
<F id="2" n="C:\Users\NZ5334\Documents\Synergy\Working\ses_dev_ea4\AR201A_ArCplrSuprt_Impl\include\ASR4.0.3\Platform_Types.h"/>
<F id="3" n="C:\Users\NZ5334\Documents\Synergy\Working\ses_dev_ea4\AR200A_ArSuprt_Impl\include\ASR4.0.3\Std_Types.h"/>
<F id="4" n="C:\Users\NZ5334\Documents\Synergy\Working\ses_dev_ea4\MM519A_FordMsg5B5BusHiSpd_Impl\tools\local\generate\Rte_FordMsg5B5BusHiSpd.h"/>
<F id="5" n="C:\Users\NZ5334\Documents\Synergy\Working\ses_dev_ea4\TL103A_CplrSuprt\include\2013.5.5\ansi\math.h"/>
<F id="6" n="C:\Users\NZ5334\Documents\Synergy\Working\ses_dev_ea4\AR100A_NxtrMath_Impl\include\NxtrMath.h"/>
<F id="7" n="C:\Users\NZ5334\Documents\Synergy\Working\ses_dev_ea4\MM519A_FordMsg5B5BusHiSpd_Impl\tools\local\generate\math_stubs.h"/>
<F id="8" n="C:\Users\NZ5334\Documents\Synergy\Working\ses_dev_ea4\MM519A_FordMsg5B5BusHiSpd_Impl\src\FordMsg5B5BusHiSpd.c"/>
<F id="9" n="C:\Users\NZ5334\Documents\Synergy\Working\ses_dev_ea4\MM519A_FordMsg5B5BusHiSpd_Impl\tools\local\generate\Rte_Stubs.c"/>
<F id="10" n="C-STUBS\__polyspace__stdstubs.c"/>
<F id="11" n="C:\Users\NZ5334\Documents\Synergy\Working\ses_dev_ea4\MM519A_FordMsg5B5BusHiSpd_Impl\tools\Polyspace\Result_1\C-ALL\C-STUBS\pst_stub_types.h"/>
<F id="12" n="C-STUBS\pst_stubs_1.c"/>
<F id="13" n="C-STUBS\pst_stubs_0.c"/>
<F id="14" n="C-STUBS\__polyspace_main.c"/>
<F id="15" n="C:\Users\NZ5334\Documents\Synergy\Working\ses_dev_ea4\TL103A_CplrSuprt\include\2013.5.5\ansi\float.h"/>
<F id="16" n="C:\Program Files\MATLAB\R2013b\polyspace\verifier\cxx\cinclude\__polyspace__std_decls.h"/>
<F id="17" n="C:\Program Files\MATLAB\R2013b\polyspace\verifier\cxx\cinclude\assert.h"/>
<F id="18" n="C:\Program Files\MATLAB\R2013b\polyspace\verifier\cxx\cinclude\__polyspace__libc_defs.h"/>
<F id="19" n="C:\Users\NZ5334\Documents\Synergy\Working\ses_dev_ea4\MM519A_FordMsg5B5BusHiSpd_Impl\tools\local\generate\Rte_FordMsg5B5BusHiSpd_Type.h"/>
<F id="20" n="C:\Users\NZ5334\Documents\Synergy\Working\ses_dev_ea4\MM519A_FordMsg5B5BusHiSpd_Impl\tools\local\generate\Rte_Type.h"/>
<F id="21" n="C:\Users\NZ5334\Documents\Synergy\Working\ses_dev_ea4\MM519A_FordMsg5B5BusHiSpd_Impl\tools\local\generate\Rte.h"/>
<F id="22" n="C:\Users\NZ5334\Documents\Synergy\Working\ses_dev_ea4\AR201A_ArCplrSuprt_Impl\include\ASR4.0.3\Compiler.h"/>
<F id="23" n="C:\Users\NZ5334\Documents\Synergy\Working\ses_dev_ea4\AR201A_ArCplrSuprt_Impl\tools\contract\Compiler_Cfg.h"/>
<F id="24" n="C:\Users\NZ5334\Documents\Synergy\Working\ses_dev_ea4\AR201A_ArCplrSuprt_Impl\tools\contract\Renesas_Compiler.h"/>
<F id="25" n="C:\Users\NZ5334\Documents\Synergy\Working\ses_dev_ea4\MM519A_FordMsg5B5BusHiSpd_Impl\tools\local\generate\Rte_DataHandleType.h"/>
<F id="26" n="C:\Users\NZ5334\Documents\Synergy\Working\ses_dev_ea4\AR200A_ArSuprt_Impl\tools\contract\MemMap.h"/>
<F id="27" n="C:\Users\NZ5334\Documents\Synergy\Working\ses_dev_ea4\MM519A_FordMsg5B5BusHiSpd_Impl\tools\local\generate\FordMsg5B5BusHiSpd_MemMap.h"/>
<F id="28" n="C:\Users\NZ5334\Documents\Synergy\Working\ses_dev_ea4\MM519A_FordMsg5B5BusHiSpd_Impl\tools\local\generate\Rte_Stubs.h"/>
<F id="29" n="C:\Users\NZ5334\Documents\Synergy\Working\ses_dev_ea4\AR999A_ArchGlbPrm_Impl\include\ArchGlbPrm.h"/>
</Files>
<Definitions>
<D id="1" f="10" l="111" c="12" n="ptrdiff_t" t="7" d="1"/>
<D id="2" f="13" l="113" c="30" n="real_random_for_return" t="4" d="1"/>
<D id="3" f="10" l="114" c="21" n="wchar_t" t="7" d="1"/>
<D id="4" f="13" l="114" c="21" n="random_for_return" t="4" d="1"/>
<D id="5" f="12" l="104" c="22" n="_i_main_gen_tmp_13" t="4" d="1"/>
<D id="6" f="13" l="133" c="30" n="real_random_for_return" t="4" d="1"/>
<D id="7" f="12" l="114" c="22" n="_i_main_gen_tmp_15" t="4" d="1"/>
<D id="8" f="13" l="134" c="21" n="random_for_return" t="4" d="1"/>
<D id="9" f="10" l="511" c="23" n="_polyspace_random_uchar" t="5" d="1"/>
<D id="10" f="12" l="124" c="22" n="_i_main_gen_tmp_17" t="4" d="1"/>
<D id="11" f="13" l="153" c="30" n="real_random_for_return" t="4" d="1"/>
<D id="12" f="13" l="106" c="13" n="Rte_Write_FordMsg5B5BusHiSpd_Ford_PSCM_AutoSarNMReserved2_Val" t="2" d="1"/>
<D id="13" f="10" l="503" c="14" n="_polyspace_random_char" t="5" d="1"/>
<D id="14" f="10" l="109" c="21" n="size_t" t="7" d="1"/>
<D id="15" f="13" l="154" c="21" n="random_for_return" t="4" d="1"/>
<D id="16" f="13" l="173" c="30" n="real_random_for_return" t="4" d="1"/>
<D id="17" f="10" l="521" c="24" n="random" t="4" d="1"/>
<D id="18" f="13" l="126" c="13" n="Rte_Write_FordMsg5B5BusHiSpd_Ford_PSCM_AutoSarNMReserved3_Val" t="2" d="1"/>
<D id="19" f="12" l="137" c="12" n="_main_gen_init_sym_Rte_Inst_FordMsg5B5BusHiSpd" t="5" d="1"/>
<D id="20" f="13" l="174" c="21" n="random_for_return" t="4" d="1"/>
<D id="21" f="13" l="193" c="30" n="real_random_for_return" t="4" d="1"/>
<D id="22" f="13" l="146" c="13" n="Rte_Write_FordMsg5B5BusHiSpd_Ford_PSCM_AutoSarNMReserved4_Val" t="2" d="1"/>
<D id="23" f="6" l="562" c="104" n="RngLo" t="4" d="1"/>
<D id="24" f="10" l="513" c="34" n="random" t="4" d="1"/>
<D id="25" f="13" l="194" c="21" n="random_for_return" t="4" d="1"/>
<D id="26" f="6" l="563" c="104" n="RngHi" t="4" d="1"/>
<D id="27" f="10" l="535" c="23" n="_polyspace_random_ulong" t="5" d="1"/>
<D id="28" f="13" l="166" c="13" n="Rte_Write_FordMsg5B5BusHiSpd_Ford_PSCM_GWNMProxy_Val" t="2" d="1"/>
<D id="29" f="10" l="505" c="25" n="random" t="4" d="1"/>
<D id="30" f="12" l="103" c="28" n="_main_gen_tmp_12" t="4" d="1"/>
<D id="31" f="10" l="542" c="16" n="_polyspace_random_double" t="5" d="1"/>
<D id="32" f="10" l="519" c="13" n="_polyspace_random_int" t="5" d="1"/>
<D id="33" f="10" l="527" c="14" n="_polyspace_random_long" t="5" d="1"/>
<D id="34" f="12" l="113" c="28" n="_main_gen_tmp_14" t="4" d="1"/>
<D id="35" f="13" l="186" c="13" n="Rte_Write_FordMsg5B5BusHiSpd_Ford_PSCM_GWOnBoardTester_Val" t="2" d="1"/>
<D id="36" f="6" l="638" c="104" n="Denom" t="4" d="1"/>
<D id="37" f="12" l="123" c="28" n="_main_gen_tmp_16" t="4" d="1"/>
<D id="38" f="6" l="655" c="105" n="SinVal" t="4" d="1"/>
<D id="39" f="12" l="145" c="53" n="_main_gen_tmp_0" t="4" d="1"/>
<D id="40" f="12" l="139" c="24" n="Rte_Inst_FordMsg5B5BusHiSpd" t="1" d="0"/>
<D id="41" f="6" l="656" c="105" n="CosVal" t="4" d="1"/>
<D id="42" f="6" l="577" c="104" n="Denom" t="4" d="1"/>
<D id="43" f="13" l="166" c="79" n="P_0" t="4" d="1"/>
<D id="44" f="12" l="146" c="26" n="_i_main_gen_tmp_1" t="4" d="1"/>
<D id="45" f="10" l="537" c="34" n="random" t="4" d="1"/>
<D id="46" f="10" l="544" c="27" n="random" t="4" d="1"/>
<D id="47" f="10" l="529" c="25" n="random" t="4" d="1"/>
<D id="48" f="13" l="106" c="88" n="P_0" t="4" d="1"/>
<D id="49" f="10" l="3589" c="4" n="__polyspace_nb_varargs" t="1" d="1"/>
<D id="50" f="13" l="126" c="88" n="P_0" t="4" d="1"/>
<D id="51" f="13" l="186" c="85" n="P_0" t="4" d="1"/>
<D id="52" f="13" l="146" c="88" n="P_0" t="4" d="1"/>
<D id="53" f="10" l="3588" c="7" n="__polyspace_vararg" t="1" d="1"/>
<D id="54" f="10" l="6934" c="14" n="_polyspace_compare_function_type" t="7" d="1"/>
<D id="55" f="4" l="50" c="7" n="Rte_CDS_FordMsg5B5BusHiSpd" t="6" d="1"/>
<D id="56" f="9" l="18" c="5" n="Rte_Stub" t="2" d="1"/>
<D id="57" f="10" l="11394" c="21" n="HUGE_VAL" t="1" d="1"/>
<D id="58" f="10" l="11376" c="12" n="_polyspace_random_long_double" t="2" d="1"/>
<D id="59" f="10" l="11395" c="21" n="HUGE_VALF" t="1" d="1"/>
<D id="60" f="10" l="11396" c="21" n="HUGE_VALL" t="1" d="1"/>
<D id="61" f="10" l="12238" c="16" n="__polyspace_absolute_address" t="1" d="1"/>
<D id="62" f="10" l="11378" c="23" n="random" t="4" d="1"/>
<D id="63" f="4" l="60" c="9" n="Pim_PwrSteerCtrlModlGatewyNmProxyPrev" t="9" d="1"/>
<D id="64" f="11" l="3" c="20" n="__PST__SINT8" t="7" d="1"/>
<D id="65" f="11" l="5" c="19" n="__PST__SINT32" t="7" d="1"/>
<D id="66" f="4" l="53" c="9" n="Pim_PwrSteerCtrlModlArNmCtrlPrev" t="9" d="1"/>
<D id="67" f="11" l="1" c="13" n="__PST__CHAR" t="7" d="1"/>
<D id="68" f="4" l="54" c="9" n="Pim_PwrSteerCtrlModlArNmNodIdnPrev" t="9" d="1"/>
<D id="69" f="11" l="2" c="13" n="__PST__VOID" t="7" d="1"/>
<D id="70" f="11" l="4" c="21" n="__PST__SINT16" t="7" d="1"/>
<D id="71" f="4" l="55" c="9" n="Pim_PwrSteerCtrlModlArNmResd1Prev" t="9" d="1"/>
<D id="72" f="3" l="141" c="2" n="Std_VersionInfoType" t="7" d="1"/>
<D id="73" f="4" l="56" c="9" n="Pim_PwrSteerCtrlModlArNmResd2Prev" t="9" d="1"/>
<D id="74" f="4" l="57" c="9" n="Pim_PwrSteerCtrlModlArNmResd3Prev" t="9" d="1"/>
<D id="75" f="7" l="22" c="31" n="Inp" t="4" d="1"/>
<D id="76" f="4" l="58" c="9" n="Pim_PwrSteerCtrlModlArNmResd4Prev" t="9" d="1"/>
<D id="77" f="4" l="59" c="9" n="Pim_PwrSteerCtrlModlGatewyNmOnBdTestPrev" t="9" d="1"/>
<D id="78" f="11" l="7" c="22" n="__PST__UINT8" t="7" d="1"/>
<D id="79" f="11" l="9" c="21" n="__PST__UINT32" t="7" d="1"/>
<D id="80" f="4" l="72" c="49" n="Rte_Instance" t="7" d="1"/>
<D id="81" f="14" l="42" c="5" n="main" t="2" d="1"/>
<D id="82" f="11" l="8" c="23" n="__PST__UINT16" t="7" d="1"/>
<D id="83" f="1" l="45" c="14" n="__va_list" t="7" d="1"/>
<D id="84" f="11" l="6" c="25" n="__PST__SINT64" t="7" d="1"/>
<D id="85" f="11" l="24" c="7" n="Rte_CDS_FordMsg5B5BusHiSpd" t="6" d="1"/>
<D id="86" f="7" l="22" c="17" n="fabsf" t="2" d="1"/>
<D id="87" f="8" l="171" c="5" n="FordMsg5B5BusHiSpdInit1" t="2" d="1"/>
<D id="88" f="1" l="50" c="18" n="__gnuc_va_list" t="7" d="1"/>
<D id="89" f="5" l="51" c="17" n="double_t" t="7" d="1"/>
<D id="90" f="5" l="52" c="17" n="float_t" t="7" d="1"/>
<D id="91" f="5" l="731" c="6" n="expf" t="2" d="0"/>
<D id="92" f="8" l="240" c="8" n="Ford_PSCM_GWOnBoardTester_Ford_PSCM_GWOnBoardTester_T_u08" t="4" d="1"/>
<D id="93" f="8" l="226" c="5" n="FordMsg5B5BusHiSpdPer1" t="2" d="1"/>
<D id="94" f="5" l="741" c="6" n="sqrtf" t="2" d="0"/>
<D id="95" f="8" l="241" c="8" n="Ford_PSCM_GWNMProxy_Ford_PSCM_GWNMProxy_T_u08" t="4" d="1"/>
<D id="96" f="5" l="724" c="6" n="atan2f" t="2" d="0"/>
<D id="97" f="5" l="725" c="6" n="cosf" t="2" d="0"/>
<D id="98" f="8" l="234" c="8" n="Ford_PSCM_AutoSarNMNodeId_Ford_PSCM_AutoSarNMNodeId_T_u08" t="4" d="1"/>
<D id="99" f="5" l="726" c="6" n="sinf" t="2" d="0"/>
<D id="100" f="8" l="235" c="8" n="Ford_PSCM_AutoSarNMControl_Ford_PSCM_AutoSarNMControl_T_u08" t="4" d="1"/>
<D id="101" f="4" l="67" c="54" n="Rte_Inst_FordMsg5B5BusHiSpd" t="1" d="0"/>
<D id="102" f="8" l="236" c="8" n="Ford_PSCM_AutoSarNMReserved1_Ford_PSCM_AutoSarNMReserved1_T_u08" t="4" d="1"/>
<D id="103" f="1" l="49" c="18" n="va_list" t="7" d="1"/>
<D id="104" f="8" l="237" c="8" n="Ford_PSCM_AutoSarNMReserved2_Ford_PSCM_AutoSarNMReserved2_T_u08" t="4" d="1"/>
<D id="105" f="8" l="238" c="8" n="Ford_PSCM_AutoSarNMReserved3_Ford_PSCM_AutoSarNMReserved3_T_u08" t="4" d="1"/>
<D id="106" f="5" l="748" c="6" n="fmodf" t="2" d="0"/>
<D id="107" f="8" l="239" c="8" n="Ford_PSCM_AutoSarNMReserved4_Ford_PSCM_AutoSarNMReserved4_T_u08" t="4" d="1"/>
<D id="108" f="3" l="140" c="10" n="sw_patch_version" t="9" d="1"/>
<D id="109" f="11" l="12" c="21" n="__PST__g__11" t="7" d="1"/>
<D id="110" f="2" l="110" c="31" n="uint32" t="7" d="1"/>
<D id="111" f="11" l="14" c="20" n="__PST__g__15" t="7" d="1"/>
<D id="112" f="11" l="21" c="22" n="__PST__g__23" t="7" d="1"/>
<D id="113" f="11" l="40" c="22" n="__PST__g__32" t="7" d="1"/>
<D id="114" f="2" l="112" c="31" n="sint8_least" t="7" d="1"/>
<D id="115" f="11" l="11" c="14" n="__PST__FLOAT32" t="7" d="1"/>
<D id="116" f="2" l="103" c="31" n="boolean" t="7" d="1"/>
<D id="117" f="11" l="50" c="31" n="__PST__g__47" t="7" d="1"/>
<D id="118" f="12" l="25" c="20" n="pst_random_int" t="3" d="1"/>
<D id="119" f="6" l="170" c="20" n="NXTRMATH_SINCNVNCONTBL_ULS_U16" t="1" d="0"/>
<D id="120" f="13" l="25" c="20" n="pst_random_int" t="3" d="1"/>
<D id="121" f="11" l="41" c="22" n="__PST__g__33" t="7" d="1"/>
<D id="122" f="11" l="35" c="20" n="__PST__g__27" t="7" d="1"/>
<D id="123" f="6" l="320" c="31" n="Inp1" t="4" d="1"/>
<D id="124" f="2" l="113" c="31" n="uint8_least" t="7" d="1"/>
<D id="125" f="14" l="25" c="20" n="pst_random_int" t="3" d="1"/>
<D id="126" f="11" l="23" c="22" n="__PST__g__26" t="7" d="1"/>
<D id="127" f="3" l="136" c="10" n="vendorID" t="9" d="1"/>
<D id="128" f="6" l="411" c="31" n="Inp1" t="4" d="1"/>
<D id="129" f="11" l="42" c="22" n="__PST__g__34" t="7" d="1"/>
<D id="130" f="2" l="114" c="31" n="sint16_least" t="7" d="1"/>
<D id="131" f="11" l="44" c="21" n="__PST__g__41" t="7" d="1"/>
<D id="132" f="12" l="27" c="29" n="pst_random_g_6" t="3" d="1"/>
<D id="133" f="2" l="105" c="31" n="sint8" t="7" d="1"/>
<D id="134" f="3" l="137" c="10" n="moduleID" t="9" d="1"/>
<D id="135" f="13" l="53" c="30" n="real_random_for_return" t="4" d="1"/>
<D id="136" f="11" l="43" c="31" n="__PST__g__35" t="7" d="1"/>
<D id="137" f="11" l="45" c="30" n="__PST__g__42" t="7" d="1"/>
<D id="138" f="2" l="115" c="31" n="uint16_least" t="7" d="1"/>
<D id="139" f="6" l="307" c="29" n="Inp1" t="4" d="1"/>
<D id="140" f="2" l="106" c="31" n="uint8" t="7" d="1"/>
<D id="141" f="6" l="234" c="39" n="Inp" t="4" d="1"/>
<D id="142" f="11" l="16" c="22" n="__PST__g__18" t="7" d="1"/>
<D id="143" f="11" l="36" c="21" n="__PST__g__28" t="7" d="1"/>
<D id="144" f="3" l="138" c="10" n="sw_major_version" t="9" d="1"/>
<D id="145" f="13" l="54" c="21" n="random_for_return" t="4" d="1"/>
<D id="146" f="11" l="13" c="15" n="__PST__FLOAT64" t="7" d="1"/>
<D id="147" f="3" l="132" c="14" n="Std_ReturnType" t="7" d="1"/>
<D id="148" f="6" l="450" c="31" n="Inp1" t="4" d="1"/>
<D id="149" f="11" l="15" c="23" n="__PST__g__16" t="7" d="1"/>
<D id="150" f="2" l="116" c="31" n="sint32_least" t="7" d="1"/>
<D id="151" f="13" l="73" c="30" n="real_random_for_return" t="4" d="1"/>
<D id="152" f="11" l="46" c="21" n="__PST__g__43" t="7" d="1"/>
<D id="153" f="2" l="107" c="31" n="sint16" t="7" d="1"/>
<D id="154" f="3" l="125" c="22" n="StatusType" t="7" d="1"/>
<D id="155" f="11" l="37" c="21" n="__PST__g__29" t="7" d="1"/>
<D id="156" f="3" l="139" c="10" n="sw_minor_version" t="9" d="1"/>
<D id="157" f="11" l="19" c="30" n="__PST__g__20" t="7" d="1"/>
<D id="158" f="6" l="333" c="31" n="Inp1" t="4" d="1"/>
<D id="159" f="6" l="491" c="29" n="Inp" t="4" d="1"/>
<D id="160" f="11" l="47" c="30" n="__PST__g__44" t="7" d="1"/>
<D id="161" f="12" l="54" c="22" n="_i_main_gen_tmp_3" t="4" d="1"/>
<D id="162" f="2" l="117" c="31" n="uint32_least" t="7" d="1"/>
<D id="163" f="2" l="108" c="31" n="uint16" t="7" d="1"/>
<D id="164" f="6" l="601" c="33" n="Inp" t="4" d="1"/>
<D id="165" f="13" l="74" c="21" n="random_for_return" t="4" d="1"/>
<D id="166" f="11" l="10" c="27" n="__PST__UINT64" t="7" d="1"/>
<D id="167" f="11" l="18" c="22" n="__PST__g__21" t="7" d="1"/>
<D id="168" f="6" l="424" c="31" n="Inp1" t="4" d="1"/>
<D id="169" f="6" l="505" c="31" n="Inp" t="4" d="1"/>
<D id="170" f="11" l="30" c="17" n="Pim_PwrSteerCtrlModlArNmResd3Prev" t="9" d="1"/>
<D id="171" f="13" l="93" c="30" n="real_random_for_return" t="4" d="1"/>
<D id="172" f="11" l="17" c="32" n="__PST__g__19" t="7" d="1"/>
<D id="173" f="12" l="64" c="22" n="_i_main_gen_tmp_5" t="4" d="1"/>
<D id="174" f="2" l="127" c="31" n="sint64" t="7" d="1"/>
<D id="175" f="6" l="533" c="31" n="Inp" t="4" d="1"/>
<D id="176" f="6" l="320" c="16" n="Min_s16" t="2" d="1"/>
<D id="177" f="2" l="109" c="31" n="sint32" t="7" d="1"/>
<D id="178" f="6" l="221" c="16" n="Abslt_u32_s32" t="2" d="1"/>
<D id="179" f="13" l="205" c="5" n="__PST__MAIN__ENTRY__POINT__" t="2" d="1"/>
<D id="180" f="11" l="31" c="17" n="Pim_PwrSteerCtrlModlArNmResd4Prev" t="9" d="1"/>
<D id="181" f="12" l="74" c="22" n="_i_main_gen_tmp_7" t="4" d="1"/>
<D id="182" f="6" l="294" c="29" n="Inp1" t="4" d="1"/>
<D id="183" f="13" l="46" c="13" n="Rte_Write_FordMsg5B5BusHiSpd_Ford_PSCM_AutoSarNMControl_Val" t="2" d="1"/>
<D id="184" f="2" l="128" c="31" n="uint64" t="7" d="1"/>
<D id="185" f="6" l="411" c="16" n="Max_s16" t="2" d="1"/>
<D id="186" f="13" l="94" c="21" n="random_for_return" t="4" d="1"/>
<D id="187" f="12" l="84" c="22" n="_i_main_gen_tmp_9" t="4" d="1"/>
<D id="188" f="6" l="385" c="29" n="Inp1" t="4" d="1"/>
<D id="189" f="11" l="32" c="17" n="Pim_PwrSteerCtrlModlGatewyNmOnBdTestPrev" t="9" d="1"/>
<D id="190" f="2" l="138" c="31" n="float32" t="7" d="1"/>
<D id="191" f="12" l="41" c="17" n="x" t="4" d="1"/>
<D id="192" f="12" l="162" c="5" n="_extern_init" t="2" d="1"/>
<D id="193" f="11" l="48" c="22" n="__PST__g__45" t="7" d="1"/>
<D id="194" f="6" l="270" c="15" n="Sign_s08_s32" t="2" d="1"/>
<D id="195" f="11" l="39" c="22" n="__PST__g__31" t="7" d="1"/>
<D id="196" f="6" l="613" c="33" n="Inp" t="4" d="1"/>
<D id="197" f="11" l="22" c="27" n="__PST__g__22" t="7" d="1"/>
<D id="198" f="12" l="94" c="22" n="_i_main_gen_tmp_11" t="4" d="1"/>
<D id="199" f="13" l="66" c="13" n="Rte_Write_FordMsg5B5BusHiSpd_Ford_PSCM_AutoSarNMNodeId_Val" t="2" d="1"/>
<D id="200" f="6" l="346" c="31" n="Inp1" t="4" d="1"/>
<D id="201" f="11" l="33" c="17" n="Pim_PwrSteerCtrlModlGatewyNmProxyPrev" t="9" d="1"/>
<D id="202" f="12" l="39" c="13" n="_main_gen_init_g6" t="2" d="1"/>
<D id="203" f="2" l="139" c="31" n="float64" t="7" d="1"/>
<D id="204" f="11" l="49" c="22" n="__PST__g__46" t="7" d="1"/>
<D id="205" f="6" l="601" c="17" n="Cos_f32" t="2" d="1"/>
<D id="206" f="6" l="450" c="16" n="Max_u32" t="2" d="1"/>
<D id="207" f="6" l="437" c="31" n="Inp1" t="4" d="1"/>
<D id="208" f="6" l="477" c="29" n="Inp" t="4" d="1"/>
<D id="209" f="6" l="561" c="33" n="Inp" t="4" d="1"/>
<D id="210" f="6" l="660" c="15" n="Normdn" t="4" d="1"/>
<D id="211" f="6" l="307" c="15" n="Min_u08" t="2" d="1"/>
<D id="212" f="6" l="333" c="16" n="Min_u16" t="2" d="1"/>
<D id="213" f="13" l="86" c="13" n="Rte_Write_FordMsg5B5BusHiSpd_Ford_PSCM_AutoSarNMReserved1_Val" t="2" d="1"/>
<D id="214" f="6" l="372" c="33" n="Inp1" t="4" d="1"/>
<D id="215" f="6" l="181" c="34" n="Inp1" t="4" d="1"/>
<D id="216" f="6" l="519" c="31" n="Inp" t="4" d="1"/>
<D id="217" f="11" l="20" c="48" n="__PST__g__24" t="7" d="1"/>
<D id="218" f="6" l="282" c="15" n="Sign_s08_f32" t="2" d="1"/>
<D id="219" f="6" l="424" c="16" n="Max_u16" t="2" d="1"/>
<D id="220" f="6" l="505" c="16" n="Lim_s16" t="2" d="1"/>
<D id="221" f="6" l="270" c="35" n="Inp" t="4" d="1"/>
<D id="222" f="6" l="547" c="31" n="Inp" t="4" d="1"/>
<D id="223" f="11" l="26" c="17" n="Pim_PwrSteerCtrlModlArNmCtrlPrev" t="9" d="1"/>
<D id="224" f="6" l="221" c="37" n="Inp" t="4" d="1"/>
<D id="225" f="6" l="463" c="33" n="Inp1" t="4" d="1"/>
<D id="226" f="6" l="533" c="16" n="Lim_s32" t="2" d="1"/>
<D id="227" f="6" l="654" c="14" n="SinCos_f32" t="2" d="1"/>
<D id="228" f="12" l="23" c="28" n="pst_random_char" t="3" d="1"/>
<D id="229" f="6" l="398" c="29" n="Inp1" t="4" d="1"/>
<D id="230" f="6" l="246" c="15" n="Sign_s08_s08" t="2" d="1"/>
<D id="231" f="13" l="23" c="28" n="pst_random_char" t="3" d="1"/>
<D id="232" f="6" l="491" c="15" n="Lim_u08" t="2" d="1"/>
<D id="233" f="6" l="613" c="17" n="Exp_f32" t="2" d="1"/>
<D id="234" f="11" l="27" c="17" n="Pim_PwrSteerCtrlModlArNmNodIdnPrev" t="9" d="1"/>
<D id="235" f="12" l="47" c="34" n="_main_gen_init_g25" t="2" d="1"/>
<D id="236" f="6" l="208" c="16" n="Abslt_u16_s16" t="2" d="1"/>
<D id="237" f="6" l="234" c="17" n="Abslt_f32_f32" t="2" d="1"/>
<D id="238" f="14" l="23" c="28" n="pst_random_char" t="3" d="1"/>
<D id="239" f="6" l="782" c="14" n="SignFlip_Cnt_T_s08" t="4" d="1"/>
<D id="240" f="6" l="181" c="17" n="Blnd_f32" t="2" d="1"/>
<D id="241" f="6" l="359" c="31" n="Inp1" t="4" d="1"/>
<D id="242" f="6" l="654" c="33" n="Inp" t="4" d="1"/>
<D id="243" f="6" l="625" c="34" n="Inp" t="4" d="1"/>
<D id="244" f="6" l="246" c="34" n="Inp" t="4" d="1"/>
<D id="245" f="6" l="781" c="15" n="Theta_Cnt_T_u16" t="4" d="1"/>
<D id="246" f="11" l="28" c="17" n="Pim_PwrSteerCtrlModlArNmResd1Prev" t="9" d="1"/>
<D id="247" f="6" l="561" c="17" n="Lim_f32" t="2" d="1"/>
<D id="248" f="6" l="780" c="16" n="Theta_Rev_T_f32" t="4" d="1"/>
<D id="249" f="10" l="485" c="4" n="errno" t="1" d="1"/>
<D id="250" f="6" l="294" c="15" n="Min_s08" t="2" d="1"/>
<D id="251" f="12" l="53" c="28" n="_main_gen_tmp_2" t="4" d="1"/>
<D id="252" f="6" l="346" c="16" n="Min_s32" t="2" d="1"/>
<D id="253" f="6" l="372" c="17" n="Min_f32" t="2" d="1"/>
<D id="254" f="6" l="637" c="33" n="Numer" t="4" d="1"/>
<D id="255" f="6" l="661" c="17" n="InpSqd" t="4" d="1"/>
<D id="256" f="11" l="29" c="17" n="Pim_PwrSteerCtrlModlArNmResd2Prev" t="9" d="1"/>
<D id="257" f="6" l="195" c="15" n="Abslt_u08_s08" t="2" d="1"/>
<D id="258" f="6" l="258" c="15" n="Sign_s08_s16" t="2" d="1"/>
<D id="259" f="6" l="385" c="15" n="Max_s08" t="2" d="1"/>
<D id="260" f="12" l="63" c="28" n="_main_gen_tmp_4" t="4" d="1"/>
<D id="261" f="6" l="437" c="16" n="Max_s32" t="2" d="1"/>
<D id="262" f="6" l="463" c="17" n="Max_f32" t="2" d="1"/>
<D id="263" f="6" l="625" c="17" n="Sqrt_f32" t="2" d="1"/>
<D id="264" f="6" l="662" c="17" n="SinA" t="4" d="1"/>
<D id="265" f="11" l="38" c="27" n="__PST__g__30" t="7" d="1"/>
<D id="266" f="6" l="282" c="36" n="Inp" t="4" d="1"/>
<D id="267" f="12" l="73" c="28" n="_main_gen_tmp_6" t="4" d="1"/>
<D id="268" f="6" l="519" c="16" n="Lim_u16" t="2" d="1"/>
<D id="269" f="6" l="663" c="17" n="CosA" t="4" d="1"/>
<D id="270" f="6" l="547" c="16" n="Lim_u32" t="2" d="1"/>
<D id="271" f="12" l="83" c="28" n="_main_gen_tmp_8" t="4" d="1"/>
<D id="272" f="6" l="477" c="15" n="Lim_s08" t="2" d="1"/>
<D id="273" f="6" l="208" c="37" n="Inp" t="4" d="1"/>
<D id="274" f="6" l="783" c="16" n="SinVal_Uls_T_f32" t="4" d="1"/>
<D id="275" f="6" l="195" c="35" n="Inp" t="4" d="1"/>
<D id="276" f="6" l="321" c="95" n="Inp2" t="4" d="1"/>
<D id="277" f="6" l="664" c="17" n="Tmp" t="4" d="1"/>
<D id="278" f="12" l="49" c="45" n="x" t="4" d="1"/>
<D id="279" f="12" l="93" c="28" n="_main_gen_tmp_10" t="4" d="1"/>
<D id="280" f="6" l="520" c="95" n="RngLo" t="4" d="1"/>
<D id="281" f="6" l="258" c="35" n="Inp" t="4" d="1"/>
<D id="282" f="6" l="637" c="17" n="Mod_f32" t="2" d="1"/>
<D id="283" f="6" l="359" c="16" n="Min_u32" t="2" d="1"/>
<D id="284" f="6" l="412" c="95" n="Inp2" t="4" d="1"/>
<D id="285" f="6" l="521" c="95" n="RngHi" t="4" d="1"/>
<D id="286" f="6" l="398" c="15" n="Max_u08" t="2" d="1"/>
<D id="287" f="6" l="576" c="17" n="Arctan2_f32" t="2" d="1"/>
<D id="288" f="6" l="360" c="95" n="Inp2" t="4" d="1"/>
<D id="289" f="6" l="589" c="33" n="Inp" t="4" d="1"/>
<D id="290" f="6" l="659" c="16" n="n" t="4" d="1"/>
<D id="291" f="6" l="451" c="95" n="Inp2" t="4" d="1"/>
<D id="292" f="6" l="334" c="95" n="Inp2" t="4" d="1"/>
<D id="293" f="6" l="425" c="95" n="Inp2" t="4" d="1"/>
<D id="294" f="6" l="506" c="95" n="RngLo" t="4" d="1"/>
<D id="295" f="13" l="46" c="86" n="P_0" t="4" d="1"/>
<D id="296" f="13" l="66" c="85" n="P_0" t="4" d="1"/>
<D id="297" f="6" l="534" c="95" n="RngLo" t="4" d="1"/>
<D id="298" f="6" l="576" c="37" n="Numer" t="4" d="1"/>
<D id="299" f="6" l="308" c="86" n="Inp2" t="4" d="1"/>
<D id="300" f="6" l="492" c="94" n="RngLo" t="4" d="1"/>
<D id="301" f="6" l="507" c="95" n="RngHi" t="4" d="1"/>
<D id="302" f="6" l="589" c="17" n="Sin_f32" t="2" d="1"/>
<D id="303" f="6" l="535" c="95" n="RngHi" t="4" d="1"/>
<D id="304" f="6" l="493" c="94" n="RngHi" t="4" d="1"/>
<D id="305" f="6" l="778" c="36" n="Ag" t="4" d="1"/>
<D id="306" f="6" l="778" c="18" n="SinLookup" t="2" d="1"/>
<D id="307" f="6" l="347" c="95" n="Inp2" t="4" d="1"/>
<D id="308" f="6" l="373" c="96" n="Inp2" t="4" d="1"/>
<D id="309" f="6" l="182" c="97" n="Inp2" t="4" d="1"/>
<D id="310" f="6" l="438" c="95" n="Inp2" t="4" d="1"/>
<D id="311" f="6" l="464" c="96" n="Inp2" t="4" d="1"/>
<D id="312" f="6" l="183" c="97" n="Fac" t="4" d="1"/>
<D id="313" f="6" l="295" c="86" n="Inp2" t="4" d="1"/>
<D id="314" f="6" l="548" c="95" n="RngLo" t="4" d="1"/>
<D id="315" f="6" l="386" c="86" n="Inp2" t="4" d="1"/>
<D id="316" f="6" l="478" c="94" n="RngLo" t="4" d="1"/>
<D id="317" f="6" l="549" c="95" n="RngHi" t="4" d="1"/>
<D id="318" f="6" l="479" c="94" n="RngHi" t="4" d="1"/>
<D id="319" f="13" l="86" c="88" n="P_0" t="4" d="1"/>
<D id="320" f="6" l="399" c="86" n="Inp2" t="4" d="1"/>
</Definitions>
<Uses>
<U id="1" f="12" l="131" c="11" d="278" a="0"/>
<U id="2" f="10" l="530" c="11" d="47" a="0"/>
<U id="3" f="8" l="250" c="101" d="77" a="0"/>
<U id="4" f="10" l="522" c="11" d="17" a="0"/>
<U id="5" f="8" l="251" c="129" d="140" a="0"/>
<U id="6" f="12" l="107" c="29" d="5" a="0"/>
<U id="7" f="12" l="151" c="12" d="40" a="1"/>
<U id="8" f="10" l="514" c="11" d="24" a="0"/>
<U id="9" f="8" l="244" c="101" d="68" a="0"/>
<U id="10" f="12" l="109" c="10" d="180" a="0"/>
<U id="11" f="12" l="117" c="29" d="7" a="0"/>
<U id="12" f="12" l="105" c="13" d="5" a="1"/>
<U id="13" f="10" l="506" c="11" d="29" a="0"/>
<U id="14" f="12" l="119" c="10" d="189" a="0"/>
<U id="15" f="12" l="127" c="29" d="10" a="0"/>
<U id="16" f="12" l="107" c="12" d="30" a="1"/>
<U id="17" f="13" l="208" c="20" d="81" a="0"/>
<U id="18" f="12" l="115" c="13" d="7" a="1"/>
<U id="19" f="12" l="103" c="15" d="78" a="0"/>
<U id="20" f="13" l="114" c="41" d="2" a="0"/>
<U id="21" f="12" l="129" c="10" d="201" a="0"/>
<U id="22" f="12" l="117" c="12" d="34" a="1"/>
<U id="23" f="12" l="125" c="13" d="10" a="1"/>
<U id="24" f="8" l="244" c="139" d="140" a="0"/>
<U id="25" f="12" l="113" c="15" d="78" a="0"/>
<U id="26" f="12" l="127" c="12" d="37" a="1"/>
<U id="27" f="10" l="545" c="11" d="46" a="0"/>
<U id="28" f="12" l="123" c="15" d="78" a="0"/>
<U id="29" f="12" l="151" c="42" d="118" a="0"/>
<U id="30" f="13" l="134" c="41" d="6" a="0"/>
<U id="31" f="12" l="146" c="12" d="79" a="0"/>
<U id="32" f="12" l="139" c="11" d="197" a="0"/>
<U id="33" f="8" l="245" c="140" d="140" a="0"/>
<U id="34" f="13" l="115" c="15" d="4" a="0"/>
<U id="35" f="12" l="107" c="51" d="202" a="0"/>
<U id="36" f="13" l="154" c="41" d="11" a="0"/>
<U id="37" f="10" l="538" c="11" d="45" a="0"/>
<U id="38" f="12" l="147" c="40" d="44" a="0"/>
<U id="39" f="13" l="113" c="17" d="78" a="0"/>
<U id="40" f="12" l="117" c="51" d="202" a="0"/>
<U id="41" f="13" l="135" c="15" d="8" a="0"/>
<U id="42" f="8" l="251" c="143" d="140" a="0"/>
<U id="43" f="12" l="127" c="51" d="202" a="0"/>
<U id="44" f="13" l="174" c="41" d="16" a="0"/>
<U id="45" f="8" l="245" c="105" d="66" a="0"/>
<U id="46" f="12" l="129" c="50" d="118" a="0"/>
<U id="47" f="8" l="250" c="144" d="140" a="0"/>
<U id="48" f="12" l="55" c="179" d="161" a="1"/>
<U id="49" f="13" l="133" c="17" d="78" a="0"/>
<U id="50" f="12" l="65" c="179" d="173" a="1"/>
<U id="51" f="13" l="155" c="15" d="15" a="0"/>
<U id="52" f="13" l="194" c="41" d="21" a="0"/>
<U id="53" f="12" l="75" c="179" d="181" a="1"/>
<U id="54" f="12" l="151" c="64" d="39" a="1"/>
<U id="55" f="8" l="245" c="152" d="140" a="0"/>
<U id="56" f="13" l="153" c="17" d="78" a="0"/>
<U id="57" f="12" l="149" c="32" d="44" a="0"/>
<U id="58" f="12" l="105" c="37" d="5" a="0"/>
<U id="59" f="12" l="85" c="179" d="187" a="1"/>
<U id="60" f="13" l="175" c="15" d="20" a="0"/>
<U id="61" f="12" l="145" c="26" d="85" a="0"/>
<U id="62" f="12" l="115" c="37" d="7" a="0"/>
<U id="63" f="13" l="173" c="17" d="78" a="0"/>
<U id="64" f="12" l="119" c="53" d="118" a="0"/>
<U id="65" f="12" l="125" c="37" d="10" a="0"/>
<U id="66" f="8" l="244" c="154" d="140" a="0"/>
<U id="67" f="13" l="195" c="15" d="25" a="0"/>
<U id="68" f="8" l="246" c="144" d="140" a="0"/>
<U id="69" f="8" l="248" c="143" d="140" a="0"/>
<U id="70" f="12" l="147" c="17" d="44" a="1"/>
<U id="71" f="8" l="246" c="108" d="71" a="0"/>
<U id="72" f="8" l="247" c="144" d="140" a="0"/>
<U id="73" f="8" l="248" c="107" d="74" a="0"/>
<U id="74" f="13" l="193" c="17" d="78" a="0"/>
<U id="75" f="12" l="149" c="16" d="39" a="1"/>
<U id="76" f="8" l="249" c="143" d="140" a="0"/>
<U id="77" f="12" l="129" c="72" d="37" a="1"/>
<U id="78" f="13" l="106" c="75" d="78" a="0"/>
<U id="79" f="12" l="95" c="181" d="198" a="1"/>
<U id="80" f="8" l="247" c="108" d="73" a="0"/>
<U id="81" f="12" l="109" c="46" d="118" a="0"/>
<U id="82" f="8" l="249" c="107" d="76" a="0"/>
<U id="83" f="12" l="149" c="53" d="235" a="0"/>
<U id="84" f="8" l="250" c="158" d="140" a="0"/>
<U id="85" f="13" l="126" c="75" d="78" a="0"/>
<U id="86" f="13" l="186" c="72" d="78" a="0"/>
<U id="87" f="13" l="146" c="75" d="78" a="0"/>
<U id="88" f="12" l="119" c="75" d="34" a="1"/>
<U id="89" f="13" l="166" c="66" d="78" a="0"/>
<U id="90" f="12" l="109" c="68" d="30" a="1"/>
<U id="91" f="8" l="246" c="158" d="140" a="0"/>
<U id="92" f="8" l="248" c="157" d="140" a="0"/>
<U id="93" f="8" l="247" c="158" d="140" a="0"/>
<U id="94" f="8" l="249" c="157" d="140" a="0"/>
<U id="95" f="12" l="105" c="181" d="5" a="1"/>
<U id="96" f="12" l="115" c="181" d="7" a="1"/>
<U id="97" f="12" l="125" c="181" d="10" a="1"/>
<U id="98" f="12" l="147" c="225" d="44" a="1"/>
<U id="99" f="4" l="60" c="2" d="140" a="0"/>
<U id="100" f="9" l="20" c="4" d="87" a="0"/>
<U id="101" f="9" l="21" c="4" d="93" a="0"/>
<U id="102" f="4" l="53" c="2" d="140" a="0"/>
<U id="103" f="4" l="54" c="2" d="140" a="0"/>
<U id="104" f="4" l="55" c="2" d="140" a="0"/>
<U id="105" f="4" l="95" c="0" d="147" a="0"/>
<U id="106" f="4" l="56" c="2" d="140" a="0"/>
<U id="107" f="4" l="96" c="0" d="147" a="0"/>
<U id="108" f="4" l="57" c="2" d="140" a="0"/>
<U id="109" f="4" l="97" c="0" d="147" a="0"/>
<U id="110" f="4" l="58" c="2" d="140" a="0"/>
<U id="111" f="4" l="98" c="0" d="147" a="0"/>
<U id="112" f="1" l="50" c="8" d="83" a="0"/>
<U id="113" f="4" l="59" c="2" d="140" a="0"/>
<U id="114" f="4" l="99" c="0" d="147" a="0"/>
<U id="115" f="7" l="24" c="7" d="75" a="0"/>
<U id="116" f="1" l="84" c="7" d="103" a="0"/>
<U id="117" f="7" l="26" c="8" d="75" a="1"/>
<U id="118" f="1" l="49" c="8" d="83" a="0"/>
<U id="119" f="10" l="11379" c="9" d="62" a="0"/>
<U id="120" f="4" l="100" c="0" d="147" a="0"/>
<U id="121" f="4" l="101" c="0" d="147" a="0"/>
<U id="122" f="4" l="102" c="0" d="147" a="0"/>
<U id="123" f="7" l="22" c="9" d="190" a="0"/>
<U id="124" f="11" l="30" c="4" d="126" a="0"/>
<U id="125" f="3" l="140" c="3" d="140" a="0"/>
<U id="126" f="8" l="240" c="2" d="140" a="0"/>
<U id="127" f="11" l="31" c="4" d="126" a="0"/>
<U id="128" f="8" l="250" c="2" d="92" a="1"/>
<U id="129" f="8" l="241" c="2" d="140" a="0"/>
<U id="130" f="13" l="46" c="0" d="78" a="0"/>
<U id="131" f="11" l="32" c="4" d="126" a="0"/>
<U id="132" f="12" l="41" c="4" d="78" a="0"/>
<U id="133" f="8" l="251" c="2" d="95" a="1"/>
<U id="134" f="4" l="72" c="21" d="55" a="0"/>
<U id="135" f="11" l="33" c="4" d="126" a="0"/>
<U id="136" f="7" l="22" c="23" d="190" a="0"/>
<U id="137" f="4" l="212" c="5" d="93" a="0"/>
<U id="138" f="13" l="66" c="0" d="78" a="0"/>
<U id="139" f="12" l="39" c="0" d="78" a="0"/>
<U id="140" f="1" l="84" c="39" d="103" a="0"/>
<U id="141" f="8" l="234" c="2" d="140" a="0"/>
<U id="142" f="12" l="43" c="4" d="191" a="1"/>
<U id="143" f="4" l="67" c="20" d="55" a="0"/>
<U id="144" f="8" l="244" c="2" d="98" a="1"/>
<U id="145" f="8" l="235" c="2" d="140" a="0"/>
<U id="146" f="13" l="86" c="0" d="78" a="0"/>
<U id="147" f="11" l="26" c="4" d="126" a="0"/>
<U id="148" f="3" l="136" c="3" d="163" a="0"/>
<U id="149" f="8" l="245" c="2" d="100" a="1"/>
<U id="150" f="11" l="21" c="8" d="217" a="0"/>
<U id="151" f="8" l="236" c="2" d="140" a="0"/>
<U id="152" f="11" l="12" c="8" d="69" a="0"/>
<U id="153" f="7" l="29" c="12" d="75" a="0"/>
<U id="154" f="11" l="27" c="4" d="126" a="0"/>
<U id="155" f="11" l="40" c="8" d="155" a="0"/>
<U id="156" f="3" l="137" c="3" d="163" a="0"/>
<U id="157" f="8" l="246" c="2" d="102" a="1"/>
<U id="158" f="8" l="237" c="2" d="140" a="0"/>
<U id="159" f="11" l="28" c="4" d="126" a="0"/>
<U id="160" f="11" l="41" c="8" d="143" a="0"/>
<U id="161" f="3" l="138" c="3" d="140" a="0"/>
<U id="162" f="8" l="247" c="2" d="104" a="1"/>
<U id="163" f="11" l="23" c="8" d="78" a="0"/>
<U id="164" f="7" l="26" c="15" d="75" a="0"/>
<U id="165" f="8" l="238" c="2" d="140" a="0"/>
<U id="166" f="11" l="14" c="8" d="69" a="0"/>
<U id="167" f="11" l="29" c="4" d="126" a="0"/>
<U id="168" f="11" l="42" c="8" d="111" a="0"/>
<U id="169" f="3" l="132" c="8" d="140" a="0"/>
<U id="170" f="3" l="139" c="3" d="140" a="0"/>
<U id="171" f="8" l="248" c="2" d="105" a="1"/>
<U id="172" f="8" l="239" c="2" d="140" a="0"/>
<U id="173" f="11" l="15" c="8" d="146" a="0"/>
<U id="174" f="4" l="183" c="5" d="87" a="0"/>
<U id="175" f="8" l="249" c="2" d="107" a="1"/>
<U id="176" f="12" l="43" c="8" d="132" a="0"/>
<U id="177" f="11" l="16" c="8" d="109" a="0"/>
<U id="178" f="11" l="44" c="8" d="64" a="0"/>
<U id="179" f="4" l="95" c="15" d="183" a="0"/>
<U id="180" f="11" l="35" c="8" d="69" a="0"/>
<U id="181" f="8" l="260" c="8" d="35" a="0"/>
<U id="182" f="4" l="96" c="15" d="199" a="0"/>
<U id="183" f="11" l="36" c="8" d="78" a="0"/>
<U id="184" f="12" l="54" c="8" d="79" a="0"/>
<U id="185" f="8" l="261" c="8" d="28" a="0"/>
<U id="186" f="13" l="54" c="8" d="78" a="0"/>
<U id="187" f="11" l="18" c="8" d="64" a="0"/>
<U id="188" f="4" l="97" c="15" d="213" a="0"/>
<U id="189" f="11" l="46" c="8" d="78" a="0"/>
<U id="190" f="12" l="47" c="7" d="85" a="0"/>
<U id="191" f="12" l="64" c="8" d="79" a="0"/>
<U id="192" f="11" l="37" c="8" d="78" a="0"/>
<U id="193" f="6" l="660" c="8" d="140" a="0"/>
<U id="194" f="6" l="813" c="8" d="245" a="1"/>
<U id="195" f="4" l="98" c="15" d="12" a="0"/>
<U id="196" f="12" l="74" c="8" d="79" a="0"/>
<U id="197" f="6" l="670" c="8" d="210" a="1"/>
<U id="198" f="13" l="74" c="8" d="78" a="0"/>
<U id="199" f="6" l="661" c="8" d="190" a="0"/>
<U id="200" f="4" l="99" c="15" d="18" a="0"/>
<U id="201" f="8" l="254" c="8" d="199" a="0"/>
<U id="202" f="12" l="84" c="8" d="79" a="0"/>
<U id="203" f="11" l="48" c="8" d="65" a="0"/>
<U id="204" f="11" l="39" c="8" d="265" a="0"/>
<U id="205" f="6" l="662" c="8" d="190" a="0"/>
<U id="206" f="12" l="94" c="8" d="79" a="0"/>
<U id="207" f="6" l="780" c="8" d="190" a="0"/>
<U id="208" f="6" l="815" c="8" d="274" a="1"/>
<U id="209" f="8" l="255" c="8" d="183" a="0"/>
<U id="210" f="8" l="177" c="6" d="101" a="0"/>
<U id="211" f="13" l="94" c="8" d="78" a="0"/>
<U id="212" f="11" l="49" c="8" d="79" a="0"/>
<U id="213" f="6" l="672" c="8" d="255" a="1"/>
<U id="214" f="6" l="663" c="8" d="190" a="0"/>
<U id="215" f="6" l="781" c="8" d="163" a="0"/>
<U id="216" f="8" l="256" c="8" d="213" a="0"/>
<U id="217" f="12" l="59" c="8" d="278" a="1"/>
<U id="218" f="6" l="664" c="8" d="190" a="0"/>
<U id="219" f="6" l="782" c="8" d="133" a="0"/>
<U id="220" f="8" l="257" c="8" d="12" a="0"/>
<U id="221" f="4" l="96" c="74" d="140" a="0"/>
<U id="222" f="12" l="69" c="8" d="278" a="1"/>
<U id="223" f="6" l="674" c="8" d="264" a="1"/>
<U id="224" f="4" l="95" c="75" d="140" a="0"/>
<U id="225" f="6" l="783" c="8" d="190" a="0"/>
<U id="226" f="6" l="818" c="8" d="274" a="1"/>
<U id="227" f="8" l="258" c="8" d="18" a="0"/>
<U id="228" f="12" l="79" c="8" d="278" a="1"/>
<U id="229" f="6" l="675" c="8" d="269" a="1"/>
<U id="230" f="8" l="259" c="8" d="22" a="0"/>
<U id="231" f="12" l="89" c="8" d="278" a="1"/>
<U id="232" f="6" l="667" c="8" d="277" a="1"/>
<U id="233" f="12" l="99" c="8" d="278" a="1"/>
<U id="234" f="6" l="785" c="8" d="248" a="1"/>
<U id="235" f="6" l="668" c="8" d="290" a="1"/>
<U id="236" f="6" l="659" c="8" d="177" a="0"/>
<U id="237" f="6" l="669" c="8" d="242" a="1"/>
<U id="238" f="6" l="787" c="8" d="248" a="1"/>
<U id="239" f="4" l="97" c="77" d="140" a="0"/>
<U id="240" f="4" l="98" c="77" d="140" a="0"/>
<U id="241" f="4" l="99" c="77" d="140" a="0"/>
<U id="242" f="6" l="320" c="9" d="153" a="0"/>
<U id="243" f="6" l="221" c="9" d="110" a="0"/>
<U id="244" f="6" l="411" c="9" d="153" a="0"/>
<U id="245" f="6" l="601" c="9" d="190" a="0"/>
<U id="246" f="11" l="20" c="21" d="85" a="0"/>
<U id="247" f="6" l="450" c="9" d="110" a="0"/>
<U id="248" f="6" l="270" c="9" d="133" a="0"/>
<U id="249" f="6" l="310" c="30" d="139" a="0"/>
<U id="250" f="6" l="333" c="9" d="163" a="0"/>
<U id="251" f="6" l="613" c="9" d="190" a="0"/>
<U id="252" f="13" l="106" c="0" d="78" a="0"/>
<U id="253" f="6" l="234" c="9" d="190" a="0"/>
<U id="254" f="6" l="401" c="30" d="229" a="0"/>
<U id="255" f="6" l="181" c="9" d="190" a="0"/>
<U id="256" f="6" l="424" c="9" d="163" a="0"/>
<U id="257" f="6" l="505" c="9" d="153" a="0"/>
<U id="258" f="6" l="221" c="30" d="177" a="0"/>
<U id="259" f="6" l="533" c="9" d="177" a="0"/>
<U id="260" f="6" l="307" c="9" d="140" a="0"/>
<U id="261" f="6" l="561" c="9" d="190" a="0"/>
<U id="262" f="6" l="211" c="40" d="163" a="0"/>
<U id="263" f="6" l="310" c="22" d="299" a="0"/>
<U id="264" f="8" l="180" c="10" d="101" a="0"/>
<U id="265" f="6" l="208" c="9" d="163" a="0"/>
<U id="266" f="6" l="372" c="9" d="190" a="0"/>
<U id="267" f="14" l="54" c="19" d="69" a="0"/>
<U id="268" f="13" l="126" c="0" d="78" a="0"/>
<U id="269" f="6" l="282" c="9" d="133" a="0"/>
<U id="270" f="6" l="401" c="22" d="320" a="0"/>
<U id="271" f="4" l="100" c="15" d="22" a="0"/>
<U id="272" f="12" l="44" c="11" d="191" a="0"/>
<U id="273" f="6" l="211" c="59" d="273" a="0"/>
<U id="274" f="6" l="440" c="30" d="207" a="0"/>
<U id="275" f="8" l="181" c="10" d="101" a="0"/>
<U id="276" f="6" l="463" c="9" d="190" a="0"/>
<U id="277" f="6" l="625" c="9" d="190" a="0"/>
<U id="278" f="6" l="246" c="9" d="133" a="0"/>
<U id="279" f="11" l="22" c="14" d="112" a="0"/>
<U id="280" f="6" l="491" c="9" d="140" a="0"/>
<U id="281" f="6" l="310" c="14" d="139" a="0"/>
<U id="282" f="4" l="101" c="15" d="28" a="0"/>
<U id="283" f="6" l="323" c="30" d="123" a="0"/>
<U id="284" f="14" l="52" c="12" d="125" a="0"/>
<U id="285" f="6" l="346" c="9" d="177" a="0"/>
<U id="286" f="6" l="211" c="14" d="273" a="0"/>
<U id="287" f="8" l="182" c="10" d="101" a="0"/>
<U id="288" f="6" l="401" c="14" d="229" a="0"/>
<U id="289" f="6" l="603" c="12" d="97" a="0"/>
<U id="290" f="13" l="146" c="0" d="78" a="0"/>
<U id="291" f="6" l="414" c="30" d="128" a="0"/>
<U id="292" f="6" l="640" c="12" d="106" a="0"/>
<U id="293" f="8" l="180" c="39" d="73" a="0"/>
<U id="294" f="4" l="102" c="15" d="35" a="0"/>
<U id="295" f="6" l="437" c="9" d="177" a="0"/>
<U id="296" f="6" l="440" c="22" d="310" a="0"/>
<U id="297" f="6" l="523" c="30" d="285" a="0"/>
<U id="298" f="8" l="183" c="10" d="101" a="0"/>
<U id="299" f="6" l="211" c="33" d="273" a="0"/>
<U id="300" f="6" l="523" c="21" d="285" a="0"/>
<U id="301" f="6" l="294" c="9" d="133" a="0"/>
<U id="302" f="6" l="211" c="24" d="163" a="0"/>
<U id="303" f="6" l="551" c="30" d="317" a="0"/>
<U id="304" f="14" l="46" c="11" d="125" a="0"/>
<U id="305" f="6" l="170" c="13" d="163" a="0"/>
<U id="306" f="6" l="224" c="40" d="110" a="0"/>
<U id="307" f="6" l="323" c="22" d="276" a="0"/>
<U id="308" f="6" l="551" c="21" d="317" a="0"/>
<U id="309" f="8" l="181" c="39" d="77" a="0"/>
<U id="310" f="6" l="195" c="9" d="140" a="0"/>
<U id="311" f="6" l="320" c="24" d="153" a="0"/>
<U id="312" f="6" l="519" c="9" d="163" a="0"/>
<U id="313" f="6" l="637" c="9" d="190" a="0"/>
<U id="314" f="6" l="362" c="30" d="241" a="0"/>
<U id="315" f="8" l="184" c="10" d="101" a="0"/>
<U id="316" f="6" l="258" c="9" d="133" a="0"/>
<U id="317" f="6" l="385" c="9" d="133" a="0"/>
<U id="318" f="6" l="547" c="9" d="110" a="0"/>
<U id="319" f="6" l="711" c="50" d="264" a="0"/>
<U id="320" f="6" l="414" c="22" d="284" a="0"/>
<U id="321" f="6" l="523" c="40" d="216" a="0"/>
<U id="322" f="13" l="166" c="0" d="78" a="0"/>
<U id="323" f="6" l="208" c="30" d="153" a="0"/>
<U id="324" f="6" l="234" c="31" d="190" a="0"/>
<U id="325" f="6" l="411" c="24" d="153" a="0"/>
<U id="326" f="6" l="440" c="14" d="207" a="0"/>
<U id="327" f="8" l="182" c="39" d="63" a="0"/>
<U id="328" f="6" l="224" c="59" d="224" a="0"/>
<U id="329" f="6" l="453" c="30" d="148" a="0"/>
<U id="330" f="6" l="551" c="40" d="222" a="0"/>
<U id="331" f="8" l="251" c="50" d="232" a="0"/>
<U id="332" f="12" l="59" c="10" d="223" a="0"/>
<U id="333" f="6" l="260" c="14" d="281" a="0"/>
<U id="334" f="14" l="54" c="31" d="56" a="0"/>
<U id="335" f="6" l="481" c="30" d="318" a="0"/>
<U id="336" f="6" l="615" c="12" d="91" a="0"/>
<U id="337" f="6" l="712" c="50" d="264" a="0"/>
<U id="338" f="6" l="236" c="12" d="86" a="0"/>
<U id="339" f="6" l="323" c="14" d="123" a="0"/>
<U id="340" f="6" l="481" c="21" d="318" a="0"/>
<U id="341" f="6" l="576" c="9" d="190" a="0"/>
<U id="342" f="6" l="336" c="30" d="158" a="0"/>
<U id="343" f="8" l="183" c="39" d="74" a="0"/>
<U id="344" f="12" l="55" c="13" d="161" a="1"/>
<U id="345" f="12" l="69" c="10" d="234" a="0"/>
<U id="346" f="6" l="359" c="9" d="110" a="0"/>
<U id="347" f="6" l="185" c="29" d="312" a="0"/>
<U id="348" f="6" l="224" c="14" d="224" a="0"/>
<U id="349" f="6" l="362" c="22" d="288" a="0"/>
<U id="350" f="6" l="731" c="50" d="264" a="0"/>
<U id="351" f="14" l="56" c="12" d="56" a="0"/>
<U id="352" f="13" l="210" c="8" d="81" a="0"/>
<U id="353" f="6" l="477" c="9" d="133" a="0"/>
<U id="354" f="13" l="54" c="41" d="135" a="0"/>
<U id="355" f="12" l="23" c="16" d="67" a="0"/>
<U id="356" f="12" l="57" c="12" d="251" a="1"/>
<U id="357" f="6" l="414" c="14" d="128" a="0"/>
<U id="358" f="8" l="251" c="60" d="101" a="0"/>
<U id="359" f="6" l="260" c="24" d="133" a="0"/>
<U id="360" f="6" l="427" c="30" d="168" a="0"/>
<U id="361" f="13" l="23" c="16" d="67" a="0"/>
<U id="362" f="13" l="186" c="0" d="78" a="0"/>
<U id="363" f="11" l="35" c="33" d="65" a="0"/>
<U id="364" f="12" l="65" c="13" d="173" a="1"/>
<U id="365" f="12" l="79" c="10" d="246" a="0"/>
<U id="366" f="6" l="195" c="29" d="133" a="0"/>
<U id="367" f="6" l="601" c="25" d="190" a="0"/>
<U id="368" f="6" l="453" c="22" d="291" a="0"/>
<U id="369" f="6" l="481" c="40" d="208" a="0"/>
<U id="370" f="6" l="523" c="14" d="216" a="0"/>
<U id="371" f="6" l="806" c="12" d="248" a="0"/>
<U id="372" f="8" l="184" c="39" d="76" a="0"/>
<U id="373" f="11" l="50" c="17" d="79" a="0"/>
<U id="374" f="6" l="450" c="24" d="110" a="0"/>
<U id="375" f="6" l="732" c="50" d="264" a="0"/>
<U id="376" f="14" l="23" c="16" d="67" a="0"/>
<U id="377" f="12" l="53" c="15" d="78" a="0"/>
<U id="378" f="12" l="57" c="49" d="202" a="0"/>
<U id="379" f="12" l="67" c="12" d="260" a="1"/>
<U id="380" f="6" l="224" c="33" d="224" a="0"/>
<U id="381" f="6" l="551" c="14" d="222" a="0"/>
<U id="382" f="6" l="591" c="12" d="99" a="0"/>
<U id="383" f="6" l="701" c="34" d="269" a="0"/>
<U id="384" f="6" l="224" c="24" d="110" a="0"/>
<U id="385" f="6" l="701" c="25" d="38" a="0"/>
<U id="386" f="8" l="178" c="10" d="101" a="0"/>
<U id="387" f="12" l="75" c="13" d="181" a="1"/>
<U id="388" f="12" l="89" c="10" d="256" a="0"/>
<U id="389" f="12" l="97" c="29" d="198" a="0"/>
<U id="390" f="6" l="336" c="22" d="292" a="0"/>
<U id="391" f="6" l="509" c="30" d="301" a="0"/>
<U id="392" f="6" l="751" c="50" d="264" a="0"/>
<U id="393" f="6" l="307" c="23" d="140" a="0"/>
<U id="394" f="6" l="333" c="24" d="163" a="0"/>
<U id="395" f="6" l="362" c="14" d="241" a="0"/>
<U id="396" f="6" l="509" c="21" d="301" a="0"/>
<U id="397" f="13" l="74" c="41" d="151" a="0"/>
<U id="398" f="12" l="63" c="15" d="78" a="0"/>
<U id="399" f="12" l="67" c="49" d="202" a="0"/>
<U id="400" f="12" l="77" c="12" d="267" a="1"/>
<U id="401" f="6" l="272" c="14" d="221" a="0"/>
<U id="402" f="6" l="375" c="30" d="214" a="0"/>
<U id="403" f="6" l="537" c="30" d="303" a="0"/>
<U id="404" f="6" l="398" c="9" d="140" a="0"/>
<U id="405" f="6" l="537" c="21" d="303" a="0"/>
<U id="406" f="6" l="627" c="12" d="94" a="0"/>
<U id="407" f="6" l="711" c="25" d="38" a="0"/>
<U id="408" f="6" l="821" c="15" d="274" a="0"/>
<U id="409" f="12" l="85" c="13" d="187" a="1"/>
<U id="410" f="12" l="99" c="10" d="170" a="0"/>
<U id="411" f="6" l="427" c="22" d="293" a="0"/>
<U id="412" f="6" l="565" c="30" d="26" a="0"/>
<U id="413" f="6" l="702" c="25" d="41" a="0"/>
<U id="414" f="8" l="179" c="10" d="101" a="0"/>
<U id="415" f="11" l="38" c="14" d="126" a="0"/>
<U id="416" f="6" l="424" c="24" d="163" a="0"/>
<U id="417" f="6" l="505" c="24" d="153" a="0"/>
<U id="418" f="6" l="576" c="29" d="190" a="0"/>
<U id="419" f="6" l="284" c="40" d="133" a="0"/>
<U id="420" f="6" l="453" c="14" d="148" a="0"/>
<U id="421" f="6" l="565" c="21" d="26" a="0"/>
<U id="422" f="6" l="691" c="49" d="264" a="0"/>
<U id="423" f="6" l="706" c="50" d="264" a="0"/>
<U id="424" f="6" l="752" c="50" d="264" a="0"/>
<U id="425" f="8" l="250" c="62" d="232" a="0"/>
<U id="426" f="12" l="104" c="8" d="79" a="0"/>
<U id="427" f="12" l="73" c="15" d="78" a="0"/>
<U id="428" f="12" l="77" c="49" d="202" a="0"/>
<U id="429" f="12" l="87" c="12" d="271" a="1"/>
<U id="430" f="6" l="466" c="30" d="225" a="0"/>
<U id="431" f="6" l="813" c="42" d="190" a="0"/>
<U id="432" f="8" l="261" c="61" d="95" a="0"/>
<U id="433" f="6" l="533" c="24" d="177" a="0"/>
<U id="434" f="6" l="481" c="14" d="208" a="0"/>
<U id="435" f="6" l="509" c="40" d="169" a="0"/>
<U id="436" f="6" l="640" c="25" d="36" a="0"/>
<U id="437" f="6" l="721" c="25" d="38" a="0"/>
<U id="438" f="8" l="251" c="89" d="63" a="0"/>
<U id="439" f="11" l="43" c="17" d="65" a="0"/>
<U id="440" f="12" l="95" c="13" d="198" a="1"/>
<U id="441" f="6" l="712" c="25" d="41" a="0"/>
<U id="442" f="11" l="36" c="34" d="78" a="0"/>
<U id="443" f="6" l="272" c="24" d="133" a="0"/>
<U id="444" f="6" l="310" c="37" d="299" a="0"/>
<U id="445" f="6" l="336" c="14" d="158" a="0"/>
<U id="446" f="6" l="537" c="40" d="175" a="0"/>
<U id="447" f="6" l="716" c="50" d="264" a="0"/>
<U id="448" f="13" l="55" c="15" d="145" a="0"/>
<U id="449" f="13" l="94" c="41" d="171" a="0"/>
<U id="450" f="12" l="83" c="15" d="78" a="0"/>
<U id="451" f="12" l="87" c="49" d="202" a="0"/>
<U id="452" f="12" l="97" c="12" d="279" a="1"/>
<U id="453" f="6" l="491" c="23" d="140" a="0"/>
<U id="454" f="6" l="589" c="9" d="190" a="0"/>
<U id="455" f="6" l="613" c="25" d="190" a="0"/>
<U id="456" f="6" l="349" c="30" d="200" a="0"/>
<U id="457" f="6" l="707" c="50" d="264" a="0"/>
<U id="458" f="12" l="114" c="8" d="79" a="0"/>
<U id="459" f="4" l="102" c="74" d="140" a="0"/>
<U id="460" f="6" l="375" c="22" d="308" a="0"/>
<U id="461" f="6" l="565" c="40" d="209" a="0"/>
<U id="462" f="6" l="702" c="35" d="264" a="0"/>
<U id="463" f="6" l="731" c="25" d="38" a="0"/>
<U id="464" f="6" l="722" c="25" d="41" a="0"/>
<U id="465" f="8" l="178" c="39" d="66" a="0"/>
<U id="466" f="8" l="250" c="72" d="101" a="0"/>
<U id="467" f="13" l="114" c="8" d="78" a="0"/>
<U id="468" f="6" l="401" c="37" d="320" a="0"/>
<U id="469" f="6" l="427" c="14" d="168" a="0"/>
<U id="470" f="6" l="495" c="30" d="304" a="0"/>
<U id="471" f="6" l="579" c="19" d="298" a="0"/>
<U id="472" f="6" l="672" c="23" d="242" a="0"/>
<U id="473" f="6" l="726" c="50" d="264" a="0"/>
<U id="474" f="6" l="803" c="16" d="239" a="1"/>
<U id="475" f="6" l="813" c="52" d="248" a="0"/>
<U id="476" f="11" l="37" c="34" d="78" a="0"/>
<U id="477" f="12" l="27" c="16" d="78" a="0"/>
<U id="478" f="12" l="93" c="15" d="78" a="0"/>
<U id="479" f="6" l="495" c="21" d="304" a="0"/>
<U id="480" f="6" l="674" c="31" d="255" a="0"/>
<U id="481" f="6" l="717" c="50" d="264" a="0"/>
<U id="482" f="6" l="721" c="35" d="264" a="0"/>
<U id="483" f="8" l="246" c="69" d="232" a="0"/>
<U id="484" f="6" l="778" c="10" d="190" a="0"/>
<U id="485" f="6" l="466" c="22" d="311" a="0"/>
<U id="486" f="6" l="603" c="17" d="164" a="0"/>
<U id="487" f="6" l="668" c="20" d="277" a="0"/>
<U id="488" f="6" l="741" c="25" d="38" a="0"/>
<U id="489" f="6" l="813" c="34" d="110" a="0"/>
<U id="490" f="13" l="53" c="17" d="78" a="0"/>
<U id="491" f="11" l="17" c="17" d="146" a="0"/>
<U id="492" f="12" l="124" c="8" d="79" a="0"/>
<U id="493" f="6" l="284" c="14" d="266" a="0"/>
<U id="494" f="6" l="732" c="25" d="41" a="0"/>
<U id="495" f="6" l="561" c="25" d="190" a="0"/>
<U id="496" f="6" l="297" c="30" d="182" a="0"/>
<U id="497" f="6" l="736" c="50" d="264" a="0"/>
<U id="498" f="8" l="179" c="39" d="71" a="0"/>
<U id="499" f="13" l="75" c="15" d="165" a="0"/>
<U id="500" f="11" l="45" c="17" d="64" a="0"/>
<U id="501" f="6" l="185" c="14" d="215" a="0"/>
<U id="502" f="6" l="198" c="39" d="140" a="0"/>
<U id="503" f="6" l="509" c="14" d="169" a="0"/>
<U id="504" f="6" l="670" c="34" d="290" a="0"/>
<U id="505" f="6" l="692" c="50" d="264" a="0"/>
<U id="506" f="6" l="727" c="50" d="264" a="0"/>
<U id="507" f="11" l="37" c="62" d="78" a="0"/>
<U id="508" f="6" l="182" c="89" d="190" a="0"/>
<U id="509" f="6" l="294" c="23" d="133" a="0"/>
<U id="510" f="6" l="349" c="22" d="307" a="0"/>
<U id="511" f="6" l="722" c="35" d="269" a="0"/>
<U id="512" f="6" l="751" c="25" d="38" a="0"/>
<U id="513" f="6" l="808" c="41" d="248" a="0"/>
<U id="514" f="8" l="247" c="69" d="232" a="0"/>
<U id="515" f="6" l="346" c="24" d="177" a="0"/>
<U id="516" f="6" l="372" c="25" d="190" a="0"/>
<U id="517" f="6" l="248" c="14" d="244" a="0"/>
<U id="518" f="6" l="375" c="14" d="214" a="0"/>
<U id="519" f="6" l="495" c="40" d="159" a="0"/>
<U id="520" f="6" l="537" c="14" d="175" a="0"/>
<U id="521" f="6" l="742" c="25" d="41" a="0"/>
<U id="522" f="6" l="181" c="26" d="190" a="0"/>
<U id="523" f="6" l="388" c="30" d="188" a="0"/>
<U id="524" f="6" l="746" c="50" d="264" a="0"/>
<U id="525" f="8" l="244" c="62" d="232" a="0"/>
<U id="526" f="8" l="246" c="79" d="101" a="0"/>
<U id="527" f="12" l="167" c="4" d="19" a="0"/>
<U id="528" f="6" l="565" c="14" d="209" a="0"/>
<U id="529" f="6" l="737" c="50" d="264" a="0"/>
<U id="530" f="6" l="741" c="35" d="269" a="0"/>
<U id="531" f="13" l="134" c="8" d="78" a="0"/>
<U id="532" f="6" l="385" c="23" d="133" a="0"/>
<U id="533" f="13" l="73" c="17" d="78" a="0"/>
<U id="534" f="6" l="183" c="89" d="190" a="0"/>
<U id="535" f="6" l="308" c="80" d="140" a="0"/>
<U id="536" f="6" l="437" c="24" d="177" a="0"/>
<U id="537" f="6" l="463" c="25" d="190" a="0"/>
<U id="538" f="6" l="440" c="37" d="310" a="0"/>
<U id="539" f="6" l="466" c="14" d="225" a="0"/>
<U id="540" f="6" l="640" c="18" d="254" a="0"/>
<U id="541" f="6" l="668" c="12" d="177" a="0"/>
<U id="542" f="6" l="706" c="25" d="38" a="0"/>
<U id="543" f="6" l="752" c="25" d="41" a="0"/>
<U id="544" f="6" l="813" c="26" d="163" a="0"/>
<U id="545" f="4" l="100" c="77" d="140" a="0"/>
<U id="546" f="13" l="95" c="15" d="186" a="0"/>
<U id="547" f="11" l="19" c="17" d="167" a="0"/>
<U id="548" f="12" l="69" c="69" d="260" a="1"/>
<U id="549" f="6" l="211" c="48" d="153" a="0"/>
<U id="550" f="6" l="260" c="37" d="133" a="0"/>
<U id="551" f="6" l="297" c="22" d="313" a="0"/>
<U id="552" f="6" l="686" c="49" d="264" a="0"/>
<U id="553" f="6" l="747" c="50" d="264" a="0"/>
<U id="554" f="8" l="247" c="79" d="101" a="0"/>
<U id="555" f="8" l="256" c="70" d="102" a="0"/>
<U id="556" f="6" l="248" c="24" d="133" a="0"/>
<U id="557" f="6" l="669" c="30" d="290" a="0"/>
<U id="558" f="6" l="670" c="26" d="110" a="0"/>
<U id="559" f="6" l="681" c="34" d="264" a="0"/>
<U id="560" f="6" l="742" c="35" d="264" a="0"/>
<U id="561" f="11" l="47" c="17" d="78" a="0"/>
<U id="562" f="6" l="323" c="37" d="276" a="0"/>
<U id="563" f="6" l="349" c="14" d="200" a="0"/>
<U id="564" f="6" l="669" c="21" d="190" a="0"/>
<U id="565" f="6" l="670" c="17" d="140" a="0"/>
<U id="566" f="6" l="675" c="23" d="255" a="0"/>
<U id="567" f="6" l="681" c="25" d="38" a="0"/>
<U id="568" f="6" l="716" c="25" d="38" a="0"/>
<U id="569" f="8" l="244" c="72" d="101" a="0"/>
<U id="570" f="6" l="519" c="24" d="163" a="0"/>
<U id="571" f="6" l="615" c="17" d="196" a="0"/>
<U id="572" f="6" l="707" c="25" d="41" a="0"/>
<U id="573" f="6" l="796" c="12" d="248" a="0"/>
<U id="574" f="12" l="55" c="36" d="161" a="0"/>
<U id="575" f="12" l="97" c="51" d="202" a="0"/>
<U id="576" f="6" l="388" c="22" d="315" a="0"/>
<U id="577" f="6" l="579" c="12" d="96" a="0"/>
<U id="578" f="6" l="696" c="49" d="264" a="0"/>
<U id="579" f="6" l="711" c="74" d="269" a="0"/>
<U id="580" f="6" l="757" c="50" d="264" a="0"/>
<U id="581" f="8" l="182" c="81" d="140" a="0"/>
<U id="582" f="4" l="101" c="68" d="140" a="0"/>
<U id="583" f="6" l="270" c="28" d="177" a="0"/>
<U id="584" f="6" l="547" c="24" d="110" a="0"/>
<U id="585" f="6" l="654" c="25" d="190" a="0"/>
<U id="586" f="6" l="495" c="14" d="159" a="0"/>
<U id="587" f="6" l="523" c="64" d="216" a="0"/>
<U id="588" f="8" l="257" c="70" d="104" a="0"/>
<U id="589" f="13" l="93" c="17" d="78" a="0"/>
<U id="590" f="6" l="477" c="23" d="133" a="0"/>
<U id="591" f="6" l="625" c="26" d="190" a="0"/>
<U id="592" f="6" l="414" c="37" d="284" a="0"/>
<U id="593" f="6" l="674" c="15" d="242" a="0"/>
<U id="594" f="6" l="682" c="34" d="269" a="0"/>
<U id="595" f="6" l="691" c="25" d="38" a="0"/>
<U id="596" f="6" l="726" c="25" d="38" a="0"/>
<U id="597" f="13" l="154" c="8" d="78" a="0"/>
<U id="598" f="6" l="551" c="64" d="222" a="0"/>
<U id="599" f="6" l="667" c="32" d="242" a="0"/>
<U id="600" f="6" l="682" c="25" d="41" a="0"/>
<U id="601" f="6" l="717" c="25" d="41" a="0"/>
<U id="602" f="12" l="65" c="36" d="173" a="0"/>
<U id="603" f="6" l="198" c="32" d="275" a="0"/>
<U id="604" f="6" l="297" c="14" d="182" a="0"/>
<U id="605" f="6" l="712" c="74" d="269" a="0"/>
<U id="606" f="6" l="758" c="50" d="264" a="0"/>
<U id="607" f="13" l="208" c="8" d="69" a="0"/>
<U id="608" f="12" l="109" c="8" d="278" a="1"/>
<U id="609" f="6" l="736" c="25" d="38" a="0"/>
<U id="610" f="6" l="791" c="16" d="248" a="1"/>
<U id="611" f="8" l="258" c="70" d="105" a="0"/>
<U id="612" f="13" l="46" c="73" d="78" a="0"/>
<U id="613" f="13" l="66" c="72" d="78" a="0"/>
<U id="614" f="6" l="198" c="14" d="275" a="0"/>
<U id="615" f="6" l="692" c="25" d="41" a="0"/>
<U id="616" f="6" l="727" c="25" d="41" a="0"/>
<U id="617" f="12" l="75" c="36" d="181" a="0"/>
<U id="618" f="6" l="637" c="25" d="190" a="0"/>
<U id="619" f="6" l="236" c="18" d="141" a="0"/>
<U id="620" f="6" l="591" c="17" d="289" a="0"/>
<U id="621" f="6" l="672" c="17" d="242" a="0"/>
<U id="622" f="6" l="731" c="74" d="269" a="0"/>
<U id="623" f="6" l="808" c="16" d="248" a="1"/>
<U id="624" f="6" l="359" c="24" d="110" a="0"/>
<U id="625" f="6" l="362" c="37" d="288" a="0"/>
<U id="626" f="6" l="388" c="14" d="188" a="0"/>
<U id="627" f="6" l="687" c="50" d="264" a="0"/>
<U id="628" f="6" l="272" c="37" d="133" a="0"/>
<U id="629" f="6" l="523" c="56" d="280" a="0"/>
<U id="630" f="6" l="746" c="25" d="38" a="0"/>
<U id="631" f="6" l="789" c="12" d="248" a="0"/>
<U id="632" f="12" l="119" c="8" d="278" a="1"/>
<U id="633" f="6" l="523" c="47" d="280" a="0"/>
<U id="634" f="6" l="737" c="25" d="41" a="0"/>
<U id="635" f="8" l="259" c="70" d="107" a="0"/>
<U id="636" f="12" l="85" c="36" d="187" a="0"/>
<U id="637" f="6" l="295" c="80" d="133" a="0"/>
<U id="638" f="6" l="398" c="23" d="140" a="0"/>
<U id="639" f="6" l="481" c="64" d="208" a="0"/>
<U id="640" f="6" l="551" c="56" d="314" a="0"/>
<U id="641" f="13" l="174" c="8" d="78" a="0"/>
<U id="642" f="6" l="453" c="37" d="291" a="0"/>
<U id="643" f="6" l="551" c="47" d="314" a="0"/>
<U id="644" f="6" l="667" c="15" d="242" a="0"/>
<U id="645" f="6" l="691" c="72" d="269" a="0"/>
<U id="646" f="6" l="697" c="50" d="264" a="0"/>
<U id="647" f="6" l="706" c="73" d="269" a="0"/>
<U id="648" f="6" l="732" c="74" d="269" a="0"/>
<U id="649" f="6" l="198" c="24" d="140" a="0"/>
<U id="650" f="6" l="282" c="28" d="190" a="0"/>
<U id="651" f="6" l="224" c="48" d="177" a="0"/>
<U id="652" f="6" l="669" c="14" d="242" a="0"/>
<U id="653" f="6" l="747" c="25" d="41" a="0"/>
<U id="654" f="12" l="129" c="8" d="278" a="1"/>
<U id="655" f="6" l="386" c="80" d="133" a="0"/>
<U id="656" f="6" l="751" c="74" d="269" a="0"/>
<U id="657" f="6" l="185" c="45" d="312" a="0"/>
<U id="658" f="6" l="284" c="27" d="133" a="0"/>
<U id="659" f="6" l="336" c="37" d="292" a="0"/>
<U id="660" f="6" l="716" c="73" d="269" a="0"/>
<U id="661" f="12" l="49" c="18" d="85" a="0"/>
<U id="662" f="8" l="177" c="35" d="68" a="0"/>
<U id="663" f="12" l="57" c="28" d="161" a="0"/>
<U id="664" f="12" l="59" c="45" d="118" a="0"/>
<U id="665" f="6" l="246" c="28" d="133" a="0"/>
<U id="666" f="6" l="757" c="25" d="38" a="0"/>
<U id="667" f="6" l="815" c="37" d="119" a="1"/>
<U id="668" f="8" l="181" c="84" d="140" a="0"/>
<U id="669" f="8" l="260" c="67" d="92" a="0"/>
<U id="670" f="6" l="815" c="28" d="190" a="0"/>
<U id="671" f="6" l="427" c="37" d="293" a="0"/>
<U id="672" f="6" l="481" c="56" d="316" a="0"/>
<U id="673" f="6" l="627" c="18" d="243" a="0"/>
<U id="674" f="6" l="752" c="74" d="269" a="0"/>
<U id="675" f="6" l="481" c="47" d="316" a="0"/>
<U id="676" f="13" l="194" c="8" d="78" a="0"/>
<U id="677" f="11" l="37" c="48" d="78" a="0"/>
<U id="678" f="12" l="67" c="28" d="173" a="0"/>
<U id="679" f="6" l="509" c="64" d="169" a="0"/>
<U id="680" f="6" l="686" c="25" d="38" a="0"/>
<U id="681" f="12" l="95" c="37" d="198" a="0"/>
<U id="682" f="6" l="758" c="25" d="41" a="0"/>
<U id="683" f="6" l="537" c="64" d="175" a="0"/>
<U id="684" f="6" l="692" c="73" d="269" a="0"/>
<U id="685" f="6" l="707" c="74" d="269" a="0"/>
<U id="686" f="12" l="77" c="28" d="181" a="0"/>
<U id="687" f="6" l="565" c="64" d="209" a="0"/>
<U id="688" f="6" l="696" c="25" d="38" a="0"/>
<U id="689" f="6" l="818" c="27" d="274" a="0"/>
<U id="690" f="6" l="248" c="37" d="133" a="0"/>
<U id="691" f="6" l="375" c="37" d="308" a="0"/>
<U id="692" f="6" l="687" c="25" d="41" a="0"/>
<U id="693" f="8" l="245" c="66" d="232" a="0"/>
<U id="694" f="6" l="726" c="74" d="269" a="0"/>
<U id="695" f="6" l="785" c="26" d="305" a="0"/>
<U id="696" f="6" l="717" c="74" d="269" a="0"/>
<U id="697" f="12" l="87" c="28" d="187" a="0"/>
<U id="698" f="6" l="321" c="88" d="153" a="0"/>
<U id="699" f="6" l="520" c="88" d="163" a="0"/>
<U id="700" f="6" l="466" c="37" d="311" a="0"/>
<U id="701" f="6" l="509" c="56" d="294" a="0"/>
<U id="702" f="6" l="697" c="25" d="41" a="0"/>
<U id="703" f="6" l="818" c="55" d="239" a="0"/>
<U id="704" f="6" l="258" c="28" d="153" a="0"/>
<U id="705" f="6" l="509" c="47" d="294" a="0"/>
<U id="706" f="6" l="736" c="74" d="269" a="0"/>
<U id="707" f="6" l="818" c="46" d="190" a="0"/>
<U id="708" f="6" l="185" c="38" d="309" a="0"/>
<U id="709" f="6" l="537" c="56" d="297" a="0"/>
<U id="710" f="6" l="686" c="72" d="269" a="0"/>
<U id="711" f="6" l="727" c="74" d="269" a="0"/>
<U id="712" f="12" l="79" c="46" d="118" a="0"/>
<U id="713" f="6" l="399" c="80" d="140" a="0"/>
<U id="714" f="6" l="412" c="88" d="153" a="0"/>
<U id="715" f="6" l="589" c="25" d="190" a="0"/>
<U id="716" f="6" l="537" c="47" d="297" a="0"/>
<U id="717" f="8" l="245" c="76" d="101" a="0"/>
<U id="718" f="8" l="254" c="67" d="98" a="0"/>
<U id="719" f="6" l="349" c="37" d="307" a="0"/>
<U id="720" f="6" l="495" c="64" d="159" a="0"/>
<U id="721" f="6" l="565" c="56" d="23" a="0"/>
<U id="722" f="6" l="521" c="88" d="163" a="0"/>
<U id="723" f="6" l="565" c="47" d="23" a="0"/>
<U id="724" f="6" l="746" c="74" d="269" a="0"/>
<U id="725" f="6" l="678" c="17" d="210" a="0"/>
<U id="726" f="6" l="696" c="72" d="269" a="0"/>
<U id="727" f="6" l="737" c="74" d="269" a="0"/>
<U id="728" f="8" l="177" c="74" d="140" a="0"/>
<U id="729" f="13" l="86" c="75" d="78" a="0"/>
<U id="730" f="12" l="69" c="47" d="118" a="0"/>
<U id="731" f="12" l="89" c="46" d="118" a="0"/>
<U id="732" f="6" l="579" c="26" d="42" a="0"/>
<U id="733" f="6" l="787" c="26" d="248" a="0"/>
<U id="734" f="8" l="180" c="78" d="140" a="0"/>
<U id="735" f="6" l="798" c="16" d="239" a="1"/>
<U id="736" f="6" l="360" c="88" d="110" a="0"/>
<U id="737" f="6" l="747" c="74" d="269" a="0"/>
<U id="738" f="12" l="99" c="46" d="118" a="0"/>
<U id="739" f="6" l="297" c="37" d="313" a="0"/>
<U id="740" f="6" l="787" c="63" d="248" a="0"/>
<U id="741" f="6" l="198" c="46" d="133" a="0"/>
<U id="742" f="6" l="495" c="56" d="300" a="0"/>
<U id="743" f="6" l="787" c="45" d="190" a="0"/>
<U id="744" f="6" l="451" c="88" d="110" a="0"/>
<U id="745" f="6" l="495" c="47" d="300" a="0"/>
<U id="746" f="6" l="757" c="74" d="269" a="0"/>
<U id="747" f="6" l="799" c="16" d="248" a="1"/>
<U id="748" f="8" l="183" c="77" d="140" a="0"/>
<U id="749" f="6" l="388" c="37" d="315" a="0"/>
<U id="750" f="6" l="687" c="73" d="269" a="0"/>
<U id="751" f="6" l="815" c="68" d="245" a="0"/>
<U id="752" f="8" l="255" c="68" d="100" a="0"/>
<U id="753" f="12" l="59" c="67" d="251" a="1"/>
<U id="754" f="6" l="562" c="96" d="190" a="0"/>
<U id="755" f="6" l="334" c="88" d="163" a="0"/>
<U id="756" f="6" l="198" c="56" d="275" a="0"/>
<U id="757" f="6" l="697" c="73" d="269" a="0"/>
<U id="758" f="6" l="758" c="74" d="269" a="0"/>
<U id="759" f="8" l="184" c="77" d="140" a="0"/>
<U id="760" f="6" l="787" c="55" d="177" a="0"/>
<U id="761" f="6" l="425" c="88" d="163" a="0"/>
<U id="762" f="6" l="506" c="88" d="153" a="0"/>
<U id="763" f="6" l="563" c="96" d="190" a="0"/>
<U id="764" f="6" l="534" c="88" d="177" a="0"/>
<U id="765" f="6" l="778" c="28" d="190" a="0"/>
<U id="766" f="6" l="667" c="66" d="242" a="0"/>
<U id="767" f="6" l="507" c="88" d="153" a="0"/>
<U id="768" f="8" l="248" c="68" d="232" a="0"/>
<U id="769" f="6" l="373" c="88" d="190" a="0"/>
<U id="770" f="6" l="535" c="88" d="177" a="0"/>
<U id="771" f="6" l="655" c="96" d="190" a="0"/>
<U id="772" f="8" l="249" c="68" d="232" a="0"/>
<U id="773" f="12" l="79" c="68" d="267" a="1"/>
<U id="774" f="6" l="464" c="88" d="190" a="0"/>
<U id="775" f="8" l="248" c="78" d="101" a="0"/>
<U id="776" f="6" l="492" c="88" d="140" a="0"/>
<U id="777" f="6" l="656" c="96" d="190" a="0"/>
<U id="778" f="12" l="89" c="68" d="271" a="1"/>
<U id="779" f="6" l="347" c="88" d="177" a="0"/>
<U id="780" f="6" l="638" c="96" d="190" a="0"/>
<U id="781" f="8" l="249" c="78" d="101" a="0"/>
<U id="782" f="6" l="493" c="88" d="140" a="0"/>
<U id="783" f="12" l="99" c="68" d="279" a="1"/>
<U id="784" f="6" l="438" c="88" d="177" a="0"/>
<U id="785" f="8" l="178" c="78" d="140" a="0"/>
<U id="786" f="6" l="577" c="96" d="190" a="0"/>
<U id="787" f="6" l="548" c="88" d="110" a="0"/>
<U id="788" f="8" l="179" c="78" d="140" a="0"/>
<U id="789" f="6" l="549" c="88" d="110" a="0"/>
<U id="790" f="6" l="478" c="88" d="133" a="0"/>
<U id="791" f="6" l="479" c="88" d="133" a="0"/>
</Uses>
<Blocks>
<B id="1" t="routine" f="9" l="18" c="5">
<BEGIN l="19" c="0"/>
<END l="22" c="0"/>
</B>
<B id="2" t="ppcif" f="15" l="13" c="0">
<BEGIN l="13" c="16"/>
<END l="133" c="0"/>
</B>
<B id="3" t="ppcrmif" f="15" l="14" c="0">
<BEGIN l="14" c="14"/>
<END l="16" c="0"/>
</B>
<B id="4" t="ppcif" f="15" l="18" c="0">
<BEGIN l="18" c="23"/>
<END l="129" c="0"/>
</B>
<B id="5" t="ppcrmif" f="15" l="25" c="0">
<BEGIN l="25" c="70"/>
<END l="27" c="0"/>
</B>
<B id="6" t="ppcelse" f="15" l="27" c="0">
<BEGIN l="27" c="5"/>
<END l="29" c="0"/>
</B>
<B id="7" t="ppcrmif" f="15" l="31" c="0">
<BEGIN l="31" c="67"/>
<END l="32" c="0"/>
</B>
<B id="8" t="ppcrmelif" f="15" l="32" c="0">
<BEGIN l="32" c="5"/>
<END l="35" c="0"/>
</B>
<B id="9" t="ppcrmelif" f="15" l="35" c="0">
<BEGIN l="35" c="5"/>
<END l="40" c="0"/>
</B>
<B id="10" t="ppcrmelse" f="15" l="40" c="0">
<BEGIN l="40" c="5"/>
<END l="42" c="0"/>
</B>
<B id="11" t="ppcrmif" f="15" l="54" c="0">
<BEGIN l="54" c="23"/>
<END l="55" c="0"/>
</B>
<B id="12" t="ppcrmelif" f="15" l="55" c="0">
<BEGIN l="55" c="5"/>
<END l="76" c="0"/>
</B>
<B id="13" t="ppcrmelse" f="15" l="76" c="0">
<BEGIN l="76" c="26"/>
<END l="123" c="0"/>
</B>
<B id="14" t="ppcrmif" f="15" l="89" c="0">
<BEGIN l="89" c="51"/>
<END l="100" c="0"/>
</B>
<B id="15" t="ppcrmelif" f="15" l="100" c="0">
<BEGIN l="100" c="5"/>
<END l="110" c="0"/>
</B>
<B id="16" t="ppcrmelse" f="15" l="110" c="0">
<BEGIN l="110" c="62"/>
<END l="121" c="0"/>
</B>
<B id="17" t="ppcif" f="15" l="125" c="0">
<BEGIN l="125" c="19"/>
<END l="127" c="0"/>
</B>
<B id="18" t="ppcrmif" f="15" l="130" c="0">
<BEGIN l="130" c="14"/>
<END l="132" c="0"/>
</B>
<B id="19" t="routine" f="8" l="171" c="5">
<BEGIN l="172" c="0"/>
<END l="189" c="0"/>
</B>
<B id="20" t="routine" f="8" l="226" c="5">
<BEGIN l="227" c="0"/>
<END l="267" c="0"/>
</B>
<B id="21" t="ppcif" f="16" l="15" c="0">
<BEGIN l="15" c="27"/>
<END l="330" c="0"/>
</B>
<B id="22" t="ppcif" f="16" l="25" c="0">
<BEGIN l="25" c="19"/>
<END l="155" c="0"/>
</B>
<B id="23" t="ppcrmif" f="16" l="46" c="0">
<BEGIN l="46" c="93"/>
<END l="91" c="0"/>
</B>
<B id="24" t="ppcrmif" f="16" l="94" c="0">
<BEGIN l="94" c="91"/>
<END l="153" c="0"/>
</B>
<B id="25" t="ppcrmelse" f="16" l="155" c="0">
<BEGIN l="155" c="35"/>
<END l="328" c="0"/>
</B>
<B id="26" t="ppcif" f="17" l="11" c="0">
<BEGIN l="11" c="27"/>
<END l="36" c="0"/>
</B>
<B id="27" t="ppcrmif" f="17" l="14" c="0">
<BEGIN l="14" c="19"/>
<END l="29" c="0"/>
</B>
<B id="28" t="ppcelse" f="17" l="29" c="0">
<BEGIN l="29" c="5"/>
<END l="33" c="0"/>
</B>
<B id="29" t="ppcif" f="1" l="22" c="0">
<BEGIN l="22" c="17"/>
<END l="109" c="0"/>
</B>
<B id="30" t="ppcrmif" f="1" l="39" c="0">
<BEGIN l="39" c="66"/>
<END l="43" c="0"/>
</B>
<B id="31" t="ppcelse" f="1" l="43" c="0">
<BEGIN l="43" c="60"/>
<END l="47" c="0"/>
</B>
<B id="32" t="ppcrmif" f="1" l="52" c="0">
<BEGIN l="52" c="18"/>
<END l="58" c="0"/>
</B>
<B id="33" t="ppcrmif" f="1" l="62" c="0">
<BEGIN l="62" c="33"/>
<END l="80" c="0"/>
</B>
<B id="34" t="ppcelse" f="1" l="80" c="0">
<BEGIN l="80" c="31"/>
<END l="93" c="0"/>
</B>
<B id="35" t="ppcrmif" f="1" l="96" c="0">
<BEGIN l="96" c="14"/>
<END l="106" c="0"/>
</B>
<B id="36" t="ppcif" f="18" l="3" c="0">
<BEGIN l="3" c="29"/>
<END l="348" c="0"/>
</B>
<B id="37" t="ppcif" f="18" l="61" c="0">
<BEGIN l="63" c="27"/>
<END l="66" c="0"/>
</B>
<B id="38" t="ppcrmif" f="18" l="165" c="0">
<BEGIN l="165" c="17"/>
<END l="206" c="0"/>
</B>
<B id="39" t="ppcrmif" f="18" l="209" c="0">
<BEGIN l="209" c="37"/>
<END l="211" c="0"/>
</B>
<B id="40" t="ppcrmif" f="18" l="213" c="0">
<BEGIN l="213" c="44"/>
<END l="321" c="0"/>
</B>
<B id="41" t="ppcif" f="18" l="323" c="0">
<BEGIN l="323" c="18"/>
<END l="346" c="0"/>
</B>
<B id="42" t="ppcrmif" f="18" l="326" c="0">
<BEGIN l="326" c="18"/>
<END l="328" c="0"/>
</B>
<B id="43" t="ppcrmif" f="18" l="329" c="0">
<BEGIN l="329" c="63"/>
<END l="331" c="0"/>
</B>
<B id="44" t="ppcrmif" f="18" l="332" c="0">
<BEGIN l="332" c="64"/>
<END l="334" c="0"/>
</B>
<B id="45" t="ppcrmif" f="18" l="335" c="0">
<BEGIN l="335" c="16"/>
<END l="340" c="0"/>
</B>
<B id="46" t="ppcif" f="18" l="343" c="0">
<BEGIN l="343" c="57"/>
<END l="345" c="0"/>
</B>
<B id="47" t="type" f="4" l="50" c="7">
<BEGIN l="50" c="32"/>
<END l="62" c="0"/>
</B>
<B id="48" t="ppcif" f="4" l="24" c="0">
<BEGIN l="24" c="33"/>
<END l="221" c="0"/>
</B>
<B id="49" t="ppcrmif" f="4" l="27" c="0">
<BEGIN l="27" c="35"/>
<END l="29" c="0"/>
</B>
<B id="50" t="ppcif" f="4" l="31" c="0">
<BEGIN l="31" c="38"/>
<END l="33" c="0"/>
</B>
<B id="51" t="ppcrmif" f="4" l="35" c="0">
<BEGIN l="35" c="19"/>
<END l="38" c="0"/>
</B>
<B id="52" t="ppcrmif" f="4" l="217" c="0">
<BEGIN l="217" c="19"/>
<END l="219" c="0"/>
</B>
<B id="53" t="ppcif" f="19" l="24" c="0">
<BEGIN l="24" c="38"/>
<END l="39" c="0"/>
</B>
<B id="54" t="ppcrmif" f="19" l="27" c="0">
<BEGIN l="27" c="19"/>
<END l="30" c="0"/>
</B>
<B id="55" t="ppcrmif" f="19" l="35" c="0">
<BEGIN l="35" c="19"/>
<END l="37" c="0"/>
</B>
<B id="56" t="ppcif" f="20" l="24" c="0">
<BEGIN l="24" c="19"/>
<END l="34" c="0"/>
</B>
<B id="57" t="ppcif" f="21" l="25" c="0">
<BEGIN l="25" c="14"/>
<END l="96" c="0"/>
</B>
<B id="58" t="ppcrmif" f="21" l="41" c="0">
<BEGIN l="41" c="33"/>
<END l="43" c="0"/>
</B>
<B id="59" t="ppcrmif" f="21" l="45" c="0">
<BEGIN l="45" c="46"/>
<END l="47" c="0"/>
</B>
<B id="60" t="ppcrmif" f="21" l="49" c="0">
<BEGIN l="49" c="28"/>
<END l="51" c="0"/>
</B>
<B id="61" t="type" f="3" l="135" c="0">
<BEGIN l="135" c="0"/>
<END l="141" c="0"/>
</B>
<B id="62" t="ppcif" f="3" l="56" c="0">
<BEGIN l="56" c="19"/>
<END l="154" c="0"/>
</B>
<B id="63" t="ppcif" f="3" l="122" c="0">
<BEGIN l="122" c="26"/>
<END l="126" c="0"/>
</B>
<B id="64" t="ppcif" f="2" l="43" c="0">
<BEGIN l="43" c="24"/>
<END l="150" c="0"/>
</B>
<B id="65" t="ppcif" f="2" l="81" c="0">
<BEGIN l="81" c="13"/>
<END l="83" c="0"/>
</B>
<B id="66" t="ppcif" f="2" l="85" c="0">
<BEGIN l="85" c="14"/>
<END l="87" c="0"/>
</B>
<B id="67" t="ppcrmif" f="2" l="119" c="0">
<BEGIN l="119" c="46"/>
<END l="125" c="0"/>
</B>
<B id="68" t="ppcelse" f="2" l="125" c="0">
<BEGIN l="125" c="6"/>
<END l="129" c="0"/>
</B>
<B id="69" t="ppcrmif" f="2" l="131" c="0">
<BEGIN l="131" c="46"/>
<END l="137" c="0"/>
</B>
<B id="70" t="ppcelse" f="2" l="137" c="0">
<BEGIN l="137" c="6"/>
<END l="140" c="0"/>
</B>
<B id="71" t="ppcif" f="22" l="43" c="0">
<BEGIN l="43" c="18"/>
<END l="202" c="0"/>
</B>
<B id="72" t="ppcif" f="22" l="88" c="0">
<BEGIN l="88" c="17"/>
<END l="90" c="0"/>
</B>
<B id="73" t="ppcif" f="23" l="19" c="0">
<BEGIN l="19" c="22"/>
<END l="23" c="0"/>
</B>
<B id="74" t="ppcif" f="24" l="19" c="0">
<BEGIN l="19" c="26"/>
<END l="23" c="0"/>
</B>
<B id="75" t="ppcif" f="25" l="24" c="0">
<BEGIN l="24" c="31"/>
<END l="27" c="0"/>
</B>
<B id="76" t="ppcif" f="26" l="19" c="0">
<BEGIN l="19" c="16"/>
<END l="24" c="0"/>
</B>
<B id="77" t="ppcif" f="27" l="53" c="0">
<BEGIN l="53" c="40"/>
<END l="57" c="0"/>
</B>
<B id="78" t="ppcrmif" f="27" l="67" c="0">
<BEGIN l="67" c="53"/>
<END l="71" c="0"/>
</B>
<B id="79" t="ppcrmif" f="27" l="81" c="0">
<BEGIN l="81" c="58"/>
<END l="85" c="0"/>
</B>
<B id="80" t="ppcrmif" f="27" l="95" c="0">
<BEGIN l="95" c="56"/>
<END l="99" c="0"/>
</B>
<B id="81" t="ppcrmif" f="27" l="109" c="0">
<BEGIN l="109" c="61"/>
<END l="113" c="0"/>
</B>
<B id="82" t="ppcif" f="27" l="125" c="0">
<BEGIN l="125" c="39"/>
<END l="129" c="0"/>
</B>
<B id="83" t="ppcrmif" f="27" l="139" c="0">
<BEGIN l="139" c="52"/>
<END l="143" c="0"/>
</B>
<B id="84" t="ppcrmif" f="27" l="153" c="0">
<BEGIN l="153" c="57"/>
<END l="157" c="0"/>
</B>
<B id="85" t="ppcrmif" f="27" l="167" c="0">
<BEGIN l="167" c="55"/>
<END l="171" c="0"/>
</B>
<B id="86" t="ppcrmif" f="27" l="181" c="0">
<BEGIN l="181" c="60"/>
<END l="185" c="0"/>
</B>
<B id="87" t="ppcif" f="28" l="12" c="0">
<BEGIN l="12" c="19"/>
<END l="47" c="0"/>
</B>
<B id="88" t="if" f="7" l="24" c="4">
<BEGIN l="25" c="4"/>
<END l="27" c="4"/>
</B>
<B id="89" t="routine" f="7" l="22" c="17">
<BEGIN l="23" c="0"/>
<END l="30" c="0"/>
<SUB d="88"/>
</B>
<B id="90" t="ppcif" f="6" l="25" c="0">
<BEGIN l="25" c="18"/>
<END l="824" c="0"/>
</B>
<B id="91" t="routine" f="6" l="181" c="17">
<BEGIN l="184" c="0"/>
<END l="186" c="0"/>
</B>
<B id="92" t="routine" f="6" l="195" c="15">
<BEGIN l="196" c="0"/>
<END l="199" c="0"/>
</B>
<B id="93" t="routine" f="6" l="208" c="16">
<BEGIN l="209" c="0"/>
<END l="212" c="0"/>
</B>
<B id="94" t="else" f="6" l="224" c="40">
<BEGIN l="224" c="40"/>
<END l="224" c="63"/>
</B>
<B id="95" t="if" f="6" l="224" c="22">
<BEGIN l="224" c="24"/>
<END l="224" c="36"/>
<ELSE d="94"/>
</B>
<B id="96" t="routine" f="6" l="221" c="16">
<BEGIN l="222" c="0"/>
<END l="225" c="0"/>
<SUB d="95"/>
</B>
<B id="97" t="routine" f="6" l="234" c="17">
<BEGIN l="235" c="0"/>
<END l="237" c="0"/>
</B>
<B id="98" t="else" f="6" l="248" c="37">
<BEGIN l="248" c="37"/>
<END l="248" c="45"/>
</B>
<B id="99" t="if" f="6" l="248" c="22">
<BEGIN l="248" c="24"/>
<END l="248" c="32"/>
<ELSE d="98"/>
</B>
<B id="100" t="routine" f="6" l="246" c="15">
<BEGIN l="247" c="0"/>
<END l="249" c="0"/>
<SUB d="99"/>
</B>
<B id="101" t="else" f="6" l="260" c="37">
<BEGIN l="260" c="37"/>
<END l="260" c="45"/>
</B>
<B id="102" t="if" f="6" l="260" c="22">
<BEGIN l="260" c="24"/>
<END l="260" c="32"/>
<ELSE d="101"/>
</B>
<B id="103" t="routine" f="6" l="258" c="15">
<BEGIN l="259" c="0"/>
<END l="261" c="0"/>
<SUB d="102"/>
</B>
<B id="104" t="else" f="6" l="272" c="37">
<BEGIN l="272" c="37"/>
<END l="272" c="45"/>
</B>
<B id="105" t="if" f="6" l="272" c="22">
<BEGIN l="272" c="24"/>
<END l="272" c="32"/>
<ELSE d="104"/>
</B>
<B id="106" t="routine" f="6" l="270" c="15">
<BEGIN l="271" c="0"/>
<END l="273" c="0"/>
<SUB d="105"/>
</B>
<B id="107" t="else" f="6" l="284" c="40">
<BEGIN l="284" c="40"/>
<END l="284" c="48"/>
</B>
<B id="108" t="if" f="6" l="284" c="25">
<BEGIN l="284" c="27"/>
<END l="284" c="35"/>
<ELSE d="107"/>
</B>
<B id="109" t="routine" f="6" l="282" c="15">
<BEGIN l="283" c="0"/>
<END l="285" c="0"/>
<SUB d="108"/>
</B>
<B id="110" t="routine" f="6" l="294" c="15">
<BEGIN l="296" c="0"/>
<END l="298" c="0"/>
</B>
<B id="111" t="routine" f="6" l="307" c="15">
<BEGIN l="309" c="0"/>
<END l="311" c="0"/>
</B>
<B id="112" t="routine" f="6" l="320" c="16">
<BEGIN l="322" c="0"/>
<END l="324" c="0"/>
</B>
<B id="113" t="routine" f="6" l="333" c="16">
<BEGIN l="335" c="0"/>
<END l="337" c="0"/>
</B>
<B id="114" t="else" f="6" l="349" c="37">
<BEGIN l="349" c="37"/>
<END l="349" c="40"/>
</B>
<B id="115" t="if" f="6" l="349" c="28">
<BEGIN l="349" c="30"/>
<END l="349" c="33"/>
<ELSE d="114"/>
</B>
<B id="116" t="routine" f="6" l="346" c="16">
<BEGIN l="348" c="0"/>
<END l="350" c="0"/>
<SUB d="115"/>
</B>
<B id="117" t="else" f="6" l="362" c="37">
<BEGIN l="362" c="37"/>
<END l="362" c="40"/>
</B>
<B id="118" t="if" f="6" l="362" c="28">
<BEGIN l="362" c="30"/>
<END l="362" c="33"/>
<ELSE d="117"/>
</B>
<B id="119" t="routine" f="6" l="359" c="16">
<BEGIN l="361" c="0"/>
<END l="363" c="0"/>
<SUB d="118"/>
</B>
<B id="120" t="else" f="6" l="375" c="37">
<BEGIN l="375" c="37"/>
<END l="375" c="40"/>
</B>
<B id="121" t="if" f="6" l="375" c="28">
<BEGIN l="375" c="30"/>
<END l="375" c="33"/>
<ELSE d="120"/>
</B>
<B id="122" t="routine" f="6" l="372" c="17">
<BEGIN l="374" c="0"/>
<END l="376" c="0"/>
<SUB d="121"/>
</B>
<B id="123" t="routine" f="6" l="385" c="15">
<BEGIN l="387" c="0"/>
<END l="389" c="0"/>
</B>
<B id="124" t="routine" f="6" l="398" c="15">
<BEGIN l="400" c="0"/>
<END l="402" c="0"/>
</B>
<B id="125" t="routine" f="6" l="411" c="16">
<BEGIN l="413" c="0"/>
<END l="415" c="0"/>
</B>
<B id="126" t="routine" f="6" l="424" c="16">
<BEGIN l="426" c="0"/>
<END l="428" c="0"/>
</B>
<B id="127" t="else" f="6" l="440" c="37">
<BEGIN l="440" c="37"/>
<END l="440" c="40"/>
</B>
<B id="128" t="if" f="6" l="440" c="28">
<BEGIN l="440" c="30"/>
<END l="440" c="33"/>
<ELSE d="127"/>
</B>
<B id="129" t="routine" f="6" l="437" c="16">
<BEGIN l="439" c="0"/>
<END l="441" c="0"/>
<SUB d="128"/>
</B>
<B id="130" t="else" f="6" l="453" c="37">
<BEGIN l="453" c="37"/>
<END l="453" c="40"/>
</B>
<B id="131" t="if" f="6" l="453" c="28">
<BEGIN l="453" c="30"/>
<END l="453" c="33"/>
<ELSE d="130"/>
</B>
<B id="132" t="routine" f="6" l="450" c="16">
<BEGIN l="452" c="0"/>
<END l="454" c="0"/>
<SUB d="131"/>
</B>
<B id="133" t="else" f="6" l="466" c="37">
<BEGIN l="466" c="37"/>
<END l="466" c="40"/>
</B>
<B id="134" t="if" f="6" l="466" c="28">
<BEGIN l="466" c="30"/>
<END l="466" c="33"/>
<ELSE d="133"/>
</B>
<B id="135" t="routine" f="6" l="463" c="17">
<BEGIN l="465" c="0"/>
<END l="467" c="0"/>
<SUB d="134"/>
</B>
<B id="136" t="routine" f="6" l="477" c="15">
<BEGIN l="480" c="0"/>
<END l="482" c="0"/>
</B>
<B id="137" t="routine" f="6" l="491" c="15">
<BEGIN l="494" c="0"/>
<END l="496" c="0"/>
</B>
<B id="138" t="routine" f="6" l="505" c="16">
<BEGIN l="508" c="0"/>
<END l="510" c="0"/>
</B>
<B id="139" t="routine" f="6" l="519" c="16">
<BEGIN l="522" c="0"/>
<END l="524" c="0"/>
</B>
<B id="140" t="else" f="6" l="537" c="38">
<BEGIN l="537" c="38"/>
<END l="537" c="67"/>
</B>
<B id="141" t="if" f="6" l="537" c="28">
<BEGIN l="537" c="30"/>
<END l="537" c="34"/>
<ELSE d="140"/>
</B>
<B id="142" t="routine" f="6" l="533" c="16">
<BEGIN l="536" c="0"/>
<END l="538" c="0"/>
<SUB d="141"/>
</B>
<B id="143" t="else" f="6" l="551" c="38">
<BEGIN l="551" c="38"/>
<END l="551" c="67"/>
</B>
<B id="144" t="if" f="6" l="551" c="28">
<BEGIN l="551" c="30"/>
<END l="551" c="34"/>
<ELSE d="143"/>
</B>
<B id="145" t="routine" f="6" l="547" c="16">
<BEGIN l="550" c="0"/>
<END l="552" c="0"/>
<SUB d="144"/>
</B>
<B id="146" t="else" f="6" l="565" c="38">
<BEGIN l="565" c="38"/>
<END l="565" c="67"/>
</B>
<B id="147" t="if" f="6" l="565" c="28">
<BEGIN l="565" c="30"/>
<END l="565" c="34"/>
<ELSE d="146"/>
</B>
<B id="148" t="routine" f="6" l="561" c="17">
<BEGIN l="564" c="0"/>
<END l="566" c="0"/>
<SUB d="147"/>
</B>
<B id="149" t="routine" f="6" l="576" c="17">
<BEGIN l="578" c="0"/>
<END l="580" c="0"/>
</B>
<B id="150" t="routine" f="6" l="589" c="17">
<BEGIN l="590" c="0"/>
<END l="592" c="0"/>
</B>
<B id="151" t="routine" f="6" l="601" c="17">
<BEGIN l="602" c="0"/>
<END l="604" c="0"/>
</B>
<B id="152" t="routine" f="6" l="613" c="17">
<BEGIN l="614" c="0"/>
<END l="616" c="0"/>
</B>
<B id="153" t="routine" f="6" l="625" c="17">
<BEGIN l="626" c="0"/>
<END l="628" c="0"/>
</B>
<B id="154" t="routine" f="6" l="637" c="17">
<BEGIN l="639" c="0"/>
<END l="641" c="0"/>
</B>
<B id="155" t="case" f="6" l="756" c="16">
<BEGIN l="757" c="24"/>
<END l="759" c="29"/>
</B>
<B id="156" t="case" f="6" l="750" c="16">
<BEGIN l="751" c="24"/>
<END l="753" c="29"/>
</B>
<B id="157" t="case" f="6" l="745" c="16">
<BEGIN l="746" c="24"/>
<END l="748" c="29"/>
</B>
<B id="158" t="case" f="6" l="740" c="16">
<BEGIN l="741" c="24"/>
<END l="743" c="29"/>
</B>
<B id="159" t="case" f="6" l="735" c="16">
<BEGIN l="736" c="24"/>
<END l="738" c="29"/>
</B>
<B id="160" t="case" f="6" l="730" c="16">
<BEGIN l="731" c="24"/>
<END l="733" c="29"/>
</B>
<B id="161" t="case" f="6" l="725" c="16">
<BEGIN l="726" c="24"/>
<END l="728" c="29"/>
</B>
<B id="162" t="case" f="6" l="720" c="16">
<BEGIN l="721" c="24"/>
<END l="723" c="29"/>
</B>
<B id="163" t="case" f="6" l="715" c="16">
<BEGIN l="716" c="24"/>
<END l="718" c="29"/>
</B>
<B id="164" t="case" f="6" l="710" c="16">
<BEGIN l="711" c="24"/>
<END l="713" c="29"/>
</B>
<B id="165" t="case" f="6" l="705" c="16">
<BEGIN l="706" c="24"/>
<END l="708" c="29"/>
</B>
<B id="166" t="case" f="6" l="700" c="16">
<BEGIN l="701" c="24"/>
<END l="703" c="29"/>
</B>
<B id="167" t="case" f="6" l="695" c="16">
<BEGIN l="696" c="24"/>
<END l="698" c="29"/>
</B>
<B id="168" t="case" f="6" l="690" c="16">
<BEGIN l="691" c="24"/>
<END l="693" c="29"/>
</B>
<B id="169" t="case" f="6" l="685" c="16">
<BEGIN l="686" c="24"/>
<END l="688" c="29"/>
</B>
<B id="170" t="case" f="6" l="680" c="16">
<BEGIN l="681" c="24"/>
<END l="683" c="29"/>
</B>
<B id="171" t="switch" f="6" l="678" c="8">
<BEGIN l="679" c="8"/>
<END l="761" c="8"/>
<CASE d="155"/>
<CASE d="156"/>
<CASE d="157"/>
<CASE d="158"/>
<CASE d="159"/>
<CASE d="160"/>
<CASE d="161"/>
<CASE d="162"/>
<CASE d="163"/>
<CASE d="164"/>
<CASE d="165"/>
<CASE d="166"/>
<CASE d="167"/>
<CASE d="168"/>
<CASE d="169"/>
<CASE d="170"/>
</B>
<B id="172" t="else" f="6" l="667" c="65">
<BEGIN l="667" c="65"/>
<END l="667" c="90"/>
</B>
<B id="173" t="if" f="6" l="667" c="27">
<BEGIN l="667" c="31"/>
<END l="667" c="56"/>
<ELSE d="172"/>
</B>
<B id="174" t="routine" f="6" l="654" c="14">
<BEGIN l="657" c="0"/>
<END l="763" c="0"/>
<SUB d="171"/>
<SUB d="173"/>
</B>
<B id="175" t="if" f="6" l="806" c="8">
<BEGIN l="807" c="8"/>
<END l="809" c="8"/>
</B>
<B id="176" t="else" f="6" l="801" c="8">
<BEGIN l="802" c="8"/>
<END l="804" c="8"/>
</B>
<B id="177" t="if" f="6" l="796" c="8">
<BEGIN l="797" c="8"/>
<END l="800" c="8"/>
<ELSE d="176"/>
</B>
<B id="178" t="if" f="6" l="789" c="8">
<BEGIN l="790" c="8"/>
<END l="792" c="8"/>
</B>
<B id="179" t="routine" f="6" l="778" c="18">
<BEGIN l="779" c="0"/>
<END l="822" c="0"/>
<SUB d="175"/>
<SUB d="177"/>
<SUB d="178"/>
</B>
<B id="180" t="ppcif" f="5" l="13" c="0">
<BEGIN l="13" c="16"/>
<END l="823" c="0"/>
</B>
<B id="181" t="ppcrmif" f="5" l="14" c="0">
<BEGIN l="14" c="14"/>
<END l="16" c="0"/>
</B>
<B id="182" t="ppcif" f="5" l="18" c="0">
<BEGIN l="18" c="23"/>
<END l="819" c="0"/>
</B>
<B id="183" t="ppcrmif" f="5" l="20" c="0">
<BEGIN l="20" c="18"/>
<END l="22" c="0"/>
</B>
<B id="184" t="ppcrmif" f="5" l="26" c="0">
<BEGIN l="26" c="67"/>
<END l="28" c="0"/>
</B>
<B id="185" t="ppcrmelif" f="5" l="28" c="0">
<BEGIN l="28" c="5"/>
<END l="30" c="0"/>
</B>
<B id="186" t="ppcrmelif" f="5" l="30" c="0">
<BEGIN l="30" c="5"/>
<END l="33" c="0"/>
</B>
<B id="187" t="ppcrmelif" f="5" l="33" c="0">
<BEGIN l="33" c="5"/>
<END l="38" c="0"/>
</B>
<B id="188" t="ppcrmelse" f="5" l="38" c="0">
<BEGIN l="38" c="5"/>
<END l="40" c="0"/>
</B>
<B id="189" t="ppcrmif" f="5" l="42" c="0">
<BEGIN l="42" c="23"/>
<END l="44" c="0"/>
</B>
<B id="190" t="ppcrmelif" f="5" l="44" c="0">
<BEGIN l="44" c="5"/>
<END l="47" c="0"/>
</B>
<B id="191" t="ppcrmelif" f="5" l="47" c="0">
<BEGIN l="47" c="5"/>
<END l="50" c="0"/>
</B>
<B id="192" t="ppcrmelse" f="5" l="50" c="0">
<BEGIN l="50" c="5"/>
<END l="53" c="0"/>
</B>
<B id="193" t="ppcif" f="5" l="65" c="0">
<BEGIN l="65" c="20"/>
<END l="68" c="0"/>
</B>
<B id="194" t="ppcrmelse" f="5" l="68" c="0">
<BEGIN l="68" c="5"/>
<END l="76" c="0"/>
</B>
<B id="195" t="ppcrmif" f="5" l="78" c="0">
<BEGIN l="78" c="106"/>
<END l="82" c="0"/>
</B>
<B id="196" t="ppcelse" f="5" l="82" c="0">
<BEGIN l="82" c="5"/>
<END l="86" c="0"/>
</B>
<B id="197" t="ppcif" f="5" l="115" c="0">
<BEGIN l="116" c="51"/>
<END l="119" c="0"/>
</B>
<B id="198" t="ppcif" f="5" l="121" c="0">
<BEGIN l="121" c="68"/>
<END l="123" c="0"/>
</B>
<B id="199" t="ppcrmelse" f="5" l="123" c="0">
<BEGIN l="123" c="5"/>
<END l="126" c="0"/>
</B>
<B id="200" t="ppcrmif" f="5" l="128" c="0">
<BEGIN l="128" c="53"/>
<END l="131" c="0"/>
</B>
<B id="201" t="ppcrmif" f="5" l="133" c="0">
<BEGIN l="133" c="51"/>
<END l="135" c="0"/>
</B>
<B id="202" t="ppcif" f="5" l="137" c="0">
<BEGIN l="137" c="24"/>
<END l="265" c="0"/>
</B>
<B id="203" t="ppcif" f="5" l="138" c="0">
<BEGIN l="138" c="56"/>
<END l="140" c="0"/>
</B>
<B id="204" t="ppcrmif" f="5" l="171" c="0">
<BEGIN l="171" c="24"/>
<END l="173" c="0"/>
</B>
<B id="205" t="ppcrmif" f="5" l="188" c="0">
<BEGIN l="188" c="24"/>
<END l="190" c="0"/>
</B>
<B id="206" t="ppcif" f="5" l="196" c="0">
<BEGIN l="196" c="56"/>
<END l="263" c="0"/>
</B>
<B id="207" t="ppcrmif" f="5" l="217" c="0">
<BEGIN l="217" c="24"/>
<END l="219" c="0"/>
</B>
<B id="208" t="ppcrmif" f="5" l="260" c="0">
<BEGIN l="260" c="24"/>
<END l="262" c="0"/>
</B>
<B id="209" t="ppcrmif" f="5" l="268" c="0">
<BEGIN l="268" c="24"/>
<END l="270" c="0"/>
</B>
<B id="210" t="ppcrmif" f="5" l="284" c="0">
<BEGIN l="284" c="24"/>
<END l="286" c="0"/>
</B>
<B id="211" t="ppcif" f="5" l="291" c="0">
<BEGIN l="291" c="20"/>
<END l="750" c="0"/>
</B>
<B id="212" t="ppcif" f="5" l="292" c="0">
<BEGIN l="292" c="24"/>
<END l="307" c="0"/>
</B>
<B id="213" t="ppcrmif" f="5" l="310" c="0">
<BEGIN l="310" c="43"/>
<END l="317" c="0"/>
</B>
<B id="214" t="ppcelif" f="5" l="317" c="0">
<BEGIN l="317" c="5"/>
<END l="324" c="0"/>
</B>
<B id="215" t="ppcrmelif" f="5" l="324" c="0">
<BEGIN l="324" c="5"/>
<END l="337" c="0"/>
</B>
<B id="216" t="ppcrmelse" f="5" l="337" c="0">
<BEGIN l="337" c="5"/>
<END l="345" c="0"/>
</B>
<B id="217" t="ppcrmif" f="5" l="348" c="0">
<BEGIN l="348" c="43"/>
<END l="355" c="0"/>
</B>
<B id="218" t="ppcelif" f="5" l="355" c="0">
<BEGIN l="355" c="5"/>
<END l="364" c="0"/>
</B>
<B id="219" t="ppcrmelse" f="5" l="364" c="0">
<BEGIN l="364" c="5"/>
<END l="372" c="0"/>
</B>
<B id="220" t="ppcrmif" f="5" l="375" c="0">
<BEGIN l="375" c="23"/>
<END l="377" c="0"/>
</B>
<B id="221" t="ppcrmelif" f="5" l="377" c="0">
<BEGIN l="377" c="6"/>
<END l="379" c="0"/>
</B>
<B id="222" t="ppcrmelif" f="5" l="379" c="0">
<BEGIN l="379" c="6"/>
<END l="381" c="0"/>
</B>
<B id="223" t="ppcif" f="5" l="383" c="0">
<BEGIN l="383" c="64"/>
<END l="402" c="0"/>
</B>
<B id="224" t="ppcif" f="5" l="386" c="0">
<BEGIN l="386" c="24"/>
<END l="397" c="0"/>
</B>
<B id="225" t="ppcrmelse" f="5" l="402" c="0">
<BEGIN l="402" c="5"/>
<END l="682" c="0"/>
</B>
<B id="226" t="ppcif" f="5" l="685" c="0">
<BEGIN l="685" c="24"/>
<END l="698" c="0"/>
</B>
<B id="227" t="ppcif" f="5" l="695" c="0">
<BEGIN l="695" c="56"/>
<END l="697" c="0"/>
</B>
<B id="228" t="ppcrmif" f="5" l="708" c="0">
<BEGIN l="708" c="143"/>
<END l="716" c="0"/>
</B>
<B id="229" t="ppcif" f="5" l="740" c="0">
<BEGIN l="740" c="63"/>
<END l="743" c="0"/>
</B>
<B id="230" t="ppcrmif" f="5" l="752" c="0">
<BEGIN l="752" c="95"/>
<END l="772" c="0"/>
</B>
<B id="231" t="ppcrmif" f="5" l="774" c="0">
<BEGIN l="774" c="42"/>
<END l="776" c="0"/>
</B>
<B id="232" t="ppcrmif" f="5" l="778" c="0">
<BEGIN l="778" c="51"/>
<END l="780" c="0"/>
</B>
<B id="233" t="ppcrmif" f="5" l="782" c="0">
<BEGIN l="782" c="18"/>
<END l="816" c="0"/>
</B>
<B id="234" t="ppcrmif" f="5" l="820" c="0">
<BEGIN l="820" c="14"/>
<END l="822" c="0"/>
</B>
<B id="235" t="ppcif" f="29" l="21" c="0">
<BEGIN l="21" c="20"/>
<END l="76" c="0"/>
</B>
</Blocks>
</Navig>
