<?xml version="1.0" encoding="UTF-8"?>
<Navig version="1.0">
<Files>
<F id="1" n="C:\Program Files\MATLAB\R2013b\polyspace\verifier\cxx\cinclude\stdarg.h"/>
<F id="2" n="C:\Users\nz3541\Documents\SynergyWorkingEA4\AR201A_ArCplrSuprt_Impl\include\ASR4.0.3\Platform_Types.h"/>
<F id="3" n="C:\Users\nz3541\Documents\SynergyWorkingEA4\AR200A_ArSuprt_Impl\include\ASR4.0.3\Std_Types.h"/>
<F id="4" n="C:\Users\nz3541\Documents\SynergyWorkingEA4\SF005A_StOutpCtrl_Impl\tools\local\generate\Rte_StOutpCtrl.h"/>
<F id="5" n="C:\Users\nz3541\Documents\SynergyWorkingEA4\SF005A_StOutpCtrl_Impl\tools\local\generate\Rte_Stubs.c"/>
<F id="6" n="C:\Users\nz3541\Documents\SynergyWorkingEA4\TL103A_CplrSuprt\include\2013.5.5\ansi\math.h"/>
<F id="7" n="C:\Users\nz3541\Documents\SynergyWorkingEA4\SF005A_StOutpCtrl_Impl\tools\local\generate\Rte_Stubs.h"/>
<F id="8" n="C:\Users\nz3541\Documents\SynergyWorkingEA4\AR100A_NxtrMath_Impl\include\NxtrMath.h"/>
<F id="9" n="C:\Users\nz3541\Documents\SynergyWorkingEA4\SF005A_StOutpCtrl_Impl\src\StOutpCtrl.c"/>
<F id="10" n="C-STUBS\__polyspace__stdstubs.c"/>
<F id="11" n="C:\Users\nz3541\Documents\SynergyWorkingEA4\SF005A_StOutpCtrl_Impl\tools\Polyspace\~CodeProver\C-ALL\C-STUBS\pst_stub_types.h"/>
<F id="12" n="C-STUBS\pst_stubs_1.c"/>
<F id="13" n="C-STUBS\pst_stubs_0.c"/>
<F id="14" n="C-STUBS\__polyspace_main.c"/>
<F id="15" n="C:\Users\nz3541\Documents\SynergyWorkingEA4\AR999A_ArchGlbPrm_Impl\include\ArchGlbPrm.h"/>
<F id="16" n="C:\Program Files\MATLAB\R2013b\polyspace\verifier\cxx\cinclude\__polyspace__std_decls.h"/>
<F id="17" n="C:\Program Files\MATLAB\R2013b\polyspace\verifier\cxx\cinclude\assert.h"/>
<F id="18" n="C:\Program Files\MATLAB\R2013b\polyspace\verifier\cxx\cinclude\__polyspace__libc_defs.h"/>
<F id="19" n="C:\Users\nz3541\Documents\SynergyWorkingEA4\SF005A_StOutpCtrl_Impl\tools\local\generate\Rte_StOutpCtrl_Type.h"/>
<F id="20" n="C:\Users\nz3541\Documents\SynergyWorkingEA4\SF005A_StOutpCtrl_Impl\tools\local\generate\Rte_Type.h"/>
<F id="21" n="C:\Users\nz3541\Documents\SynergyWorkingEA4\SF005A_StOutpCtrl_Impl\tools\local\generate\Rte.h"/>
<F id="22" n="C:\Users\nz3541\Documents\SynergyWorkingEA4\AR201A_ArCplrSuprt_Impl\include\ASR4.0.3\Compiler.h"/>
<F id="23" n="C:\Users\nz3541\Documents\SynergyWorkingEA4\AR201A_ArCplrSuprt_Impl\tools\contract\Compiler_Cfg.h"/>
<F id="24" n="C:\Users\nz3541\Documents\SynergyWorkingEA4\AR201A_ArCplrSuprt_Impl\tools\contract\Renesas_Compiler.h"/>
<F id="25" n="C:\Users\nz3541\Documents\SynergyWorkingEA4\SF005A_StOutpCtrl_Impl\tools\local\generate\Rte_DataHandleType.h"/>
<F id="26" n="C:\Users\nz3541\Documents\SynergyWorkingEA4\AR200A_ArSuprt_Impl\tools\contract\MemMap.h"/>
<F id="27" n="C:\Users\nz3541\Documents\SynergyWorkingEA4\SF005A_StOutpCtrl_Impl\tools\local\generate\StOutpCtrl_MemMap.h"/>
<F id="28" n="C:\Users\nz3541\Documents\SynergyWorkingEA4\TL103A_CplrSuprt\include\2013.5.5\ansi\float.h"/>
</Files>
<Definitions>
<D id="1" f="12" l="121" c="24" n="StOutpCtrl_Ip_SysMotTqCmdRampRateDi" t="1" d="0"/>
<D id="2" f="12" l="101" c="26" n="StOutpCtrl_Ip_SysDiMotTqCmdSca" t="1" d="0"/>
<D id="3" f="12" l="109" c="12" n="_main_gen_init_sym_StOutpCtrl_Ip_SysDiRampRate" t="5" d="1"/>
<D id="4" f="12" l="111" c="26" n="StOutpCtrl_Ip_SysDiRampRate" t="1" d="0"/>
<D id="5" f="12" l="151" c="24" n="StOutpCtrl_Ip_SysStFltOutpReqDi" t="1" d="0"/>
<D id="6" f="9" l="416" c="103" n="SelectedState_Cnt_T_u08" t="4" d="1"/>
<D id="7" f="12" l="119" c="12" n="_main_gen_init_sym_StOutpCtrl_Ip_SysMotTqCmdRampRateDi" t="5" d="1"/>
<D id="8" f="10" l="470" c="23" n="_polyspace_random_ulong" t="5" d="1"/>
<D id="9" f="10" l="440" c="25" n="random" t="4" d="1"/>
<D id="10" f="12" l="129" c="12" n="_main_gen_init_sym_StOutpCtrl_Ip_SysOperMotTqCmdSca" t="5" d="1"/>
<D id="11" f="12" l="131" c="26" n="StOutpCtrl_Ip_SysOperMotTqCmdSca" t="1" d="0"/>
<D id="12" f="10" l="454" c="13" n="_polyspace_random_int" t="5" d="1"/>
<D id="13" f="10" l="462" c="14" n="_polyspace_random_long" t="5" d="1"/>
<D id="14" f="12" l="139" c="12" n="_main_gen_init_sym_StOutpCtrl_Ip_SysOperRampRate" t="5" d="1"/>
<D id="15" f="12" l="141" c="26" n="StOutpCtrl_Ip_SysOperRampRate" t="1" d="0"/>
<D id="16" f="8" l="634" c="104" n="Denom" t="4" d="1"/>
<D id="17" f="9" l="415" c="105" n="VehStrtStopMotTqCmdSca_Uls_T_f32" t="4" d="1"/>
<D id="18" f="8" l="651" c="105" n="SinVal" t="4" d="1"/>
<D id="19" f="12" l="149" c="12" n="_main_gen_init_sym_StOutpCtrl_Ip_SysStFltOutpReqDi" t="5" d="1"/>
<D id="20" f="12" l="191" c="24" n="StOutpCtrl_Pim_StOutpCtrlPrevSrc" t="1" d="0"/>
<D id="21" f="10" l="3524" c="4" n="__polyspace_nb_varargs" t="1" d="1"/>
<D id="22" f="8" l="652" c="105" n="CosVal" t="4" d="1"/>
<D id="23" f="8" l="573" c="104" n="Denom" t="4" d="1"/>
<D id="24" f="12" l="159" c="12" n="_main_gen_init_sym_StOutpCtrl_Ip_VehStrtStopMotTqCmdSca" t="5" d="1"/>
<D id="25" f="12" l="161" c="26" n="StOutpCtrl_Ip_VehStrtStopMotTqCmdSca" t="1" d="0"/>
<D id="26" f="10" l="446" c="23" n="_polyspace_random_uchar" t="5" d="1"/>
<D id="27" f="9" l="463" c="105" n="VehStrtStopRampRate_UlspS_T_f32" t="4" d="1"/>
<D id="28" f="12" l="169" c="12" n="_main_gen_init_sym_StOutpCtrl_Ip_VehStrtStopRampRate" t="5" d="1"/>
<D id="29" f="12" l="171" c="26" n="StOutpCtrl_Ip_VehStrtStopRampRate" t="1" d="0"/>
<D id="30" f="12" l="179" c="12" n="_main_gen_init_sym_StOutpCtrl_Pim_StOutpCtrlPrevCmdSca" t="5" d="1"/>
<D id="31" f="10" l="438" c="14" n="_polyspace_random_char" t="5" d="1"/>
<D id="32" f="10" l="472" c="34" n="random" t="4" d="1"/>
<D id="33" f="12" l="181" c="26" n="StOutpCtrl_Pim_StOutpCtrlPrevCmdSca" t="1" d="0"/>
<D id="34" f="12" l="189" c="12" n="_main_gen_init_sym_StOutpCtrl_Pim_StOutpCtrlPrevSrc" t="5" d="1"/>
<D id="35" f="10" l="456" c="24" n="random" t="4" d="1"/>
<D id="36" f="8" l="558" c="104" n="RngLo" t="4" d="1"/>
<D id="37" f="10" l="3523" c="7" n="__polyspace_vararg" t="1" d="1"/>
<D id="38" f="10" l="464" c="25" n="random" t="4" d="1"/>
<D id="39" f="8" l="559" c="104" n="RngHi" t="4" d="1"/>
<D id="40" f="10" l="448" c="34" n="random" t="4" d="1"/>
<D id="41" f="10" l="477" c="16" n="_polyspace_random_double" t="5" d="1"/>
<D id="42" f="10" l="479" c="27" n="random" t="4" d="1"/>
<D id="43" f="10" l="6869" c="14" n="_polyspace_compare_function_type" t="7" d="1"/>
<D id="44" f="4" l="50" c="7" n="Rte_CDS_StOutpCtrl" t="6" d="1"/>
<D id="45" f="5" l="18" c="5" n="Rte_Stub" t="2" d="1"/>
<D id="46" f="10" l="11311" c="12" n="_polyspace_random_long_double" t="2" d="1"/>
<D id="47" f="10" l="11330" c="21" n="HUGE_VALF" t="1" d="1"/>
<D id="48" f="10" l="11331" c="21" n="HUGE_VALL" t="1" d="1"/>
<D id="49" f="10" l="11313" c="23" n="random" t="4" d="1"/>
<D id="50" f="10" l="11329" c="21" n="HUGE_VAL" t="1" d="1"/>
<D id="51" f="10" l="12173" c="16" n="__polyspace_absolute_address" t="1" d="1"/>
<D id="52" f="11" l="3" c="20" n="__PST__SINT8" t="7" d="1"/>
<D id="53" f="11" l="5" c="19" n="__PST__SINT32" t="7" d="1"/>
<D id="54" f="11" l="1" c="13" n="__PST__CHAR" t="7" d="1"/>
<D id="55" f="4" l="54" c="9" n="Pim_StOutpCtrlPrevSrc" t="9" d="1"/>
<D id="56" f="11" l="2" c="13" n="__PST__VOID" t="7" d="1"/>
<D id="57" f="11" l="4" c="21" n="__PST__SINT16" t="7" d="1"/>
<D id="58" f="3" l="141" c="2" n="Std_VersionInfoType" t="7" d="1"/>
<D id="59" f="4" l="53" c="11" n="Pim_StOutpCtrlPrevCmdSca" t="9" d="1"/>
<D id="60" f="7" l="40" c="13" n="StOutpCtrl_Pim_StOutpCtrlPrevSrc" t="1" d="0"/>
<D id="61" f="4" l="55" c="11" n="Pim_dStOutpCtrlRateLim" t="9" d="1"/>
<D id="62" f="7" l="20" c="15" n="StOutpCtrl_Ip_LoaRateLim" t="1" d="0"/>
<D id="63" f="11" l="7" c="22" n="__PST__UINT8" t="7" d="1"/>
<D id="64" f="11" l="9" c="21" n="__PST__UINT32" t="7" d="1"/>
<D id="65" f="4" l="56" c="11" n="Pim_dStOutpCtrlTarSca" t="9" d="1"/>
<D id="66" f="7" l="30" c="15" n="StOutpCtrl_Ip_VehStrtStopRampRate" t="1" d="0"/>
<D id="67" f="7" l="21" c="15" n="StOutpCtrl_Ip_LoaSca" t="1" d="0"/>
<D id="68" f="7" l="22" c="15" n="StOutpCtrl_Ip_MotTqTranlDampgCmpl" t="1" d="0"/>
<D id="69" f="14" l="42" c="5" n="main" t="2" d="1"/>
<D id="70" f="11" l="8" c="23" n="__PST__UINT16" t="7" d="1"/>
<D id="71" f="7" l="23" c="15" n="StOutpCtrl_Ip_SysDiMotTqCmdSca" t="1" d="0"/>
<D id="72" f="1" l="45" c="14" n="__va_list" t="7" d="1"/>
<D id="73" f="7" l="33" c="15" n="StOutpCtrl_Op_SysMotTqCmdSca" t="1" d="0"/>
<D id="74" f="7" l="24" c="15" n="StOutpCtrl_Ip_SysDiRampRate" t="1" d="0"/>
<D id="75" f="9" l="151" c="5" n="StOutpCtrlInit1" t="2" d="1"/>
<D id="76" f="11" l="6" c="25" n="__PST__SINT64" t="7" d="1"/>
<D id="77" f="7" l="34" c="15" n="StOutpCtrl_Op_SysStReqDi" t="1" d="0"/>
<D id="78" f="7" l="25" c="15" n="StOutpCtrl_Ip_SysMotTqCmdRampRateDi" t="1" d="0"/>
<D id="79" f="13" l="72" c="5" n="__PST__MAIN__ENTRY__POINT__" t="2" d="1"/>
<D id="80" f="7" l="26" c="15" n="StOutpCtrl_Ip_SysOperMotTqCmdSca" t="1" d="0"/>
<D id="81" f="1" l="50" c="18" n="__gnuc_va_list" t="7" d="1"/>
<D id="82" f="6" l="51" c="17" n="double_t" t="7" d="1"/>
<D id="83" f="7" l="27" c="15" n="StOutpCtrl_Ip_SysOperRampRate" t="1" d="0"/>
<D id="84" f="6" l="52" c="17" n="float_t" t="7" d="1"/>
<D id="85" f="6" l="731" c="6" n="expf" t="2" d="0"/>
<D id="86" f="7" l="37" c="15" n="StOutpCtrl_Pim_dStOutpCtrlRateLim" t="1" d="0"/>
<D id="87" f="4" l="68" c="41" n="Rte_Instance" t="7" d="1"/>
<D id="88" f="7" l="28" c="15" n="StOutpCtrl_Ip_SysStFltOutpReqDi" t="1" d="0"/>
<D id="89" f="7" l="19" c="15" n="StOutpCtrl_Ip_DiagcStsCtrldShtDwnFltPrsnt" t="1" d="0"/>
<D id="90" f="6" l="741" c="6" n="sqrtf" t="2" d="0"/>
<D id="91" f="7" l="38" c="15" n="StOutpCtrl_Pim_dStOutpCtrlTarSca" t="1" d="0"/>
<D id="92" f="7" l="29" c="15" n="StOutpCtrl_Ip_VehStrtStopMotTqCmdSca" t="1" d="0"/>
<D id="93" f="7" l="39" c="15" n="StOutpCtrl_Pim_StOutpCtrlPrevCmdSca" t="1" d="0"/>
<D id="94" f="9" l="209" c="5" n="StOutpCtrlPer1" t="2" d="1"/>
<D id="95" f="6" l="724" c="6" n="atan2f" t="2" d="0"/>
<D id="96" f="6" l="725" c="6" n="cosf" t="2" d="0"/>
<D id="97" f="6" l="726" c="6" n="sinf" t="2" d="0"/>
<D id="98" f="1" l="49" c="18" n="va_list" t="7" d="1"/>
<D id="99" f="6" l="748" c="6" n="fmodf" t="2" d="0"/>
<D id="100" f="12" l="50" c="19" n="x" t="4" d="1"/>
<D id="101" f="3" l="140" c="10" n="sw_patch_version" t="9" d="1"/>
<D id="102" f="11" l="22" c="20" n="__PST__g__24" t="7" d="1"/>
<D id="103" f="11" l="21" c="30" n="__PST__g__22" t="7" d="1"/>
<D id="104" f="11" l="12" c="21" n="__PST__g__11" t="7" d="1"/>
<D id="105" f="2" l="110" c="31" n="uint32" t="7" d="1"/>
<D id="106" f="11" l="20" c="22" n="__PST__g__23" t="7" d="1"/>
<D id="107" f="11" l="14" c="20" n="__PST__g__15" t="7" d="1"/>
<D id="108" f="11" l="30" c="22" n="__PST__g__32" t="7" d="1"/>
<D id="109" f="8" l="303" c="29" n="Inp1" t="4" d="1"/>
<D id="110" f="8" l="230" c="39" n="Inp" t="4" d="1"/>
<D id="111" f="11" l="40" c="22" n="__PST__g__47" t="7" d="1"/>
<D id="112" f="2" l="112" c="31" n="sint8_least" t="7" d="1"/>
<D id="113" f="11" l="11" c="14" n="__PST__FLOAT32" t="7" d="1"/>
<D id="114" f="2" l="103" c="31" n="boolean" t="7" d="1"/>
<D id="115" f="12" l="40" c="13" n="_main_gen_init_g6" t="2" d="1"/>
<D id="116" f="12" l="25" c="20" n="pst_random_int" t="3" d="1"/>
<D id="117" f="11" l="41" c="31" n="__PST__g__48" t="7" d="1"/>
<D id="118" f="13" l="25" c="20" n="pst_random_int" t="3" d="1"/>
<D id="119" f="11" l="32" c="22" n="__PST__g__34" t="7" d="1"/>
<D id="120" f="2" l="113" c="31" n="uint8_least" t="7" d="1"/>
<D id="121" f="14" l="25" c="20" n="pst_random_int" t="3" d="1"/>
<D id="122" f="10" l="420" c="4" n="errno" t="1" d="1"/>
<D id="123" f="3" l="136" c="10" n="vendorID" t="9" d="1"/>
<D id="124" f="11" l="31" c="23" n="__PST__g__33" t="7" d="1"/>
<D id="125" f="11" l="16" c="21" n="__PST__g__17" t="7" d="1"/>
<D id="126" f="10" l="44" c="21" n="size_t" t="7" d="1"/>
<D id="127" f="8" l="420" c="31" n="Inp1" t="4" d="1"/>
<D id="128" f="8" l="501" c="31" n="Inp" t="4" d="1"/>
<D id="129" f="11" l="33" c="22" n="__PST__g__35" t="7" d="1"/>
<D id="130" f="2" l="114" c="31" n="sint16_least" t="7" d="1"/>
<D id="131" f="12" l="27" c="29" n="pst_random_g_6" t="3" d="1"/>
<D id="132" f="2" l="105" c="31" n="sint8" t="7" d="1"/>
<D id="133" f="11" l="35" c="21" n="__PST__g__42" t="7" d="1"/>
<D id="134" f="3" l="137" c="10" n="moduleID" t="9" d="1"/>
<D id="135" f="11" l="23" c="23" n="__PST__g__25" t="7" d="1"/>
<D id="136" f="11" l="34" c="31" n="__PST__g__36" t="7" d="1"/>
<D id="137" f="8" l="290" c="29" n="Inp1" t="4" d="1"/>
<D id="138" f="2" l="115" c="31" n="uint16_least" t="7" d="1"/>
<D id="139" f="11" l="25" c="22" n="__PST__g__27" t="7" d="1"/>
<D id="140" f="11" l="36" c="30" n="__PST__g__43" t="7" d="1"/>
<D id="141" f="2" l="106" c="31" n="uint8" t="7" d="1"/>
<D id="142" f="3" l="138" c="10" n="sw_major_version" t="9" d="1"/>
<D id="143" f="11" l="13" c="15" n="__PST__FLOAT64" t="7" d="1"/>
<D id="144" f="8" l="381" c="29" n="Inp1" t="4" d="1"/>
<D id="145" f="3" l="132" c="14" n="Std_ReturnType" t="7" d="1"/>
<D id="146" f="10" l="46" c="12" n="ptrdiff_t" t="7" d="1"/>
<D id="147" f="2" l="116" c="31" n="sint32_least" t="7" d="1"/>
<D id="148" f="2" l="107" c="31" n="sint16" t="7" d="1"/>
<D id="149" f="3" l="125" c="22" n="StatusType" t="7" d="1"/>
<D id="150" f="11" l="37" c="21" n="__PST__g__44" t="7" d="1"/>
<D id="151" f="3" l="139" c="10" n="sw_minor_version" t="9" d="1"/>
<D id="152" f="8" l="342" c="31" n="Inp1" t="4" d="1"/>
<D id="153" f="2" l="117" c="31" n="uint32_least" t="7" d="1"/>
<D id="154" f="11" l="27" c="22" n="__PST__g__29" t="7" d="1"/>
<D id="155" f="11" l="38" c="30" n="__PST__g__45" t="7" d="1"/>
<D id="156" f="2" l="108" c="31" n="uint16" t="7" d="1"/>
<D id="157" f="11" l="10" c="27" n="__PST__UINT64" t="7" d="1"/>
<D id="158" f="11" l="24" c="24" n="__PST__g__26" t="7" d="1"/>
<D id="159" f="11" l="18" c="22" n="__PST__g__20" t="7" d="1"/>
<D id="160" f="8" l="433" c="31" n="Inp1" t="4" d="1"/>
<D id="161" f="8" l="473" c="29" n="Inp" t="4" d="1"/>
<D id="162" f="9" l="232" c="14" n="SelectedState_Cnt_T_u08" t="4" d="1"/>
<D id="163" f="13" l="27" c="31" n="pst_random_g_10" t="3" d="1"/>
<D id="164" f="13" l="53" c="32" n="real_random_for_return" t="4" d="1"/>
<D id="165" f="11" l="26" c="23" n="__PST__g__28" t="7" d="1"/>
<D id="166" f="2" l="127" c="31" n="sint64" t="7" d="1"/>
<D id="167" f="11" l="17" c="23" n="__PST__g__19" t="7" d="1"/>
<D id="168" f="12" l="61" c="24" n="StOutpCtrl_Ip_DiagcStsCtrldShtDwnFltPrsnt" t="1" d="0"/>
<D id="169" f="9" l="220" c="16" n="SelectedTqCmdSca_Uls_T_f32" t="4" d="1"/>
<D id="170" f="12" l="205" c="5" n="_extern_init" t="2" d="1"/>
<D id="171" f="11" l="28" c="22" n="__PST__g__30" t="7" d="1"/>
<D id="172" f="8" l="303" c="15" n="Min_u08" t="2" d="1"/>
<D id="173" f="2" l="109" c="31" n="sint32" t="7" d="1"/>
<D id="174" f="12" l="28" c="31" n="pst_random_g_10" t="3" d="1"/>
<D id="175" f="8" l="316" c="31" n="Inp1" t="4" d="1"/>
<D id="176" f="8" l="515" c="31" n="Inp" t="4" d="1"/>
<D id="177" f="9" l="233" c="14" n="ArbdSt_Cnt_T_u08" t="4" d="1"/>
<D id="178" f="10" l="49" c="21" n="wchar_t" t="7" d="1"/>
<D id="179" f="9" l="230" c="16" n="Sca_Uls_T_f32" t="4" d="1"/>
<D id="180" f="2" l="128" c="31" n="uint64" t="7" d="1"/>
<D id="181" f="13" l="54" c="23" n="random_for_return" t="4" d="1"/>
<D id="182" f="8" l="420" c="16" n="Max_u16" t="2" d="1"/>
<D id="183" f="8" l="501" c="16" n="Lim_s16" t="2" d="1"/>
<D id="184" f="8" l="543" c="31" n="Inp" t="4" d="1"/>
<D id="185" f="8" l="780" c="21" n="SINCNVNCONTBL_ULS_U16" t="4" d="1"/>
<D id="186" f="9" l="221" c="16" n="SelectedRampRate_UlsPerSec_T_f32" t="4" d="1"/>
<D id="187" f="11" l="29" c="22" n="__PST__g__31" t="7" d="1"/>
<D id="188" f="8" l="407" c="31" n="Inp1" t="4" d="1"/>
<D id="189" f="8" l="650" c="14" n="SinCos_f32" t="2" d="1"/>
<D id="190" f="8" l="394" c="29" n="Inp1" t="4" d="1"/>
<D id="191" f="2" l="138" c="31" n="float32" t="7" d="1"/>
<D id="192" f="11" l="19" c="32" n="__PST__g__21" t="7" d="1"/>
<D id="193" f="8" l="242" c="15" n="Sign_s08_s08" t="2" d="1"/>
<D id="194" f="9" l="413" c="15" n="RateSource" t="5" d="1"/>
<D id="195" f="9" l="231" c="16" n="OpRampMult_Uls_T_f32" t="4" d="1"/>
<D id="196" f="11" l="39" c="22" n="__PST__g__46" t="7" d="1"/>
<D id="197" f="9" l="222" c="16" n="StepLimit_Uls_T_f32" t="4" d="1"/>
<D id="198" f="8" l="204" c="16" n="Abslt_u16_s16" t="2" d="1"/>
<D id="199" f="8" l="230" c="17" n="Abslt_f32_f32" t="2" d="1"/>
<D id="200" f="12" l="91" c="24" n="StOutpCtrl_Ip_MotTqTranlDampgCmpl" t="1" d="0"/>
<D id="201" f="12" l="59" c="12" n="_main_gen_init_sym_StOutpCtrl_Ip_DiagcStsCtrldShtDwnFltPrsnt" t="5" d="1"/>
<D id="202" f="8" l="355" c="31" n="Inp1" t="4" d="1"/>
<D id="203" f="8" l="650" c="33" n="Inp" t="4" d="1"/>
<D id="204" f="2" l="139" c="31" n="float64" t="7" d="1"/>
<D id="205" f="12" l="42" c="17" n="x" t="4" d="1"/>
<D id="206" f="8" l="621" c="34" n="Inp" t="4" d="1"/>
<D id="207" f="8" l="242" c="34" n="Inp" t="4" d="1"/>
<D id="208" f="9" l="223" c="16" n="VehStrtStopRampRate_UlsPerSec_T_f32" t="4" d="1"/>
<D id="209" f="9" l="413" c="34" n="SysOperMotTqCmdSca_Uls_T_f32" t="4" d="1"/>
<D id="210" f="12" l="69" c="12" n="_main_gen_init_sym_StOutpCtrl_Ip_LoaRateLim" t="5" d="1"/>
<D id="211" f="8" l="446" c="31" n="Inp1" t="4" d="1"/>
<D id="212" f="8" l="290" c="15" n="Min_s08" t="2" d="1"/>
<D id="213" f="9" l="461" c="15" n="RateLimit" t="5" d="1"/>
<D id="214" f="13" l="46" c="15" n="fabsf" t="2" d="1"/>
<D id="215" f="12" l="71" c="26" n="StOutpCtrl_Ip_LoaRateLim" t="1" d="0"/>
<D id="216" f="8" l="342" c="16" n="Min_s32" t="2" d="1"/>
<D id="217" f="8" l="633" c="33" n="Numer" t="4" d="1"/>
<D id="218" f="9" l="224" c="16" n="LoaRateLim_UlsPerSec_T_f32" t="4" d="1"/>
<D id="219" f="12" l="79" c="12" n="_main_gen_init_sym_StOutpCtrl_Ip_LoaSca" t="5" d="1"/>
<D id="220" f="8" l="191" c="15" n="Abslt_u08_s08" t="2" d="1"/>
<D id="221" f="8" l="329" c="31" n="Inp1" t="4" d="1"/>
<D id="222" f="9" l="215" c="16" n="LoaSca_Uls_T_f32" t="4" d="1"/>
<D id="223" f="8" l="487" c="29" n="Inp" t="4" d="1"/>
<D id="224" f="8" l="254" c="15" n="Sign_s08_s16" t="2" d="1"/>
<D id="225" f="8" l="381" c="15" n="Max_s08" t="2" d="1"/>
<D id="226" f="12" l="81" c="26" n="StOutpCtrl_Ip_LoaSca" t="1" d="0"/>
<D id="227" f="8" l="433" c="16" n="Max_s32" t="2" d="1"/>
<D id="228" f="8" l="621" c="17" n="Sqrt_f32" t="2" d="1"/>
<D id="229" f="9" l="234" c="16" n="SysStFltOutpReqDi_Cnt_T_lgc" t="4" d="1"/>
<D id="230" f="12" l="89" c="12" n="_main_gen_init_sym_StOutpCtrl_Ip_MotTqTranlDampgCmpl" t="5" d="1"/>
<D id="231" f="9" l="225" c="16" n="SysOperRampRate_UlsPerSec_T_f32" t="4" d="1"/>
<D id="232" f="9" l="461" c="34" n="SysOperRampRate_UlspS_T_f32" t="4" d="1"/>
<D id="233" f="12" l="23" c="28" n="pst_random_char" t="3" d="1"/>
<D id="234" f="9" l="216" c="16" n="SysDiMotTqCmdSca_Uls_T_f32" t="4" d="1"/>
<D id="235" f="8" l="529" c="31" n="Inp" t="4" d="1"/>
<D id="236" f="9" l="462" c="61" n="LoaRateLim_UlspS_T_f32" t="4" d="1"/>
<D id="237" f="13" l="23" c="28" n="pst_random_char" t="3" d="1"/>
<D id="238" f="12" l="48" c="15" n="_main_gen_init_g10" t="2" d="1"/>
<D id="239" f="8" l="316" c="16" n="Min_s16" t="2" d="1"/>
<D id="240" f="12" l="99" c="12" n="_main_gen_init_sym_StOutpCtrl_Ip_SysDiMotTqCmdSca" t="5" d="1"/>
<D id="241" f="8" l="515" c="16" n="Lim_u16" t="2" d="1"/>
<D id="242" f="9" l="235" c="16" n="SysMotTqCmdRampRateDi_Cnt_T_lgc" t="4" d="1"/>
<D id="243" f="14" l="23" c="28" n="pst_random_char" t="3" d="1"/>
<D id="244" f="11" l="15" c="28" n="__PST__g__18" t="7" d="1"/>
<D id="245" f="8" l="217" c="16" n="Abslt_u32_s32" t="2" d="1"/>
<D id="246" f="9" l="226" c="16" n="ArbdTarSca_Uls_T_f32" t="4" d="1"/>
<D id="247" f="8" l="543" c="16" n="Lim_u32" t="2" d="1"/>
<D id="248" f="9" l="217" c="16" n="SysDiRampRate_UlsPerSec_T_f32" t="4" d="1"/>
<D id="249" f="8" l="407" c="16" n="Max_s16" t="2" d="1"/>
<D id="250" f="8" l="473" c="15" n="Lim_s08" t="2" d="1"/>
<D id="251" f="8" l="204" c="37" n="Inp" t="4" d="1"/>
<D id="252" f="9" l="236" c="16" n="SysStReqDi_Cnt_T_lgc" t="4" d="1"/>
<D id="253" f="8" l="191" c="35" n="Inp" t="4" d="1"/>
<D id="254" f="8" l="660" c="17" n="Tmp" t="4" d="1"/>
<D id="255" f="9" l="227" c="16" n="ArbdRate_UlspS_T_f32" t="4" d="1"/>
<D id="256" f="9" l="218" c="16" n="SysOperMotTqCmdSca_Uls_T_f32" t="4" d="1"/>
<D id="257" f="8" l="266" c="15" n="Sign_s08_s32" t="2" d="1"/>
<D id="258" f="8" l="254" c="35" n="Inp" t="4" d="1"/>
<D id="259" f="8" l="633" c="17" n="Mod_f32" t="2" d="1"/>
<D id="260" f="8" l="609" c="33" n="Inp" t="4" d="1"/>
<D id="261" f="8" l="355" c="16" n="Min_u32" t="2" d="1"/>
<D id="262" f="9" l="237" c="16" n="RampComp_Cnt_T_lgc" t="4" d="1"/>
<D id="263" f="9" l="228" c="16" n="TarSca_Uls_T_f32" t="4" d="1"/>
<D id="264" f="9" l="219" c="16" n="VehStrtStopMotTqCmdSca_Uls_T_f32" t="4" d="1"/>
<D id="265" f="13" l="46" c="36" n="P_0" t="4" d="1"/>
<D id="266" f="8" l="394" c="15" n="Max_u08" t="2" d="1"/>
<D id="267" f="9" l="418" c="16" n="SelectedTqCmdSca_Uls_T_f32" t="4" d="1"/>
<D id="268" f="8" l="446" c="16" n="Max_u32" t="2" d="1"/>
<D id="269" f="9" l="238" c="16" n="DiagcStsCtrldShtDwnFltPrsnt_Cnt_T_lgc" t="4" d="1"/>
<D id="270" f="8" l="557" c="33" n="Inp" t="4" d="1"/>
<D id="271" f="8" l="656" c="15" n="Normdn" t="4" d="1"/>
<D id="272" f="9" l="229" c="16" n="RateLimit_UlspS_T_f32" t="4" d="1"/>
<D id="273" f="8" l="572" c="17" n="Arctan2_f32" t="2" d="1"/>
<D id="274" f="13" l="56" c="27" n="_main_gen_tmp_0" t="4" d="1"/>
<D id="275" f="8" l="329" c="16" n="Min_u16" t="2" d="1"/>
<D id="276" f="8" l="585" c="33" n="Inp" t="4" d="1"/>
<D id="277" f="9" l="465" c="16" n="SelRampRate_UlspS_T_f32" t="4" d="1"/>
<D id="278" f="8" l="368" c="33" n="Inp1" t="4" d="1"/>
<D id="279" f="8" l="655" c="16" n="n" t="4" d="1"/>
<D id="280" f="8" l="177" c="34" n="Inp1" t="4" d="1"/>
<D id="281" f="9" l="239" c="16" n="MotTqTranlDampgCmpl_Cnt_T_lgc" t="4" d="1"/>
<D id="282" f="8" l="278" c="15" n="Sign_s08_f32" t="2" d="1"/>
<D id="283" f="8" l="266" c="35" n="Inp" t="4" d="1"/>
<D id="284" f="8" l="217" c="37" n="Inp" t="4" d="1"/>
<D id="285" f="8" l="459" c="33" n="Inp1" t="4" d="1"/>
<D id="286" f="8" l="529" c="16" n="Lim_s32" t="2" d="1"/>
<D id="287" f="8" l="330" c="95" n="Inp2" t="4" d="1"/>
<D id="288" f="8" l="487" c="15" n="Lim_u08" t="2" d="1"/>
<D id="289" f="8" l="609" c="17" n="Exp_f32" t="2" d="1"/>
<D id="290" f="8" l="421" c="95" n="Inp2" t="4" d="1"/>
<D id="291" f="8" l="502" c="95" n="RngLo" t="4" d="1"/>
<D id="292" f="8" l="778" c="14" n="SignFlip_Cnt_T_s08" t="4" d="1"/>
<D id="293" f="9" l="414" c="57" n="LoaSca_Uls_T_f32" t="4" d="1"/>
<D id="294" f="8" l="177" c="17" n="Blnd_f32" t="2" d="1"/>
<D id="295" f="8" l="530" c="95" n="RngLo" t="4" d="1"/>
<D id="296" f="8" l="572" c="37" n="Numer" t="4" d="1"/>
<D id="297" f="8" l="597" c="33" n="Inp" t="4" d="1"/>
<D id="298" f="8" l="777" c="15" n="Theta_Cnt_T_u16" t="4" d="1"/>
<D id="299" f="8" l="557" c="17" n="Lim_f32" t="2" d="1"/>
<D id="300" f="8" l="304" c="86" n="Inp2" t="4" d="1"/>
<D id="301" f="8" l="503" c="95" n="RngHi" t="4" d="1"/>
<D id="302" f="8" l="776" c="16" n="Theta_Rev_T_f32" t="4" d="1"/>
<D id="303" f="8" l="585" c="17" n="Sin_f32" t="2" d="1"/>
<D id="304" f="8" l="531" c="95" n="RngHi" t="4" d="1"/>
<D id="305" f="8" l="368" c="17" n="Min_f32" t="2" d="1"/>
<D id="306" f="8" l="657" c="17" n="InpSqd" t="4" d="1"/>
<D id="307" f="8" l="774" c="36" n="MotCoggAg_Rad_T_f32" t="4" d="1"/>
<D id="308" f="8" l="459" c="17" n="Max_f32" t="2" d="1"/>
<D id="309" f="8" l="774" c="18" n="SinLookup" t="2" d="1"/>
<D id="310" f="8" l="658" c="17" n="SinA" t="4" d="1"/>
<D id="311" f="8" l="278" c="36" n="Inp" t="4" d="1"/>
<D id="312" f="8" l="343" c="95" n="Inp2" t="4" d="1"/>
<D id="313" f="8" l="659" c="17" n="CosA" t="4" d="1"/>
<D id="314" f="8" l="434" c="95" n="Inp2" t="4" d="1"/>
<D id="315" f="8" l="460" c="96" n="Inp2" t="4" d="1"/>
<D id="316" f="8" l="597" c="17" n="Cos_f32" t="2" d="1"/>
<D id="317" f="8" l="779" c="16" n="SinVal_Uls_T_f32" t="4" d="1"/>
<D id="318" f="8" l="291" c="86" n="Inp2" t="4" d="1"/>
<D id="319" f="8" l="317" c="95" n="Inp2" t="4" d="1"/>
<D id="320" f="8" l="516" c="95" n="RngLo" t="4" d="1"/>
<D id="321" f="8" l="544" c="95" n="RngLo" t="4" d="1"/>
<D id="322" f="8" l="382" c="86" n="Inp2" t="4" d="1"/>
<D id="323" f="8" l="408" c="95" n="Inp2" t="4" d="1"/>
<D id="324" f="8" l="474" c="94" n="RngLo" t="4" d="1"/>
<D id="325" f="8" l="517" c="95" n="RngHi" t="4" d="1"/>
<D id="326" f="8" l="545" c="95" n="RngHi" t="4" d="1"/>
<D id="327" f="8" l="475" c="94" n="RngHi" t="4" d="1"/>
<D id="328" f="8" l="356" c="95" n="Inp2" t="4" d="1"/>
<D id="329" f="8" l="447" c="95" n="Inp2" t="4" d="1"/>
<D id="330" f="8" l="395" c="86" n="Inp2" t="4" d="1"/>
<D id="331" f="8" l="488" c="94" n="RngLo" t="4" d="1"/>
<D id="332" f="8" l="489" c="94" n="RngHi" t="4" d="1"/>
<D id="333" f="8" l="369" c="96" n="Inp2" t="4" d="1"/>
<D id="334" f="8" l="178" c="97" n="Inp2" t="4" d="1"/>
<D id="335" f="8" l="179" c="97" n="Fac" t="4" d="1"/>
</Definitions>
<Uses>
<U id="1" f="12" l="101" c="11" d="113" a="0"/>
<U id="2" f="12" l="111" c="11" d="113" a="0"/>
<U id="3" f="12" l="121" c="11" d="63" a="0"/>
<U id="4" f="12" l="131" c="11" d="113" a="0"/>
<U id="5" f="12" l="141" c="11" d="113" a="0"/>
<U id="6" f="12" l="151" c="11" d="63" a="0"/>
<U id="7" f="10" l="441" c="11" d="9" a="0"/>
<U id="8" f="12" l="161" c="11" d="113" a="0"/>
<U id="9" f="8" l="702" c="120" d="313" a="0"/>
<U id="10" f="12" l="171" c="11" d="113" a="0"/>
<U id="11" f="8" l="712" c="120" d="313" a="0"/>
<U id="12" f="12" l="181" c="11" d="113" a="0"/>
<U id="13" f="10" l="480" c="11" d="42" a="0"/>
<U id="14" f="12" l="191" c="11" d="63" a="0"/>
<U id="15" f="9" l="340" c="122" d="93" a="1"/>
<U id="16" f="12" l="105" c="41" d="238" a="0"/>
<U id="17" f="8" l="703" c="121" d="313" a="0"/>
<U id="18" f="8" l="722" c="121" d="313" a="0"/>
<U id="19" f="8" l="713" c="121" d="313" a="0"/>
<U id="20" f="8" l="682" c="119" d="313" a="0"/>
<U id="21" f="10" l="473" c="11" d="32" a="0"/>
<U id="22" f="8" l="732" c="121" d="313" a="0"/>
<U id="23" f="8" l="723" c="121" d="313" a="0"/>
<U id="24" f="8" l="692" c="119" d="313" a="0"/>
<U id="25" f="12" l="145" c="40" d="238" a="0"/>
<U id="26" f="8" l="742" c="121" d="313" a="0"/>
<U id="27" f="8" l="733" c="121" d="313" a="0"/>
<U id="28" f="10" l="465" c="11" d="38" a="0"/>
<U id="29" f="8" l="743" c="121" d="313" a="0"/>
<U id="30" f="8" l="683" c="120" d="313" a="0"/>
<U id="31" f="8" l="753" c="121" d="313" a="0"/>
<U id="32" f="10" l="457" c="11" d="35" a="0"/>
<U id="33" f="8" l="693" c="120" d="313" a="0"/>
<U id="34" f="8" l="754" c="121" d="313" a="0"/>
<U id="35" f="10" l="449" c="11" d="40" a="0"/>
<U id="36" f="8" l="707" c="122" d="313" a="0"/>
<U id="37" f="9" l="340" c="162" d="197" a="0"/>
<U id="38" f="12" l="135" c="43" d="238" a="0"/>
<U id="39" f="12" l="155" c="42" d="115" a="0"/>
<U id="40" f="8" l="708" c="122" d="313" a="0"/>
<U id="41" f="8" l="727" c="122" d="313" a="0"/>
<U id="42" f="8" l="687" c="120" d="313" a="0"/>
<U id="43" f="8" l="728" c="122" d="313" a="0"/>
<U id="44" f="8" l="747" c="122" d="313" a="0"/>
<U id="45" f="8" l="748" c="122" d="313" a="0"/>
<U id="46" f="8" l="688" c="121" d="313" a="0"/>
<U id="47" f="12" l="125" c="46" d="115" a="0"/>
<U id="48" f="9" l="372" c="108" d="177" a="0"/>
<U id="49" f="12" l="115" c="38" d="238" a="0"/>
<U id="50" f="12" l="175" c="44" d="238" a="0"/>
<U id="51" f="12" l="195" c="43" d="115" a="0"/>
<U id="52" f="12" l="165" c="47" d="238" a="0"/>
<U id="53" f="12" l="185" c="46" d="238" a="0"/>
<U id="54" f="5" l="20" c="4" d="75" a="0"/>
<U id="55" f="5" l="21" c="4" d="94" a="0"/>
<U id="56" f="4" l="53" c="2" d="191" a="0"/>
<U id="57" f="4" l="54" c="2" d="141" a="0"/>
<U id="58" f="4" l="55" c="2" d="191" a="0"/>
<U id="59" f="7" l="20" c="7" d="191" a="0"/>
<U id="60" f="4" l="56" c="2" d="191" a="0"/>
<U id="61" f="7" l="30" c="7" d="191" a="0"/>
<U id="62" f="7" l="21" c="7" d="191" a="0"/>
<U id="63" f="4" l="97" c="0" d="145" a="0"/>
<U id="64" f="7" l="40" c="7" d="141" a="0"/>
<U id="65" f="7" l="22" c="7" d="114" a="0"/>
<U id="66" f="4" l="98" c="0" d="145" a="0"/>
<U id="67" f="1" l="50" c="8" d="72" a="0"/>
<U id="68" f="7" l="23" c="7" d="191" a="0"/>
<U id="69" f="4" l="99" c="0" d="145" a="0"/>
<U id="70" f="7" l="33" c="7" d="191" a="0"/>
<U id="71" f="7" l="24" c="7" d="191" a="0"/>
<U id="72" f="7" l="34" c="7" d="114" a="0"/>
<U id="73" f="7" l="25" c="7" d="114" a="0"/>
<U id="74" f="7" l="26" c="7" d="191" a="0"/>
<U id="75" f="7" l="27" c="7" d="191" a="0"/>
<U id="76" f="1" l="84" c="7" d="98" a="0"/>
<U id="77" f="7" l="37" c="7" d="191" a="0"/>
<U id="78" f="7" l="28" c="7" d="114" a="0"/>
<U id="79" f="7" l="19" c="7" d="114" a="0"/>
<U id="80" f="7" l="38" c="7" d="191" a="0"/>
<U id="81" f="7" l="29" c="7" d="191" a="0"/>
<U id="82" f="7" l="39" c="7" d="191" a="0"/>
<U id="83" f="1" l="49" c="8" d="72" a="0"/>
<U id="84" f="10" l="11314" c="9" d="49" a="0"/>
<U id="85" f="4" l="100" c="0" d="145" a="0"/>
<U id="86" f="4" l="110" c="0" d="145" a="0"/>
<U id="87" f="4" l="101" c="0" d="145" a="0"/>
<U id="88" f="4" l="102" c="0" d="145" a="0"/>
<U id="89" f="12" l="40" c="0" d="63" a="0"/>
<U id="90" f="4" l="103" c="0" d="145" a="0"/>
<U id="91" f="4" l="104" c="0" d="145" a="0"/>
<U id="92" f="4" l="105" c="0" d="145" a="0"/>
<U id="93" f="4" l="106" c="0" d="145" a="0"/>
<U id="94" f="4" l="107" c="0" d="145" a="0"/>
<U id="95" f="3" l="140" c="3" d="141" a="0"/>
<U id="96" f="4" l="108" c="0" d="145" a="0"/>
<U id="97" f="13" l="46" c="0" d="113" a="0"/>
<U id="98" f="12" l="50" c="4" d="113" a="0"/>
<U id="99" f="4" l="109" c="0" d="145" a="0"/>
<U id="100" f="4" l="230" c="5" d="94" a="0"/>
<U id="101" f="12" l="42" c="4" d="63" a="0"/>
<U id="102" f="12" l="48" c="0" d="113" a="0"/>
<U id="103" f="1" l="84" c="39" d="98" a="0"/>
<U id="104" f="12" l="52" c="4" d="100" a="1"/>
<U id="105" f="11" l="20" c="8" d="52" a="0"/>
<U id="106" f="12" l="44" c="4" d="205" a="1"/>
<U id="107" f="11" l="30" c="8" d="102" a="0"/>
<U id="108" f="3" l="136" c="3" d="156" a="0"/>
<U id="109" f="11" l="12" c="8" d="56" a="0"/>
<U id="110" f="11" l="40" c="8" d="64" a="0"/>
<U id="111" f="11" l="31" c="8" d="113" a="0"/>
<U id="112" f="3" l="137" c="3" d="156" a="0"/>
<U id="113" f="11" l="22" c="8" d="56" a="0"/>
<U id="114" f="4" l="68" c="21" d="44" a="0"/>
<U id="115" f="4" l="190" c="5" d="75" a="0"/>
<U id="116" f="11" l="32" c="8" d="124" a="0"/>
<U id="117" f="9" l="220" c="8" d="191" a="0"/>
<U id="118" f="3" l="138" c="3" d="141" a="0"/>
<U id="119" f="11" l="23" c="8" d="113" a="0"/>
<U id="120" f="11" l="14" c="8" d="56" a="0"/>
<U id="121" f="9" l="230" c="8" d="191" a="0"/>
<U id="122" f="11" l="33" c="8" d="165" a="0"/>
<U id="123" f="9" l="221" c="8" d="191" a="0"/>
<U id="124" f="3" l="132" c="8" d="141" a="0"/>
<U id="125" f="3" l="139" c="3" d="141" a="0"/>
<U id="126" f="11" l="24" c="8" d="113" a="0"/>
<U id="127" f="9" l="231" c="8" d="191" a="0"/>
<U id="128" f="12" l="52" c="8" d="174" a="0"/>
<U id="129" f="9" l="413" c="7" d="191" a="0"/>
<U id="130" f="9" l="222" c="8" d="191" a="0"/>
<U id="131" f="11" l="25" c="8" d="107" a="0"/>
<U id="132" f="9" l="340" c="8" d="179" a="1"/>
<U id="133" f="11" l="16" c="8" d="244" a="0"/>
<U id="134" f="9" l="232" c="8" d="141" a="0"/>
<U id="135" f="11" l="35" c="8" d="52" a="0"/>
<U id="136" f="9" l="223" c="8" d="191" a="0"/>
<U id="137" f="6" l="742" c="6" d="214" a="0"/>
<U id="138" f="11" l="26" c="8" d="113" a="0"/>
<U id="139" f="12" l="44" c="8" d="131" a="0"/>
<U id="140" f="4" l="98" c="50" d="191" a="0"/>
<U id="141" f="11" l="17" c="8" d="143" a="0"/>
<U id="142" f="9" l="82" c="26" d="191" a="0"/>
<U id="143" f="9" l="83" c="53" d="191" a="0"/>
<U id="144" f="9" l="233" c="8" d="141" a="0"/>
<U id="145" f="9" l="461" c="7" d="191" a="0"/>
<U id="146" f="9" l="224" c="8" d="191" a="0"/>
<U id="147" f="11" l="27" c="8" d="135" a="0"/>
<U id="148" f="9" l="215" c="8" d="191" a="0"/>
<U id="149" f="13" l="54" c="8" d="113" a="0"/>
<U id="150" f="11" l="18" c="8" d="104" a="0"/>
<U id="151" f="9" l="234" c="8" d="114" a="0"/>
<U id="152" f="9" l="280" c="8" d="169" a="1"/>
<U id="153" f="11" l="37" c="8" d="63" a="0"/>
<U id="154" f="9" l="225" c="8" d="191" a="0"/>
<U id="155" f="11" l="28" c="8" d="125" a="0"/>
<U id="156" f="9" l="216" c="8" d="191" a="0"/>
<U id="157" f="8" l="660" c="8" d="191" a="0"/>
<U id="158" f="12" l="65" c="8" d="168" a="1"/>
<U id="159" f="9" l="235" c="8" d="114" a="0"/>
<U id="160" f="9" l="226" c="8" d="191" a="0"/>
<U id="161" f="11" l="29" c="8" d="244" a="0"/>
<U id="162" f="8" l="670" c="8" d="310" a="1"/>
<U id="163" f="9" l="217" c="8" d="191" a="0"/>
<U id="164" f="9" l="344" c="8" d="195" a="1"/>
<U id="165" f="12" l="75" c="8" d="215" a="1"/>
<U id="166" f="9" l="236" c="8" d="114" a="0"/>
<U id="167" f="13" l="75" c="8" d="56" a="0"/>
<U id="168" f="11" l="39" c="8" d="53" a="0"/>
<U id="169" f="9" l="227" c="8" d="191" a="0"/>
<U id="170" f="8" l="671" c="8" d="313" a="1"/>
<U id="171" f="9" l="218" c="8" d="191" a="0"/>
<U id="172" f="12" l="85" c="8" d="226" a="1"/>
<U id="173" f="9" l="78" c="26" d="191" a="0"/>
<U id="174" f="9" l="237" c="8" d="114" a="0"/>
<U id="175" f="9" l="318" c="8" d="263" a="1"/>
<U id="176" f="9" l="79" c="53" d="191" a="0"/>
<U id="177" f="9" l="228" c="8" d="191" a="0"/>
<U id="178" f="12" l="95" c="8" d="200" a="1"/>
<U id="179" f="9" l="219" c="8" d="191" a="0"/>
<U id="180" f="8" l="663" c="8" d="254" a="1"/>
<U id="181" f="9" l="418" c="8" d="191" a="0"/>
<U id="182" f="8" l="816" c="8" d="302" a="1"/>
<U id="183" f="9" l="238" c="8" d="114" a="0"/>
<U id="184" f="13" l="77" c="8" d="69" a="0"/>
<U id="185" f="8" l="844" c="8" d="298" a="1"/>
<U id="186" f="9" l="229" c="8" d="191" a="0"/>
<U id="187" f="8" l="664" c="8" d="279" a="1"/>
<U id="188" f="9" l="338" c="8" d="197" a="1"/>
<U id="189" f="9" l="465" c="8" d="191" a="0"/>
<U id="190" f="8" l="655" c="8" d="173" a="0"/>
<U id="191" f="9" l="239" c="8" d="114" a="0"/>
<U id="192" f="9" l="285" c="8" d="186" a="1"/>
<U id="193" f="8" l="665" c="8" d="203" a="1"/>
<U id="194" f="8" l="656" c="8" d="141" a="0"/>
<U id="195" f="8" l="818" c="8" d="302" a="1"/>
<U id="196" f="8" l="846" c="8" d="317" a="1"/>
<U id="197" f="4" l="99" c="46" d="191" a="0"/>
<U id="198" f="8" l="666" c="8" d="271" a="1"/>
<U id="199" f="8" l="657" c="8" d="191" a="0"/>
<U id="200" f="9" l="80" c="97" d="191" a="0"/>
<U id="201" f="8" l="658" c="8" d="191" a="0"/>
<U id="202" f="8" l="776" c="8" d="191" a="0"/>
<U id="203" f="8" l="668" c="8" d="306" a="1"/>
<U id="204" f="8" l="659" c="8" d="191" a="0"/>
<U id="205" f="8" l="777" c="8" d="156" a="0"/>
<U id="206" f="8" l="849" c="8" d="317" a="1"/>
<U id="207" f="8" l="778" c="8" d="132" a="0"/>
<U id="208" f="4" l="97" c="68" d="114" a="0"/>
<U id="209" f="9" l="84" c="97" d="191" a="0"/>
<U id="210" f="9" l="85" c="97" d="141" a="0"/>
<U id="211" f="8" l="779" c="8" d="191" a="0"/>
<U id="212" f="8" l="230" c="9" d="191" a="0"/>
<U id="213" f="8" l="420" c="9" d="156" a="0"/>
<U id="214" f="8" l="501" c="9" d="148" a="0"/>
<U id="215" f="8" l="303" c="9" d="141" a="0"/>
<U id="216" f="8" l="204" c="9" d="156" a="0"/>
<U id="217" f="8" l="621" c="9" d="191" a="0"/>
<U id="218" f="8" l="242" c="9" d="132" a="0"/>
<U id="219" f="8" l="342" c="9" d="173" a="0"/>
<U id="220" f="9" l="301" c="39" d="234" a="0"/>
<U id="221" f="8" l="410" c="30" d="188" a="0"/>
<U id="222" f="12" l="210" c="4" d="201" a="0"/>
<U id="223" f="8" l="433" c="9" d="173" a="0"/>
<U id="224" f="12" l="61" c="11" d="63" a="0"/>
<U id="225" f="9" l="302" c="39" d="248" a="0"/>
<U id="226" f="8" l="290" c="9" d="132" a="0"/>
<U id="227" f="4" l="100" c="60" d="114" a="0"/>
<U id="228" f="8" l="316" c="9" d="148" a="0"/>
<U id="229" f="8" l="220" c="40" d="105" a="0"/>
<U id="230" f="12" l="71" c="11" d="113" a="0"/>
<U id="231" f="8" l="191" c="9" d="141" a="0"/>
<U id="232" f="8" l="515" c="9" d="156" a="0"/>
<U id="233" f="13" l="60" c="12" d="181" a="1"/>
<U id="234" f="8" l="217" c="9" d="105" a="0"/>
<U id="235" f="8" l="633" c="9" d="191" a="0"/>
<U id="236" f="14" l="54" c="19" d="56" a="0"/>
<U id="237" f="12" l="53" c="11" d="100" a="0"/>
<U id="238" f="8" l="254" c="9" d="132" a="0"/>
<U id="239" f="8" l="381" c="9" d="132" a="0"/>
<U id="240" f="8" l="543" c="9" d="105" a="0"/>
<U id="241" f="8" l="407" c="9" d="148" a="0"/>
<U id="242" f="8" l="410" c="22" d="323" a="0"/>
<U id="243" f="12" l="81" c="11" d="113" a="0"/>
<U id="244" f="8" l="204" c="30" d="148" a="0"/>
<U id="245" f="8" l="230" c="31" d="191" a="0"/>
<U id="246" f="8" l="220" c="59" d="284" a="0"/>
<U id="247" f="8" l="611" c="12" d="85" a="0"/>
<U id="248" f="12" l="45" c="11" d="205" a="0"/>
<U id="249" f="12" l="91" c="11" d="63" a="0"/>
<U id="250" f="8" l="232" c="12" d="214" a="0"/>
<U id="251" f="9" l="342" c="11" d="93" a="1"/>
<U id="252" f="14" l="52" c="12" d="121" a="0"/>
<U id="253" f="8" l="572" c="9" d="191" a="0"/>
<U id="254" f="8" l="332" c="30" d="221" a="0"/>
<U id="255" f="9" l="333" c="11" d="91" a="1"/>
<U id="256" f="12" l="240" c="4" d="24" a="0"/>
<U id="257" f="8" l="355" c="9" d="105" a="0"/>
<U id="258" f="8" l="181" c="29" d="335" a="0"/>
<U id="259" f="8" l="220" c="14" d="284" a="0"/>
<U id="260" f="12" l="231" c="4" d="10" a="0"/>
<U id="261" f="8" l="473" c="9" d="132" a="0"/>
<U id="262" f="4" l="110" c="52" d="114" a="0"/>
<U id="263" f="12" l="222" c="4" d="240" a="0"/>
<U id="264" f="8" l="410" c="14" d="188" a="0"/>
<U id="265" f="8" l="820" c="12" d="302" a="0"/>
<U id="266" f="11" l="22" c="33" d="53" a="0"/>
<U id="267" f="12" l="213" c="4" d="210" a="0"/>
<U id="268" f="8" l="423" c="30" d="127" a="0"/>
<U id="269" f="8" l="191" c="29" d="132" a="0"/>
<U id="270" f="8" l="446" c="9" d="105" a="0"/>
<U id="271" f="9" l="334" c="11" d="86" a="1"/>
<U id="272" f="13" l="60" c="32" d="274" a="0"/>
<U id="273" f="8" l="266" c="9" d="132" a="0"/>
<U id="274" f="8" l="220" c="33" d="284" a="0"/>
<U id="275" f="14" l="46" c="11" d="121" a="0"/>
<U id="276" f="8" l="220" c="24" d="105" a="0"/>
<U id="277" f="8" l="306" c="30" d="109" a="0"/>
<U id="278" f="9" l="242" c="49" d="88" a="0"/>
<U id="279" f="11" l="15" c="14" d="70" a="0"/>
<U id="280" f="11" l="31" c="52" d="113" a="0"/>
<U id="281" f="8" l="329" c="9" d="156" a="0"/>
<U id="282" f="8" l="332" c="22" d="287" a="0"/>
<U id="283" f="8" l="505" c="30" d="301" a="0"/>
<U id="284" f="9" l="350" c="13" d="199" a="0"/>
<U id="285" f="9" l="361" c="21" d="281" a="0"/>
<U id="286" f="8" l="303" c="23" d="141" a="0"/>
<U id="287" f="8" l="609" c="9" d="191" a="0"/>
<U id="288" f="8" l="505" c="21" d="301" a="0"/>
<U id="289" f="8" l="371" c="30" d="278" a="0"/>
<U id="290" f="8" l="533" c="30" d="304" a="0"/>
<U id="291" f="9" l="340" c="32" d="263" a="0"/>
<U id="292" f="13" l="75" c="20" d="69" a="0"/>
<U id="293" f="8" l="394" c="9" d="141" a="0"/>
<U id="294" f="9" l="414" c="49" d="191" a="0"/>
<U id="295" f="8" l="533" c="21" d="304" a="0"/>
<U id="296" f="8" l="623" c="12" d="90" a="0"/>
<U id="297" f="13" l="46" c="21" d="113" a="0"/>
<U id="298" f="8" l="177" c="9" d="191" a="0"/>
<U id="299" f="8" l="423" c="22" d="290" a="0"/>
<U id="300" f="8" l="561" c="30" d="39" a="0"/>
<U id="301" f="9" l="307" c="39" d="169" a="0"/>
<U id="302" f="8" l="217" c="30" d="173" a="0"/>
<U id="303" f="8" l="420" c="24" d="156" a="0"/>
<U id="304" f="8" l="501" c="24" d="148" a="0"/>
<U id="305" f="8" l="572" c="29" d="191" a="0"/>
<U id="306" f="8" l="280" c="40" d="132" a="0"/>
<U id="307" f="8" l="561" c="21" d="39" a="0"/>
<U id="308" f="8" l="529" c="9" d="173" a="0"/>
<U id="309" f="8" l="462" c="30" d="285" a="0"/>
<U id="310" f="14" l="54" c="31" d="45" a="0"/>
<U id="311" f="8" l="505" c="40" d="128" a="0"/>
<U id="312" f="9" l="420" c="15" d="6" a="0"/>
<U id="313" f="4" l="102" c="53" d="191" a="0"/>
<U id="314" f="11" l="21" c="17" d="106" a="0"/>
<U id="315" f="8" l="557" c="9" d="191" a="0"/>
<U id="316" f="8" l="207" c="40" d="156" a="0"/>
<U id="317" f="8" l="306" c="22" d="300" a="0"/>
<U id="318" f="9" l="263" c="12" d="264" a="0"/>
<U id="319" f="13" l="56" c="12" d="113" a="0"/>
<U id="320" f="8" l="332" c="14" d="221" a="0"/>
<U id="321" f="8" l="533" c="40" d="235" a="0"/>
<U id="322" f="9" l="301" c="16" d="246" a="1"/>
<U id="323" f="9" l="308" c="39" d="186" a="0"/>
<U id="324" f="9" l="372" c="21" d="262" a="0"/>
<U id="325" f="12" l="243" c="4" d="28" a="0"/>
<U id="326" f="8" l="585" c="9" d="191" a="0"/>
<U id="327" f="8" l="345" c="30" d="152" a="0"/>
<U id="328" f="9" l="252" c="59" d="89" a="0"/>
<U id="329" f="14" l="56" c="12" d="45" a="0"/>
<U id="330" f="12" l="234" c="4" d="14" a="0"/>
<U id="331" f="8" l="368" c="9" d="191" a="0"/>
<U id="332" f="8" l="371" c="22" d="333" a="0"/>
<U id="333" f="8" l="561" c="40" d="270" a="0"/>
<U id="334" f="9" l="340" c="24" d="299" a="0"/>
<U id="335" f="4" l="103" c="62" d="114" a="0"/>
<U id="336" f="13" l="57" c="30" d="163" a="0"/>
<U id="337" f="12" l="23" c="16" d="54" a="0"/>
<U id="338" f="12" l="225" c="4" d="3" a="0"/>
<U id="339" f="8" l="278" c="9" d="132" a="0"/>
<U id="340" f="4" l="108" c="59" d="191" a="0"/>
<U id="341" f="12" l="216" c="4" d="219" a="0"/>
<U id="342" f="8" l="423" c="14" d="127" a="0"/>
<U id="343" f="8" l="491" c="30" d="332" a="0"/>
<U id="344" f="8" l="575" c="19" d="296" a="0"/>
<U id="345" f="9" l="264" c="12" d="264" a="0"/>
<U id="346" f="13" l="23" c="16" d="54" a="0"/>
<U id="347" f="13" l="57" c="12" d="274" a="1"/>
<U id="348" f="8" l="207" c="59" d="251" a="0"/>
<U id="349" f="8" l="436" c="30" d="160" a="0"/>
<U id="350" f="8" l="491" c="21" d="332" a="0"/>
<U id="351" f="8" l="670" c="31" d="306" a="0"/>
<U id="352" f="9" l="302" c="16" d="255" a="1"/>
<U id="353" f="9" l="309" c="39" d="162" a="0"/>
<U id="354" f="9" l="344" c="31" d="179" a="0"/>
<U id="355" f="9" l="440" c="24" d="267" a="1"/>
<U id="356" f="8" l="459" c="9" d="191" a="0"/>
<U id="357" f="8" l="774" c="10" d="191" a="0"/>
<U id="358" f="8" l="462" c="22" d="315" a="0"/>
<U id="359" f="8" l="664" c="20" d="254" a="0"/>
<U id="360" f="9" l="431" c="24" d="267" a="1"/>
<U id="361" f="9" l="470" c="50" d="232" a="0"/>
<U id="362" f="14" l="23" c="16" d="54" a="0"/>
<U id="363" f="11" l="41" c="17" d="64" a="0"/>
<U id="364" f="8" l="280" c="14" d="311" a="0"/>
<U id="365" f="13" l="62" c="15" d="181" a="0"/>
<U id="366" f="8" l="487" c="9" d="141" a="0"/>
<U id="367" f="8" l="293" c="30" d="137" a="0"/>
<U id="368" f="8" l="306" c="14" d="109" a="0"/>
<U id="369" f="9" l="432" c="51" d="93" a="1"/>
<U id="370" f="11" l="31" c="36" d="113" a="0"/>
<U id="371" f="8" l="181" c="14" d="280" a="0"/>
<U id="372" f="8" l="194" c="39" d="141" a="0"/>
<U id="373" f="8" l="319" c="30" d="175" a="0"/>
<U id="374" f="8" l="505" c="14" d="128" a="0"/>
<U id="375" f="9" l="342" c="51" d="179" a="0"/>
<U id="376" f="8" l="290" c="23" d="132" a="0"/>
<U id="377" f="8" l="207" c="14" d="251" a="0"/>
<U id="378" f="8" l="345" c="22" d="312" a="0"/>
<U id="379" f="9" l="303" c="16" d="177" a="1"/>
<U id="380" f="12" l="85" c="31" d="238" a="0"/>
<U id="381" f="8" l="342" c="24" d="173" a="0"/>
<U id="382" f="8" l="244" c="14" d="207" a="0"/>
<U id="383" f="8" l="371" c="14" d="278" a="0"/>
<U id="384" f="8" l="491" c="40" d="223" a="0"/>
<U id="385" f="8" l="533" c="14" d="235" a="0"/>
<U id="386" f="11" l="26" c="52" d="113" a="0"/>
<U id="387" f="12" l="254" c="4" d="30" a="0"/>
<U id="388" f="8" l="384" c="30" d="144" a="0"/>
<U id="389" f="9" l="157" c="12" d="60" a="1"/>
<U id="390" f="9" l="423" c="24" d="267" a="1"/>
<U id="391" f="8" l="561" c="14" d="270" a="0"/>
<U id="392" f="8" l="636" c="12" d="99" a="0"/>
<U id="393" f="9" l="338" c="30" d="272" a="0"/>
<U id="394" f="13" l="59" c="21" d="274" a="0"/>
<U id="395" f="8" l="381" c="23" d="132" a="0"/>
<U id="396" f="8" l="436" c="22" d="314" a="0"/>
<U id="397" f="11" l="23" c="36" d="113" a="0"/>
<U id="398" f="8" l="304" c="80" d="141" a="0"/>
<U id="399" f="8" l="433" c="24" d="173" a="0"/>
<U id="400" f="8" l="597" c="9" d="191" a="0"/>
<U id="401" f="8" l="462" c="14" d="285" a="0"/>
<U id="402" f="8" l="519" c="30" d="325" a="0"/>
<U id="403" f="8" l="664" c="12" d="173" a="0"/>
<U id="404" f="8" l="702" c="25" d="18" a="0"/>
<U id="405" f="9" l="253" c="51" d="68" a="0"/>
<U id="406" f="8" l="207" c="33" d="251" a="0"/>
<U id="407" f="8" l="519" c="21" d="325" a="0"/>
<U id="408" f="9" l="244" c="51" d="74" a="0"/>
<U id="409" f="8" l="207" c="24" d="156" a="0"/>
<U id="410" f="8" l="293" c="22" d="318" a="0"/>
<U id="411" f="8" l="547" c="30" d="326" a="0"/>
<U id="412" f="9" l="470" c="24" d="277" a="1"/>
<U id="413" f="4" l="101" c="56" d="191" a="0"/>
<U id="414" f="11" l="34" c="17" d="53" a="0"/>
<U id="415" f="8" l="244" c="24" d="132" a="0"/>
<U id="416" f="8" l="319" c="22" d="319" a="0"/>
<U id="417" f="8" l="547" c="21" d="326" a="0"/>
<U id="418" f="8" l="665" c="30" d="279" a="0"/>
<U id="419" f="9" l="440" c="53" d="17" a="0"/>
<U id="420" f="13" l="54" c="43" d="164" a="0"/>
<U id="421" f="8" l="316" c="24" d="148" a="0"/>
<U id="422" f="8" l="345" c="14" d="152" a="0"/>
<U id="423" f="8" l="665" c="21" d="191" a="0"/>
<U id="424" f="8" l="671" c="23" d="306" a="0"/>
<U id="425" f="8" l="712" c="25" d="18" a="0"/>
<U id="426" f="9" l="431" c="53" d="293" a="0"/>
<U id="427" f="12" l="237" c="4" d="19" a="0"/>
<U id="428" f="8" l="515" c="24" d="156" a="0"/>
<U id="429" f="8" l="358" c="30" d="202" a="0"/>
<U id="430" f="8" l="611" c="17" d="260" a="0"/>
<U id="431" f="8" l="703" c="25" d="22" a="0"/>
<U id="432" f="8" l="827" c="12" d="302" a="0"/>
<U id="433" f="12" l="105" c="8" d="2" a="1"/>
<U id="434" f="12" l="228" c="4" d="7" a="0"/>
<U id="435" f="8" l="384" c="22" d="322" a="0"/>
<U id="436" f="8" l="575" c="12" d="95" a="0"/>
<U id="437" f="8" l="830" c="16" d="302" a="1"/>
<U id="438" f="9" l="251" c="53" d="83" a="0"/>
<U id="439" f="9" l="329" c="40" d="299" a="0"/>
<U id="440" f="13" l="58" c="50" d="274" a="1"/>
<U id="441" f="12" l="219" c="4" d="230" a="0"/>
<U id="442" f="8" l="543" c="24" d="105" a="0"/>
<U id="443" f="8" l="650" c="25" d="191" a="0"/>
<U id="444" f="8" l="491" c="14" d="223" a="0"/>
<U id="445" f="8" l="519" c="40" d="176" a="0"/>
<U id="446" f="8" l="780" c="14" d="156" a="0"/>
<U id="447" f="4" l="107" c="62" d="191" a="0"/>
<U id="448" f="12" l="27" c="16" d="63" a="0"/>
<U id="449" f="8" l="407" c="24" d="148" a="0"/>
<U id="450" f="8" l="473" c="23" d="132" a="0"/>
<U id="451" f="8" l="621" c="26" d="191" a="0"/>
<U id="452" f="8" l="410" c="37" d="323" a="0"/>
<U id="453" f="8" l="436" c="14" d="160" a="0"/>
<U id="454" f="8" l="670" c="15" d="203" a="0"/>
<U id="455" f="8" l="722" c="25" d="18" a="0"/>
<U id="456" f="9" l="247" c="50" d="80" a="0"/>
<U id="457" f="9" l="324" c="16" d="272" a="1"/>
<U id="458" f="9" l="413" c="26" d="191" a="0"/>
<U id="459" f="8" l="449" c="30" d="211" a="0"/>
<U id="460" f="8" l="547" c="40" d="184" a="0"/>
<U id="461" f="8" l="663" c="32" d="203" a="0"/>
<U id="462" f="8" l="713" c="25" d="22" a="0"/>
<U id="463" f="8" l="837" c="12" d="302" a="0"/>
<U id="464" f="9" l="321" c="18" d="242" a="0"/>
<U id="465" f="13" l="27" c="16" d="113" a="0"/>
<U id="466" f="13" l="53" c="17" d="113" a="0"/>
<U id="467" f="12" l="65" c="52" d="115" a="0"/>
<U id="468" f="8" l="256" c="14" d="258" a="0"/>
<U id="469" f="9" l="271" c="16" d="162" a="1"/>
<U id="470" f="9" l="352" c="16" d="262" a="1"/>
<U id="471" f="9" l="363" c="24" d="252" a="1"/>
<U id="472" f="9" l="423" c="53" d="209" a="0"/>
<U id="473" f="12" l="115" c="8" d="4" a="1"/>
<U id="474" f="8" l="194" c="32" d="253" a="0"/>
<U id="475" f="8" l="293" c="14" d="137" a="0"/>
<U id="476" f="8" l="477" c="30" d="327" a="0"/>
<U id="477" f="9" l="474" c="50" d="236" a="0"/>
<U id="478" f="8" l="319" c="14" d="175" a="0"/>
<U id="479" f="8" l="477" c="21" d="327" a="0"/>
<U id="480" f="8" l="732" c="25" d="18" a="0"/>
<U id="481" f="8" l="822" c="16" d="302" a="1"/>
<U id="482" f="9" l="361" c="62" d="262" a="0"/>
<U id="483" f="11" l="31" c="84" d="63" a="0"/>
<U id="484" f="11" l="36" c="17" d="52" a="0"/>
<U id="485" f="12" l="28" c="16" d="113" a="0"/>
<U id="486" f="8" l="194" c="14" d="253" a="0"/>
<U id="487" f="8" l="723" c="25" d="22" a="0"/>
<U id="488" f="9" l="250" c="18" d="208" a="1"/>
<U id="489" f="9" l="359" c="12" d="269" a="0"/>
<U id="490" f="8" l="633" c="25" d="191" a="0"/>
<U id="491" f="8" l="232" c="18" d="110" a="0"/>
<U id="492" f="8" l="358" c="22" d="328" a="0"/>
<U id="493" f="9" l="372" c="52" d="177" a="0"/>
<U id="494" f="4" l="105" c="55" d="191" a="0"/>
<U id="495" f="11" l="26" c="36" d="113" a="0"/>
<U id="496" f="12" l="257" c="4" d="34" a="0"/>
<U id="497" f="8" l="355" c="24" d="105" a="0"/>
<U id="498" f="8" l="384" c="14" d="144" a="0"/>
<U id="499" f="9" l="307" c="16" d="246" a="1"/>
<U id="500" f="9" l="350" c="27" d="179" a="0"/>
<U id="501" f="12" l="125" c="8" d="1" a="1"/>
<U id="502" f="8" l="397" c="30" d="190" a="0"/>
<U id="503" f="8" l="742" c="25" d="18" a="0"/>
<U id="504" f="8" l="852" c="15" d="317" a="0"/>
<U id="505" f="9" l="340" c="55" d="93" a="1"/>
<U id="506" f="8" l="256" c="24" d="132" a="0"/>
<U id="507" f="8" l="733" c="25" d="22" a="0"/>
<U id="508" f="9" l="482" c="15" d="277" a="0"/>
<U id="509" f="8" l="291" c="80" d="132" a="0"/>
<U id="510" f="8" l="394" c="23" d="141" a="0"/>
<U id="511" f="8" l="449" c="22" d="329" a="0"/>
<U id="512" f="8" l="477" c="40" d="161" a="0"/>
<U id="513" f="8" l="519" c="14" d="176" a="0"/>
<U id="514" f="9" l="251" c="18" d="231" a="1"/>
<U id="515" f="8" l="446" c="24" d="105" a="0"/>
<U id="516" f="9" l="461" c="26" d="191" a="0"/>
<U id="517" f="8" l="663" c="15" d="203" a="0"/>
<U id="518" f="8" l="702" c="73" d="310" a="0"/>
<U id="519" f="8" l="844" c="42" d="191" a="0"/>
<U id="520" f="8" l="846" c="59" d="298" a="0"/>
<U id="521" f="9" l="242" c="18" d="229" a="1"/>
<U id="522" f="9" l="372" c="80" d="177" a="0"/>
<U id="523" f="9" l="374" c="24" d="252" a="1"/>
<U id="524" f="9" l="441" c="27" d="17" a="0"/>
<U id="525" f="11" l="19" c="17" d="143" a="0"/>
<U id="526" f="8" l="194" c="24" d="141" a="0"/>
<U id="527" f="8" l="547" c="14" d="184" a="0"/>
<U id="528" f="8" l="587" c="12" d="97" a="0"/>
<U id="529" f="9" l="308" c="16" d="255" a="1"/>
<U id="530" f="9" l="432" c="27" d="293" a="0"/>
<U id="531" f="9" l="443" c="35" d="60" a="1"/>
<U id="532" f="12" l="135" c="8" d="11" a="1"/>
<U id="533" f="9" l="462" c="53" d="191" a="0"/>
<U id="534" f="8" l="220" c="48" d="173" a="0"/>
<U id="535" f="8" l="665" c="14" d="203" a="0"/>
<U id="536" f="8" l="743" c="25" d="22" a="0"/>
<U id="537" f="9" l="434" c="35" d="60" a="1"/>
<U id="538" f="8" l="382" c="80" d="132" a="0"/>
<U id="539" f="9" l="424" c="63" d="93" a="1"/>
<U id="540" f="9" l="474" c="24" d="277" a="1"/>
<U id="541" f="11" l="38" c="17" d="63" a="0"/>
<U id="542" f="8" l="329" c="24" d="156" a="0"/>
<U id="543" f="8" l="181" c="45" d="335" a="0"/>
<U id="544" f="8" l="280" c="27" d="132" a="0"/>
<U id="545" f="8" l="332" c="37" d="287" a="0"/>
<U id="546" f="8" l="358" c="14" d="202" a="0"/>
<U id="547" f="9" l="252" c="18" d="269" a="1"/>
<U id="548" f="12" l="75" c="35" d="238" a="0"/>
<U id="549" f="8" l="268" c="14" d="283" a="0"/>
<U id="550" f="9" l="243" c="18" d="234" a="1"/>
<U id="551" f="8" l="242" c="28" d="132" a="0"/>
<U id="552" f="8" l="397" c="22" d="330" a="0"/>
<U id="553" f="8" l="707" c="25" d="18" a="0"/>
<U id="554" f="8" l="753" c="25" d="18" a="0"/>
<U id="555" f="9" l="309" c="16" d="177" a="1"/>
<U id="556" f="12" l="145" c="8" d="15" a="1"/>
<U id="557" f="8" l="834" c="16" d="292" a="1"/>
<U id="558" f="8" l="844" c="52" d="302" a="0"/>
<U id="559" f="9" l="424" c="27" d="209" a="0"/>
<U id="560" f="13" l="58" c="16" d="274" a="0"/>
<U id="561" f="8" l="423" c="37" d="290" a="0"/>
<U id="562" f="8" l="449" c="14" d="211" a="0"/>
<U id="563" f="8" l="623" c="18" d="206" a="0"/>
<U id="564" f="8" l="663" c="89" d="203" a="0"/>
<U id="565" f="9" l="426" c="35" d="60" a="1"/>
<U id="566" f="8" l="713" c="73" d="310" a="0"/>
<U id="567" f="8" l="844" c="34" d="105" a="0"/>
<U id="568" f="9" l="253" c="18" d="281" a="1"/>
<U id="569" f="8" l="529" c="24" d="173" a="0"/>
<U id="570" f="8" l="477" c="14" d="161" a="0"/>
<U id="571" f="8" l="505" c="64" d="128" a="0"/>
<U id="572" f="8" l="636" c="25" d="16" a="0"/>
<U id="573" f="8" l="682" c="25" d="18" a="0"/>
<U id="574" f="8" l="717" c="25" d="18" a="0"/>
<U id="575" f="9" l="244" c="18" d="248" a="1"/>
<U id="576" f="8" l="708" c="25" d="22" a="0"/>
<U id="577" f="8" l="754" c="25" d="22" a="0"/>
<U id="578" f="9" l="275" c="16" d="162" a="1"/>
<U id="579" f="9" l="318" c="35" d="246" a="0"/>
<U id="580" f="9" l="356" c="16" d="262" a="1"/>
<U id="581" f="9" l="367" c="24" d="252" a="1"/>
<U id="582" f="11" l="31" c="68" d="113" a="0"/>
<U id="583" f="12" l="155" c="8" d="5" a="1"/>
<U id="584" f="12" l="95" c="44" d="115" a="0"/>
<U id="585" f="8" l="268" c="24" d="132" a="0"/>
<U id="586" f="8" l="306" c="37" d="300" a="0"/>
<U id="587" f="8" l="533" c="64" d="235" a="0"/>
<U id="588" f="8" l="712" c="74" d="310" a="0"/>
<U id="589" f="8" l="732" c="73" d="310" a="0"/>
<U id="590" f="9" l="266" c="16" d="162" a="1"/>
<U id="591" f="9" l="280" c="37" d="194" a="0"/>
<U id="592" f="9" l="285" c="43" d="213" a="0"/>
<U id="593" f="9" l="478" c="50" d="27" a="0"/>
<U id="594" f="8" l="487" c="23" d="141" a="0"/>
<U id="595" f="8" l="609" c="25" d="191" a="0"/>
<U id="596" f="8" l="703" c="74" d="310" a="0"/>
<U id="597" f="8" l="723" c="73" d="310" a="0"/>
<U id="598" f="8" l="839" c="41" d="302" a="0"/>
<U id="599" f="8" l="561" c="64" d="270" a="0"/>
<U id="600" f="8" l="692" c="25" d="18" a="0"/>
<U id="601" f="8" l="727" c="25" d="18" a="0"/>
<U id="602" f="9" l="250" c="57" d="66" a="0"/>
<U id="603" f="9" l="329" c="16" d="272" a="1"/>
<U id="604" f="4" l="104" c="58" d="191" a="0"/>
<U id="605" f="8" l="244" c="37" d="132" a="0"/>
<U id="606" f="8" l="371" c="37" d="333" a="0"/>
<U id="607" f="8" l="397" c="14" d="190" a="0"/>
<U id="608" f="8" l="599" c="12" d="96" a="0"/>
<U id="609" f="8" l="683" c="25" d="22" a="0"/>
<U id="610" f="8" l="718" c="25" d="22" a="0"/>
<U id="611" f="9" l="245" c="18" d="222" a="1"/>
<U id="612" f="9" l="299" c="13" d="229" a="0"/>
<U id="613" f="4" l="109" c="55" d="191" a="0"/>
<U id="614" f="8" l="668" c="23" d="203" a="0"/>
<U id="615" f="8" l="722" c="74" d="310" a="0"/>
<U id="616" f="8" l="742" c="73" d="310" a="0"/>
<U id="617" f="8" l="816" c="26" d="307" a="0"/>
<U id="618" f="9" l="246" c="54" d="92" a="0"/>
<U id="619" f="12" l="165" c="8" d="25" a="1"/>
<U id="620" f="8" l="717" c="35" d="310" a="0"/>
<U id="621" f="8" l="737" c="25" d="18" a="0"/>
<U id="622" f="8" l="844" c="26" d="156" a="0"/>
<U id="623" f="9" l="248" c="53" d="78" a="0"/>
<U id="624" f="9" l="385" c="16" d="73" a="1"/>
<U id="625" f="8" l="462" c="37" d="315" a="0"/>
<U id="626" f="8" l="505" c="56" d="291" a="0"/>
<U id="627" f="8" l="693" c="25" d="22" a="0"/>
<U id="628" f="8" l="728" c="25" d="22" a="0"/>
<U id="629" f="9" l="285" c="53" d="231" a="0"/>
<U id="630" f="8" l="254" c="28" d="148" a="0"/>
<U id="631" f="8" l="557" c="25" d="191" a="0"/>
<U id="632" f="8" l="505" c="47" d="291" a="0"/>
<U id="633" f="9" l="246" c="18" d="264" a="1"/>
<U id="634" f="9" l="318" c="27" d="299" a="0"/>
<U id="635" f="9" l="378" c="24" d="252" a="1"/>
<U id="636" f="9" l="448" c="16" d="267" a="0"/>
<U id="637" f="8" l="181" c="38" d="334" a="0"/>
<U id="638" f="8" l="533" c="56" d="295" a="0"/>
<U id="639" f="8" l="666" c="34" d="279" a="0"/>
<U id="640" f="12" l="175" c="8" d="29" a="1"/>
<U id="641" f="8" l="178" c="89" d="191" a="0"/>
<U id="642" f="8" l="395" c="80" d="141" a="0"/>
<U id="643" f="8" l="585" c="25" d="191" a="0"/>
<U id="644" f="8" l="533" c="47" d="295" a="0"/>
<U id="645" f="8" l="718" c="35" d="313" a="0"/>
<U id="646" f="8" l="747" c="25" d="18" a="0"/>
<U id="647" f="8" l="368" c="25" d="191" a="0"/>
<U id="648" f="8" l="345" c="37" d="312" a="0"/>
<U id="649" f="8" l="491" c="64" d="223" a="0"/>
<U id="650" f="8" l="561" c="56" d="36" a="0"/>
<U id="651" f="8" l="738" c="25" d="22" a="0"/>
<U id="652" f="9" l="386" c="16" d="77" a="1"/>
<U id="653" f="9" l="478" c="24" d="277" a="1"/>
<U id="654" f="8" l="177" c="26" d="191" a="0"/>
<U id="655" f="8" l="561" c="47" d="36" a="0"/>
<U id="656" f="9" l="286" c="53" d="218" a="0"/>
<U id="657" f="4" l="106" c="58" d="114" a="0"/>
<U id="658" f="8" l="674" c="17" d="271" a="0"/>
<U id="659" f="8" l="692" c="72" d="310" a="0"/>
<U id="660" f="8" l="733" c="74" d="310" a="0"/>
<U id="661" f="8" l="737" c="35" d="313" a="0"/>
<U id="662" f="9" l="247" c="18" d="256" a="1"/>
<U id="663" f="9" l="333" c="48" d="263" a="0"/>
<U id="664" f="9" l="340" c="95" d="197" a="0"/>
<U id="665" f="8" l="575" c="26" d="23" a="0"/>
<U id="666" f="8" l="818" c="26" d="302" a="0"/>
<U id="667" f="9" l="243" c="48" d="71" a="0"/>
<U id="668" f="9" l="263" c="47" d="256" a="0"/>
<U id="669" f="12" l="185" c="8" d="33" a="1"/>
<U id="670" f="8" l="179" c="89" d="191" a="0"/>
<U id="671" f="8" l="459" c="25" d="191" a="0"/>
<U id="672" f="8" l="436" c="37" d="314" a="0"/>
<U id="673" f="8" l="636" c="18" d="217" a="0"/>
<U id="674" f="8" l="748" c="25" d="22" a="0"/>
<U id="675" f="9" l="269" c="16" d="222" a="0"/>
<U id="676" f="9" l="280" c="48" d="256" a="0"/>
<U id="677" f="8" l="829" c="16" d="292" a="1"/>
<U id="678" f="9" l="386" c="44" d="252" a="0"/>
<U id="679" f="9" l="441" c="67" d="93" a="1"/>
<U id="680" f="8" l="207" c="48" d="148" a="0"/>
<U id="681" f="8" l="256" c="37" d="132" a="0"/>
<U id="682" f="8" l="682" c="73" d="310" a="0"/>
<U id="683" f="8" l="743" c="74" d="310" a="0"/>
<U id="684" f="9" l="245" c="38" d="67" a="0"/>
<U id="685" f="8" l="293" c="37" d="318" a="0"/>
<U id="686" f="8" l="666" c="26" d="105" a="0"/>
<U id="687" f="8" l="677" c="34" d="310" a="0"/>
<U id="688" f="8" l="738" c="35" d="310" a="0"/>
<U id="689" f="8" l="754" c="73" d="310" a="0"/>
<U id="690" f="8" l="818" c="63" d="302" a="0"/>
<U id="691" f="9" l="248" c="18" d="242" a="1"/>
<U id="692" f="9" l="334" c="48" d="272" a="0"/>
<U id="693" f="8" l="194" c="46" d="132" a="0"/>
<U id="694" f="8" l="319" c="37" d="319" a="0"/>
<U id="695" f="8" l="666" c="17" d="141" a="0"/>
<U id="696" f="8" l="677" c="25" d="18" a="0"/>
<U id="697" f="9" l="264" c="47" d="222" a="0"/>
<U id="698" f="12" l="195" c="8" d="20" a="1"/>
<U id="699" f="8" l="491" c="56" d="331" a="0"/>
<U id="700" f="8" l="818" c="45" d="191" a="0"/>
<U id="701" f="8" l="839" c="16" d="302" a="1"/>
<U id="702" f="9" l="281" c="48" d="222" a="0"/>
<U id="703" f="13" l="59" c="55" d="274" a="1"/>
<U id="704" f="11" l="26" c="68" d="113" a="0"/>
<U id="705" f="8" l="491" c="47" d="331" a="0"/>
<U id="706" f="8" l="707" c="74" d="310" a="0"/>
<U id="707" f="8" l="753" c="74" d="310" a="0"/>
<U id="708" f="9" l="269" c="35" d="256" a="0"/>
<U id="709" f="9" l="282" c="84" d="264" a="0"/>
<U id="710" f="8" l="266" c="28" d="173" a="0"/>
<U id="711" f="8" l="384" c="37" d="322" a="0"/>
<U id="712" f="8" l="519" c="64" d="176" a="0"/>
<U id="713" f="8" l="683" c="73" d="310" a="0"/>
<U id="714" f="8" l="678" c="34" d="313" a="0"/>
<U id="715" f="8" l="687" c="25" d="18" a="0"/>
<U id="716" f="9" l="249" c="18" d="218" a="1"/>
<U id="717" f="9" l="299" c="52" d="269" a="0"/>
<U id="718" f="8" l="597" c="25" d="191" a="0"/>
<U id="719" f="8" l="547" c="64" d="184" a="0"/>
<U id="720" f="8" l="678" c="25" d="22" a="0"/>
<U id="721" f="8" l="330" c="88" d="156" a="0"/>
<U id="722" f="8" l="194" c="56" d="253" a="0"/>
<U id="723" f="8" l="697" c="34" d="313" a="0"/>
<U id="724" f="8" l="708" c="74" d="310" a="0"/>
<U id="725" f="9" l="283" c="84" d="162" a="0"/>
<U id="726" f="8" l="697" c="25" d="18" a="0"/>
<U id="727" f="8" l="818" c="55" d="173" a="0"/>
<U id="728" f="9" l="467" c="18" d="60" a="1"/>
<U id="729" f="8" l="688" c="25" d="22" a="0"/>
<U id="730" f="8" l="421" c="88" d="156" a="0"/>
<U id="731" f="8" l="502" c="88" d="148" a="0"/>
<U id="732" f="8" l="587" c="17" d="276" a="0"/>
<U id="733" f="8" l="668" c="17" d="203" a="0"/>
<U id="734" f="8" l="727" c="74" d="310" a="0"/>
<U id="735" f="8" l="358" c="37" d="328" a="0"/>
<U id="736" f="8" l="530" c="88" d="173" a="0"/>
<U id="737" f="8" l="774" c="28" d="191" a="0"/>
<U id="738" f="8" l="268" c="37" d="132" a="0"/>
<U id="739" f="8" l="519" c="56" d="320" a="0"/>
<U id="740" f="8" l="846" c="37" d="185" a="1"/>
<U id="741" f="9" l="287" c="73" d="208" a="0"/>
<U id="742" f="8" l="519" c="47" d="320" a="0"/>
<U id="743" f="8" l="698" c="25" d="22" a="0"/>
<U id="744" f="8" l="846" c="28" d="191" a="0"/>
<U id="745" f="8" l="477" c="64" d="161" a="0"/>
<U id="746" f="8" l="547" c="56" d="321" a="0"/>
<U id="747" f="8" l="503" c="88" d="148" a="0"/>
<U id="748" f="8" l="449" c="37" d="329" a="0"/>
<U id="749" f="8" l="547" c="47" d="321" a="0"/>
<U id="750" f="8" l="693" c="74" d="310" a="0"/>
<U id="751" f="8" l="728" c="74" d="310" a="0"/>
<U id="752" f="8" l="278" c="28" d="191" a="0"/>
<U id="753" f="8" l="531" c="88" d="173" a="0"/>
<U id="754" f="8" l="747" c="74" d="310" a="0"/>
<U id="755" f="8" l="651" c="96" d="191" a="0"/>
<U id="756" f="8" l="698" c="35" d="310" a="0"/>
<U id="757" f="8" l="849" c="27" d="317" a="0"/>
<U id="758" f="9" l="329" c="48" d="255" a="0"/>
<U id="759" f="8" l="460" c="88" d="191" a="0"/>
<U id="760" f="8" l="397" c="37" d="330" a="0"/>
<U id="761" f="8" l="477" c="56" d="324" a="0"/>
<U id="762" f="8" l="687" c="73" d="310" a="0"/>
<U id="763" f="8" l="748" c="74" d="310" a="0"/>
<U id="764" f="8" l="652" c="96" d="191" a="0"/>
<U id="765" f="8" l="477" c="47" d="324" a="0"/>
<U id="766" f="8" l="599" c="17" d="297" a="0"/>
<U id="767" f="9" l="385" c="48" d="195" a="0"/>
<U id="768" f="8" l="343" c="88" d="173" a="0"/>
<U id="769" f="8" l="849" c="55" d="292" a="0"/>
<U id="770" f="9" l="249" c="48" d="62" a="0"/>
<U id="771" f="8" l="634" c="96" d="191" a="0"/>
<U id="772" f="9" l="415" c="97" d="191" a="0"/>
<U id="773" f="8" l="849" c="46" d="191" a="0"/>
<U id="774" f="8" l="434" c="88" d="173" a="0"/>
<U id="775" f="9" l="416" c="97" d="141" a="0"/>
<U id="776" f="8" l="317" c="88" d="148" a="0"/>
<U id="777" f="8" l="516" c="88" d="156" a="0"/>
<U id="778" f="8" l="573" c="96" d="191" a="0"/>
<U id="779" f="8" l="544" c="88" d="105" a="0"/>
<U id="780" f="9" l="463" c="97" d="191" a="0"/>
<U id="781" f="8" l="688" c="74" d="310" a="0"/>
<U id="782" f="8" l="408" c="88" d="148" a="0"/>
<U id="783" f="8" l="517" c="88" d="156" a="0"/>
<U id="784" f="8" l="545" c="88" d="105" a="0"/>
<U id="785" f="8" l="356" c="88" d="105" a="0"/>
<U id="786" f="8" l="474" c="88" d="132" a="0"/>
<U id="787" f="8" l="447" c="88" d="105" a="0"/>
<U id="788" f="8" l="475" c="88" d="132" a="0"/>
<U id="789" f="8" l="558" c="96" d="191" a="0"/>
<U id="790" f="8" l="559" c="96" d="191" a="0"/>
<U id="791" f="8" l="369" c="88" d="191" a="0"/>
<U id="792" f="8" l="488" c="88" d="141" a="0"/>
<U id="793" f="8" l="489" c="88" d="141" a="0"/>
</Uses>
<Blocks>
<B id="1" t="routine" f="9" l="151" c="5">
<BEGIN l="152" c="0"/>
<END l="161" c="0"/>
</B>
<B id="2" t="else" f="9" l="365" c="16">
<BEGIN l="366" c="16"/>
<END l="368" c="16"/>
</B>
<B id="3" t="if" f="9" l="361" c="16">
<BEGIN l="362" c="16"/>
<END l="364" c="16"/>
<ELSE d="2"/>
</B>
<B id="4" t="else" f="9" l="376" c="16">
<BEGIN l="377" c="16"/>
<END l="379" c="16"/>
</B>
<B id="5" t="if" f="9" l="372" c="16">
<BEGIN l="373" c="16"/>
<END l="375" c="16"/>
<ELSE d="4"/>
</B>
<B id="6" t="else" f="9" l="370" c="8">
<BEGIN l="371" c="8"/>
<END l="380" c="8"/>
<SUB d="5"/>
</B>
<B id="7" t="if" f="9" l="359" c="8">
<BEGIN l="360" c="8"/>
<END l="369" c="8"/>
<SUB d="3"/>
<ELSE d="6"/>
</B>
<B id="8" t="else" f="9" l="354" c="8">
<BEGIN l="355" c="8"/>
<END l="357" c="8"/>
</B>
<B id="9" t="if" f="9" l="350" c="8">
<BEGIN l="351" c="8"/>
<END l="353" c="8"/>
<ELSE d="8"/>
</B>
<B id="10" t="else" f="9" l="326" c="8">
<BEGIN l="327" c="8"/>
<END l="330" c="8"/>
</B>
<B id="11" t="if" f="9" l="321" c="8">
<BEGIN l="322" c="8"/>
<END l="325" c="8"/>
<ELSE d="10"/>
</B>
<B id="12" t="else" f="9" l="305" c="8">
<BEGIN l="306" c="8"/>
<END l="310" c="8"/>
</B>
<B id="13" t="if" f="9" l="299" c="8">
<BEGIN l="300" c="8"/>
<END l="304" c="8"/>
<ELSE d="12"/>
</B>
<B id="14" t="else" f="9" l="273" c="8">
<BEGIN l="274" c="8"/>
<END l="276" c="8"/>
</B>
<B id="15" t="if" f="9" l="269" c="13">
<BEGIN l="270" c="8"/>
<END l="272" c="8"/>
<ELSE d="14"/>
</B>
<B id="16" t="else" f="9" l="269" c="8">
<BEGIN l="269" c="13"/>
<END l="276" c="8"/>
<SUB d="15"/>
</B>
<B id="17" t="if" f="9" l="263" c="8">
<BEGIN l="265" c="8"/>
<END l="268" c="8"/>
<ELSE d="16"/>
</B>
<B id="18" t="routine" f="9" l="209" c="5">
<BEGIN l="210" c="0"/>
<END l="391" c="0"/>
<SUB d="7"/>
<SUB d="9"/>
<SUB d="11"/>
<SUB d="13"/>
<SUB d="17"/>
</B>
<B id="19" t="if" f="9" l="441" c="24">
<BEGIN l="442" c="24"/>
<END l="444" c="24"/>
</B>
<B id="20" t="case" f="9" l="439" c="16">
<BEGIN l="440" c="24"/>
<END l="445" c="21"/>
<SUB d="19"/>
</B>
<B id="21" t="if" f="9" l="432" c="24">
<BEGIN l="433" c="24"/>
<END l="435" c="24"/>
</B>
<B id="22" t="case" f="9" l="430" c="16">
<BEGIN l="431" c="24"/>
<END l="436" c="21"/>
<SUB d="21"/>
</B>
<B id="23" t="if" f="9" l="424" c="24">
<BEGIN l="425" c="24"/>
<END l="427" c="24"/>
</B>
<B id="24" t="case" f="9" l="422" c="16">
<BEGIN l="423" c="24"/>
<END l="428" c="21"/>
<SUB d="23"/>
</B>
<B id="25" t="switch" f="9" l="420" c="8">
<BEGIN l="421" c="8"/>
<END l="446" c="8"/>
<CASE d="20"/>
<CASE d="22"/>
<CASE d="24"/>
</B>
<B id="26" t="routine" f="9" l="413" c="15">
<BEGIN l="417" c="0"/>
<END l="449" c="0"/>
<SUB d="25"/>
</B>
<B id="27" t="case" f="9" l="477" c="16">
<BEGIN l="478" c="24"/>
<END l="479" c="21"/>
</B>
<B id="28" t="case" f="9" l="473" c="16">
<BEGIN l="474" c="24"/>
<END l="475" c="21"/>
</B>
<B id="29" t="case" f="9" l="469" c="16">
<BEGIN l="470" c="24"/>
<END l="471" c="21"/>
</B>
<B id="30" t="switch" f="9" l="467" c="8">
<BEGIN l="468" c="8"/>
<END l="480" c="8"/>
<CASE d="27"/>
<CASE d="28"/>
<CASE d="29"/>
</B>
<B id="31" t="routine" f="9" l="461" c="15">
<BEGIN l="464" c="0"/>
<END l="483" c="0"/>
<SUB d="30"/>
</B>
<B id="32" t="initializer" f="8" l="780" c="21">
<BEGIN l="780" c="48"/>
<END l="813" c="16"/>
</B>
<B id="33" t="ppcif" f="8" l="22" c="0">
<BEGIN l="22" c="18"/>
<END l="855" c="0"/>
</B>
<B id="34" t="routine" f="8" l="177" c="17">
<BEGIN l="180" c="0"/>
<END l="182" c="0"/>
</B>
<B id="35" t="routine" f="8" l="191" c="15">
<BEGIN l="192" c="0"/>
<END l="195" c="0"/>
</B>
<B id="36" t="routine" f="8" l="204" c="16">
<BEGIN l="205" c="0"/>
<END l="208" c="0"/>
</B>
<B id="37" t="else" f="8" l="220" c="40">
<BEGIN l="220" c="40"/>
<END l="220" c="63"/>
</B>
<B id="38" t="if" f="8" l="220" c="22">
<BEGIN l="220" c="24"/>
<END l="220" c="36"/>
<ELSE d="37"/>
</B>
<B id="39" t="routine" f="8" l="217" c="16">
<BEGIN l="218" c="0"/>
<END l="221" c="0"/>
<SUB d="38"/>
</B>
<B id="40" t="routine" f="8" l="230" c="17">
<BEGIN l="231" c="0"/>
<END l="233" c="0"/>
</B>
<B id="41" t="else" f="8" l="244" c="37">
<BEGIN l="244" c="37"/>
<END l="244" c="45"/>
</B>
<B id="42" t="if" f="8" l="244" c="22">
<BEGIN l="244" c="24"/>
<END l="244" c="32"/>
<ELSE d="41"/>
</B>
<B id="43" t="routine" f="8" l="242" c="15">
<BEGIN l="243" c="0"/>
<END l="245" c="0"/>
<SUB d="42"/>
</B>
<B id="44" t="else" f="8" l="256" c="37">
<BEGIN l="256" c="37"/>
<END l="256" c="45"/>
</B>
<B id="45" t="if" f="8" l="256" c="22">
<BEGIN l="256" c="24"/>
<END l="256" c="32"/>
<ELSE d="44"/>
</B>
<B id="46" t="routine" f="8" l="254" c="15">
<BEGIN l="255" c="0"/>
<END l="257" c="0"/>
<SUB d="45"/>
</B>
<B id="47" t="else" f="8" l="268" c="37">
<BEGIN l="268" c="37"/>
<END l="268" c="45"/>
</B>
<B id="48" t="if" f="8" l="268" c="22">
<BEGIN l="268" c="24"/>
<END l="268" c="32"/>
<ELSE d="47"/>
</B>
<B id="49" t="routine" f="8" l="266" c="15">
<BEGIN l="267" c="0"/>
<END l="269" c="0"/>
<SUB d="48"/>
</B>
<B id="50" t="else" f="8" l="280" c="40">
<BEGIN l="280" c="40"/>
<END l="280" c="48"/>
</B>
<B id="51" t="if" f="8" l="280" c="25">
<BEGIN l="280" c="27"/>
<END l="280" c="35"/>
<ELSE d="50"/>
</B>
<B id="52" t="routine" f="8" l="278" c="15">
<BEGIN l="279" c="0"/>
<END l="281" c="0"/>
<SUB d="51"/>
</B>
<B id="53" t="routine" f="8" l="290" c="15">
<BEGIN l="292" c="0"/>
<END l="294" c="0"/>
</B>
<B id="54" t="routine" f="8" l="303" c="15">
<BEGIN l="305" c="0"/>
<END l="307" c="0"/>
</B>
<B id="55" t="routine" f="8" l="316" c="16">
<BEGIN l="318" c="0"/>
<END l="320" c="0"/>
</B>
<B id="56" t="routine" f="8" l="329" c="16">
<BEGIN l="331" c="0"/>
<END l="333" c="0"/>
</B>
<B id="57" t="else" f="8" l="345" c="37">
<BEGIN l="345" c="37"/>
<END l="345" c="40"/>
</B>
<B id="58" t="if" f="8" l="345" c="28">
<BEGIN l="345" c="30"/>
<END l="345" c="33"/>
<ELSE d="57"/>
</B>
<B id="59" t="routine" f="8" l="342" c="16">
<BEGIN l="344" c="0"/>
<END l="346" c="0"/>
<SUB d="58"/>
</B>
<B id="60" t="else" f="8" l="358" c="37">
<BEGIN l="358" c="37"/>
<END l="358" c="40"/>
</B>
<B id="61" t="if" f="8" l="358" c="28">
<BEGIN l="358" c="30"/>
<END l="358" c="33"/>
<ELSE d="60"/>
</B>
<B id="62" t="routine" f="8" l="355" c="16">
<BEGIN l="357" c="0"/>
<END l="359" c="0"/>
<SUB d="61"/>
</B>
<B id="63" t="else" f="8" l="371" c="37">
<BEGIN l="371" c="37"/>
<END l="371" c="40"/>
</B>
<B id="64" t="if" f="8" l="371" c="28">
<BEGIN l="371" c="30"/>
<END l="371" c="33"/>
<ELSE d="63"/>
</B>
<B id="65" t="routine" f="8" l="368" c="17">
<BEGIN l="370" c="0"/>
<END l="372" c="0"/>
<SUB d="64"/>
</B>
<B id="66" t="routine" f="8" l="381" c="15">
<BEGIN l="383" c="0"/>
<END l="385" c="0"/>
</B>
<B id="67" t="routine" f="8" l="394" c="15">
<BEGIN l="396" c="0"/>
<END l="398" c="0"/>
</B>
<B id="68" t="routine" f="8" l="407" c="16">
<BEGIN l="409" c="0"/>
<END l="411" c="0"/>
</B>
<B id="69" t="routine" f="8" l="420" c="16">
<BEGIN l="422" c="0"/>
<END l="424" c="0"/>
</B>
<B id="70" t="else" f="8" l="436" c="37">
<BEGIN l="436" c="37"/>
<END l="436" c="40"/>
</B>
<B id="71" t="if" f="8" l="436" c="28">
<BEGIN l="436" c="30"/>
<END l="436" c="33"/>
<ELSE d="70"/>
</B>
<B id="72" t="routine" f="8" l="433" c="16">
<BEGIN l="435" c="0"/>
<END l="437" c="0"/>
<SUB d="71"/>
</B>
<B id="73" t="else" f="8" l="449" c="37">
<BEGIN l="449" c="37"/>
<END l="449" c="40"/>
</B>
<B id="74" t="if" f="8" l="449" c="28">
<BEGIN l="449" c="30"/>
<END l="449" c="33"/>
<ELSE d="73"/>
</B>
<B id="75" t="routine" f="8" l="446" c="16">
<BEGIN l="448" c="0"/>
<END l="450" c="0"/>
<SUB d="74"/>
</B>
<B id="76" t="else" f="8" l="462" c="37">
<BEGIN l="462" c="37"/>
<END l="462" c="40"/>
</B>
<B id="77" t="if" f="8" l="462" c="28">
<BEGIN l="462" c="30"/>
<END l="462" c="33"/>
<ELSE d="76"/>
</B>
<B id="78" t="routine" f="8" l="459" c="17">
<BEGIN l="461" c="0"/>
<END l="463" c="0"/>
<SUB d="77"/>
</B>
<B id="79" t="routine" f="8" l="473" c="15">
<BEGIN l="476" c="0"/>
<END l="478" c="0"/>
</B>
<B id="80" t="routine" f="8" l="487" c="15">
<BEGIN l="490" c="0"/>
<END l="492" c="0"/>
</B>
<B id="81" t="routine" f="8" l="501" c="16">
<BEGIN l="504" c="0"/>
<END l="506" c="0"/>
</B>
<B id="82" t="routine" f="8" l="515" c="16">
<BEGIN l="518" c="0"/>
<END l="520" c="0"/>
</B>
<B id="83" t="else" f="8" l="533" c="38">
<BEGIN l="533" c="38"/>
<END l="533" c="67"/>
</B>
<B id="84" t="if" f="8" l="533" c="28">
<BEGIN l="533" c="30"/>
<END l="533" c="34"/>
<ELSE d="83"/>
</B>
<B id="85" t="routine" f="8" l="529" c="16">
<BEGIN l="532" c="0"/>
<END l="534" c="0"/>
<SUB d="84"/>
</B>
<B id="86" t="else" f="8" l="547" c="38">
<BEGIN l="547" c="38"/>
<END l="547" c="67"/>
</B>
<B id="87" t="if" f="8" l="547" c="28">
<BEGIN l="547" c="30"/>
<END l="547" c="34"/>
<ELSE d="86"/>
</B>
<B id="88" t="routine" f="8" l="543" c="16">
<BEGIN l="546" c="0"/>
<END l="548" c="0"/>
<SUB d="87"/>
</B>
<B id="89" t="else" f="8" l="561" c="38">
<BEGIN l="561" c="38"/>
<END l="561" c="67"/>
</B>
<B id="90" t="if" f="8" l="561" c="28">
<BEGIN l="561" c="30"/>
<END l="561" c="34"/>
<ELSE d="89"/>
</B>
<B id="91" t="routine" f="8" l="557" c="17">
<BEGIN l="560" c="0"/>
<END l="562" c="0"/>
<SUB d="90"/>
</B>
<B id="92" t="routine" f="8" l="572" c="17">
<BEGIN l="574" c="0"/>
<END l="576" c="0"/>
</B>
<B id="93" t="routine" f="8" l="585" c="17">
<BEGIN l="586" c="0"/>
<END l="588" c="0"/>
</B>
<B id="94" t="routine" f="8" l="597" c="17">
<BEGIN l="598" c="0"/>
<END l="600" c="0"/>
</B>
<B id="95" t="routine" f="8" l="609" c="17">
<BEGIN l="610" c="0"/>
<END l="612" c="0"/>
</B>
<B id="96" t="routine" f="8" l="621" c="17">
<BEGIN l="622" c="0"/>
<END l="624" c="0"/>
</B>
<B id="97" t="routine" f="8" l="633" c="17">
<BEGIN l="635" c="0"/>
<END l="637" c="0"/>
</B>
<B id="98" t="case" f="8" l="752" c="16">
<BEGIN l="753" c="24"/>
<END l="755" c="29"/>
</B>
<B id="99" t="case" f="8" l="746" c="16">
<BEGIN l="747" c="24"/>
<END l="749" c="29"/>
</B>
<B id="100" t="case" f="8" l="741" c="16">
<BEGIN l="742" c="24"/>
<END l="744" c="29"/>
</B>
<B id="101" t="case" f="8" l="736" c="16">
<BEGIN l="737" c="24"/>
<END l="739" c="29"/>
</B>
<B id="102" t="case" f="8" l="731" c="16">
<BEGIN l="732" c="24"/>
<END l="734" c="29"/>
</B>
<B id="103" t="case" f="8" l="726" c="16">
<BEGIN l="727" c="24"/>
<END l="729" c="29"/>
</B>
<B id="104" t="case" f="8" l="721" c="16">
<BEGIN l="722" c="24"/>
<END l="724" c="29"/>
</B>
<B id="105" t="case" f="8" l="716" c="16">
<BEGIN l="717" c="24"/>
<END l="719" c="29"/>
</B>
<B id="106" t="case" f="8" l="711" c="16">
<BEGIN l="712" c="24"/>
<END l="714" c="29"/>
</B>
<B id="107" t="case" f="8" l="706" c="16">
<BEGIN l="707" c="24"/>
<END l="709" c="29"/>
</B>
<B id="108" t="case" f="8" l="701" c="16">
<BEGIN l="702" c="24"/>
<END l="704" c="29"/>
</B>
<B id="109" t="case" f="8" l="696" c="16">
<BEGIN l="697" c="24"/>
<END l="699" c="29"/>
</B>
<B id="110" t="case" f="8" l="691" c="16">
<BEGIN l="692" c="24"/>
<END l="694" c="29"/>
</B>
<B id="111" t="case" f="8" l="686" c="16">
<BEGIN l="687" c="24"/>
<END l="689" c="29"/>
</B>
<B id="112" t="case" f="8" l="681" c="16">
<BEGIN l="682" c="24"/>
<END l="684" c="29"/>
</B>
<B id="113" t="case" f="8" l="676" c="16">
<BEGIN l="677" c="24"/>
<END l="679" c="29"/>
</B>
<B id="114" t="switch" f="8" l="674" c="8">
<BEGIN l="675" c="8"/>
<END l="757" c="8"/>
<CASE d="98"/>
<CASE d="99"/>
<CASE d="100"/>
<CASE d="101"/>
<CASE d="102"/>
<CASE d="103"/>
<CASE d="104"/>
<CASE d="105"/>
<CASE d="106"/>
<CASE d="107"/>
<CASE d="108"/>
<CASE d="109"/>
<CASE d="110"/>
<CASE d="111"/>
<CASE d="112"/>
<CASE d="113"/>
</B>
<B id="115" t="else" f="8" l="663" c="88">
<BEGIN l="663" c="88"/>
<END l="663" c="136"/>
</B>
<B id="116" t="if" f="8" l="663" c="27">
<BEGIN l="663" c="31"/>
<END l="663" c="79"/>
<ELSE d="115"/>
</B>
<B id="117" t="routine" f="8" l="650" c="14">
<BEGIN l="653" c="0"/>
<END l="759" c="0"/>
<SUB d="114"/>
<SUB d="116"/>
</B>
<B id="118" t="if" f="8" l="837" c="8">
<BEGIN l="838" c="8"/>
<END l="840" c="8"/>
</B>
<B id="119" t="else" f="8" l="832" c="8">
<BEGIN l="833" c="8"/>
<END l="835" c="8"/>
</B>
<B id="120" t="if" f="8" l="827" c="8">
<BEGIN l="828" c="8"/>
<END l="831" c="8"/>
<ELSE d="119"/>
</B>
<B id="121" t="if" f="8" l="820" c="8">
<BEGIN l="821" c="8"/>
<END l="823" c="8"/>
</B>
<B id="122" t="routine" f="8" l="774" c="18">
<BEGIN l="775" c="0"/>
<END l="853" c="0"/>
<SUB d="118"/>
<SUB d="120"/>
<SUB d="121"/>
</B>
<B id="123" t="ppcif" f="6" l="13" c="0">
<BEGIN l="13" c="16"/>
<END l="823" c="0"/>
</B>
<B id="124" t="ppcrmif" f="6" l="14" c="0">
<BEGIN l="14" c="14"/>
<END l="16" c="0"/>
</B>
<B id="125" t="ppcif" f="6" l="18" c="0">
<BEGIN l="18" c="23"/>
<END l="819" c="0"/>
</B>
<B id="126" t="ppcrmif" f="6" l="20" c="0">
<BEGIN l="20" c="18"/>
<END l="22" c="0"/>
</B>
<B id="127" t="ppcrmif" f="6" l="26" c="0">
<BEGIN l="26" c="67"/>
<END l="28" c="0"/>
</B>
<B id="128" t="ppcrmelif" f="6" l="28" c="0">
<BEGIN l="28" c="5"/>
<END l="30" c="0"/>
</B>
<B id="129" t="ppcrmelif" f="6" l="30" c="0">
<BEGIN l="30" c="5"/>
<END l="33" c="0"/>
</B>
<B id="130" t="ppcrmelif" f="6" l="33" c="0">
<BEGIN l="33" c="5"/>
<END l="38" c="0"/>
</B>
<B id="131" t="ppcrmelse" f="6" l="38" c="0">
<BEGIN l="38" c="5"/>
<END l="40" c="0"/>
</B>
<B id="132" t="ppcrmif" f="6" l="42" c="0">
<BEGIN l="42" c="23"/>
<END l="44" c="0"/>
</B>
<B id="133" t="ppcrmelif" f="6" l="44" c="0">
<BEGIN l="44" c="5"/>
<END l="47" c="0"/>
</B>
<B id="134" t="ppcrmelif" f="6" l="47" c="0">
<BEGIN l="47" c="5"/>
<END l="50" c="0"/>
</B>
<B id="135" t="ppcrmelse" f="6" l="50" c="0">
<BEGIN l="50" c="5"/>
<END l="53" c="0"/>
</B>
<B id="136" t="ppcif" f="6" l="65" c="0">
<BEGIN l="65" c="20"/>
<END l="68" c="0"/>
</B>
<B id="137" t="ppcrmelse" f="6" l="68" c="0">
<BEGIN l="68" c="5"/>
<END l="76" c="0"/>
</B>
<B id="138" t="ppcrmif" f="6" l="78" c="0">
<BEGIN l="78" c="106"/>
<END l="82" c="0"/>
</B>
<B id="139" t="ppcelse" f="6" l="82" c="0">
<BEGIN l="82" c="5"/>
<END l="86" c="0"/>
</B>
<B id="140" t="ppcif" f="6" l="115" c="0">
<BEGIN l="116" c="51"/>
<END l="119" c="0"/>
</B>
<B id="141" t="ppcif" f="6" l="121" c="0">
<BEGIN l="121" c="68"/>
<END l="123" c="0"/>
</B>
<B id="142" t="ppcrmelse" f="6" l="123" c="0">
<BEGIN l="123" c="5"/>
<END l="126" c="0"/>
</B>
<B id="143" t="ppcrmif" f="6" l="128" c="0">
<BEGIN l="128" c="53"/>
<END l="131" c="0"/>
</B>
<B id="144" t="ppcrmif" f="6" l="133" c="0">
<BEGIN l="133" c="51"/>
<END l="135" c="0"/>
</B>
<B id="145" t="ppcif" f="6" l="137" c="0">
<BEGIN l="137" c="24"/>
<END l="265" c="0"/>
</B>
<B id="146" t="ppcif" f="6" l="138" c="0">
<BEGIN l="138" c="56"/>
<END l="140" c="0"/>
</B>
<B id="147" t="ppcrmif" f="6" l="171" c="0">
<BEGIN l="171" c="24"/>
<END l="173" c="0"/>
</B>
<B id="148" t="ppcrmif" f="6" l="188" c="0">
<BEGIN l="188" c="24"/>
<END l="190" c="0"/>
</B>
<B id="149" t="ppcif" f="6" l="196" c="0">
<BEGIN l="196" c="56"/>
<END l="263" c="0"/>
</B>
<B id="150" t="ppcrmif" f="6" l="217" c="0">
<BEGIN l="217" c="24"/>
<END l="219" c="0"/>
</B>
<B id="151" t="ppcrmif" f="6" l="260" c="0">
<BEGIN l="260" c="24"/>
<END l="262" c="0"/>
</B>
<B id="152" t="ppcrmif" f="6" l="268" c="0">
<BEGIN l="268" c="24"/>
<END l="270" c="0"/>
</B>
<B id="153" t="ppcrmif" f="6" l="284" c="0">
<BEGIN l="284" c="24"/>
<END l="286" c="0"/>
</B>
<B id="154" t="ppcif" f="6" l="291" c="0">
<BEGIN l="291" c="20"/>
<END l="750" c="0"/>
</B>
<B id="155" t="ppcif" f="6" l="292" c="0">
<BEGIN l="292" c="24"/>
<END l="307" c="0"/>
</B>
<B id="156" t="ppcrmif" f="6" l="310" c="0">
<BEGIN l="310" c="43"/>
<END l="317" c="0"/>
</B>
<B id="157" t="ppcelif" f="6" l="317" c="0">
<BEGIN l="317" c="5"/>
<END l="324" c="0"/>
</B>
<B id="158" t="ppcrmelif" f="6" l="324" c="0">
<BEGIN l="324" c="5"/>
<END l="337" c="0"/>
</B>
<B id="159" t="ppcrmelse" f="6" l="337" c="0">
<BEGIN l="337" c="5"/>
<END l="345" c="0"/>
</B>
<B id="160" t="ppcrmif" f="6" l="348" c="0">
<BEGIN l="348" c="43"/>
<END l="355" c="0"/>
</B>
<B id="161" t="ppcelif" f="6" l="355" c="0">
<BEGIN l="355" c="5"/>
<END l="364" c="0"/>
</B>
<B id="162" t="ppcrmelse" f="6" l="364" c="0">
<BEGIN l="364" c="5"/>
<END l="372" c="0"/>
</B>
<B id="163" t="ppcrmif" f="6" l="375" c="0">
<BEGIN l="375" c="23"/>
<END l="377" c="0"/>
</B>
<B id="164" t="ppcrmelif" f="6" l="377" c="0">
<BEGIN l="377" c="6"/>
<END l="379" c="0"/>
</B>
<B id="165" t="ppcrmelif" f="6" l="379" c="0">
<BEGIN l="379" c="6"/>
<END l="381" c="0"/>
</B>
<B id="166" t="ppcif" f="6" l="383" c="0">
<BEGIN l="383" c="64"/>
<END l="402" c="0"/>
</B>
<B id="167" t="ppcif" f="6" l="386" c="0">
<BEGIN l="386" c="24"/>
<END l="397" c="0"/>
</B>
<B id="168" t="ppcrmelse" f="6" l="402" c="0">
<BEGIN l="402" c="5"/>
<END l="682" c="0"/>
</B>
<B id="169" t="ppcif" f="6" l="685" c="0">
<BEGIN l="685" c="24"/>
<END l="698" c="0"/>
</B>
<B id="170" t="ppcif" f="6" l="695" c="0">
<BEGIN l="695" c="56"/>
<END l="697" c="0"/>
</B>
<B id="171" t="ppcrmif" f="6" l="708" c="0">
<BEGIN l="708" c="143"/>
<END l="716" c="0"/>
</B>
<B id="172" t="ppcif" f="6" l="740" c="0">
<BEGIN l="740" c="63"/>
<END l="743" c="0"/>
</B>
<B id="173" t="ppcrmif" f="6" l="752" c="0">
<BEGIN l="752" c="95"/>
<END l="772" c="0"/>
</B>
<B id="174" t="ppcrmif" f="6" l="774" c="0">
<BEGIN l="774" c="42"/>
<END l="776" c="0"/>
</B>
<B id="175" t="ppcrmif" f="6" l="778" c="0">
<BEGIN l="778" c="51"/>
<END l="780" c="0"/>
</B>
<B id="176" t="ppcrmif" f="6" l="782" c="0">
<BEGIN l="782" c="18"/>
<END l="816" c="0"/>
</B>
<B id="177" t="ppcrmif" f="6" l="820" c="0">
<BEGIN l="820" c="14"/>
<END l="822" c="0"/>
</B>
<B id="178" t="ppcif" f="15" l="20" c="0">
<BEGIN l="20" c="20"/>
<END l="75" c="0"/>
</B>
<B id="179" t="routine" f="5" l="18" c="5">
<BEGIN l="19" c="0"/>
<END l="22" c="0"/>
</B>
<B id="180" t="ppcif" f="16" l="15" c="0">
<BEGIN l="15" c="27"/>
<END l="330" c="0"/>
</B>
<B id="181" t="ppcif" f="16" l="25" c="0">
<BEGIN l="25" c="19"/>
<END l="155" c="0"/>
</B>
<B id="182" t="ppcrmif" f="16" l="46" c="0">
<BEGIN l="46" c="93"/>
<END l="91" c="0"/>
</B>
<B id="183" t="ppcrmif" f="16" l="94" c="0">
<BEGIN l="94" c="91"/>
<END l="153" c="0"/>
</B>
<B id="184" t="ppcrmelse" f="16" l="155" c="0">
<BEGIN l="155" c="35"/>
<END l="328" c="0"/>
</B>
<B id="185" t="ppcif" f="17" l="11" c="0">
<BEGIN l="11" c="27"/>
<END l="36" c="0"/>
</B>
<B id="186" t="ppcrmif" f="17" l="14" c="0">
<BEGIN l="14" c="19"/>
<END l="29" c="0"/>
</B>
<B id="187" t="ppcelse" f="17" l="29" c="0">
<BEGIN l="29" c="5"/>
<END l="33" c="0"/>
</B>
<B id="188" t="ppcif" f="1" l="22" c="0">
<BEGIN l="22" c="17"/>
<END l="109" c="0"/>
</B>
<B id="189" t="ppcrmif" f="1" l="39" c="0">
<BEGIN l="39" c="66"/>
<END l="43" c="0"/>
</B>
<B id="190" t="ppcelse" f="1" l="43" c="0">
<BEGIN l="43" c="60"/>
<END l="47" c="0"/>
</B>
<B id="191" t="ppcrmif" f="1" l="52" c="0">
<BEGIN l="52" c="18"/>
<END l="58" c="0"/>
</B>
<B id="192" t="ppcrmif" f="1" l="62" c="0">
<BEGIN l="62" c="33"/>
<END l="80" c="0"/>
</B>
<B id="193" t="ppcelse" f="1" l="80" c="0">
<BEGIN l="80" c="31"/>
<END l="93" c="0"/>
</B>
<B id="194" t="ppcrmif" f="1" l="96" c="0">
<BEGIN l="96" c="14"/>
<END l="106" c="0"/>
</B>
<B id="195" t="ppcif" f="18" l="3" c="0">
<BEGIN l="3" c="29"/>
<END l="348" c="0"/>
</B>
<B id="196" t="ppcif" f="18" l="61" c="0">
<BEGIN l="63" c="27"/>
<END l="66" c="0"/>
</B>
<B id="197" t="ppcrmif" f="18" l="165" c="0">
<BEGIN l="165" c="17"/>
<END l="206" c="0"/>
</B>
<B id="198" t="ppcrmif" f="18" l="209" c="0">
<BEGIN l="209" c="37"/>
<END l="211" c="0"/>
</B>
<B id="199" t="ppcrmif" f="18" l="213" c="0">
<BEGIN l="213" c="44"/>
<END l="321" c="0"/>
</B>
<B id="200" t="ppcif" f="18" l="323" c="0">
<BEGIN l="323" c="18"/>
<END l="346" c="0"/>
</B>
<B id="201" t="ppcrmif" f="18" l="326" c="0">
<BEGIN l="326" c="18"/>
<END l="328" c="0"/>
</B>
<B id="202" t="ppcrmif" f="18" l="329" c="0">
<BEGIN l="329" c="63"/>
<END l="331" c="0"/>
</B>
<B id="203" t="ppcrmif" f="18" l="332" c="0">
<BEGIN l="332" c="64"/>
<END l="334" c="0"/>
</B>
<B id="204" t="ppcrmif" f="18" l="335" c="0">
<BEGIN l="335" c="16"/>
<END l="340" c="0"/>
</B>
<B id="205" t="ppcif" f="18" l="343" c="0">
<BEGIN l="343" c="57"/>
<END l="345" c="0"/>
</B>
<B id="206" t="type" f="4" l="50" c="7">
<BEGIN l="50" c="24"/>
<END l="58" c="0"/>
</B>
<B id="207" t="ppcif" f="4" l="24" c="0">
<BEGIN l="24" c="25"/>
<END l="239" c="0"/>
</B>
<B id="208" t="ppcrmif" f="4" l="27" c="0">
<BEGIN l="27" c="35"/>
<END l="29" c="0"/>
</B>
<B id="209" t="ppcif" f="4" l="31" c="0">
<BEGIN l="31" c="38"/>
<END l="33" c="0"/>
</B>
<B id="210" t="ppcrmif" f="4" l="35" c="0">
<BEGIN l="35" c="19"/>
<END l="38" c="0"/>
</B>
<B id="211" t="ppcrmif" f="4" l="235" c="0">
<BEGIN l="235" c="19"/>
<END l="237" c="0"/>
</B>
<B id="212" t="ppcif" f="19" l="24" c="0">
<BEGIN l="24" c="30"/>
<END l="39" c="0"/>
</B>
<B id="213" t="ppcrmif" f="19" l="27" c="0">
<BEGIN l="27" c="19"/>
<END l="30" c="0"/>
</B>
<B id="214" t="ppcrmif" f="19" l="35" c="0">
<BEGIN l="35" c="19"/>
<END l="37" c="0"/>
</B>
<B id="215" t="ppcif" f="20" l="24" c="0">
<BEGIN l="24" c="19"/>
<END l="34" c="0"/>
</B>
<B id="216" t="ppcif" f="21" l="25" c="0">
<BEGIN l="25" c="14"/>
<END l="96" c="0"/>
</B>
<B id="217" t="ppcrmif" f="21" l="41" c="0">
<BEGIN l="41" c="33"/>
<END l="43" c="0"/>
</B>
<B id="218" t="ppcrmif" f="21" l="45" c="0">
<BEGIN l="45" c="46"/>
<END l="47" c="0"/>
</B>
<B id="219" t="ppcrmif" f="21" l="49" c="0">
<BEGIN l="49" c="28"/>
<END l="51" c="0"/>
</B>
<B id="220" t="type" f="3" l="135" c="0">
<BEGIN l="135" c="0"/>
<END l="141" c="0"/>
</B>
<B id="221" t="ppcif" f="3" l="56" c="0">
<BEGIN l="56" c="19"/>
<END l="154" c="0"/>
</B>
<B id="222" t="ppcif" f="3" l="122" c="0">
<BEGIN l="122" c="26"/>
<END l="126" c="0"/>
</B>
<B id="223" t="ppcif" f="2" l="43" c="0">
<BEGIN l="43" c="24"/>
<END l="150" c="0"/>
</B>
<B id="224" t="ppcif" f="2" l="81" c="0">
<BEGIN l="81" c="13"/>
<END l="83" c="0"/>
</B>
<B id="225" t="ppcif" f="2" l="85" c="0">
<BEGIN l="85" c="14"/>
<END l="87" c="0"/>
</B>
<B id="226" t="ppcrmif" f="2" l="119" c="0">
<BEGIN l="119" c="46"/>
<END l="125" c="0"/>
</B>
<B id="227" t="ppcelse" f="2" l="125" c="0">
<BEGIN l="125" c="6"/>
<END l="129" c="0"/>
</B>
<B id="228" t="ppcrmif" f="2" l="131" c="0">
<BEGIN l="131" c="46"/>
<END l="137" c="0"/>
</B>
<B id="229" t="ppcelse" f="2" l="137" c="0">
<BEGIN l="137" c="6"/>
<END l="140" c="0"/>
</B>
<B id="230" t="ppcif" f="22" l="43" c="0">
<BEGIN l="43" c="18"/>
<END l="202" c="0"/>
</B>
<B id="231" t="ppcif" f="22" l="88" c="0">
<BEGIN l="88" c="17"/>
<END l="90" c="0"/>
</B>
<B id="232" t="ppcif" f="23" l="19" c="0">
<BEGIN l="19" c="22"/>
<END l="23" c="0"/>
</B>
<B id="233" t="ppcif" f="24" l="19" c="0">
<BEGIN l="19" c="26"/>
<END l="23" c="0"/>
</B>
<B id="234" t="ppcif" f="25" l="24" c="0">
<BEGIN l="24" c="31"/>
<END l="27" c="0"/>
</B>
<B id="235" t="ppcif" f="26" l="19" c="0">
<BEGIN l="19" c="16"/>
<END l="24" c="0"/>
</B>
<B id="236" t="ppcif" f="27" l="53" c="0">
<BEGIN l="53" c="32"/>
<END l="57" c="0"/>
</B>
<B id="237" t="ppcrmif" f="27" l="67" c="0">
<BEGIN l="67" c="45"/>
<END l="71" c="0"/>
</B>
<B id="238" t="ppcrmif" f="27" l="81" c="0">
<BEGIN l="81" c="50"/>
<END l="85" c="0"/>
</B>
<B id="239" t="ppcrmif" f="27" l="95" c="0">
<BEGIN l="95" c="48"/>
<END l="99" c="0"/>
</B>
<B id="240" t="ppcrmif" f="27" l="109" c="0">
<BEGIN l="109" c="53"/>
<END l="113" c="0"/>
</B>
<B id="241" t="ppcif" f="27" l="125" c="0">
<BEGIN l="125" c="31"/>
<END l="129" c="0"/>
</B>
<B id="242" t="ppcrmif" f="27" l="139" c="0">
<BEGIN l="139" c="44"/>
<END l="143" c="0"/>
</B>
<B id="243" t="ppcrmif" f="27" l="153" c="0">
<BEGIN l="153" c="49"/>
<END l="157" c="0"/>
</B>
<B id="244" t="ppcrmif" f="27" l="167" c="0">
<BEGIN l="167" c="47"/>
<END l="171" c="0"/>
</B>
<B id="245" t="ppcrmif" f="27" l="181" c="0">
<BEGIN l="181" c="52"/>
<END l="185" c="0"/>
</B>
<B id="246" t="ppcif" f="7" l="12" c="0">
<BEGIN l="12" c="19"/>
<END l="149" c="0"/>
</B>
<B id="247" t="ppcif" f="7" l="47" c="0">
<BEGIN l="47" c="48"/>
<END l="49" c="0"/>
</B>
<B id="248" t="ppcif" f="7" l="52" c="0">
<BEGIN l="52" c="30"/>
<END l="54" c="0"/>
</B>
<B id="249" t="ppcif" f="7" l="57" c="0">
<BEGIN l="57" c="26"/>
<END l="59" c="0"/>
</B>
<B id="250" t="ppcif" f="7" l="62" c="0">
<BEGIN l="62" c="40"/>
<END l="64" c="0"/>
</B>
<B id="251" t="ppcif" f="7" l="67" c="0">
<BEGIN l="67" c="36"/>
<END l="69" c="0"/>
</B>
<B id="252" t="ppcif" f="7" l="72" c="0">
<BEGIN l="72" c="33"/>
<END l="74" c="0"/>
</B>
<B id="253" t="ppcif" f="7" l="77" c="0">
<BEGIN l="77" c="42"/>
<END l="79" c="0"/>
</B>
<B id="254" t="ppcif" f="7" l="82" c="0">
<BEGIN l="82" c="38"/>
<END l="84" c="0"/>
</B>
<B id="255" t="ppcif" f="7" l="87" c="0">
<BEGIN l="87" c="35"/>
<END l="89" c="0"/>
</B>
<B id="256" t="ppcif" f="7" l="92" c="0">
<BEGIN l="92" c="38"/>
<END l="94" c="0"/>
</B>
<B id="257" t="ppcif" f="7" l="97" c="0">
<BEGIN l="97" c="42"/>
<END l="99" c="0"/>
</B>
<B id="258" t="ppcif" f="7" l="102" c="0">
<BEGIN l="102" c="39"/>
<END l="104" c="0"/>
</B>
<B id="259" t="ppcif" f="7" l="110" c="0">
<BEGIN l="110" c="35"/>
<END l="112" c="0"/>
</B>
<B id="260" t="ppcif" f="7" l="115" c="0">
<BEGIN l="115" c="32"/>
<END l="117" c="0"/>
</B>
<B id="261" t="ppcif" f="7" l="123" c="0">
<BEGIN l="123" c="33"/>
<END l="125" c="0"/>
</B>
<B id="262" t="ppcif" f="7" l="128" c="0">
<BEGIN l="128" c="32"/>
<END l="130" c="0"/>
</B>
<B id="263" t="ppcif" f="7" l="133" c="0">
<BEGIN l="133" c="35"/>
<END l="135" c="0"/>
</B>
<B id="264" t="ppcif" f="7" l="138" c="0">
<BEGIN l="138" c="32"/>
<END l="140" c="0"/>
</B>
<B id="265" t="ppcif" f="28" l="13" c="0">
<BEGIN l="13" c="16"/>
<END l="133" c="0"/>
</B>
<B id="266" t="ppcrmif" f="28" l="14" c="0">
<BEGIN l="14" c="14"/>
<END l="16" c="0"/>
</B>
<B id="267" t="ppcif" f="28" l="18" c="0">
<BEGIN l="18" c="23"/>
<END l="129" c="0"/>
</B>
<B id="268" t="ppcrmif" f="28" l="25" c="0">
<BEGIN l="25" c="70"/>
<END l="27" c="0"/>
</B>
<B id="269" t="ppcelse" f="28" l="27" c="0">
<BEGIN l="27" c="5"/>
<END l="29" c="0"/>
</B>
<B id="270" t="ppcrmif" f="28" l="31" c="0">
<BEGIN l="31" c="67"/>
<END l="32" c="0"/>
</B>
<B id="271" t="ppcrmelif" f="28" l="32" c="0">
<BEGIN l="32" c="5"/>
<END l="35" c="0"/>
</B>
<B id="272" t="ppcrmelif" f="28" l="35" c="0">
<BEGIN l="35" c="5"/>
<END l="40" c="0"/>
</B>
<B id="273" t="ppcrmelse" f="28" l="40" c="0">
<BEGIN l="40" c="5"/>
<END l="42" c="0"/>
</B>
<B id="274" t="ppcrmif" f="28" l="54" c="0">
<BEGIN l="54" c="23"/>
<END l="55" c="0"/>
</B>
<B id="275" t="ppcrmelif" f="28" l="55" c="0">
<BEGIN l="55" c="5"/>
<END l="76" c="0"/>
</B>
<B id="276" t="ppcrmelse" f="28" l="76" c="0">
<BEGIN l="76" c="26"/>
<END l="123" c="0"/>
</B>
<B id="277" t="ppcrmif" f="28" l="89" c="0">
<BEGIN l="89" c="51"/>
<END l="100" c="0"/>
</B>
<B id="278" t="ppcrmelif" f="28" l="100" c="0">
<BEGIN l="100" c="5"/>
<END l="110" c="0"/>
</B>
<B id="279" t="ppcrmelse" f="28" l="110" c="0">
<BEGIN l="110" c="62"/>
<END l="121" c="0"/>
</B>
<B id="280" t="ppcif" f="28" l="125" c="0">
<BEGIN l="125" c="19"/>
<END l="127" c="0"/>
</B>
<B id="281" t="ppcrmif" f="28" l="130" c="0">
<BEGIN l="130" c="14"/>
<END l="132" c="0"/>
</B>
</Blocks>
</Navig>
