<?xml version="1.0" encoding="UTF-8"?>

<MISRA-C-Report version="1.3">


<CodeStruct Name="" File="C:\Users\nz3541\Documents\SynergyWorkingEA4\SF001A_Assi_Impl\src\Assi.c" Line="0" Column="0">

<Rule Name="19.1" Mode="advisory" Report="warning" Id="1">
<Loc File="C:\Users\nz3541\Documents\SynergyWorkingEA4\SF001A_Assi_Impl\src\Assi.c" Line="387" Column="0">
</Loc>
<Message>
#include statements in a file shall only be preceded by other preprocessor directives or comments.
</Message>
</Rule>

</CodeStruct>

<CodeStruct Name="AssiPer1" File="C:\Users\nz3541\Documents\SynergyWorkingEA4\SF001A_Assi_Impl\src\Assi.c" Line="260" Column="5">

<Rule Name="11.5" Mode="required" Report="warning" Id="2">
<Loc File="C:\Users\nz3541\Documents\SynergyWorkingEA4\SF001A_Assi_Impl\src\Assi.c" Line="323" Column="146">
</Loc>
<Message>
A cast shall not be performed that removes any const or volatile qualification
from the type addressed by a pointer.
</Message>
</Rule>

<Rule Name="11.5" Mode="required" Report="warning" Id="3">
<Loc File="C:\Users\nz3541\Documents\SynergyWorkingEA4\SF001A_Assi_Impl\src\Assi.c" Line="324" Column="162">
</Loc>
<Message>
A cast shall not be performed that removes any const or volatile qualification
from the type addressed by a pointer.
</Message>
</Rule>

<Rule Name="11.5" Mode="required" Report="warning" Id="4">
<Loc File="C:\Users\nz3541\Documents\SynergyWorkingEA4\SF001A_Assi_Impl\src\Assi.c" Line="324" Column="241">
</Loc>
<Message>
A cast shall not be performed that removes any const or volatile qualification
from the type addressed by a pointer.
</Message>
</Rule>

<Rule Name="11.5" Mode="required" Report="warning" Id="5">
<Loc File="C:\Users\nz3541\Documents\SynergyWorkingEA4\SF001A_Assi_Impl\src\Assi.c" Line="325" Column="161">
</Loc>
<Message>
A cast shall not be performed that removes any const or volatile qualification
from the type addressed by a pointer.
</Message>
</Rule>

<Rule Name="11.5" Mode="required" Report="warning" Id="6">
<Loc File="C:\Users\nz3541\Documents\SynergyWorkingEA4\SF001A_Assi_Impl\src\Assi.c" Line="326" Column="161">
</Loc>
<Message>
A cast shall not be performed that removes any const or volatile qualification
from the type addressed by a pointer.
</Message>
</Rule>

<Rule Name="11.5" Mode="required" Report="warning" Id="7">
<Loc File="C:\Users\nz3541\Documents\SynergyWorkingEA4\SF001A_Assi_Impl\src\Assi.c" Line="327" Column="162">
</Loc>
<Message>
A cast shall not be performed that removes any const or volatile qualification
from the type addressed by a pointer.
</Message>
</Rule>

<Rule Name="11.5" Mode="required" Report="warning" Id="8">
<Loc File="C:\Users\nz3541\Documents\SynergyWorkingEA4\SF001A_Assi_Impl\src\Assi.c" Line="327" Column="251">
</Loc>
<Message>
A cast shall not be performed that removes any const or volatile qualification
from the type addressed by a pointer.
</Message>
</Rule>

<Rule Name="11.5" Mode="required" Report="warning" Id="9">
<Loc File="C:\Users\nz3541\Documents\SynergyWorkingEA4\SF001A_Assi_Impl\src\Assi.c" Line="334" Column="146">
</Loc>
<Message>
A cast shall not be performed that removes any const or volatile qualification
from the type addressed by a pointer.
</Message>
</Rule>

<Rule Name="11.5" Mode="required" Report="warning" Id="10">
<Loc File="C:\Users\nz3541\Documents\SynergyWorkingEA4\SF001A_Assi_Impl\src\Assi.c" Line="335" Column="162">
</Loc>
<Message>
A cast shall not be performed that removes any const or volatile qualification
from the type addressed by a pointer.
</Message>
</Rule>

<Rule Name="11.5" Mode="required" Report="warning" Id="11">
<Loc File="C:\Users\nz3541\Documents\SynergyWorkingEA4\SF001A_Assi_Impl\src\Assi.c" Line="335" Column="241">
</Loc>
<Message>
A cast shall not be performed that removes any const or volatile qualification
from the type addressed by a pointer.
</Message>
</Rule>

<Rule Name="11.5" Mode="required" Report="warning" Id="12">
<Loc File="C:\Users\nz3541\Documents\SynergyWorkingEA4\SF001A_Assi_Impl\src\Assi.c" Line="336" Column="161">
</Loc>
<Message>
A cast shall not be performed that removes any const or volatile qualification
from the type addressed by a pointer.
</Message>
</Rule>

<Rule Name="11.5" Mode="required" Report="warning" Id="13">
<Loc File="C:\Users\nz3541\Documents\SynergyWorkingEA4\SF001A_Assi_Impl\src\Assi.c" Line="337" Column="161">
</Loc>
<Message>
A cast shall not be performed that removes any const or volatile qualification
from the type addressed by a pointer.
</Message>
</Rule>

<Rule Name="11.5" Mode="required" Report="warning" Id="14">
<Loc File="C:\Users\nz3541\Documents\SynergyWorkingEA4\SF001A_Assi_Impl\src\Assi.c" Line="338" Column="162">
</Loc>
<Message>
A cast shall not be performed that removes any const or volatile qualification
from the type addressed by a pointer.
</Message>
</Rule>

<Rule Name="11.5" Mode="required" Report="warning" Id="15">
<Loc File="C:\Users\nz3541\Documents\SynergyWorkingEA4\SF001A_Assi_Impl\src\Assi.c" Line="338" Column="251">
</Loc>
<Message>
A cast shall not be performed that removes any const or volatile qualification
from the type addressed by a pointer.
</Message>
</Rule>

<Rule Name="11.5" Mode="required" Report="warning" Id="16">
<Loc File="C:\Users\nz3541\Documents\SynergyWorkingEA4\SF001A_Assi_Impl\src\Assi.c" Line="345" Column="149">
</Loc>
<Message>
A cast shall not be performed that removes any const or volatile qualification
from the type addressed by a pointer.
</Message>
</Rule>

<Rule Name="11.5" Mode="required" Report="warning" Id="17">
<Loc File="C:\Users\nz3541\Documents\SynergyWorkingEA4\SF001A_Assi_Impl\src\Assi.c" Line="346" Column="165">
</Loc>
<Message>
A cast shall not be performed that removes any const or volatile qualification
from the type addressed by a pointer.
</Message>
</Rule>

<Rule Name="11.5" Mode="required" Report="warning" Id="18">
<Loc File="C:\Users\nz3541\Documents\SynergyWorkingEA4\SF001A_Assi_Impl\src\Assi.c" Line="346" Column="244">
</Loc>
<Message>
A cast shall not be performed that removes any const or volatile qualification
from the type addressed by a pointer.
</Message>
</Rule>

<Rule Name="11.5" Mode="required" Report="warning" Id="19">
<Loc File="C:\Users\nz3541\Documents\SynergyWorkingEA4\SF001A_Assi_Impl\src\Assi.c" Line="347" Column="164">
</Loc>
<Message>
A cast shall not be performed that removes any const or volatile qualification
from the type addressed by a pointer.
</Message>
</Rule>

<Rule Name="11.5" Mode="required" Report="warning" Id="20">
<Loc File="C:\Users\nz3541\Documents\SynergyWorkingEA4\SF001A_Assi_Impl\src\Assi.c" Line="348" Column="164">
</Loc>
<Message>
A cast shall not be performed that removes any const or volatile qualification
from the type addressed by a pointer.
</Message>
</Rule>

<Rule Name="11.5" Mode="required" Report="warning" Id="21">
<Loc File="C:\Users\nz3541\Documents\SynergyWorkingEA4\SF001A_Assi_Impl\src\Assi.c" Line="349" Column="165">
</Loc>
<Message>
A cast shall not be performed that removes any const or volatile qualification
from the type addressed by a pointer.
</Message>
</Rule>

<Rule Name="11.5" Mode="required" Report="warning" Id="22">
<Loc File="C:\Users\nz3541\Documents\SynergyWorkingEA4\SF001A_Assi_Impl\src\Assi.c" Line="349" Column="253">
</Loc>
<Message>
A cast shall not be performed that removes any const or volatile qualification
from the type addressed by a pointer.
</Message>
</Rule>

<Rule Name="11.5" Mode="required" Report="warning" Id="23">
<Loc File="C:\Users\nz3541\Documents\SynergyWorkingEA4\SF001A_Assi_Impl\src\Assi.c" Line="354" Column="82">
</Loc>
<Message>
A cast shall not be performed that removes any const or volatile qualification
from the type addressed by a pointer.
</Message>
</Rule>

<Rule Name="11.5" Mode="required" Report="warning" Id="24">
<Loc File="C:\Users\nz3541\Documents\SynergyWorkingEA4\SF001A_Assi_Impl\src\Assi.c" Line="355" Column="146">
</Loc>
<Message>
A cast shall not be performed that removes any const or volatile qualification
from the type addressed by a pointer.
</Message>
</Rule>

<Rule Name="11.5" Mode="required" Report="warning" Id="25">
<Loc File="C:\Users\nz3541\Documents\SynergyWorkingEA4\SF001A_Assi_Impl\src\Assi.c" Line="356" Column="162">
</Loc>
<Message>
A cast shall not be performed that removes any const or volatile qualification
from the type addressed by a pointer.
</Message>
</Rule>

<Rule Name="11.5" Mode="required" Report="warning" Id="26">
<Loc File="C:\Users\nz3541\Documents\SynergyWorkingEA4\SF001A_Assi_Impl\src\Assi.c" Line="356" Column="230">
</Loc>
<Message>
A cast shall not be performed that removes any const or volatile qualification
from the type addressed by a pointer.
</Message>
</Rule>

</CodeStruct>

</MISRA-C-Report>
