<?xml version="1.0" encoding="UTF-8"?>
<!--EDRS Version 1.0-->
<global>
   <file name="C:\\Component\\AR100A_NxtrMath_Impl\\include\\NxtrMath.h" comment="">
      <function name="Lim_f32" comment="" line="560" main_generator_called="MAIN_GENERATOR" attributes="static">
         <scalar name="arg1" comment="" line="560" base_type="float32" attributes="static" complete_type="float32" init_mode="MAIN_GENERATOR" init_modes_allowed="10" init_range="min..max" global_assert="unsupported" assert_range="unsupported"/>
         <scalar name="arg2" comment="" line="560" base_type="float32" attributes="static" complete_type="float32" init_mode="MAIN_GENERATOR" init_modes_allowed="10" init_range="min..max" global_assert="unsupported" assert_range="unsupported"/>
         <scalar name="arg3" comment="" line="560" base_type="float32" attributes="static" complete_type="float32" init_mode="MAIN_GENERATOR" init_modes_allowed="10" init_range="min..max" global_assert="unsupported" assert_range="unsupported"/>
         <scalar name="return" comment="" line="560" base_type="float32" attributes="static" complete_type="float32" init_mode="disabled" init_range="disabled" global_assert="unsupported" assert_range="unsupported"/>
      </function>
   </file>
   <file name="C:\\Component\\SF109A_ElecPwrCns_Impl\\src\\ElecPwrCns.c" comment="">
      <function name="ElecPwrCnsPer1" comment="" line="156" main_generator_called="MAIN_GENERATOR"/>
   </file>
   <file name="C:\\Component\\SF109A_ElecPwrCns_Impl\\tools\\local\\generate\\Rte_Stubs.c" comment="">
      <function name="Rte_Stub" comment="" line="18" main_generator_called="MAIN_GENERATOR" attributes="unused"/>
   </file>
   <file name="C:\\Component\\SF109A_ElecPwrCns_Impl\\tools\\local\\generate\\Rte_Stubs.h" comment="">
      <scalar name="ElecPwrCns_Cal_ElecPwrCnsCtrlrInpR" comment="" line="33" base_type="float32" attributes="extern const" complete_type="float32" init_mode="PERMANENT" init_modes_allowed="6" init_range="0..0.02" global_assert="NO" assert_range=""/>
      <scalar name="ElecPwrCns_Cal_ElecPwrCnsPrstcPwrLoss" comment="" line="34" base_type="float32" attributes="extern const" complete_type="float32" init_mode="PERMANENT" init_modes_allowed="6" init_range="0..25" global_assert="NO" assert_range=""/>
      <scalar name="ElecPwrCns_Ip_BrdgVltg" comment="" line="19" base_type="float32" attributes="extern" complete_type="float32" init_mode="PERMANENT" init_modes_allowed="6" init_range="6..26.5" global_assert="NO" assert_range=""/>
      <scalar name="ElecPwrCns_Ip_MotAndThermProtnLoaMod" comment="" line="20" base_type="uint8" attributes="extern" complete_type="uint8" init_mode="PERMANENT" init_modes_allowed="6" init_range="0..255" global_assert="NO" assert_range=""/>
      <scalar name="ElecPwrCns_Ip_MotCurrDax" comment="" line="21" base_type="float32" attributes="extern" complete_type="float32" init_mode="PERMANENT" init_modes_allowed="6" init_range="-200..200" global_assert="NO" assert_range=""/>
      <scalar name="ElecPwrCns_Ip_MotCurrDaxCmd" comment="" line="22" base_type="float32" attributes="extern" complete_type="float32" init_mode="PERMANENT" init_modes_allowed="6" init_range="0..200" global_assert="NO" assert_range=""/>
      <scalar name="ElecPwrCns_Ip_MotCurrQax" comment="" line="23" base_type="float32" attributes="extern" complete_type="float32" init_mode="PERMANENT" init_modes_allowed="6" init_range="-200..200" global_assert="NO" assert_range=""/>
      <scalar name="ElecPwrCns_Ip_MotCurrQaxCmd" comment="" line="24" base_type="float32" attributes="extern" complete_type="float32" init_mode="PERMANENT" init_modes_allowed="6" init_range="-200..200" global_assert="NO" assert_range=""/>
      <scalar name="ElecPwrCns_Ip_MotVltgDax" comment="" line="25" base_type="float32" attributes="extern" complete_type="float32" init_mode="PERMANENT" init_modes_allowed="6" init_range="-26.5..26.5" global_assert="NO" assert_range=""/>
      <scalar name="ElecPwrCns_Ip_MotVltgQax" comment="" line="26" base_type="float32" attributes="extern" complete_type="float32" init_mode="PERMANENT" init_modes_allowed="6" init_range="-26.5..26.5" global_assert="NO" assert_range=""/>
      <scalar name="ElecPwrCns_Op_ElecInpPwrEstim" comment="" line="29" base_type="float32" attributes="extern" complete_type="float32" init_mode="PERMANENT" init_modes_allowed="6" init_range="-2000..2000" global_assert="NO" assert_range=""/>
      <scalar name="ElecPwrCns_Op_SplyCurrEstim" comment="" line="30" base_type="float32" attributes="extern" complete_type="float32" init_mode="PERMANENT" init_modes_allowed="6" init_range="-200..200" global_assert="NO" assert_range=""/>
      <scalar name="ElecPwrCns_Pim_dElecPwrCnsDrpInpPwr" comment="" line="37" base_type="float32" attributes="extern" complete_type="float32" init_mode="PERMANENT" init_modes_allowed="6" init_range="-2000..2000" global_assert="NO" assert_range=""/>
      <scalar name="ElecPwrCns_Pim_dElecPwrCnsModInpPwr" comment="" line="38" base_type="float32" attributes="extern" complete_type="float32" init_mode="PERMANENT" init_modes_allowed="6" init_range="-2000..2000" global_assert="NO" assert_range=""/>
      <scalar name="ElecPwrCns_Pim_dElecPwrCnsMotCurrDaxEstim" comment="" line="39" base_type="float32" attributes="extern" complete_type="float32" init_mode="PERMANENT" init_modes_allowed="6" init_range="-200..200" global_assert="NO" assert_range=""/>
      <scalar name="ElecPwrCns_Pim_dElecPwrCnsMotCurrQaxEstim" comment="" line="40" base_type="float32" attributes="extern" complete_type="float32" init_mode="PERMANENT" init_modes_allowed="6" init_range="-200..200" global_assert="NO" assert_range=""/>
   </file>
   <function name="atan2f" comment="" main_generator_called="MAIN_GENERATOR" non_applicable="1">
      <scalar name="return" comment="" init_mode="PERMANENT" init_range="-3.1412..3.1412" global_assert="NO" assert_range="min..max" non_applicable="1"/>
   </function>
   <function name="cosf" comment="" main_generator_called="MAIN_GENERATOR" non_applicable="1">
      <scalar name="return" comment="" init_mode="PERMANENT" init_range="-1..1" global_assert="NO" assert_range="min..max" non_applicable="1"/>
   </function>
   <function name="expf" comment="" main_generator_called="MAIN_GENERATOR" non_applicable="1">
      <scalar name="return" comment="" init_mode="PERMANENT" init_range="0..max" global_assert="NO" assert_range="min..max" non_applicable="1"/>
   </function>
   <function name="fabsf" comment="" main_generator_called="MAIN_GENERATOR" non_applicable="1">
      <scalar name="return" comment="" init_mode="PERMANENT" init_range="0..max" global_assert="NO" assert_range="min..max" non_applicable="1"/>
   </function>
   <function name="fmodf" comment="" main_generator_called="MAIN_GENERATOR" non_applicable="1">
      <scalar name="return" comment="" init_mode="PERMANENT" init_range="0..max" global_assert="NO" assert_range="min..max" non_applicable="1"/>
   </function>
   <function name="sinf" comment="" main_generator_called="MAIN_GENERATOR" non_applicable="1">
      <scalar name="return" comment="" init_mode="PERMANENT" init_range="-1..1" global_assert="NO" assert_range="min..max" non_applicable="1"/>
   </function>
   <function name="sqrtf" comment="" main_generator_called="MAIN_GENERATOR" non_applicable="1">
      <scalar name="return" comment="" init_mode="PERMANENT" init_range="0..max" global_assert="NO" assert_range="min..max" non_applicable="1"/>
   </function>
</global>
