<?xml version="1.0" encoding="UTF-8"?>
<!--EDRS Version 1.0-->
<global>
   <file name="C:\\Users\\gz324f\\Desktop\\working\\component\\Ford_001A_ChkPt\\Ford001A_ChkPt_Impl\\src\\CDD_ChkPtAppl10.c" comment="">
      <function name="ChkPtAppl10_Init1" comment="" line="100" main_generator_called="MAIN_GENERATOR" attributes="unused"/>
      <function name="ChkPt_100msAppl10End" comment="" line="143" main_generator_called="MAIN_GENERATOR" attributes="unused"/>
      <function name="ChkPt_100msAppl10Strt" comment="" line="188" main_generator_called="MAIN_GENERATOR" attributes="unused"/>
      <function name="ChkPt_10msAppl10End" comment="" line="233" main_generator_called="MAIN_GENERATOR" attributes="unused"/>
      <function name="ChkPt_10msAppl10Strt" comment="" line="278" main_generator_called="MAIN_GENERATOR" attributes="unused"/>
      <function name="ChkPt_2msAppl10End" comment="" line="323" main_generator_called="MAIN_GENERATOR" attributes="unused"/>
      <function name="ChkPt_2msAppl10Strt" comment="" line="368" main_generator_called="MAIN_GENERATOR" attributes="unused"/>
      <function name="ChkPt_4msAppl10End" comment="" line="413" main_generator_called="MAIN_GENERATOR" attributes="unused"/>
      <function name="ChkPt_4msAppl10Strt" comment="" line="458" main_generator_called="MAIN_GENERATOR" attributes="unused"/>
   </file>
   <file name="C:\\Users\\gz324f\\Desktop\\working\\component\\Ford_001A_ChkPt\\Ford001A_ChkPt_Impl\\src\\CDD_ChkPt_Bsw.c" comment="">
      <function name="ChkPt_10msBswAppl10End" comment="" line="57" main_generator_called="MAIN_GENERATOR" attributes="unused"/>
      <function name="ChkPt_10msBswAppl10Strt" comment="" line="44" main_generator_called="MAIN_GENERATOR" attributes="unused"/>
   </file>
   <file name="C:\\Users\\gz324f\\Desktop\\working\\component\\Ford_001A_ChkPt\\Ford001A_ChkPt_Impl\\tools\\local\\generate\\Rte_CDD_ChkPtAppl10.h" comment="">
      <function name="Rte_Call_CDD_ChkPtAppl10_ChkPt_100ms_Appl10_End_CheckpointReached" comment="" line="73" main_generator_called="disabled" attributes="extern">
         <scalar name="return" comment="" line="73" base_type="uint8" complete_type="uint8" init_mode="PERMANENT" init_modes_allowed="4" init_range="min..max" global_assert="unsupported" assert_range="unsupported"/>
      </function>
      <function name="Rte_Call_CDD_ChkPtAppl10_ChkPt_100ms_Appl10_Strt_CheckpointReached" comment="" line="74" main_generator_called="disabled" attributes="extern">
         <scalar name="return" comment="" line="74" base_type="uint8" complete_type="uint8" init_mode="PERMANENT" init_modes_allowed="4" init_range="min..max" global_assert="unsupported" assert_range="unsupported"/>
      </function>
      <function name="Rte_Call_CDD_ChkPtAppl10_ChkPt_10ms_Appl10_End_CheckpointReached" comment="" line="75" main_generator_called="disabled" attributes="extern">
         <scalar name="return" comment="" line="75" base_type="uint8" complete_type="uint8" init_mode="PERMANENT" init_modes_allowed="4" init_range="min..max" global_assert="unsupported" assert_range="unsupported"/>
      </function>
      <function name="Rte_Call_CDD_ChkPtAppl10_ChkPt_10ms_Appl10_Strt_CheckpointReached" comment="" line="76" main_generator_called="disabled" attributes="extern">
         <scalar name="return" comment="" line="76" base_type="uint8" complete_type="uint8" init_mode="PERMANENT" init_modes_allowed="4" init_range="min..max" global_assert="unsupported" assert_range="unsupported"/>
      </function>
      <function name="Rte_Call_CDD_ChkPtAppl10_ChkPt_2ms_Appl10_End_CheckpointReached" comment="" line="77" main_generator_called="disabled" attributes="extern">
         <scalar name="return" comment="" line="77" base_type="uint8" complete_type="uint8" init_mode="PERMANENT" init_modes_allowed="4" init_range="min..max" global_assert="unsupported" assert_range="unsupported"/>
      </function>
      <function name="Rte_Call_CDD_ChkPtAppl10_ChkPt_2ms_Appl10_Strt_CheckpointReached" comment="" line="78" main_generator_called="disabled" attributes="extern">
         <scalar name="return" comment="" line="78" base_type="uint8" complete_type="uint8" init_mode="PERMANENT" init_modes_allowed="4" init_range="min..max" global_assert="unsupported" assert_range="unsupported"/>
      </function>
      <function name="Rte_Call_CDD_ChkPtAppl10_ChkPt_4ms_Appl10_End_CheckpointReached" comment="" line="79" main_generator_called="disabled" attributes="extern">
         <scalar name="return" comment="" line="79" base_type="uint8" complete_type="uint8" init_mode="PERMANENT" init_modes_allowed="4" init_range="min..max" global_assert="unsupported" assert_range="unsupported"/>
      </function>
      <function name="Rte_Call_CDD_ChkPtAppl10_ChkPt_4ms_Appl10_Strt_CheckpointReached" comment="" line="80" main_generator_called="disabled" attributes="extern">
         <scalar name="return" comment="" line="80" base_type="uint8" complete_type="uint8" init_mode="PERMANENT" init_modes_allowed="4" init_range="min..max" global_assert="unsupported" assert_range="unsupported"/>
      </function>
   </file>
   <file name="C:\\Users\\gz324f\\Desktop\\working\\component\\Ford_001A_ChkPt\\Ford001A_ChkPt_Impl\\tools\\local\\include\\WdgM.h" comment="">
      <function name="WdgM_CheckpointReached" comment="" line="7" main_generator_called="disabled" attributes="extern">
         <scalar name="arg1" comment="" line="7" base_type="uint8" complete_type="uint8" init_mode="disabled" init_range="disabled" global_assert="unsupported" assert_range="unsupported"/>
         <scalar name="arg2" comment="" line="7" base_type="uint16" complete_type="uint16" init_mode="disabled" init_range="disabled" global_assert="unsupported" assert_range="unsupported"/>
         <scalar name="return" comment="" line="7" base_type="uint8" complete_type="uint8" init_mode="PERMANENT" init_modes_allowed="4" init_range="min..max" global_assert="unsupported" assert_range="unsupported"/>
      </function>
   </file>
</global>
