<?xml version="1.0" encoding="UTF-8"?>
<MISRA-C-Report-Summary>
<File Mode="advisory" Error="0" Warning="2" Total="2">
<Name>
E:\EA4NewTemplate\MM092A_FordMsg47ABusHiSpd_Impl\src\FordMsg47ABusHiSpd.c</Name>
</File>
<File Mode="required" Error="0" Warning="79" Total="79">
<Name>
E:\EA4NewTemplate\MM092A_FordMsg47ABusHiSpd_Impl\src\FordMsg47ABusHiSpd.c</Name>
</File>
<File Mode="advisory" Error="0" Warning="1" Total="1">
<Name>
E:\EA4NewTemplate\MM092A_FordMsg47ABusHiSpd_Impl\src\FordMsg47ABusHiSpdNonRte.c</Name>
</File>
<File Mode="required" Error="0" Warning="2" Total="2">
<Name>
E:\EA4NewTemplate\MM092A_FordMsg47ABusHiSpd_Impl\src\FordMsg47ABusHiSpdNonRte.c</Name>
</File>
<Rule Name="5.1" Count="79" Mode="required" Severity="warning">
<Message>
</Message>
</Rule>
<Rule Name="19.1" Count="3" Mode="advisory" Severity="warning">
<Message>
#include statements in a file shall only be preceded by other preprocessor directives or comments.</Message>
</Rule>
<Rule Name="8.10" Count="2" Mode="required" Severity="warning">
<Message>
</Message>
</Rule>
</MISRA-C-Report-Summary>
