<?pst parser version="1.0" encoding="UTF-8"?>
<DiffFile>
<Header>
--
-- File created by Polyspace / Comments Diff
-- Copyright 1999-2018 MathWorks, Inc.
--
</Header>

<File Name="Rte_Stubs.c" NewName="Rte_Stubs.c">
</File>

<File Name="FordMsg414BusHiSpd.c" NewName="FordMsg414BusHiSpd.c">

        <Rule Name="21.1" File="FordMsg414BusHiSpd.c">
            <Diff Reason="NO_MATCH_FOUND" RuleID="11" File="C:\Users\NZ5334\Documents\Synergy\Working\ses_dev_ea4\MM070A_FordMsg414BusHiSpd_Impl\src\FordMsg414BusHiSpd.c" Line="592" Col="50">
            <IsViolated/>
            </Diff>
        </Rule>

        <Rule Name="21.1" File="FordMsg414BusHiSpd.c">
            <Diff Reason="NO_MATCH_FOUND" RuleID="12" File="C:\Users\NZ5334\Documents\Synergy\Working\ses_dev_ea4\MM070A_FordMsg414BusHiSpd_Impl\src\FordMsg414BusHiSpd.c" Line="207" Col="0">
            <IsViolated/>
            </Diff>
        </Rule>

        <Rule Name="21.1" File="FordMsg414BusHiSpd.c">
            <Diff Reason="NO_MATCH_FOUND" RuleID="13" File="C:\Users\NZ5334\Documents\Synergy\Working\ses_dev_ea4\MM070A_FordMsg414BusHiSpd_Impl\src\FordMsg414BusHiSpd.c" Line="207" Col="29">
            <IsViolated/>
            </Diff>
        </Rule>

        <Rule Name="21.1" File="FordMsg414BusHiSpd.c">
            <Diff Reason="NO_MATCH_FOUND" RuleID="14" File="C:\Users\NZ5334\Documents\Synergy\Working\ses_dev_ea4\MM070A_FordMsg414BusHiSpd_Impl\src\FordMsg414BusHiSpd.c" Line="214" Col="0">
            <IsViolated/>
            </Diff>
        </Rule>

        <Rule Name="21.1" File="FordMsg414BusHiSpd.c">
            <Diff Reason="NO_MATCH_FOUND" RuleID="15" File="C:\Users\NZ5334\Documents\Synergy\Working\ses_dev_ea4\MM070A_FordMsg414BusHiSpd_Impl\src\FordMsg414BusHiSpd.c" Line="641" Col="73">
            <IsViolated/>
            </Diff>
        </Rule>

        <Rule Name="21.1" File="FordMsg414BusHiSpd.c">
            <Diff Reason="NO_MATCH_FOUND" RuleID="16" File="C:\Users\NZ5334\Documents\Synergy\Working\ses_dev_ea4\MM070A_FordMsg414BusHiSpd_Impl\src\FordMsg414BusHiSpd.c" Line="653" Col="73">
            <IsViolated/>
            </Diff>
        </Rule>

        <Rule Name="21.1" File="FordMsg414BusHiSpd.c">
            <Diff Reason="NO_MATCH_FOUND" RuleID="17" File="C:\Users\NZ5334\Documents\Synergy\Working\ses_dev_ea4\MM070A_FordMsg414BusHiSpd_Impl\src\FordMsg414BusHiSpd.c" Line="663" Col="73">
            <IsViolated/>
            </Diff>
        </Rule>

        <Rule Name="21.1" File="FordMsg414BusHiSpd.c">
            <Diff Reason="NO_MATCH_FOUND" RuleID="27" File="C:\Users\NZ5334\Documents\Synergy\Working\ses_dev_ea4\MM070A_FordMsg414BusHiSpd_Impl\src\FordMsg414BusHiSpd.c" Line="327" Col="10">
            <IsViolated/>
            </Diff>
        </Rule>

        <Rule Name="21.1" File="FordMsg414BusHiSpd.c">
            <Diff Reason="NO_MATCH_FOUND" RuleID="28" File="C:\Users\NZ5334\Documents\Synergy\Working\ses_dev_ea4\MM070A_FordMsg414BusHiSpd_Impl\src\FordMsg414BusHiSpd.c" Line="331" Col="81">
            <IsViolated/>
            </Diff>
        </Rule>

        <Rule Name="21.1" File="FordMsg414BusHiSpd.c">
            <Diff Reason="NO_MATCH_FOUND" RuleID="29" File="C:\Users\NZ5334\Documents\Synergy\Working\ses_dev_ea4\MM070A_FordMsg414BusHiSpd_Impl\src\FordMsg414BusHiSpd.c" Line="339" Col="65">
            <IsViolated/>
            </Diff>
        </Rule>

        <Rule Name="21.1" File="FordMsg414BusHiSpd.c">
            <Diff Reason="NO_MATCH_FOUND" RuleID="30" File="C:\Users\NZ5334\Documents\Synergy\Working\ses_dev_ea4\MM070A_FordMsg414BusHiSpd_Impl\src\FordMsg414BusHiSpd.c" Line="342" Col="81">
            <IsViolated/>
            </Diff>
        </Rule>

        <Rule Name="21.1" File="FordMsg414BusHiSpd.c">
            <Diff Reason="NO_MATCH_FOUND" RuleID="31" File="C:\Users\NZ5334\Documents\Synergy\Working\ses_dev_ea4\MM070A_FordMsg414BusHiSpd_Impl\src\FordMsg414BusHiSpd.c" Line="350" Col="63">
            <IsViolated/>
            </Diff>
        </Rule>

        <Rule Name="21.1" File="FordMsg414BusHiSpd.c">
            <Diff Reason="NO_MATCH_FOUND" RuleID="32" File="C:\Users\NZ5334\Documents\Synergy\Working\ses_dev_ea4\MM070A_FordMsg414BusHiSpd_Impl\src\FordMsg414BusHiSpd.c" Line="353" Col="81">
            <IsViolated/>
            </Diff>
        </Rule>

        <Rule Name="21.1" File="FordMsg414BusHiSpd.c">
            <Diff Reason="NO_MATCH_FOUND" RuleID="33" File="C:\Users\NZ5334\Documents\Synergy\Working\ses_dev_ea4\MM070A_FordMsg414BusHiSpd_Impl\src\FordMsg414BusHiSpd.c" Line="361" Col="63">
            <IsViolated/>
            </Diff>
        </Rule>

        <Rule Name="21.1" File="FordMsg414BusHiSpd.c">
            <Diff Reason="NO_MATCH_FOUND" RuleID="34" File="C:\Users\NZ5334\Documents\Synergy\Working\ses_dev_ea4\MM070A_FordMsg414BusHiSpd_Impl\src\FordMsg414BusHiSpd.c" Line="367" Col="56">
            <IsViolated/>
            </Diff>
        </Rule>

        <Rule Name="21.1" File="FordMsg414BusHiSpd.c">
            <Diff Reason="NO_MATCH_FOUND" RuleID="35" File="C:\Users\NZ5334\Documents\Synergy\Working\ses_dev_ea4\MM070A_FordMsg414BusHiSpd_Impl\src\FordMsg414BusHiSpd.c" Line="368" Col="53">
            <IsViolated/>
            </Diff>
        </Rule>

        <Rule Name="21.1" File="FordMsg414BusHiSpd.c">
            <Diff Reason="NO_MATCH_FOUND" RuleID="36" File="C:\Users\NZ5334\Documents\Synergy\Working\ses_dev_ea4\MM070A_FordMsg414BusHiSpd_Impl\src\FordMsg414BusHiSpd.c" Line="369" Col="55">
            <IsViolated/>
            </Diff>
        </Rule>

        <Rule Name="21.1" File="FordMsg414BusHiSpd.c">
            <Diff Reason="NO_MATCH_FOUND" RuleID="37" File="C:\Users\NZ5334\Documents\Synergy\Working\ses_dev_ea4\MM070A_FordMsg414BusHiSpd_Impl\src\FordMsg414BusHiSpd.c" Line="370" Col="57">
            <IsViolated/>
            </Diff>
        </Rule>

        <Rule Name="21.1" File="FordMsg414BusHiSpd.c">
            <Diff Reason="NO_MATCH_FOUND" RuleID="38" File="C:\Users\NZ5334\Documents\Synergy\Working\ses_dev_ea4\MM070A_FordMsg414BusHiSpd_Impl\src\FordMsg414BusHiSpd.c" Line="371" Col="54">
            <IsViolated/>
            </Diff>
        </Rule>

        <Rule Name="21.1" File="FordMsg414BusHiSpd.c">
            <Diff Reason="NO_MATCH_FOUND" RuleID="39" File="C:\Users\NZ5334\Documents\Synergy\Working\ses_dev_ea4\MM070A_FordMsg414BusHiSpd_Impl\src\FordMsg414BusHiSpd.c" Line="372" Col="55">
            <IsViolated/>
            </Diff>
        </Rule>

        <Rule Name="21.1" File="FordMsg414BusHiSpd.c">
            <Diff Reason="NO_MATCH_FOUND" RuleID="44" File="C:\Users\NZ5334\Documents\Synergy\Working\ses_dev_ea4\MM070A_FordMsg414BusHiSpd_Impl\src\FordMsg414BusHiSpd.c" Line="423" Col="33">
            <IsViolated/>
            </Diff>
        </Rule>

        <Rule Name="21.1" File="FordMsg414BusHiSpd.c">
            <Diff Reason="NO_MATCH_FOUND" RuleID="45" File="C:\Users\NZ5334\Documents\Synergy\Working\ses_dev_ea4\MM070A_FordMsg414BusHiSpd_Impl\src\FordMsg414BusHiSpd.c" Line="442" Col="81">
            <IsViolated/>
            </Diff>
        </Rule>

        <Rule Name="21.1" File="FordMsg414BusHiSpd.c">
            <Diff Reason="NO_MATCH_FOUND" RuleID="46" File="C:\Users\NZ5334\Documents\Synergy\Working\ses_dev_ea4\MM070A_FordMsg414BusHiSpd_Impl\src\FordMsg414BusHiSpd.c" Line="454" Col="89">
            <IsViolated/>
            </Diff>
        </Rule>

        <Rule Name="21.1" File="FordMsg414BusHiSpd.c">
            <Diff Reason="NO_MATCH_FOUND" RuleID="47" File="C:\Users\NZ5334\Documents\Synergy\Working\ses_dev_ea4\MM070A_FordMsg414BusHiSpd_Impl\src\FordMsg414BusHiSpd.c" Line="475" Col="79">
            <IsViolated/>
            </Diff>
        </Rule>

        <Rule Name="21.1" File="FordMsg414BusHiSpd.c">
            <Diff Reason="NO_MATCH_FOUND" RuleID="48" File="C:\Users\NZ5334\Documents\Synergy\Working\ses_dev_ea4\MM070A_FordMsg414BusHiSpd_Impl\src\FordMsg414BusHiSpd.c" Line="500" Col="8">
            <IsViolated/>
            </Diff>
        </Rule>

        <Rule Name="21.1" File="FordMsg414BusHiSpd.c">
            <Diff Reason="NO_MATCH_FOUND" RuleID="49" File="C:\Users\NZ5334\Documents\Synergy\Working\ses_dev_ea4\MM070A_FordMsg414BusHiSpd_Impl\src\FordMsg414BusHiSpd.c" Line="503" Col="8">
            <IsViolated/>
            </Diff>
        </Rule>

        <Rule Name="21.1" File="FordMsg414BusHiSpd.c">
            <Diff Reason="NO_MATCH_FOUND" RuleID="50" File="C:\Users\NZ5334\Documents\Synergy\Working\ses_dev_ea4\MM070A_FordMsg414BusHiSpd_Impl\src\FordMsg414BusHiSpd.c" Line="505" Col="8">
            <IsViolated/>
            </Diff>
        </Rule>

        <Rule Name="21.1" File="FordMsg414BusHiSpd.c">
            <Diff Reason="NO_MATCH_FOUND" RuleID="51" File="C:\Users\NZ5334\Documents\Synergy\Working\ses_dev_ea4\MM070A_FordMsg414BusHiSpd_Impl\src\FordMsg414BusHiSpd.c" Line="508" Col="8">
            <IsViolated/>
            </Diff>
        </Rule>

        <Rule Name="21.1" File="FordMsg414BusHiSpd.c">
            <Diff Reason="NO_MATCH_FOUND" RuleID="52" File="C:\Users\NZ5334\Documents\Synergy\Working\ses_dev_ea4\MM070A_FordMsg414BusHiSpd_Impl\src\FordMsg414BusHiSpd.c" Line="511" Col="8">
            <IsViolated/>
            </Diff>
        </Rule>

        <Rule Name="21.1" File="FordMsg414BusHiSpd.c">
            <Diff Reason="NO_MATCH_FOUND" RuleID="53" File="C:\Users\NZ5334\Documents\Synergy\Working\ses_dev_ea4\MM070A_FordMsg414BusHiSpd_Impl\src\FordMsg414BusHiSpd.c" Line="514" Col="8">
            <IsViolated/>
            </Diff>
        </Rule>

        <Rule Name="21.1" File="FordMsg414BusHiSpd.c">
            <Diff Reason="NO_MATCH_FOUND" RuleID="54" File="C:\Users\NZ5334\Documents\Synergy\Working\ses_dev_ea4\MM070A_FordMsg414BusHiSpd_Impl\src\FordMsg414BusHiSpd.c" Line="516" Col="8">
            <IsViolated/>
            </Diff>
        </Rule>

        <Rule Name="21.1" File="FordMsg414BusHiSpd.c">
            <Diff Reason="NO_MATCH_FOUND" RuleID="55" File="C:\Users\NZ5334\Documents\Synergy\Working\ses_dev_ea4\MM070A_FordMsg414BusHiSpd_Impl\src\FordMsg414BusHiSpd.c" Line="517" Col="8">
            <IsViolated/>
            </Diff>
        </Rule>

        <Rule Name="21.1" File="FordMsg414BusHiSpd.c">
            <Diff Reason="NO_MATCH_FOUND" RuleID="56" File="C:\Users\NZ5334\Documents\Synergy\Working\ses_dev_ea4\MM070A_FordMsg414BusHiSpd_Impl\src\FordMsg414BusHiSpd.c" Line="518" Col="8">
            <IsViolated/>
            </Diff>
        </Rule>
</File>

<File Name="FordMsg414BusHiSpdNonRte.c" NewName="FordMsg414BusHiSpdNonRte.c">

        <Rule Name="21.1" File="FordMsg414BusHiSpdNonRte.c">
            <Diff Reason="NO_MATCH_FOUND" RuleID="18" File="C:\Users\NZ5334\Documents\Synergy\Working\ses_dev_ea4\MM070A_FordMsg414BusHiSpd_Impl\src\FordMsg414BusHiSpdNonRte.c" Line="68" Col="1">
            <IsViolated/>
            </Diff>
        </Rule>

        <Rule Name="21.1" File="FordMsg414BusHiSpdNonRte.c">
            <Diff Reason="NO_MATCH_FOUND" RuleID="19" File="C:\Users\NZ5334\Documents\Synergy\Working\ses_dev_ea4\MM070A_FordMsg414BusHiSpd_Impl\src\FordMsg414BusHiSpdNonRte.c" Line="68" Col="30">
            <IsViolated/>
            </Diff>
        </Rule>

        <Rule Name="21.1" File="FordMsg414BusHiSpdNonRte.c">
            <Diff Reason="NO_MATCH_FOUND" RuleID="64" File="C:\Users\NZ5334\Documents\Synergy\Working\ses_dev_ea4\MM070A_FordMsg414BusHiSpd_Impl\src\FordMsg414BusHiSpdNonRte.c" Line="54" Col="1">
            <IsViolated/>
            </Diff>
        </Rule>

        <Rule Name="21.1" File="FordMsg414BusHiSpdNonRte.c">
            <Diff Reason="NO_MATCH_FOUND" RuleID="65" File="C:\Users\NZ5334\Documents\Synergy\Working\ses_dev_ea4\MM070A_FordMsg414BusHiSpd_Impl\src\FordMsg414BusHiSpdNonRte.c" Line="54" Col="30">
            <IsViolated/>
            </Diff>
        </Rule>
</File>
</DiffFile>
