<?xml version="1.0" encoding="UTF-8"?>
<!--EDRS Version 1.0-->
<global>
   <file name="C:\\Users\\NZ5334\\Documents\\Synergy\\Working\\ses_dev_ea4\\MM057A_FordMsg215BusHiSpd_Impl\\src\\FordMsg215BusHiSpd.c" comment="">
      <function name="FordMsg215BusHiSpdInit1" comment="" line="783" main_generator_called="MAIN_GENERATOR"/>
      <function name="FordMsg215BusHiSpdPer1" comment="" line="854" main_generator_called="MAIN_GENERATOR"/>
      <function name="MsgMiss" comment="" line="995" main_generator_called="MAIN_GENERATOR" attributes="static">
         <scalar name="arg1" comment="" line="995" base_type="uint8" attributes="static" complete_type="uint8" init_mode="MAIN_GENERATOR" init_modes_allowed="10" init_range="min..max" global_assert="unsupported" assert_range="unsupported"/>
         <scalar name="arg2" comment="" line="995" base_type="uint8" attributes="static" complete_type="uint8" init_mode="MAIN_GENERATOR" init_modes_allowed="10" init_range="min..max" global_assert="unsupported" assert_range="unsupported"/>
         <scalar name="arg3" comment="" line="995" base_type="uint8" attributes="static" complete_type="uint8" init_mode="MAIN_GENERATOR" init_modes_allowed="10" init_range="min..max" global_assert="unsupported" assert_range="unsupported"/>
         <pointer name="arg4" comment="" line="995" attributes="static" complete_type="uint8 *" init_mode="MAIN_GENERATOR" init_modes_allowed="10" initialize_pointer="May-be NULL" number_allocated="max" init_pointed="MAIN_GENERATOR">
            <scalar comment="" line="995" base_type="uint8" attributes="static" complete_type="uint8" init_mode="MAIN_GENERATOR" init_modes_allowed="10" init_range="min..max" global_assert="unsupported" assert_range="unsupported"/>
         </pointer>
         <pointer name="arg5" comment="" line="995" attributes="static" complete_type="uint8 *" init_mode="MAIN_GENERATOR" init_modes_allowed="10" initialize_pointer="May-be NULL" number_allocated="max" init_pointed="MAIN_GENERATOR">
            <scalar comment="" line="995" base_type="uint8" attributes="static" complete_type="uint8" init_mode="MAIN_GENERATOR" init_modes_allowed="10" init_range="min..max" global_assert="unsupported" assert_range="unsupported"/>
         </pointer>
      </function>
   </file>
   <file name="C:\\Users\\NZ5334\\Documents\\Synergy\\Working\\ses_dev_ea4\\MM057A_FordMsg215BusHiSpd_Impl\\src\\FordMsg215BusHiSpdNonRte.c" comment="">
      <function name="ComIPduCallout_APIM_Send_Signals_2_FD1_Oper" comment="" line="55" main_generator_called="MAIN_GENERATOR" attributes="unused">
         <scalar name="arg1" comment="" line="55" base_type="uint8" complete_type="uint8" init_mode="MAIN_GENERATOR" init_modes_allowed="10" init_range="min..max" global_assert="unsupported" assert_range="unsupported"/>
         <pointer name="arg2" comment="" line="55" complete_type="const struct  *" init_mode="MAIN_GENERATOR" init_modes_allowed="10" initialize_pointer="May-be NULL" number_allocated="max" init_pointed="MAIN_GENERATOR"/>
         <scalar name="return" comment="" line="55" base_type="uint8" complete_type="uint8" init_mode="disabled" init_range="disabled" global_assert="unsupported" assert_range="unsupported"/>
      </function>
      <function name="ComTimeoutNotification_TrlrAidMde_D_Rq_Oper" comment="" line="69" main_generator_called="MAIN_GENERATOR" attributes="unused"/>
   </file>
   <file name="C:\\Users\\NZ5334\\Documents\\Synergy\\Working\\ses_dev_ea4\\MM057A_FordMsg215BusHiSpd_Impl\\tools\\local\\generate\\Rte_FordMsg215BusHiSpd.h" comment="">
      <pointer name="Rte_Inst_FordMsg215BusHiSpd" comment="" line="68" attributes="extern const" complete_type="const struct Rte_CDS_FordMsg215BusHiSpd *" init_mode="INIT" init_modes_allowed="2" initialize_pointer="May-be NULL" number_allocated="max" init_pointed="MULTI">
         <struct comment="" line="68" complete_type="struct Rte_CDS_FordMsg215BusHiSpd" attributes="extern const">
            <pointer name="Pim_ClrDiagcFlgProxyPrev" comment="" line="68" attributes="extern const" complete_type="uint8 *" init_mode="INIT" init_modes_allowed="2" initialize_pointer="May-be NULL" number_allocated="max" init_pointed="MULTI">
               <scalar comment="" line="68" base_type="uint8" attributes="extern" complete_type="uint8" init_mode="INIT" init_modes_allowed="2" init_range="min..max" global_assert="unsupported" assert_range="unsupported"/>
            </pointer>
            <pointer name="Pim_FirstTranVldFlg" comment="" line="68" attributes="extern const" complete_type="uint8 *" init_mode="INIT" init_modes_allowed="2" initialize_pointer="May-be NULL" number_allocated="max" init_pointed="MULTI">
               <scalar comment="" line="68" base_type="uint8" attributes="extern" complete_type="uint8" init_mode="INIT" init_modes_allowed="2" init_range="min..max" global_assert="unsupported" assert_range="unsupported"/>
            </pointer>
            <pointer name="Pim_FordVehMsg215Miss" comment="" line="68" attributes="extern const" complete_type="uint8 *" init_mode="INIT" init_modes_allowed="2" initialize_pointer="May-be NULL" number_allocated="max" init_pointed="MULTI">
               <scalar comment="" line="68" base_type="uint8" attributes="extern" complete_type="uint8" init_mode="INIT" init_modes_allowed="2" init_range="min..max" global_assert="unsupported" assert_range="unsupported"/>
            </pointer>
            <pointer name="Pim_FordVehMsg215MissTmr" comment="" line="68" attributes="extern const" complete_type="uint32 *" init_mode="INIT" init_modes_allowed="2" initialize_pointer="May-be NULL" number_allocated="max" init_pointed="MULTI">
               <scalar comment="" line="68" base_type="uint32" attributes="extern" complete_type="uint32" init_mode="INIT" init_modes_allowed="2" init_range="min..max" global_assert="unsupported" assert_range="unsupported"/>
            </pointer>
            <pointer name="Pim_FordVehMsg215NotRxdRefTi" comment="" line="68" attributes="extern const" complete_type="uint32 *" init_mode="INIT" init_modes_allowed="2" initialize_pointer="May-be NULL" number_allocated="max" init_pointed="MULTI">
               <scalar comment="" line="68" base_type="uint32" attributes="extern" complete_type="uint32" init_mode="INIT" init_modes_allowed="2" init_range="min..max" global_assert="unsupported" assert_range="unsupported"/>
            </pointer>
            <pointer name="Pim_FordVehMsg215RxdRefTi" comment="" line="68" attributes="extern const" complete_type="uint32 *" init_mode="INIT" init_modes_allowed="2" initialize_pointer="May-be NULL" number_allocated="max" init_pointed="MULTI">
               <scalar comment="" line="68" base_type="uint32" attributes="extern" complete_type="uint32" init_mode="INIT" init_modes_allowed="2" init_range="min..max" global_assert="unsupported" assert_range="unsupported"/>
            </pointer>
            <pointer name="Pim_FordVehMsg215RxdTmr" comment="" line="68" attributes="extern const" complete_type="uint32 *" init_mode="INIT" init_modes_allowed="2" initialize_pointer="May-be NULL" number_allocated="max" init_pointed="MULTI">
               <scalar comment="" line="68" base_type="uint32" attributes="extern" complete_type="uint32" init_mode="INIT" init_modes_allowed="2" init_range="min..max" global_assert="unsupported" assert_range="unsupported"/>
            </pointer>
            <pointer name="Pim_FordVehTrlrAidModReqPrev" comment="" line="68" attributes="extern const" complete_type="uint8 *" init_mode="INIT" init_modes_allowed="2" initialize_pointer="May-be NULL" number_allocated="max" init_pointed="MULTI">
               <scalar comment="" line="68" base_type="uint8" attributes="extern" complete_type="uint8" init_mode="INIT" init_modes_allowed="2" init_range="min..max" global_assert="unsupported" assert_range="unsupported"/>
            </pointer>
            <pointer name="Pim_FordVehTrlrAidModReqVldPrev" comment="" line="68" attributes="extern const" complete_type="uint8 *" init_mode="INIT" init_modes_allowed="2" initialize_pointer="May-be NULL" number_allocated="max" init_pointed="MULTI">
               <scalar comment="" line="68" base_type="uint8" attributes="extern" complete_type="uint8" init_mode="INIT" init_modes_allowed="2" init_range="min..max" global_assert="unsupported" assert_range="unsupported"/>
            </pointer>
         </struct>
      </pointer>
      <function name="Rte_Prm_FordMsg215BusHiSpd_FordMsg215BusHiSpdFordVehTrlrAidModReqVldNotRxdTiThd_Val" comment="" line="105" main_generator_called="disabled" attributes="extern">
         <scalar name="return" comment="" line="105" base_type="uint16" complete_type="uint16" init_mode="PERMANENT" init_modes_allowed="4" init_range="min..max" global_assert="unsupported" assert_range="unsupported"/>
      </function>
      <function name="Rte_Prm_FordMsg215BusHiSpd_FordMsg215BusHiSpdFordVehTrlrAidModReqVldRxdTiThd_Val" comment="" line="106" main_generator_called="disabled" attributes="extern">
         <scalar name="return" comment="" line="106" base_type="uint16" complete_type="uint16" init_mode="PERMANENT" init_modes_allowed="4" init_range="min..max" global_assert="unsupported" assert_range="unsupported"/>
      </function>
      <function name="Rte_Prm_FordMsg215BusHiSpd_FordMsg215BusHiSpdMissMsgFaildTiThd_Val" comment="" line="107" main_generator_called="disabled" attributes="extern">
         <scalar name="return" comment="" line="107" base_type="uint16" complete_type="uint16" init_mode="PERMANENT" init_modes_allowed="4" init_range="min..max" global_assert="unsupported" assert_range="unsupported"/>
      </function>
      <function name="Rte_Prm_FordMsg215BusHiSpd_FordMsg215BusHiSpdMissMsgPassdTiThd_Val" comment="" line="108" main_generator_called="disabled" attributes="extern">
         <scalar name="return" comment="" line="108" base_type="uint16" complete_type="uint16" init_mode="PERMANENT" init_modes_allowed="4" init_range="min..max" global_assert="unsupported" assert_range="unsupported"/>
      </function>
      <function name="Rte_Read_FordMsg215BusHiSpd_ClrDiagcFlgProxy_Val" comment="" line="95" main_generator_called="disabled" attributes="extern">
         <pointer name="arg1" comment="" line="95" complete_type="uint8 *" init_mode="disabled" initialize_pointer="disabled" number_allocated="disabled" init_pointed="MULTI">
            <scalar comment="" line="95" base_type="uint8" complete_type="uint8" init_mode="PERMANENT" init_modes_allowed="4" init_range="min..max" global_assert="unsupported" assert_range="unsupported"/>
         </pointer>
         <scalar name="return" comment="" line="95" base_type="uint8" complete_type="uint8" init_mode="PERMANENT" init_modes_allowed="4" init_range="min..max" global_assert="unsupported" assert_range="unsupported"/>
      </function>
      <function name="Rte_Read_FordMsg215BusHiSpd_FordCanDtcInhb_Logl" comment="" line="96" main_generator_called="disabled" attributes="extern">
         <pointer name="arg1" comment="" line="96" complete_type="uint8 *" init_mode="disabled" initialize_pointer="disabled" number_allocated="disabled" init_pointed="MULTI">
            <scalar comment="" line="96" base_type="uint8" complete_type="uint8" init_mode="PERMANENT" init_modes_allowed="4" init_range="min..max" global_assert="unsupported" assert_range="unsupported"/>
         </pointer>
         <scalar name="return" comment="" line="96" base_type="uint8" complete_type="uint8" init_mode="PERMANENT" init_modes_allowed="4" init_range="min..max" global_assert="unsupported" assert_range="unsupported"/>
      </function>
      <function name="Rte_Read_FordMsg215BusHiSpd_FordEpsLifeCycMod_Val" comment="" line="97" main_generator_called="disabled" attributes="extern">
         <pointer name="arg1" comment="" line="97" complete_type="uint8 *" init_mode="disabled" initialize_pointer="disabled" number_allocated="disabled" init_pointed="MULTI">
            <scalar comment="" line="97" base_type="uint8" complete_type="uint8" init_mode="PERMANENT" init_modes_allowed="4" init_range="min..max" global_assert="unsupported" assert_range="unsupported"/>
         </pointer>
         <scalar name="return" comment="" line="97" base_type="uint8" complete_type="uint8" init_mode="PERMANENT" init_modes_allowed="4" init_range="min..max" global_assert="unsupported" assert_range="unsupported"/>
      </function>
      <function name="Rte_Read_FordMsg215BusHiSpd_FordTrlrBackupAssiEnad_Logl" comment="" line="98" main_generator_called="disabled" attributes="extern">
         <pointer name="arg1" comment="" line="98" complete_type="uint8 *" init_mode="disabled" initialize_pointer="disabled" number_allocated="disabled" init_pointed="MULTI">
            <scalar comment="" line="98" base_type="uint8" complete_type="uint8" init_mode="PERMANENT" init_modes_allowed="4" init_range="min..max" global_assert="unsupported" assert_range="unsupported"/>
         </pointer>
         <scalar name="return" comment="" line="98" base_type="uint8" complete_type="uint8" init_mode="PERMANENT" init_modes_allowed="4" init_range="min..max" global_assert="unsupported" assert_range="unsupported"/>
      </function>
      <function name="Rte_Read_FordMsg215BusHiSpd_Ford_TrlrAidMde_D_Rq_Ford_TrlrAidMde_D_Rq" comment="" line="99" main_generator_called="disabled" attributes="extern">
         <pointer name="arg1" comment="" line="99" complete_type="uint8 *" init_mode="disabled" initialize_pointer="disabled" number_allocated="disabled" init_pointed="MULTI">
            <scalar comment="" line="99" base_type="uint8" complete_type="uint8" init_mode="PERMANENT" init_modes_allowed="4" init_range="min..max" global_assert="unsupported" assert_range="unsupported"/>
         </pointer>
         <scalar name="return" comment="" line="99" base_type="uint8" complete_type="uint8" init_mode="PERMANENT" init_modes_allowed="4" init_range="min..max" global_assert="unsupported" assert_range="unsupported"/>
      </function>
      <function name="Rte_Write_FordMsg215BusHiSpd_FordVehTrlrAidModReqVld_Logl" comment="" line="101" main_generator_called="disabled" attributes="extern">
         <scalar name="arg1" comment="" line="101" base_type="uint8" complete_type="uint8" init_mode="disabled" init_range="disabled" global_assert="unsupported" assert_range="unsupported"/>
         <scalar name="return" comment="" line="101" base_type="uint8" complete_type="uint8" init_mode="PERMANENT" init_modes_allowed="4" init_range="min..max" global_assert="unsupported" assert_range="unsupported"/>
      </function>
      <function name="Rte_Write_FordMsg215BusHiSpd_FordVehTrlrAidModReq_Ford_TrlrAidMde_D_Rq" comment="" line="100" main_generator_called="disabled" attributes="extern">
         <scalar name="arg1" comment="" line="100" base_type="uint8" complete_type="uint8" init_mode="disabled" init_range="disabled" global_assert="unsupported" assert_range="unsupported"/>
         <scalar name="return" comment="" line="100" base_type="uint8" complete_type="uint8" init_mode="PERMANENT" init_modes_allowed="4" init_range="min..max" global_assert="unsupported" assert_range="unsupported"/>
      </function>
   </file>
   <file name="C:\\Users\\NZ5334\\Documents\\Synergy\\Working\\ses_dev_ea4\\MM057A_FordMsg215BusHiSpd_Impl\\tools\\local\\generate\\Rte_Stubs.c" comment="">
      <function name="Rte_Call_FordMsg215BusHiSpd_GetRefTmr100MicroSec32bit_Oper" comment="" line="18" main_generator_called="MAIN_GENERATOR">
         <pointer name="arg1" comment="" line="18" complete_type="uint32 *" init_mode="MAIN_GENERATOR" init_modes_allowed="10" initialize_pointer="May-be NULL" number_allocated="max" init_pointed="MAIN_GENERATOR">
            <scalar comment="" line="18" base_type="uint32" complete_type="uint32" init_mode="MAIN_GENERATOR" init_modes_allowed="10" init_range="min..max" global_assert="unsupported" assert_range="unsupported"/>
         </pointer>
         <scalar name="return" comment="" line="18" base_type="uint8" complete_type="uint8" init_mode="disabled" init_range="disabled" global_assert="unsupported" assert_range="unsupported"/>
      </function>
      <function name="Rte_Call_FordMsg215BusHiSpd_GetTiSpan100MicroSec32bit_Oper" comment="" line="24" main_generator_called="MAIN_GENERATOR">
         <scalar name="arg1" comment="" line="24" base_type="uint32" complete_type="uint32" init_mode="MAIN_GENERATOR" init_modes_allowed="10" init_range="min..max" global_assert="unsupported" assert_range="unsupported"/>
         <pointer name="arg2" comment="" line="24" complete_type="uint32 *" init_mode="MAIN_GENERATOR" init_modes_allowed="10" initialize_pointer="May-be NULL" number_allocated="max" init_pointed="MAIN_GENERATOR">
            <scalar comment="" line="24" base_type="uint32" complete_type="uint32" init_mode="MAIN_GENERATOR" init_modes_allowed="10" init_range="min..max" global_assert="unsupported" assert_range="unsupported"/>
         </pointer>
         <scalar name="return" comment="" line="24" base_type="uint8" complete_type="uint8" init_mode="disabled" init_range="disabled" global_assert="unsupported" assert_range="unsupported"/>
      </function>
      <function name="Rte_Call_FordMsg215BusHiSpd_SetNtcSts_Oper" comment="" line="31" main_generator_called="MAIN_GENERATOR">
         <scalar name="arg1" comment="" line="31" base_type="uint16" complete_type="uint16" init_mode="MAIN_GENERATOR" init_modes_allowed="10" init_range="min..max" global_assert="unsupported" assert_range="unsupported"/>
         <scalar name="arg2" comment="" line="31" base_type="uint8" complete_type="uint8" init_mode="MAIN_GENERATOR" init_modes_allowed="10" init_range="min..max" global_assert="unsupported" assert_range="unsupported"/>
         <scalar name="arg3" comment="" line="31" base_type="uint8" complete_type="uint8" init_mode="MAIN_GENERATOR" init_modes_allowed="10" init_range="min..max" global_assert="unsupported" assert_range="unsupported"/>
         <scalar name="arg4" comment="" line="31" base_type="uint16" complete_type="uint16" init_mode="MAIN_GENERATOR" init_modes_allowed="10" init_range="min..max" global_assert="unsupported" assert_range="unsupported"/>
         <scalar name="return" comment="" line="31" base_type="uint8" complete_type="uint8" init_mode="disabled" init_range="disabled" global_assert="unsupported" assert_range="unsupported"/>
      </function>
      <function name="Rte_Stub" comment="" line="43" main_generator_called="MAIN_GENERATOR" attributes="unused"/>
   </file>
   <file name="C:\\Users\\NZ5334\\Documents\\Synergy\\Working\\ses_dev_ea4\\MM057A_FordMsg215BusHiSpd_Impl\\tools\\local\\generate\\Rte_Stubs.h" comment="">
      <scalar name="FordMsg215BusHiSpd_Srv_GetRefTmr100MicroSec32bit_RefTmr" comment="" line="46" base_type="uint32" attributes="extern" complete_type="uint32" init_mode="PERMANENT" init_modes_allowed="6" init_range="0..4294967295" global_assert="NO" assert_range=""/>
      <scalar name="FordMsg215BusHiSpd_Srv_GetTiSpan100MicroSec32bit_RefTmr" comment="" line="47" base_type="uint32" attributes="extern" complete_type="uint32" init_mode="PERMANENT" init_modes_allowed="6" init_range="0..4294967295" global_assert="NO" assert_range=""/>
      <scalar name="FordMsg215BusHiSpd_Srv_GetTiSpan100MicroSec32bit_TiSpan" comment="" line="48" base_type="uint32" attributes="extern" complete_type="uint32" init_mode="PERMANENT" init_modes_allowed="6" init_range="0..4294967295" global_assert="NO" assert_range=""/>
      <scalar name="FordMsg215BusHiSpd_Srv_SetNtcSts_DebStep" comment="" line="52" base_type="uint16" attributes="extern" complete_type="uint16" init_mode="PERMANENT" init_modes_allowed="6" init_range="0..65535" global_assert="NO" assert_range=""/>
      <scalar name="FordMsg215BusHiSpd_Srv_SetNtcSts_NtcNr" comment="" line="49" base_type="uint16" attributes="extern" complete_type="uint16" init_mode="PERMANENT" init_modes_allowed="6" init_range="1..511" global_assert="NO" assert_range=""/>
      <scalar name="FordMsg215BusHiSpd_Srv_SetNtcSts_NtcStInfo" comment="" line="50" base_type="uint8" attributes="extern" complete_type="uint8" init_mode="PERMANENT" init_modes_allowed="6" init_range="0..255" global_assert="NO" assert_range=""/>
      <scalar name="FordMsg215BusHiSpd_Srv_SetNtcSts_NtcSts" comment="" line="51" base_type="uint8" attributes="extern" complete_type="uint8" init_mode="PERMANENT" init_modes_allowed="6" init_range="0..3" global_assert="NO" assert_range=""/>
      <scalar name="FordMsg215BusHiSpd_Srv_SetNtcSts_Return" comment="" line="53" base_type="uint8" attributes="extern" complete_type="uint8" init_mode="PERMANENT" init_modes_allowed="6" init_range="0..1" global_assert="NO" assert_range=""/>
   </file>
   <scalar name="FordMsg215BusHiSpd_Cal_FordMsg215BusHiSpdFordVehTrlrAidModReqVldNotRxdTiThd" comment="" init_mode="PERMANENT" init_range="0..6000" global_assert="NO" assert_range="min..max" non_applicable="1"/>
   <scalar name="FordMsg215BusHiSpd_Cal_FordMsg215BusHiSpdFordVehTrlrAidModReqVldRxdTiThd" comment="" init_mode="PERMANENT" init_range="0..6000" global_assert="NO" assert_range="min..max" non_applicable="1"/>
   <scalar name="FordMsg215BusHiSpd_Cal_FordMsg215BusHiSpdMissMsgFaildTiThd" comment="" init_mode="PERMANENT" init_range="0..6000" global_assert="NO" assert_range="min..max" non_applicable="1"/>
   <scalar name="FordMsg215BusHiSpd_Cal_FordMsg215BusHiSpdMissMsgPassdTiThd" comment="" init_mode="PERMANENT" init_range="0..6000" global_assert="NO" assert_range="min..max" non_applicable="1"/>
   <scalar name="FordMsg215BusHiSpd_Ip_ClrDiagcFlgProxy" comment="" init_mode="PERMANENT" init_range="0..1" global_assert="NO" assert_range="min..max" non_applicable="1"/>
   <scalar name="FordMsg215BusHiSpd_Ip_FordCanDtcInhb" comment="" init_mode="PERMANENT" init_range="0..1" global_assert="NO" assert_range="min..max" non_applicable="1"/>
   <scalar name="FordMsg215BusHiSpd_Ip_FordEpsLifeCycMod" comment="" init_mode="PERMANENT" init_range="0..1" global_assert="NO" assert_range="min..max" non_applicable="1"/>
   <scalar name="FordMsg215BusHiSpd_Ip_FordTrlrBackupAssiEnad" comment="" init_mode="PERMANENT" init_range="0..1" global_assert="NO" assert_range="min..max" non_applicable="1"/>
   <scalar name="FordMsg215BusHiSpd_Ip_Ford_TrlrAidMde_D_Rq1" comment="" init_mode="PERMANENT" init_range="min..max" global_assert="NO" assert_range="min..max" non_applicable="1"/>
   <scalar name="FordMsg215BusHiSpd_Op_FordVehTrlrAidModReq" comment="" init_mode="PERMANENT" init_range="min..max" global_assert="NO" assert_range="min..max" non_applicable="1"/>
   <scalar name="FordMsg215BusHiSpd_Op_FordVehTrlrAidModReqVld" comment="" init_mode="PERMANENT" init_range="0..1" global_assert="NO" assert_range="min..max" non_applicable="1"/>
   <scalar name="FordMsg215BusHiSpd_Pim_ClrDiagcFlgProxyPrev" comment="" init_mode="PERMANENT" init_range="0..1" global_assert="NO" assert_range="min..max" non_applicable="1"/>
   <scalar name="FordMsg215BusHiSpd_Pim_FirstTranVldFlg" comment="" init_mode="PERMANENT" init_range="0..1" global_assert="NO" assert_range="min..max" non_applicable="1"/>
   <scalar name="FordMsg215BusHiSpd_Pim_FordVehMsg215Miss" comment="" init_mode="PERMANENT" init_range="0..1" global_assert="NO" assert_range="min..max" non_applicable="1"/>
   <scalar name="FordMsg215BusHiSpd_Pim_FordVehMsg215MissTmr" comment="" init_mode="PERMANENT" init_range="0..4294967295" global_assert="NO" assert_range="min..max" non_applicable="1"/>
   <scalar name="FordMsg215BusHiSpd_Pim_FordVehMsg215NotRxdRefTi" comment="" init_mode="PERMANENT" init_range="0..4294967295" global_assert="NO" assert_range="min..max" non_applicable="1"/>
   <scalar name="FordMsg215BusHiSpd_Pim_FordVehMsg215RxdRefTi" comment="" init_mode="PERMANENT" init_range="0..4294967295" global_assert="NO" assert_range="min..max" non_applicable="1"/>
   <scalar name="FordMsg215BusHiSpd_Pim_FordVehMsg215RxdTmr" comment="" init_mode="PERMANENT" init_range="0..4294967295" global_assert="NO" assert_range="min..max" non_applicable="1"/>
   <scalar name="FordMsg215BusHiSpd_Pim_FordVehTrlrAidModReqPrev" comment="" init_mode="PERMANENT" init_range="min..max" global_assert="NO" assert_range="min..max" non_applicable="1"/>
   <scalar name="FordMsg215BusHiSpd_Pim_FordVehTrlrAidModReqVldPrev" comment="" init_mode="PERMANENT" init_range="0..1" global_assert="NO" assert_range="min..max" non_applicable="1"/>
   <function name="atan2f" comment="" main_generator_called="MAIN_GENERATOR" non_applicable="1">
      <scalar name="return" comment="" init_mode="PERMANENT" init_range="-3.1412..3.1412" global_assert="NO" assert_range="min..max" non_applicable="1"/>
   </function>
   <function name="cosf" comment="" main_generator_called="MAIN_GENERATOR" non_applicable="1">
      <scalar name="return" comment="" init_mode="PERMANENT" init_range="-1..1" global_assert="NO" assert_range="min..max" non_applicable="1"/>
   </function>
   <function name="expf" comment="" main_generator_called="MAIN_GENERATOR" non_applicable="1">
      <scalar name="return" comment="" init_mode="PERMANENT" init_range="0..max" global_assert="NO" assert_range="min..max" non_applicable="1"/>
   </function>
   <function name="fmodf" comment="" main_generator_called="MAIN_GENERATOR" non_applicable="1">
      <scalar name="return" comment="" init_mode="PERMANENT" init_range="0..max" global_assert="NO" assert_range="min..max" non_applicable="1"/>
   </function>
   <function name="sinf" comment="" main_generator_called="MAIN_GENERATOR" non_applicable="1">
      <scalar name="return" comment="" init_mode="PERMANENT" init_range="-1..1" global_assert="NO" assert_range="min..max" non_applicable="1"/>
   </function>
   <function name="sqrtf" comment="" main_generator_called="MAIN_GENERATOR" non_applicable="1">
      <scalar name="return" comment="" init_mode="PERMANENT" init_range="0..max" global_assert="NO" assert_range="min..max" non_applicable="1"/>
   </function>
</global>
