<?pst parser version="1.0" encoding="UTF-8"?>
<DiffFile>
<Header>
--
-- File created by Polyspace / Comments Diff
-- Copyright 1999-2018 MathWorks, Inc.
--
</Header>

<File Name="" NewName="Rte_Stubs.c">
    <Added/>
</File>

<File Name="None" NewName="None">
</File>

<File Name="FordSysSt.c" NewName="FordSysSt.c">

        <Rule Name="8.10" RuleID="2" File="FordSysSt.c" Line="828" Col="0">
            <IsViolated/>
            <Diff Reason="NO_MATCH_FOUND" File="FordSysSt.c" Line="828">
            </Diff>
        </Rule>

        <Rule Name="8.10" RuleID="3" File="FordSysSt.c" Line="909" Col="0">
            <IsViolated/>
            <Diff Reason="NO_MATCH_FOUND" File="FordSysSt.c" Line="909">
            </Diff>
        </Rule>
</File>
</DiffFile>
