<?xml version="1.0" encoding="UTF-8"?>

<MISRA-C-Report version="1.3">


<CodeStruct Name="" File="C:\Users\nz3541\Documents\SynergyWorkingEA4\SF003A_Dampg_Impl\src\Dampg.c" Line="0" Column="0">

<Rule Name="19.1" Mode="advisory" Report="warning" Id="1">
<Loc File="C:\Users\nz3541\Documents\SynergyWorkingEA4\SF003A_Dampg_Impl\src\Dampg.c" Line="276" Column="0">
</Loc>
<Message>
#include statements in a file shall only be preceded by other preprocessor directives or comments.
</Message>
</Rule>

<Rule Name="19.1" Mode="advisory" Report="warning" Id="2">
<Loc File="C:\Users\nz3541\Documents\SynergyWorkingEA4\SF003A_Dampg_Impl\src\Dampg.c" Line="461" Column="0">
</Loc>
<Message>
#include statements in a file shall only be preceded by other preprocessor directives or comments.
</Message>
</Rule>

</CodeStruct>

<CodeStruct Name="HydPwrSteerDampgCmd" File="C:\Users\nz3541\Documents\SynergyWorkingEA4\SF003A_Dampg_Impl\src\Dampg.c" Line="591" Column="15">

<Rule Name="11.5" Mode="required" Report="warning" Id="3">
<Loc File="C:\Users\nz3541\Documents\SynergyWorkingEA4\SF003A_Dampg_Impl\src\Dampg.c" Line="619" Column="63">
</Loc>
<Message>
A cast shall not be performed that removes any const or volatile qualification
from the type addressed by a pointer.
</Message>
</Rule>

<Rule Name="11.5" Mode="required" Report="warning" Id="4">
<Loc File="C:\Users\nz3541\Documents\SynergyWorkingEA4\SF003A_Dampg_Impl\src\Dampg.c" Line="620" Column="63">
</Loc>
<Message>
A cast shall not be performed that removes any const or volatile qualification
from the type addressed by a pointer.
</Message>
</Rule>

<Rule Name="11.5" Mode="required" Report="warning" Id="5">
<Loc File="C:\Users\nz3541\Documents\SynergyWorkingEA4\SF003A_Dampg_Impl\src\Dampg.c" Line="621" Column="79">
</Loc>
<Message>
A cast shall not be performed that removes any const or volatile qualification
from the type addressed by a pointer.
</Message>
</Rule>

<Rule Name="11.5" Mode="required" Report="warning" Id="6">
<Loc File="C:\Users\nz3541\Documents\SynergyWorkingEA4\SF003A_Dampg_Impl\src\Dampg.c" Line="621" Column="158">
</Loc>
<Message>
A cast shall not be performed that removes any const or volatile qualification
from the type addressed by a pointer.
</Message>
</Rule>

<Rule Name="11.5" Mode="required" Report="warning" Id="7">
<Loc File="C:\Users\nz3541\Documents\SynergyWorkingEA4\SF003A_Dampg_Impl\src\Dampg.c" Line="631" Column="63">
</Loc>
<Message>
A cast shall not be performed that removes any const or volatile qualification
from the type addressed by a pointer.
</Message>
</Rule>

<Rule Name="11.5" Mode="required" Report="warning" Id="8">
<Loc File="C:\Users\nz3541\Documents\SynergyWorkingEA4\SF003A_Dampg_Impl\src\Dampg.c" Line="632" Column="63">
</Loc>
<Message>
A cast shall not be performed that removes any const or volatile qualification
from the type addressed by a pointer.
</Message>
</Rule>

<Rule Name="11.5" Mode="required" Report="warning" Id="9">
<Loc File="C:\Users\nz3541\Documents\SynergyWorkingEA4\SF003A_Dampg_Impl\src\Dampg.c" Line="633" Column="79">
</Loc>
<Message>
A cast shall not be performed that removes any const or volatile qualification
from the type addressed by a pointer.
</Message>
</Rule>

<Rule Name="11.5" Mode="required" Report="warning" Id="10">
<Loc File="C:\Users\nz3541\Documents\SynergyWorkingEA4\SF003A_Dampg_Impl\src\Dampg.c" Line="633" Column="158">
</Loc>
<Message>
A cast shall not be performed that removes any const or volatile qualification
from the type addressed by a pointer.
</Message>
</Rule>

<Rule Name="11.5" Mode="required" Report="warning" Id="11">
<Loc File="C:\Users\nz3541\Documents\SynergyWorkingEA4\SF003A_Dampg_Impl\src\Dampg.c" Line="643" Column="63">
</Loc>
<Message>
A cast shall not be performed that removes any const or volatile qualification
from the type addressed by a pointer.
</Message>
</Rule>

<Rule Name="11.5" Mode="required" Report="warning" Id="12">
<Loc File="C:\Users\nz3541\Documents\SynergyWorkingEA4\SF003A_Dampg_Impl\src\Dampg.c" Line="644" Column="63">
</Loc>
<Message>
A cast shall not be performed that removes any const or volatile qualification
from the type addressed by a pointer.
</Message>
</Rule>

<Rule Name="11.5" Mode="required" Report="warning" Id="13">
<Loc File="C:\Users\nz3541\Documents\SynergyWorkingEA4\SF003A_Dampg_Impl\src\Dampg.c" Line="645" Column="79">
</Loc>
<Message>
A cast shall not be performed that removes any const or volatile qualification
from the type addressed by a pointer.
</Message>
</Rule>

<Rule Name="11.5" Mode="required" Report="warning" Id="14">
<Loc File="C:\Users\nz3541\Documents\SynergyWorkingEA4\SF003A_Dampg_Impl\src\Dampg.c" Line="645" Column="158">
</Loc>
<Message>
A cast shall not be performed that removes any const or volatile qualification
from the type addressed by a pointer.
</Message>
</Rule>

<Rule Name="11.5" Mode="required" Report="warning" Id="15">
<Loc File="C:\Users\nz3541\Documents\SynergyWorkingEA4\SF003A_Dampg_Impl\src\Dampg.c" Line="654" Column="63">
</Loc>
<Message>
A cast shall not be performed that removes any const or volatile qualification
from the type addressed by a pointer.
</Message>
</Rule>

<Rule Name="11.5" Mode="required" Report="warning" Id="16">
<Loc File="C:\Users\nz3541\Documents\SynergyWorkingEA4\SF003A_Dampg_Impl\src\Dampg.c" Line="655" Column="63">
</Loc>
<Message>
A cast shall not be performed that removes any const or volatile qualification
from the type addressed by a pointer.
</Message>
</Rule>

<Rule Name="11.5" Mode="required" Report="warning" Id="17">
<Loc File="C:\Users\nz3541\Documents\SynergyWorkingEA4\SF003A_Dampg_Impl\src\Dampg.c" Line="656" Column="79">
</Loc>
<Message>
A cast shall not be performed that removes any const or volatile qualification
from the type addressed by a pointer.
</Message>
</Rule>

<Rule Name="11.5" Mode="required" Report="warning" Id="18">
<Loc File="C:\Users\nz3541\Documents\SynergyWorkingEA4\SF003A_Dampg_Impl\src\Dampg.c" Line="656" Column="158">
</Loc>
<Message>
A cast shall not be performed that removes any const or volatile qualification
from the type addressed by a pointer.
</Message>
</Rule>

<Rule Name="11.5" Mode="required" Report="warning" Id="19">
<Loc File="C:\Users\nz3541\Documents\SynergyWorkingEA4\SF003A_Dampg_Impl\src\Dampg.c" Line="668" Column="68">
</Loc>
<Message>
A cast shall not be performed that removes any const or volatile qualification
from the type addressed by a pointer.
</Message>
</Rule>

<Rule Name="11.5" Mode="required" Report="warning" Id="20">
<Loc File="C:\Users\nz3541\Documents\SynergyWorkingEA4\SF003A_Dampg_Impl\src\Dampg.c" Line="669" Column="68">
</Loc>
<Message>
A cast shall not be performed that removes any const or volatile qualification
from the type addressed by a pointer.
</Message>
</Rule>

<Rule Name="11.5" Mode="required" Report="warning" Id="21">
<Loc File="C:\Users\nz3541\Documents\SynergyWorkingEA4\SF003A_Dampg_Impl\src\Dampg.c" Line="670" Column="84">
</Loc>
<Message>
A cast shall not be performed that removes any const or volatile qualification
from the type addressed by a pointer.
</Message>
</Rule>

<Rule Name="11.5" Mode="required" Report="warning" Id="22">
<Loc File="C:\Users\nz3541\Documents\SynergyWorkingEA4\SF003A_Dampg_Impl\src\Dampg.c" Line="670" Column="163">
</Loc>
<Message>
A cast shall not be performed that removes any const or volatile qualification
from the type addressed by a pointer.
</Message>
</Rule>

</CodeStruct>

<CodeStruct Name="DampgPer1" File="C:\Users\nz3541\Documents\SynergyWorkingEA4\SF003A_Dampg_Impl\src\Dampg.c" Line="361" Column="5">

<Rule Name="11.5" Mode="required" Report="warning" Id="23">
<Loc File="C:\Users\nz3541\Documents\SynergyWorkingEA4\SF003A_Dampg_Impl\src\Dampg.c" Line="399" Column="56">
</Loc>
<Message>
A cast shall not be performed that removes any const or volatile qualification
from the type addressed by a pointer.
</Message>
</Rule>

<Rule Name="11.5" Mode="required" Report="warning" Id="24">
<Loc File="C:\Users\nz3541\Documents\SynergyWorkingEA4\SF003A_Dampg_Impl\src\Dampg.c" Line="400" Column="56">
</Loc>
<Message>
A cast shall not be performed that removes any const or volatile qualification
from the type addressed by a pointer.
</Message>
</Rule>

<Rule Name="11.5" Mode="required" Report="warning" Id="25">
<Loc File="C:\Users\nz3541\Documents\SynergyWorkingEA4\SF003A_Dampg_Impl\src\Dampg.c" Line="401" Column="72">
</Loc>
<Message>
A cast shall not be performed that removes any const or volatile qualification
from the type addressed by a pointer.
</Message>
</Rule>

<Rule Name="11.5" Mode="required" Report="warning" Id="26">
<Loc File="C:\Users\nz3541\Documents\SynergyWorkingEA4\SF003A_Dampg_Impl\src\Dampg.c" Line="401" Column="137">
</Loc>
<Message>
A cast shall not be performed that removes any const or volatile qualification
from the type addressed by a pointer.
</Message>
</Rule>

<Rule Name="11.5" Mode="required" Report="warning" Id="27">
<Loc File="C:\Users\nz3541\Documents\SynergyWorkingEA4\SF003A_Dampg_Impl\src\Dampg.c" Line="407" Column="59">
</Loc>
<Message>
A cast shall not be performed that removes any const or volatile qualification
from the type addressed by a pointer.
</Message>
</Rule>

<Rule Name="11.5" Mode="required" Report="warning" Id="28">
<Loc File="C:\Users\nz3541\Documents\SynergyWorkingEA4\SF003A_Dampg_Impl\src\Dampg.c" Line="408" Column="59">
</Loc>
<Message>
A cast shall not be performed that removes any const or volatile qualification
from the type addressed by a pointer.
</Message>
</Rule>

<Rule Name="11.5" Mode="required" Report="warning" Id="29">
<Loc File="C:\Users\nz3541\Documents\SynergyWorkingEA4\SF003A_Dampg_Impl\src\Dampg.c" Line="409" Column="75">
</Loc>
<Message>
A cast shall not be performed that removes any const or volatile qualification
from the type addressed by a pointer.
</Message>
</Rule>

<Rule Name="11.5" Mode="required" Report="warning" Id="30">
<Loc File="C:\Users\nz3541\Documents\SynergyWorkingEA4\SF003A_Dampg_Impl\src\Dampg.c" Line="409" Column="139">
</Loc>
<Message>
A cast shall not be performed that removes any const or volatile qualification
from the type addressed by a pointer.
</Message>
</Rule>

</CodeStruct>

<CodeStruct Name="MotVelDampgCmd" File="C:\Users\nz3541\Documents\SynergyWorkingEA4\SF003A_Dampg_Impl\src\Dampg.c" Line="477" Column="15">

<Rule Name="11.5" Mode="required" Report="warning" Id="31">
<Loc File="C:\Users\nz3541\Documents\SynergyWorkingEA4\SF003A_Dampg_Impl\src\Dampg.c" Line="563" Column="82">
</Loc>
<Message>
A cast shall not be performed that removes any const or volatile qualification
from the type addressed by a pointer.
</Message>
</Rule>

<Rule Name="11.5" Mode="required" Report="warning" Id="32">
<Loc File="C:\Users\nz3541\Documents\SynergyWorkingEA4\SF003A_Dampg_Impl\src\Dampg.c" Line="564" Column="98">
</Loc>
<Message>
A cast shall not be performed that removes any const or volatile qualification
from the type addressed by a pointer.
</Message>
</Rule>

<Rule Name="11.5" Mode="required" Report="warning" Id="33">
<Loc File="C:\Users\nz3541\Documents\SynergyWorkingEA4\SF003A_Dampg_Impl\src\Dampg.c" Line="564" Column="177">
</Loc>
<Message>
A cast shall not be performed that removes any const or volatile qualification
from the type addressed by a pointer.
</Message>
</Rule>

<Rule Name="11.5" Mode="required" Report="warning" Id="34">
<Loc File="C:\Users\nz3541\Documents\SynergyWorkingEA4\SF003A_Dampg_Impl\src\Dampg.c" Line="567" Column="98">
</Loc>
<Message>
A cast shall not be performed that removes any const or volatile qualification
from the type addressed by a pointer.
</Message>
</Rule>

<Rule Name="11.5" Mode="required" Report="warning" Id="35">
<Loc File="C:\Users\nz3541\Documents\SynergyWorkingEA4\SF003A_Dampg_Impl\src\Dampg.c" Line="567" Column="175">
</Loc>
<Message>
A cast shall not be performed that removes any const or volatile qualification
from the type addressed by a pointer.
</Message>
</Rule>

</CodeStruct>

</MISRA-C-Report>
