<?xml version="1.0" encoding="UTF-8"?>
<Navig version="1.0">
<Files>
<F id="1" n="C:\Program Files\MATLAB\R2013b\polyspace\verifier\cxx\cinclude\stdarg.h"/>
<F id="2" n="C:\_EA4SynWrkgCpy\AR201A_ArCplrSuprt_Impl\include\ASR4.0.3\Platform_Types.h"/>
<F id="3" n="C:\_EA4SynWrkgCpy\AR200A_ArSuprt_Impl\include\ASR4.0.3\Std_Types.h"/>
<F id="4" n="C:\_EA4SynWrkgCpy\CM109B_ClkCfgAndMon_Impl\tools\local\generate\Rte_CDD_ClkCfgAndMon.h"/>
<F id="5" n="C:\_EA4SynWrkgCpy\CM109B_ClkCfgAndMon_Impl\src\CDD_ClkCfgAndMon.c"/>
<F id="6" n="C:\_EA4SynWrkgCpy\AR202A_MicroCtrlrSuprt_Impl\include\P1XC\R7F701373A\CLMA5_RegDefns.h"/>
<F id="7" n="C:\_EA4SynWrkgCpy\CM109B_ClkCfgAndMon_Impl\tools\local\include\Os.h"/>
<F id="8" n="C:\_EA4SynWrkgCpy\CM109B_ClkCfgAndMon_Impl\src\CDD_ClkCfgAndMonNonRte.c"/>
<F id="9" n="C:\_EA4SynWrkgCpy\CM109B_ClkCfgAndMon_Impl\tools\local\generate\Rte_Stubs.c"/>
<F id="10" n="C-STUBS\__polyspace__stdstubs.c"/>
<F id="11" n="C:\_EA4SynWrkgCpy\TL103A_CplrSuprt\include\2013.5.5\ansi\float.h"/>
<F id="12" n="C:\_EA4SynWrkgCpy\CM109B_ClkCfgAndMon_Impl\include\CDD_ClkCfgAndMon.h"/>
<F id="13" n="C:\Program Files\MATLAB\R2013b\polyspace\verifier\cxx\cinclude\__polyspace__std_decls.h"/>
<F id="14" n="C:\Program Files\MATLAB\R2013b\polyspace\verifier\cxx\cinclude\assert.h"/>
<F id="15" n="C:\Program Files\MATLAB\R2013b\polyspace\verifier\cxx\cinclude\__polyspace__libc_defs.h"/>
<F id="16" n="C:\_EA4SynWrkgCpy\CM109B_ClkCfgAndMon_Impl\tools\local\generate\Rte_CDD_ClkCfgAndMon_Type.h"/>
<F id="17" n="C:\_EA4SynWrkgCpy\CM109B_ClkCfgAndMon_Impl\tools\local\generate\Rte_Type.h"/>
<F id="18" n="C:\_EA4SynWrkgCpy\CM109B_ClkCfgAndMon_Impl\tools\local\generate\Rte.h"/>
<F id="19" n="C:\_EA4SynWrkgCpy\AR201A_ArCplrSuprt_Impl\include\ASR4.0.3\Compiler.h"/>
<F id="20" n="C:\_EA4SynWrkgCpy\AR201A_ArCplrSuprt_Impl\tools\contract\Compiler_Cfg.h"/>
<F id="21" n="C:\_EA4SynWrkgCpy\AR201A_ArCplrSuprt_Impl\tools\contract\Renesas_Compiler.h"/>
<F id="22" n="C:\_EA4SynWrkgCpy\CM109B_ClkCfgAndMon_Impl\tools\local\generate\Rte_DataHandleType.h"/>
<F id="23" n="C:\_EA4SynWrkgCpy\AR200A_ArSuprt_Impl\tools\contract\MemMap.h"/>
<F id="24" n="C:\_EA4SynWrkgCpy\CM109B_ClkCfgAndMon_Impl\tools\local\generate\CDD_ClkCfgAndMon_MemMap.h"/>
<F id="25" n="C:\_EA4SynWrkgCpy\CM109B_ClkCfgAndMon_Impl\tools\local\generate\Rte_Stubs.h"/>
</Files>
<Definitions>
<D id="1" f="10" l="451" c="23" n="_polyspace_random_uchar" t="5" d="1"/>
<D id="2" f="10" l="443" c="14" n="_polyspace_random_char" t="5" d="1"/>
<D id="3" f="10" l="461" c="24" n="random" t="4" d="1"/>
<D id="4" f="10" l="453" c="34" n="random" t="4" d="1"/>
<D id="5" f="10" l="475" c="23" n="_polyspace_random_ulong" t="5" d="1"/>
<D id="6" f="10" l="445" c="25" n="random" t="4" d="1"/>
<D id="7" f="10" l="482" c="16" n="_polyspace_random_double" t="5" d="1"/>
<D id="8" f="10" l="459" c="13" n="_polyspace_random_int" t="5" d="1"/>
<D id="9" f="10" l="467" c="14" n="_polyspace_random_long" t="5" d="1"/>
<D id="10" f="10" l="3529" c="4" n="__polyspace_nb_varargs" t="1" d="1"/>
<D id="11" f="10" l="477" c="34" n="random" t="4" d="1"/>
<D id="12" f="10" l="484" c="27" n="random" t="4" d="1"/>
<D id="13" f="10" l="469" c="25" n="random" t="4" d="1"/>
<D id="14" f="10" l="3528" c="7" n="__polyspace_vararg" t="1" d="1"/>
<D id="15" f="10" l="6874" c="14" n="_polyspace_compare_function_type" t="7" d="1"/>
<D id="16" f="7" l="3" c="12" n="SuspendOSInterrupts" t="2" d="0"/>
<D id="17" f="7" l="4" c="12" n="ResumeOSInterrupts" t="2" d="0"/>
<D id="18" f="7" l="6" c="12" n="SuspendAllInterrupts" t="2" d="0"/>
<D id="19" f="6" l="90" c="2" n="CLMA5PCMDBits_t" t="7" d="1"/>
<D id="20" f="7" l="7" c="12" n="ResumeAllInterrupts" t="2" d="0"/>
<D id="21" f="6" l="55" c="2" n="CLMA5CTL0Bits_t" t="7" d="1"/>
<D id="22" f="4" l="50" c="7" n="Rte_CDS_CDD_ClkCfgAndMon" t="6" d="1"/>
<D id="23" f="6" l="85" c="2" n="CLMA5CMPHBits_t" t="7" d="1"/>
<D id="24" f="6" l="76" c="2" n="CLMA5CMPLBits_t" t="7" d="1"/>
<D id="25" f="6" l="67" c="2" n="CLMA5CTL1Bits_t" t="7" d="1"/>
<D id="26" f="8" l="36" c="5" n="ClkCfgAndMonInit0" t="2" d="1"/>
<D id="27" f="9" l="18" c="5" n="Rte_Stub" t="2" d="1"/>
<D id="28" f="4" l="53" c="8" n="_dummy" t="9" d="1"/>
<D id="29" f="5" l="79" c="5" n="ClkCfgAndMonInit1" t="2" d="1"/>
<D id="30" f="10" l="11334" c="21" n="HUGE_VAL" t="1" d="1"/>
<D id="31" f="10" l="11316" c="12" n="_polyspace_random_long_double" t="2" d="1"/>
<D id="32" f="10" l="11335" c="21" n="HUGE_VALF" t="1" d="1"/>
<D id="33" f="10" l="11336" c="21" n="HUGE_VALL" t="1" d="1"/>
<D id="34" f="10" l="11318" c="23" n="random" t="4" d="1"/>
<D id="35" f="10" l="12178" c="16" n="__polyspace_absolute_address" t="1" d="1"/>
<D id="36" f="6" l="50" c="10" n="padding3" t="9" d="1"/>
<D id="37" f="6" l="60" c="10" n="padding1" t="9" d="1"/>
<D id="38" f="6" l="51" c="10" n="padding4" t="9" d="1"/>
<D id="39" f="6" l="102" c="2" n="CLMA5PSBits_t" t="7" d="1"/>
<D id="40" f="6" l="61" c="10" n="padding2" t="9" d="1"/>
<D id="41" f="6" l="52" c="10" n="padding5" t="9" d="1"/>
<D id="42" f="6" l="62" c="10" n="padding3" t="9" d="1"/>
<D id="43" f="6" l="53" c="10" n="padding6" t="9" d="1"/>
<D id="44" f="3" l="141" c="2" n="Std_VersionInfoType" t="7" d="1"/>
<D id="45" f="6" l="63" c="10" n="padding4" t="9" d="1"/>
<D id="46" f="6" l="141" c="2" n="CLMA5CMPH_t" t="7" d="1"/>
<D id="47" f="6" l="54" c="10" n="padding7" t="9" d="1"/>
<D id="48" f="6" l="80" c="11" n="_CLMA5CMPH" t="9" d="1"/>
<D id="49" f="6" l="71" c="11" n="_CLMA5CMPL" t="9" d="1"/>
<D id="50" f="6" l="123" c="2" n="CLMA5CTL0_t" t="7" d="1"/>
<D id="51" f="6" l="114" c="2" n="CLMA5EMU0Bits_t" t="7" d="1"/>
<D id="52" f="6" l="64" c="10" n="padding5" t="9" d="1"/>
<D id="53" f="6" l="81" c="11" n="padding12" t="9" d="1"/>
<D id="54" f="6" l="72" c="11" n="padding12" t="9" d="1"/>
<D id="55" f="6" l="65" c="10" n="padding6" t="9" d="1"/>
<D id="56" f="6" l="82" c="11" n="padding13" t="9" d="1"/>
<D id="57" f="6" l="47" c="10" n="_CLMA5CLME" t="9" d="1"/>
<D id="58" f="6" l="73" c="11" n="padding13" t="9" d="1"/>
<D id="59" f="6" l="66" c="10" n="padding7" t="9" d="1"/>
<D id="60" f="6" l="83" c="11" n="padding14" t="9" d="1"/>
<D id="61" f="6" l="48" c="10" n="padding1" t="9" d="1"/>
<D id="62" f="6" l="74" c="11" n="padding14" t="9" d="1"/>
<D id="63" f="6" l="153" c="2" n="CLMA5PS_t" t="7" d="1"/>
<D id="64" f="6" l="135" c="2" n="CLMA5CMPL_t" t="7" d="1"/>
<D id="65" f="6" l="84" c="11" n="padding15" t="9" d="1"/>
<D id="66" f="6" l="95" c="10" n="padding1" t="9" d="1"/>
<D id="67" f="6" l="49" c="10" n="padding2" t="9" d="1"/>
<D id="68" f="6" l="75" c="11" n="padding15" t="9" d="1"/>
<D id="69" f="6" l="59" c="10" n="_TESENWPRT" t="9" d="1"/>
<D id="70" f="6" l="96" c="10" n="padding2" t="9" d="1"/>
<D id="71" f="6" l="97" c="10" n="padding3" t="9" d="1"/>
<D id="72" f="1" l="45" c="14" n="__va_list" t="7" d="1"/>
<D id="73" f="6" l="98" c="10" n="padding4" t="9" d="1"/>
<D id="74" f="6" l="89" c="10" n="_CLMA5REG" t="9" d="1"/>
<D id="75" f="6" l="147" c="2" n="CLMA5PCMD_t" t="7" d="1"/>
<D id="76" f="6" l="129" c="2" n="CLMA5CTL1_t" t="7" d="1"/>
<D id="77" f="6" l="99" c="10" n="padding5" t="9" d="1"/>
<D id="78" f="1" l="50" c="18" n="__gnuc_va_list" t="7" d="1"/>
<D id="79" f="6" l="159" c="2" n="CLMA5EMU0_t" t="7" d="1"/>
<D id="80" f="6" l="94" c="16" n="_CLMA5PRERR" t="9" d="1"/>
<D id="81" f="1" l="49" c="18" n="va_list" t="7" d="1"/>
<D id="82" f="4" l="64" c="47" n="Rte_Instance" t="7" d="1"/>
<D id="83" f="6" l="100" c="10" n="padding6" t="9" d="1"/>
<D id="84" f="6" l="110" c="10" n="padding4" t="9" d="1"/>
<D id="85" f="6" l="101" c="10" n="padding7" t="9" d="1"/>
<D id="86" f="6" l="111" c="10" n="padding5" t="9" d="1"/>
<D id="87" f="6" l="121" c="10" n="UINT8" t="9" d="1"/>
<D id="88" f="3" l="140" c="10" n="sw_patch_version" t="9" d="1"/>
<D id="89" f="6" l="112" c="10" n="padding6" t="9" d="1"/>
<D id="90" f="6" l="113" c="10" n="padding7" t="9" d="1"/>
<D id="91" f="2" l="110" c="31" n="uint32" t="7" d="1"/>
<D id="92" f="6" l="140" c="20" n="BIT" t="9" d="1"/>
<D id="93" f="6" l="122" c="20" n="BIT" t="9" d="1"/>
<D id="94" f="6" l="151" c="10" n="UINT8" t="9" d="1"/>
<D id="95" f="6" l="106" c="10" n="_CLMA5SLSLW" t="9" d="1"/>
<D id="96" f="10" l="51" c="12" n="ptrdiff_t" t="7" d="1"/>
<D id="97" f="2" l="112" c="31" n="sint8_least" t="7" d="1"/>
<D id="98" f="2" l="103" c="31" n="boolean" t="7" d="1"/>
<D id="99" f="6" l="107" c="10" n="_CLMA5SLFST" t="9" d="1"/>
<D id="100" f="6" l="133" c="11" n="UINT16" t="9" d="1"/>
<D id="101" f="2" l="113" c="31" n="uint8_least" t="7" d="1"/>
<D id="102" f="6" l="134" c="20" n="BIT" t="9" d="1"/>
<D id="103" f="3" l="136" c="10" n="vendorID" t="9" d="1"/>
<D id="104" f="6" l="108" c="10" n="padding2" t="9" d="1"/>
<D id="105" f="6" l="145" c="10" n="UINT8" t="9" d="1"/>
<D id="106" f="2" l="114" c="31" n="sint16_least" t="7" d="1"/>
<D id="107" f="6" l="127" c="10" n="UINT8" t="9" d="1"/>
<D id="108" f="2" l="105" c="31" n="sint8" t="7" d="1"/>
<D id="109" f="3" l="137" c="10" n="moduleID" t="9" d="1"/>
<D id="110" f="10" l="54" c="21" n="wchar_t" t="7" d="1"/>
<D id="111" f="6" l="109" c="10" n="padding3" t="9" d="1"/>
<D id="112" f="2" l="115" c="31" n="uint16_least" t="7" d="1"/>
<D id="113" f="2" l="106" c="31" n="uint8" t="7" d="1"/>
<D id="114" f="3" l="138" c="10" n="sw_major_version" t="9" d="1"/>
<D id="115" f="3" l="132" c="14" n="Std_ReturnType" t="7" d="1"/>
<D id="116" f="2" l="116" c="31" n="sint32_least" t="7" d="1"/>
<D id="117" f="6" l="146" c="20" n="BIT" t="9" d="1"/>
<D id="118" f="2" l="107" c="31" n="sint16" t="7" d="1"/>
<D id="119" f="3" l="125" c="22" n="StatusType" t="7" d="1"/>
<D id="120" f="3" l="139" c="10" n="sw_minor_version" t="9" d="1"/>
<D id="121" f="6" l="128" c="20" n="BIT" t="9" d="1"/>
<D id="122" f="6" l="157" c="10" n="UINT8" t="9" d="1"/>
<D id="123" f="2" l="117" c="31" n="uint32_least" t="7" d="1"/>
<D id="124" f="2" l="108" c="31" n="uint16" t="7" d="1"/>
<D id="125" f="2" l="127" c="31" n="sint64" t="7" d="1"/>
<D id="126" f="2" l="109" c="31" n="sint32" t="7" d="1"/>
<D id="127" f="6" l="139" c="11" n="UINT16" t="9" d="1"/>
<D id="128" f="10" l="49" c="21" n="size_t" t="7" d="1"/>
<D id="129" f="2" l="128" c="31" n="uint64" t="7" d="1"/>
<D id="130" f="6" l="158" c="20" n="BIT" t="9" d="1"/>
<D id="131" f="10" l="425" c="4" n="errno" t="1" d="1"/>
<D id="132" f="6" l="152" c="24" n="BIT" t="9" d="1"/>
<D id="133" f="2" l="138" c="31" n="float32" t="7" d="1"/>
<D id="134" f="2" l="139" c="31" n="float64" t="7" d="1"/>
<D id="135" f="6" l="164" c="72" n="CLMA5CTL0_BASE" t="1" d="0"/>
<D id="136" f="6" l="166" c="72" n="CLMA5CMPL_BASE" t="1" d="0"/>
<D id="137" f="6" l="167" c="72" n="CLMA5CMPH_BASE" t="1" d="0"/>
<D id="138" f="6" l="168" c="72" n="CLMA5PCMD_BASE" t="1" d="0"/>
<D id="139" f="6" l="169" c="74" n="CLMA5PS_BASE" t="1" d="0"/>
</Definitions>
<Uses>
<U id="1" f="10" l="470" c="11" d="13" a="0"/>
<U id="2" f="10" l="462" c="11" d="3" a="0"/>
<U id="3" f="10" l="454" c="11" d="4" a="0"/>
<U id="4" f="10" l="446" c="11" d="6" a="0"/>
<U id="5" f="10" l="485" c="11" d="12" a="0"/>
<U id="6" f="10" l="478" c="11" d="11" a="0"/>
<U id="7" f="9" l="20" c="4" d="26" a="0"/>
<U id="8" f="9" l="21" c="4" d="29" a="0"/>
<U id="9" f="4" l="53" c="2" d="113" a="0"/>
<U id="10" f="8" l="43" c="2" d="138" a="1"/>
<U id="11" f="6" l="50" c="4" d="113" a="0"/>
<U id="12" f="8" l="50" c="4" d="16" a="0"/>
<U id="13" f="6" l="60" c="4" d="113" a="0"/>
<U id="14" f="8" l="44" c="2" d="135" a="1"/>
<U id="15" f="6" l="51" c="4" d="113" a="0"/>
<U id="16" f="8" l="51" c="4" d="138" a="1"/>
<U id="17" f="6" l="61" c="4" d="113" a="0"/>
<U id="18" f="8" l="45" c="2" d="135" a="1"/>
<U id="19" f="6" l="52" c="4" d="113" a="0"/>
<U id="20" f="6" l="80" c="4" d="124" a="0"/>
<U id="21" f="6" l="71" c="4" d="124" a="0"/>
<U id="22" f="8" l="52" c="4" d="135" a="1"/>
<U id="23" f="6" l="62" c="4" d="113" a="0"/>
<U id="24" f="8" l="46" c="2" d="135" a="1"/>
<U id="25" f="6" l="53" c="4" d="113" a="0"/>
<U id="26" f="6" l="81" c="4" d="124" a="0"/>
<U id="27" f="6" l="72" c="4" d="124" a="0"/>
<U id="28" f="8" l="53" c="4" d="135" a="1"/>
<U id="29" f="6" l="63" c="4" d="113" a="0"/>
<U id="30" f="6" l="54" c="4" d="113" a="0"/>
<U id="31" f="8" l="38" c="2" d="136" a="1"/>
<U id="32" f="6" l="82" c="4" d="124" a="0"/>
<U id="33" f="8" l="60" c="6" d="18" a="0"/>
<U id="34" f="6" l="73" c="4" d="124" a="0"/>
<U id="35" f="8" l="54" c="4" d="135" a="1"/>
<U id="36" f="6" l="64" c="4" d="113" a="0"/>
<U id="37" f="1" l="50" c="8" d="72" a="0"/>
<U id="38" f="8" l="39" c="2" d="137" a="1"/>
<U id="39" f="4" l="82" c="5" d="29" a="0"/>
<U id="40" f="6" l="83" c="4" d="124" a="0"/>
<U id="41" f="8" l="61" c="6" d="138" a="1"/>
<U id="42" f="6" l="74" c="4" d="124" a="0"/>
<U id="43" f="8" l="55" c="4" d="17" a="0"/>
<U id="44" f="6" l="65" c="4" d="113" a="0"/>
<U id="45" f="6" l="47" c="4" d="113" a="0"/>
<U id="46" f="6" l="84" c="4" d="124" a="0"/>
<U id="47" f="8" l="62" c="6" d="135" a="1"/>
<U id="48" f="6" l="75" c="4" d="124" a="0"/>
<U id="49" f="6" l="66" c="4" d="113" a="0"/>
<U id="50" f="6" l="48" c="4" d="113" a="0"/>
<U id="51" f="8" l="63" c="6" d="135" a="1"/>
<U id="52" f="6" l="95" c="4" d="113" a="0"/>
<U id="53" f="6" l="49" c="4" d="113" a="0"/>
<U id="54" f="8" l="64" c="6" d="135" a="1"/>
<U id="55" f="6" l="59" c="4" d="113" a="0"/>
<U id="56" f="6" l="96" c="4" d="113" a="0"/>
<U id="57" f="8" l="65" c="6" d="20" a="0"/>
<U id="58" f="1" l="84" c="7" d="81" a="0"/>
<U id="59" f="8" l="47" c="6" d="139" a="1"/>
<U id="60" f="6" l="97" c="4" d="113" a="0"/>
<U id="61" f="6" l="98" c="4" d="113" a="0"/>
<U id="62" f="6" l="89" c="4" d="113" a="0"/>
<U id="63" f="6" l="99" c="4" d="113" a="0"/>
<U id="64" f="1" l="49" c="8" d="72" a="0"/>
<U id="65" f="10" l="11319" c="9" d="34" a="0"/>
<U id="66" f="6" l="100" c="4" d="113" a="0"/>
<U id="67" f="8" l="43" c="19" d="105" a="0"/>
<U id="68" f="8" l="51" c="29" d="113" a="0"/>
<U id="69" f="6" l="110" c="4" d="113" a="0"/>
<U id="70" f="6" l="101" c="4" d="113" a="0"/>
<U id="71" f="8" l="44" c="19" d="87" a="0"/>
<U id="72" f="3" l="140" c="3" d="113" a="0"/>
<U id="73" f="8" l="52" c="29" d="113" a="0"/>
<U id="74" f="6" l="111" c="4" d="113" a="0"/>
<U id="75" f="8" l="45" c="19" d="87" a="0"/>
<U id="76" f="8" l="51" c="21" d="105" a="0"/>
<U id="77" f="8" l="53" c="29" d="113" a="0"/>
<U id="78" f="6" l="121" c="4" d="113" a="0"/>
<U id="79" f="6" l="112" c="4" d="113" a="0"/>
<U id="80" f="8" l="46" c="19" d="87" a="0"/>
<U id="81" f="8" l="52" c="21" d="87" a="0"/>
<U id="82" f="8" l="54" c="29" d="113" a="0"/>
<U id="83" f="6" l="140" c="4" d="23" a="0"/>
<U id="84" f="6" l="122" c="4" d="21" a="0"/>
<U id="85" f="6" l="113" c="4" d="113" a="0"/>
<U id="86" f="8" l="38" c="19" d="100" a="0"/>
<U id="87" f="8" l="53" c="21" d="87" a="0"/>
<U id="88" f="6" l="94" c="10" d="113" a="0"/>
<U id="89" f="8" l="61" c="31" d="113" a="0"/>
<U id="90" f="4" l="64" c="21" d="22" a="0"/>
<U id="91" f="8" l="39" c="19" d="127" a="0"/>
<U id="92" f="8" l="54" c="21" d="87" a="0"/>
<U id="93" f="1" l="84" c="39" d="81" a="0"/>
<U id="94" f="8" l="62" c="31" d="113" a="0"/>
<U id="95" f="6" l="151" c="4" d="113" a="0"/>
<U id="96" f="6" l="133" c="4" d="124" a="0"/>
<U id="97" f="8" l="61" c="23" d="105" a="0"/>
<U id="98" f="8" l="63" c="31" d="113" a="0"/>
<U id="99" f="6" l="106" c="4" d="113" a="0"/>
<U id="100" f="6" l="134" c="4" d="24" a="0"/>
<U id="101" f="8" l="47" c="21" d="94" a="0"/>
<U id="102" f="8" l="62" c="23" d="87" a="0"/>
<U id="103" f="8" l="64" c="31" d="113" a="0"/>
<U id="104" f="3" l="136" c="3" d="124" a="0"/>
<U id="105" f="6" l="107" c="4" d="113" a="0"/>
<U id="106" f="8" l="57" c="12" d="139" a="1"/>
<U id="107" f="8" l="63" c="23" d="87" a="0"/>
<U id="108" f="3" l="137" c="3" d="124" a="0"/>
<U id="109" f="6" l="108" c="4" d="113" a="0"/>
<U id="110" f="8" l="64" c="23" d="87" a="0"/>
<U id="111" f="6" l="145" c="4" d="113" a="0"/>
<U id="112" f="3" l="138" c="3" d="113" a="0"/>
<U id="113" f="6" l="127" c="4" d="113" a="0"/>
<U id="114" f="6" l="109" c="4" d="113" a="0"/>
<U id="115" f="6" l="146" c="4" d="19" a="0"/>
<U id="116" f="3" l="132" c="8" d="113" a="0"/>
<U id="117" f="3" l="139" c="3" d="113" a="0"/>
<U id="118" f="6" l="128" c="4" d="25" a="0"/>
<U id="119" f="6" l="157" c="4" d="113" a="0"/>
<U id="120" f="6" l="139" c="4" d="124" a="0"/>
<U id="121" f="8" l="43" c="27" d="113" a="0"/>
<U id="122" f="6" l="158" c="4" d="51" a="0"/>
<U id="123" f="8" l="44" c="27" d="113" a="0"/>
<U id="124" f="8" l="45" c="27" d="113" a="0"/>
<U id="125" f="8" l="46" c="27" d="113" a="0"/>
<U id="126" f="8" l="57" c="27" d="94" a="0"/>
<U id="127" f="8" l="38" c="28" d="124" a="0"/>
<U id="128" f="8" l="39" c="28" d="124" a="0"/>
<U id="129" f="6" l="152" c="10" d="39" a="0"/>
<U id="130" f="6" l="164" c="60" d="50" a="0"/>
<U id="131" f="6" l="166" c="60" d="64" a="0"/>
<U id="132" f="6" l="167" c="60" d="46" a="0"/>
<U id="133" f="6" l="168" c="60" d="75" a="0"/>
<U id="134" f="6" l="169" c="64" d="63" a="0"/>
</Uses>
<Blocks>
<B id="1" t="routine" f="9" l="18" c="5">
<BEGIN l="19" c="0"/>
<END l="22" c="0"/>
</B>
<B id="2" t="ppcif" f="11" l="13" c="0">
<BEGIN l="13" c="16"/>
<END l="133" c="0"/>
</B>
<B id="3" t="ppcrmif" f="11" l="14" c="0">
<BEGIN l="14" c="14"/>
<END l="16" c="0"/>
</B>
<B id="4" t="ppcif" f="11" l="18" c="0">
<BEGIN l="18" c="23"/>
<END l="129" c="0"/>
</B>
<B id="5" t="ppcrmif" f="11" l="25" c="0">
<BEGIN l="25" c="70"/>
<END l="27" c="0"/>
</B>
<B id="6" t="ppcelse" f="11" l="27" c="0">
<BEGIN l="27" c="5"/>
<END l="29" c="0"/>
</B>
<B id="7" t="ppcrmif" f="11" l="31" c="0">
<BEGIN l="31" c="67"/>
<END l="32" c="0"/>
</B>
<B id="8" t="ppcrmelif" f="11" l="32" c="0">
<BEGIN l="32" c="5"/>
<END l="35" c="0"/>
</B>
<B id="9" t="ppcrmelif" f="11" l="35" c="0">
<BEGIN l="35" c="5"/>
<END l="40" c="0"/>
</B>
<B id="10" t="ppcrmelse" f="11" l="40" c="0">
<BEGIN l="40" c="5"/>
<END l="42" c="0"/>
</B>
<B id="11" t="ppcrmif" f="11" l="54" c="0">
<BEGIN l="54" c="23"/>
<END l="55" c="0"/>
</B>
<B id="12" t="ppcrmelif" f="11" l="55" c="0">
<BEGIN l="55" c="5"/>
<END l="76" c="0"/>
</B>
<B id="13" t="ppcrmelse" f="11" l="76" c="0">
<BEGIN l="76" c="26"/>
<END l="123" c="0"/>
</B>
<B id="14" t="ppcrmif" f="11" l="89" c="0">
<BEGIN l="89" c="51"/>
<END l="100" c="0"/>
</B>
<B id="15" t="ppcrmelif" f="11" l="100" c="0">
<BEGIN l="100" c="5"/>
<END l="110" c="0"/>
</B>
<B id="16" t="ppcrmelse" f="11" l="110" c="0">
<BEGIN l="110" c="62"/>
<END l="121" c="0"/>
</B>
<B id="17" t="ppcif" f="11" l="125" c="0">
<BEGIN l="125" c="19"/>
<END l="127" c="0"/>
</B>
<B id="18" t="ppcrmif" f="11" l="130" c="0">
<BEGIN l="130" c="14"/>
<END l="132" c="0"/>
</B>
<B id="19" t="else" f="8" l="67" c="4">
<BEGIN l="68" c="4"/>
<END l="70" c="4"/>
</B>
<B id="20" t="if" f="8" l="57" c="8">
<BEGIN l="58" c="8"/>
<END l="66" c="8"/>
<ELSE d="19"/>
</B>
<B id="21" t="if" f="8" l="47" c="2">
<BEGIN l="48" c="2"/>
<END l="71" c="2"/>
<SUB d="20"/>
</B>
<B id="22" t="routine" f="8" l="36" c="5">
<BEGIN l="37" c="0"/>
<END l="72" c="0"/>
<SUB d="21"/>
</B>
<B id="23" t="type" f="6" l="46" c="0">
<BEGIN l="46" c="0"/>
<END l="55" c="0"/>
</B>
<B id="24" t="type" f="6" l="58" c="0">
<BEGIN l="58" c="0"/>
<END l="67" c="0"/>
</B>
<B id="25" t="type" f="6" l="70" c="0">
<BEGIN l="70" c="0"/>
<END l="76" c="0"/>
</B>
<B id="26" t="type" f="6" l="79" c="0">
<BEGIN l="79" c="0"/>
<END l="85" c="0"/>
</B>
<B id="27" t="type" f="6" l="88" c="0">
<BEGIN l="88" c="0"/>
<END l="90" c="0"/>
</B>
<B id="28" t="type" f="6" l="93" c="0">
<BEGIN l="93" c="0"/>
<END l="102" c="0"/>
</B>
<B id="29" t="type" f="6" l="105" c="0">
<BEGIN l="105" c="0"/>
<END l="114" c="0"/>
</B>
<B id="30" t="type" f="6" l="120" c="0">
<BEGIN l="120" c="0"/>
<END l="123" c="0"/>
</B>
<B id="31" t="type" f="6" l="126" c="0">
<BEGIN l="126" c="0"/>
<END l="129" c="0"/>
</B>
<B id="32" t="type" f="6" l="132" c="0">
<BEGIN l="132" c="0"/>
<END l="135" c="0"/>
</B>
<B id="33" t="type" f="6" l="138" c="0">
<BEGIN l="138" c="0"/>
<END l="141" c="0"/>
</B>
<B id="34" t="type" f="6" l="144" c="0">
<BEGIN l="144" c="0"/>
<END l="147" c="0"/>
</B>
<B id="35" t="type" f="6" l="150" c="0">
<BEGIN l="150" c="0"/>
<END l="153" c="0"/>
</B>
<B id="36" t="type" f="6" l="156" c="0">
<BEGIN l="156" c="0"/>
<END l="159" c="0"/>
</B>
<B id="37" t="ppcif" f="6" l="1" c="0">
<BEGIN l="1" c="35"/>
<END l="195" c="0"/>
</B>
<B id="38" t="ppcif" f="6" l="24" c="0">
<BEGIN l="24" c="31"/>
<END l="32" c="0"/>
</B>
<B id="39" t="ppcif" f="12" l="19" c="0">
<BEGIN l="19" c="26"/>
<END l="24" c="0"/>
</B>
<B id="40" t="routine" f="5" l="79" c="5">
<BEGIN l="80" c="0"/>
<END l="91" c="0"/>
</B>
<B id="41" t="ppcif" f="13" l="15" c="0">
<BEGIN l="15" c="27"/>
<END l="330" c="0"/>
</B>
<B id="42" t="ppcif" f="13" l="25" c="0">
<BEGIN l="25" c="19"/>
<END l="155" c="0"/>
</B>
<B id="43" t="ppcrmif" f="13" l="46" c="0">
<BEGIN l="46" c="93"/>
<END l="91" c="0"/>
</B>
<B id="44" t="ppcrmif" f="13" l="94" c="0">
<BEGIN l="94" c="91"/>
<END l="153" c="0"/>
</B>
<B id="45" t="ppcrmelse" f="13" l="155" c="0">
<BEGIN l="155" c="35"/>
<END l="328" c="0"/>
</B>
<B id="46" t="ppcif" f="14" l="11" c="0">
<BEGIN l="11" c="27"/>
<END l="36" c="0"/>
</B>
<B id="47" t="ppcrmif" f="14" l="14" c="0">
<BEGIN l="14" c="19"/>
<END l="29" c="0"/>
</B>
<B id="48" t="ppcelse" f="14" l="29" c="0">
<BEGIN l="29" c="5"/>
<END l="33" c="0"/>
</B>
<B id="49" t="ppcif" f="1" l="22" c="0">
<BEGIN l="22" c="17"/>
<END l="109" c="0"/>
</B>
<B id="50" t="ppcrmif" f="1" l="39" c="0">
<BEGIN l="39" c="66"/>
<END l="43" c="0"/>
</B>
<B id="51" t="ppcelse" f="1" l="43" c="0">
<BEGIN l="43" c="60"/>
<END l="47" c="0"/>
</B>
<B id="52" t="ppcrmif" f="1" l="52" c="0">
<BEGIN l="52" c="18"/>
<END l="58" c="0"/>
</B>
<B id="53" t="ppcrmif" f="1" l="62" c="0">
<BEGIN l="62" c="33"/>
<END l="80" c="0"/>
</B>
<B id="54" t="ppcelse" f="1" l="80" c="0">
<BEGIN l="80" c="31"/>
<END l="93" c="0"/>
</B>
<B id="55" t="ppcrmif" f="1" l="96" c="0">
<BEGIN l="96" c="14"/>
<END l="106" c="0"/>
</B>
<B id="56" t="ppcif" f="15" l="3" c="0">
<BEGIN l="3" c="29"/>
<END l="348" c="0"/>
</B>
<B id="57" t="ppcif" f="15" l="61" c="0">
<BEGIN l="63" c="27"/>
<END l="66" c="0"/>
</B>
<B id="58" t="ppcrmif" f="15" l="165" c="0">
<BEGIN l="165" c="17"/>
<END l="206" c="0"/>
</B>
<B id="59" t="ppcrmif" f="15" l="209" c="0">
<BEGIN l="209" c="37"/>
<END l="211" c="0"/>
</B>
<B id="60" t="ppcrmif" f="15" l="213" c="0">
<BEGIN l="213" c="44"/>
<END l="321" c="0"/>
</B>
<B id="61" t="ppcif" f="15" l="323" c="0">
<BEGIN l="323" c="18"/>
<END l="346" c="0"/>
</B>
<B id="62" t="ppcrmif" f="15" l="326" c="0">
<BEGIN l="326" c="18"/>
<END l="328" c="0"/>
</B>
<B id="63" t="ppcrmif" f="15" l="329" c="0">
<BEGIN l="329" c="63"/>
<END l="331" c="0"/>
</B>
<B id="64" t="ppcrmif" f="15" l="332" c="0">
<BEGIN l="332" c="64"/>
<END l="334" c="0"/>
</B>
<B id="65" t="ppcrmif" f="15" l="335" c="0">
<BEGIN l="335" c="16"/>
<END l="340" c="0"/>
</B>
<B id="66" t="ppcif" f="15" l="343" c="0">
<BEGIN l="343" c="57"/>
<END l="345" c="0"/>
</B>
<B id="67" t="type" f="4" l="50" c="7">
<BEGIN l="50" c="30"/>
<END l="54" c="0"/>
</B>
<B id="68" t="ppcif" f="4" l="24" c="0">
<BEGIN l="24" c="31"/>
<END l="91" c="0"/>
</B>
<B id="69" t="ppcrmif" f="4" l="27" c="0">
<BEGIN l="27" c="35"/>
<END l="29" c="0"/>
</B>
<B id="70" t="ppcif" f="4" l="31" c="0">
<BEGIN l="31" c="38"/>
<END l="33" c="0"/>
</B>
<B id="71" t="ppcrmif" f="4" l="35" c="0">
<BEGIN l="35" c="19"/>
<END l="38" c="0"/>
</B>
<B id="72" t="ppcrmif" f="4" l="87" c="0">
<BEGIN l="87" c="19"/>
<END l="89" c="0"/>
</B>
<B id="73" t="ppcif" f="16" l="24" c="0">
<BEGIN l="24" c="36"/>
<END l="39" c="0"/>
</B>
<B id="74" t="ppcrmif" f="16" l="27" c="0">
<BEGIN l="27" c="19"/>
<END l="30" c="0"/>
</B>
<B id="75" t="ppcrmif" f="16" l="35" c="0">
<BEGIN l="35" c="19"/>
<END l="37" c="0"/>
</B>
<B id="76" t="ppcif" f="17" l="24" c="0">
<BEGIN l="24" c="19"/>
<END l="29" c="0"/>
</B>
<B id="77" t="ppcif" f="18" l="25" c="0">
<BEGIN l="25" c="14"/>
<END l="96" c="0"/>
</B>
<B id="78" t="ppcrmif" f="18" l="41" c="0">
<BEGIN l="41" c="33"/>
<END l="43" c="0"/>
</B>
<B id="79" t="ppcrmif" f="18" l="45" c="0">
<BEGIN l="45" c="46"/>
<END l="47" c="0"/>
</B>
<B id="80" t="ppcrmif" f="18" l="49" c="0">
<BEGIN l="49" c="28"/>
<END l="51" c="0"/>
</B>
<B id="81" t="type" f="3" l="135" c="0">
<BEGIN l="135" c="0"/>
<END l="141" c="0"/>
</B>
<B id="82" t="ppcif" f="3" l="56" c="0">
<BEGIN l="56" c="19"/>
<END l="154" c="0"/>
</B>
<B id="83" t="ppcif" f="3" l="122" c="0">
<BEGIN l="122" c="26"/>
<END l="126" c="0"/>
</B>
<B id="84" t="ppcif" f="2" l="43" c="0">
<BEGIN l="43" c="24"/>
<END l="150" c="0"/>
</B>
<B id="85" t="ppcif" f="2" l="81" c="0">
<BEGIN l="81" c="13"/>
<END l="83" c="0"/>
</B>
<B id="86" t="ppcif" f="2" l="85" c="0">
<BEGIN l="85" c="14"/>
<END l="87" c="0"/>
</B>
<B id="87" t="ppcrmif" f="2" l="119" c="0">
<BEGIN l="119" c="46"/>
<END l="125" c="0"/>
</B>
<B id="88" t="ppcelse" f="2" l="125" c="0">
<BEGIN l="125" c="6"/>
<END l="129" c="0"/>
</B>
<B id="89" t="ppcrmif" f="2" l="131" c="0">
<BEGIN l="131" c="46"/>
<END l="137" c="0"/>
</B>
<B id="90" t="ppcelse" f="2" l="137" c="0">
<BEGIN l="137" c="6"/>
<END l="140" c="0"/>
</B>
<B id="91" t="ppcif" f="19" l="43" c="0">
<BEGIN l="43" c="18"/>
<END l="202" c="0"/>
</B>
<B id="92" t="ppcif" f="19" l="88" c="0">
<BEGIN l="88" c="17"/>
<END l="90" c="0"/>
</B>
<B id="93" t="ppcif" f="20" l="19" c="0">
<BEGIN l="19" c="22"/>
<END l="23" c="0"/>
</B>
<B id="94" t="ppcif" f="21" l="19" c="0">
<BEGIN l="19" c="26"/>
<END l="23" c="0"/>
</B>
<B id="95" t="ppcif" f="22" l="24" c="0">
<BEGIN l="24" c="31"/>
<END l="27" c="0"/>
</B>
<B id="96" t="ppcif" f="23" l="19" c="0">
<BEGIN l="19" c="16"/>
<END l="24" c="0"/>
</B>
<B id="97" t="ppcif" f="24" l="53" c="0">
<BEGIN l="53" c="38"/>
<END l="57" c="0"/>
</B>
<B id="98" t="ppcrmif" f="24" l="67" c="0">
<BEGIN l="67" c="51"/>
<END l="71" c="0"/>
</B>
<B id="99" t="ppcrmif" f="24" l="81" c="0">
<BEGIN l="81" c="56"/>
<END l="85" c="0"/>
</B>
<B id="100" t="ppcrmif" f="24" l="95" c="0">
<BEGIN l="95" c="54"/>
<END l="99" c="0"/>
</B>
<B id="101" t="ppcrmif" f="24" l="109" c="0">
<BEGIN l="109" c="59"/>
<END l="113" c="0"/>
</B>
<B id="102" t="ppcif" f="24" l="125" c="0">
<BEGIN l="125" c="37"/>
<END l="129" c="0"/>
</B>
<B id="103" t="ppcrmif" f="24" l="139" c="0">
<BEGIN l="139" c="50"/>
<END l="143" c="0"/>
</B>
<B id="104" t="ppcrmif" f="24" l="153" c="0">
<BEGIN l="153" c="55"/>
<END l="157" c="0"/>
</B>
<B id="105" t="ppcrmif" f="24" l="167" c="0">
<BEGIN l="167" c="53"/>
<END l="171" c="0"/>
</B>
<B id="106" t="ppcrmif" f="24" l="181" c="0">
<BEGIN l="181" c="58"/>
<END l="185" c="0"/>
</B>
<B id="107" t="ppcif" f="25" l="12" c="0">
<BEGIN l="12" c="19"/>
<END l="26" c="0"/>
</B>
</Blocks>
</Navig>
