<?xml version="1.0" encoding="UTF-8"?>

<MISRA-C-Report version="1.3">


<CodeStruct Name="" File="C:\Users\nz3541\Documents\SynergyWorkingEA4\CM660A_HwTq1Meas_Impl\src\CDD_HwTq1Meas.c" Line="0" Column="0">

<Rule Name="19.1" Mode="advisory" Report="warning" Id="1">
<Loc File="C:\Users\nz3541\Documents\SynergyWorkingEA4\CM660A_HwTq1Meas_Impl\src\CDD_HwTq1Meas.c" Line="732" Column="0">
</Loc>
<Message>
#include statements in a file shall only be preceded by other preprocessor directives or comments.
</Message>
</Rule>

<Rule Name="19.1" Mode="advisory" Report="warning" Id="2">
<Loc File="C:\Users\nz3541\Documents\SynergyWorkingEA4\CM660A_HwTq1Meas_Impl\src\CDD_HwTq1Meas.c" Line="1429" Column="0">
</Loc>
<Message>
#include statements in a file shall only be preceded by other preprocessor directives or comments.
</Message>
</Rule>

<Rule Name="19.1" Mode="advisory" Report="warning" Id="3">
<Loc File="C:\Users\nz3541\Documents\SynergyWorkingEA4\CM660A_HwTq1Meas_Impl\src\CDD_HwTq1Meas.c" Line="1437" Column="0">
</Loc>
<Message>
#include statements in a file shall only be preceded by other preprocessor directives or comments.
</Message>
</Rule>

<Rule Name="19.1" Mode="advisory" Report="warning" Id="4">
<Loc File="C:\Users\nz3541\Documents\SynergyWorkingEA4\CM660A_HwTq1Meas_Impl\src\CDD_HwTq1Meas.c" Line="1556" Column="0">
</Loc>
<Message>
#include statements in a file shall only be preceded by other preprocessor directives or comments.
</Message>
</Rule>

</CodeStruct>

</MISRA-C-Report>
