<?xml version="1.0" encoding="UTF-8"?>

<MISRA-C-Report version="1.3">


<CodeStruct Name="" File="C:\_Synergy_Projects\Working\SF009A_DutyCycThermProtn_Impl\src\DutyCycThermProtn.c" Line="0" Column="0">

<Rule Name="5.1" Mode="required" Report="warning" Id="1">
<Loc File="C:\_Synergy_Projects\Working\SF009A_DutyCycThermProtn_Impl\src\DutyCycThermProtn.c" Line="187" Column="8">
</Loc>
<Message>
Identifiers "PrmDutyCycThermProtnThermLoadLimTblY_u9p7" (DutyCycThermProtn.c line 187 column 8) and "PrmDutyCycThermProtnThermLoadLimTblX_u16p0" (DutyCycThermProtn.c line 186 column 8) have the same first 35 characters.
</Message>
</Rule>

<Rule Name="5.1" Mode="required" Report="warning" Id="2">
<Loc File="C:\_Synergy_Projects\Working\SF009A_DutyCycThermProtn_Impl\src\DutyCycThermProtn.c" Line="189" Column="8">
</Loc>
<Message>
Identifiers "PrmDutyCycThermProtnAbsltCtrlTTblX_s15p0" (DutyCycThermProtn.c line 188 column 8) and "PrmDutyCycThermProtnAbsltCtrlTTqTblY_u9p7" (DutyCycThermProtn.c line 189 column 8) have the same first 31 characters.
</Message>
</Rule>

<Rule Name="5.1" Mode="required" Report="warning" Id="3">
<Loc File="C:\_Synergy_Projects\Working\SF009A_DutyCycThermProtn_Impl\src\DutyCycThermProtn.c" Line="192" Column="8">
</Loc>
<Message>
Identifiers "PrmDutyCycThermProtnAbsltCtrlTTqFetMtgtnTblY_u9p7" (DutyCycThermProtn.c line 192 column 8) and "PrmDutyCycThermProtnAbsltCtrlTTblX_s15p0" (DutyCycThermProtn.c line 188 column 8) have the same first 31 characters.
Identifiers "PrmDutyCycThermProtnAbsltCtrlTTqFetMtgtnTblY_u9p7" (DutyCycThermProtn.c line 192 column 8) and "PrmDutyCycThermProtnAbsltCtrlTTqTblY_u9p7" (DutyCycThermProtn.c line 189 column 8) have the same first 32 characters.
</Message>
</Rule>

<Rule Name="5.1" Mode="required" Report="warning" Id="4">
<Loc File="C:\_Synergy_Projects\Working\SF009A_DutyCycThermProtn_Impl\src\DutyCycThermProtn.c" Line="203" Column="8">
</Loc>
<Message>
Identifiers "PrmDutyCycThermProtnMplr1FetMtgtnStallTblY_u3p13" (DutyCycThermProtn.c line 203 column 8) and "PrmDutyCycThermProtnMplr1FetMtgtnNonStallTblY_u3p13" (DutyCycThermProtn.c line 197 column 8) have the same first 33 characters.
</Message>
</Rule>

<Rule Name="5.1" Mode="required" Report="warning" Id="5">
<Loc File="C:\_Synergy_Projects\Working\SF009A_DutyCycThermProtn_Impl\src\DutyCycThermProtn.c" Line="204" Column="8">
</Loc>
<Message>
Identifiers "PrmDutyCycThermProtnMplr2FetMtgtnNonStallTblY_u3p13" (DutyCycThermProtn.c line 198 column 8) and "PrmDutyCycThermProtnMplr2FetMtgtnStallTblY_u3p13" (DutyCycThermProtn.c line 204 column 8) have the same first 33 characters.
</Message>
</Rule>

<Rule Name="5.1" Mode="required" Report="warning" Id="6">
<Loc File="C:\_Synergy_Projects\Working\SF009A_DutyCycThermProtn_Impl\src\DutyCycThermProtn.c" Line="205" Column="8">
</Loc>
<Message>
Identifiers "PrmDutyCycThermProtnMplr3FetMtgtnStallTblY_u3p13" (DutyCycThermProtn.c line 205 column 8) and "PrmDutyCycThermProtnMplr3FetMtgtnNonStallTblY_u3p13" (DutyCycThermProtn.c line 199 column 8) have the same first 33 characters.
</Message>
</Rule>

<Rule Name="5.1" Mode="required" Report="warning" Id="7">
<Loc File="C:\_Synergy_Projects\Working\SF009A_DutyCycThermProtn_Impl\src\DutyCycThermProtn.c" Line="206" Column="8">
</Loc>
<Message>
Identifiers "PrmDutyCycThermProtnMplr4FetMtgtnStallTblY_u3p13" (DutyCycThermProtn.c line 206 column 8) and "PrmDutyCycThermProtnMplr4FetMtgtnNonStallTblY_u3p13" (DutyCycThermProtn.c line 200 column 8) have the same first 33 characters.
</Message>
</Rule>

<Rule Name="5.1" Mode="required" Report="warning" Id="8">
<Loc File="C:\_Synergy_Projects\Working\SF009A_DutyCycThermProtn_Impl\src\DutyCycThermProtn.c" Line="207" Column="8">
</Loc>
<Message>
Identifiers "PrmDutyCycThermProtnMplr5FetMtgtnNonStallTblY_u3p13" (DutyCycThermProtn.c line 201 column 8) and "PrmDutyCycThermProtnMplr5FetMtgtnStallTblY_u3p13" (DutyCycThermProtn.c line 207 column 8) have the same first 33 characters.
</Message>
</Rule>

<Rule Name="5.1" Mode="required" Report="warning" Id="9">
<Loc File="C:\_Synergy_Projects\Working\SF009A_DutyCycThermProtn_Impl\src\DutyCycThermProtn.c" Line="208" Column="8">
</Loc>
<Message>
Identifiers "PrmDutyCycThermProtnMplr6FetMtgtnStallTblY_u3p13" (DutyCycThermProtn.c line 208 column 8) and "PrmDutyCycThermProtnMplr6FetMtgtnNonStallTblY_u3p13" (DutyCycThermProtn.c line 202 column 8) have the same first 33 characters.
</Message>
</Rule>

<Rule Name="19.1" Mode="advisory" Report="warning" Id="10">
<Loc File="C:\_Synergy_Projects\Working\SF009A_DutyCycThermProtn_Impl\src\DutyCycThermProtn.c" Line="980" Column="0">
</Loc>
<Message>
#include statements in a file shall only be preceded by other preprocessor directives or comments.
</Message>
</Rule>

<Rule Name="19.1" Mode="advisory" Report="warning" Id="11">
<Loc File="C:\_Synergy_Projects\Working\SF009A_DutyCycThermProtn_Impl\src\DutyCycThermProtn.c" Line="1338" Column="0">
</Loc>
<Message>
#include statements in a file shall only be preceded by other preprocessor directives or comments.
</Message>
</Rule>

<Rule Name="5.1" Mode="required" Report="warning" Id="12">
<Loc File="C:\_Synergy_Projects\Working\SF009A_DutyCycThermProtn_Impl\src\DutyCycThermProtn.c" Line="1591" Column="96">
</Loc>
<Message>
Identifiers "MotCurrPeakEstimd_AmprSqd_T_f32" (DutyCycThermProtn.c line 1591 column 96) and "MotCurrPeakEstimd_AmprSqd_T_f32" (DutyCycThermProtn.c line 229 column 136) have the same first 31 characters.
</Message>
</Rule>

<Rule Name="5.1" Mode="required" Report="warning" Id="13">
<Loc File="C:\_Synergy_Projects\Working\SF009A_DutyCycThermProtn_Impl\src\DutyCycThermProtn.c" Line="1591" Column="137">
</Loc>
<Message>
Identifiers "MotCurrPeakEstimdFild_AmprSqd_T_f32" (DutyCycThermProtn.c line 1591 column 137) and "MotCurrPeakEstimdFild_AmprSqd_T_f32" (DutyCycThermProtn.c line 230 column 136) have the same first 35 characters.
</Message>
</Rule>

<Rule Name="5.1" Mode="required" Report="warning" Id="14">
<Loc File="C:\_Synergy_Projects\Working\SF009A_DutyCycThermProtn_Impl\src\DutyCycThermProtn.c" Line="1902" Column="41">
</Loc>
<Message>
Identifiers "MotAndThermProtnLoaMod_Cnt_T_u08" (DutyCycThermProtn.c line 1902 column 41) and "MotAndThermProtnLoaMod_Cnt_T_u08" (DutyCycThermProtn.c line 236 column 41) have the same first 32 characters.
</Message>
</Rule>

<Rule Name="5.1" Mode="required" Report="warning" Id="15">
<Loc File="C:\_Synergy_Projects\Working\SF009A_DutyCycThermProtn_Impl\src\DutyCycThermProtn.c" Line="1973" Column="73">
</Loc>
<Message>
Identifiers "AbsTempLimitSlew_MotNwtMtr_T_f32" (DutyCycThermProtn.c line 1973 column 73) and "AbsTempLimitSlew_MotNwtMtr_T_f32" (DutyCycThermProtn.c line 239 column 73) have the same first 32 characters.
</Message>
</Rule>

<Rule Name="5.1" Mode="required" Report="warning" Id="16">
<Loc File="C:\_Synergy_Projects\Working\SF009A_DutyCycThermProtn_Impl\src\DutyCycThermProtn.c" Line="1976" Column="74">
</Loc>
<Message>
Identifiers "ThermLoadDptLim_MotNwtMtr_T_f32" (DutyCycThermProtn.c line 1976 column 74) and "ThermLoadDptLim_MotNwtMtr_T_f32" (DutyCycThermProtn.c line 242 column 74) have the same first 31 characters.
</Message>
</Rule>

<Rule Name="5.1" Mode="required" Report="warning" Id="17">
<Loc File="C:\_Synergy_Projects\Working\SF009A_DutyCycThermProtn_Impl\src\DutyCycThermProtn.c" Line="1977" Column="74">
</Loc>
<Message>
Identifiers "ThermTempDptLim_MotNwtMtr_T_f32" (DutyCycThermProtn.c line 1977 column 74) and "ThermTempDptLim_MotNwtMtr_T_f32" (DutyCycThermProtn.c line 243 column 74) have the same first 31 characters.
</Message>
</Rule>

</CodeStruct>

<CodeStruct Name="UseInpLowr" File="C:\_Synergy_Projects\Working\SF009A_DutyCycThermProtn_Impl\src\DutyCycThermProtn.c" Line="2093" Column="14">

<Rule Name="21.1" Mode="required" Report="warning" Id="18">
<Loc File="C:\_Synergy_Projects\Working\SF009A_DutyCycThermProtn_Impl\src\DutyCycThermProtn.c" Line="2113" Column="40">
</Loc>
<Message>
Minimisation of run-time failures.
</Message>
</Rule>

</CodeStruct>

<CodeStruct Name="MultiFilterPercMax" File="C:\_Synergy_Projects\Working\SF009A_DutyCycThermProtn_Impl\src\DutyCycThermProtn.c" Line="1589" Column="15">

<Rule Name="11.5" Mode="required" Report="warning" Id="19">
<Loc File="C:\_Synergy_Projects\Working\SF009A_DutyCycThermProtn_Impl\src\DutyCycThermProtn.c" Line="1616" Column="55">
</Loc>
<Message>
A cast shall not be performed that removes any const or volatile qualification
from the type addressed by a pointer.
</Message>
</Rule>

<Rule Name="11.5" Mode="required" Report="warning" Id="20">
<Loc File="C:\_Synergy_Projects\Working\SF009A_DutyCycThermProtn_Impl\src\DutyCycThermProtn.c" Line="1617" Column="87">
</Loc>
<Message>
A cast shall not be performed that removes any const or volatile qualification
from the type addressed by a pointer.
</Message>
</Rule>

<Rule Name="11.5" Mode="required" Report="warning" Id="21">
<Loc File="C:\_Synergy_Projects\Working\SF009A_DutyCycThermProtn_Impl\src\DutyCycThermProtn.c" Line="1618" Column="103">
</Loc>
<Message>
A cast shall not be performed that removes any const or volatile qualification
from the type addressed by a pointer.
</Message>
</Rule>

<Rule Name="11.5" Mode="required" Report="warning" Id="22">
<Loc File="C:\_Synergy_Projects\Working\SF009A_DutyCycThermProtn_Impl\src\DutyCycThermProtn.c" Line="1618" Column="195">
</Loc>
<Message>
A cast shall not be performed that removes any const or volatile qualification
from the type addressed by a pointer.
</Message>
</Rule>

<Rule Name="11.5" Mode="required" Report="warning" Id="23">
<Loc File="C:\_Synergy_Projects\Working\SF009A_DutyCycThermProtn_Impl\src\DutyCycThermProtn.c" Line="1621" Column="55">
</Loc>
<Message>
A cast shall not be performed that removes any const or volatile qualification
from the type addressed by a pointer.
</Message>
</Rule>

<Rule Name="11.5" Mode="required" Report="warning" Id="24">
<Loc File="C:\_Synergy_Projects\Working\SF009A_DutyCycThermProtn_Impl\src\DutyCycThermProtn.c" Line="1622" Column="87">
</Loc>
<Message>
A cast shall not be performed that removes any const or volatile qualification
from the type addressed by a pointer.
</Message>
</Rule>

<Rule Name="11.5" Mode="required" Report="warning" Id="25">
<Loc File="C:\_Synergy_Projects\Working\SF009A_DutyCycThermProtn_Impl\src\DutyCycThermProtn.c" Line="1623" Column="103">
</Loc>
<Message>
A cast shall not be performed that removes any const or volatile qualification
from the type addressed by a pointer.
</Message>
</Rule>

<Rule Name="11.5" Mode="required" Report="warning" Id="26">
<Loc File="C:\_Synergy_Projects\Working\SF009A_DutyCycThermProtn_Impl\src\DutyCycThermProtn.c" Line="1623" Column="195">
</Loc>
<Message>
A cast shall not be performed that removes any const or volatile qualification
from the type addressed by a pointer.
</Message>
</Rule>

<Rule Name="11.5" Mode="required" Report="warning" Id="27">
<Loc File="C:\_Synergy_Projects\Working\SF009A_DutyCycThermProtn_Impl\src\DutyCycThermProtn.c" Line="1626" Column="55">
</Loc>
<Message>
A cast shall not be performed that removes any const or volatile qualification
from the type addressed by a pointer.
</Message>
</Rule>

<Rule Name="11.5" Mode="required" Report="warning" Id="28">
<Loc File="C:\_Synergy_Projects\Working\SF009A_DutyCycThermProtn_Impl\src\DutyCycThermProtn.c" Line="1627" Column="87">
</Loc>
<Message>
A cast shall not be performed that removes any const or volatile qualification
from the type addressed by a pointer.
</Message>
</Rule>

<Rule Name="11.5" Mode="required" Report="warning" Id="29">
<Loc File="C:\_Synergy_Projects\Working\SF009A_DutyCycThermProtn_Impl\src\DutyCycThermProtn.c" Line="1628" Column="103">
</Loc>
<Message>
A cast shall not be performed that removes any const or volatile qualification
from the type addressed by a pointer.
</Message>
</Rule>

<Rule Name="11.5" Mode="required" Report="warning" Id="30">
<Loc File="C:\_Synergy_Projects\Working\SF009A_DutyCycThermProtn_Impl\src\DutyCycThermProtn.c" Line="1628" Column="195">
</Loc>
<Message>
A cast shall not be performed that removes any const or volatile qualification
from the type addressed by a pointer.
</Message>
</Rule>

<Rule Name="11.5" Mode="required" Report="warning" Id="31">
<Loc File="C:\_Synergy_Projects\Working\SF009A_DutyCycThermProtn_Impl\src\DutyCycThermProtn.c" Line="1631" Column="55">
</Loc>
<Message>
A cast shall not be performed that removes any const or volatile qualification
from the type addressed by a pointer.
</Message>
</Rule>

<Rule Name="11.5" Mode="required" Report="warning" Id="32">
<Loc File="C:\_Synergy_Projects\Working\SF009A_DutyCycThermProtn_Impl\src\DutyCycThermProtn.c" Line="1632" Column="87">
</Loc>
<Message>
A cast shall not be performed that removes any const or volatile qualification
from the type addressed by a pointer.
</Message>
</Rule>

<Rule Name="11.5" Mode="required" Report="warning" Id="33">
<Loc File="C:\_Synergy_Projects\Working\SF009A_DutyCycThermProtn_Impl\src\DutyCycThermProtn.c" Line="1633" Column="102">
</Loc>
<Message>
A cast shall not be performed that removes any const or volatile qualification
from the type addressed by a pointer.
</Message>
</Rule>

<Rule Name="11.5" Mode="required" Report="warning" Id="34">
<Loc File="C:\_Synergy_Projects\Working\SF009A_DutyCycThermProtn_Impl\src\DutyCycThermProtn.c" Line="1633" Column="194">
</Loc>
<Message>
A cast shall not be performed that removes any const or volatile qualification
from the type addressed by a pointer.
</Message>
</Rule>

<Rule Name="11.5" Mode="required" Report="warning" Id="35">
<Loc File="C:\_Synergy_Projects\Working\SF009A_DutyCycThermProtn_Impl\src\DutyCycThermProtn.c" Line="1636" Column="55">
</Loc>
<Message>
A cast shall not be performed that removes any const or volatile qualification
from the type addressed by a pointer.
</Message>
</Rule>

<Rule Name="11.5" Mode="required" Report="warning" Id="36">
<Loc File="C:\_Synergy_Projects\Working\SF009A_DutyCycThermProtn_Impl\src\DutyCycThermProtn.c" Line="1637" Column="87">
</Loc>
<Message>
A cast shall not be performed that removes any const or volatile qualification
from the type addressed by a pointer.
</Message>
</Rule>

<Rule Name="11.5" Mode="required" Report="warning" Id="37">
<Loc File="C:\_Synergy_Projects\Working\SF009A_DutyCycThermProtn_Impl\src\DutyCycThermProtn.c" Line="1638" Column="103">
</Loc>
<Message>
A cast shall not be performed that removes any const or volatile qualification
from the type addressed by a pointer.
</Message>
</Rule>

<Rule Name="11.5" Mode="required" Report="warning" Id="38">
<Loc File="C:\_Synergy_Projects\Working\SF009A_DutyCycThermProtn_Impl\src\DutyCycThermProtn.c" Line="1638" Column="195">
</Loc>
<Message>
A cast shall not be performed that removes any const or volatile qualification
from the type addressed by a pointer.
</Message>
</Rule>

<Rule Name="11.5" Mode="required" Report="warning" Id="39">
<Loc File="C:\_Synergy_Projects\Working\SF009A_DutyCycThermProtn_Impl\src\DutyCycThermProtn.c" Line="1641" Column="55">
</Loc>
<Message>
A cast shall not be performed that removes any const or volatile qualification
from the type addressed by a pointer.
</Message>
</Rule>

<Rule Name="11.5" Mode="required" Report="warning" Id="40">
<Loc File="C:\_Synergy_Projects\Working\SF009A_DutyCycThermProtn_Impl\src\DutyCycThermProtn.c" Line="1642" Column="87">
</Loc>
<Message>
A cast shall not be performed that removes any const or volatile qualification
from the type addressed by a pointer.
</Message>
</Rule>

<Rule Name="11.5" Mode="required" Report="warning" Id="41">
<Loc File="C:\_Synergy_Projects\Working\SF009A_DutyCycThermProtn_Impl\src\DutyCycThermProtn.c" Line="1643" Column="103">
</Loc>
<Message>
A cast shall not be performed that removes any const or volatile qualification
from the type addressed by a pointer.
</Message>
</Rule>

<Rule Name="11.5" Mode="required" Report="warning" Id="42">
<Loc File="C:\_Synergy_Projects\Working\SF009A_DutyCycThermProtn_Impl\src\DutyCycThermProtn.c" Line="1643" Column="195">
</Loc>
<Message>
A cast shall not be performed that removes any const or volatile qualification
from the type addressed by a pointer.
</Message>
</Rule>

<Rule Name="11.5" Mode="required" Report="warning" Id="43">
<Loc File="C:\_Synergy_Projects\Working\SF009A_DutyCycThermProtn_Impl\src\DutyCycThermProtn.c" Line="1648" Column="56">
</Loc>
<Message>
A cast shall not be performed that removes any const or volatile qualification
from the type addressed by a pointer.
</Message>
</Rule>

<Rule Name="11.5" Mode="required" Report="warning" Id="44">
<Loc File="C:\_Synergy_Projects\Working\SF009A_DutyCycThermProtn_Impl\src\DutyCycThermProtn.c" Line="1649" Column="87">
</Loc>
<Message>
A cast shall not be performed that removes any const or volatile qualification
from the type addressed by a pointer.
</Message>
</Rule>

<Rule Name="11.5" Mode="required" Report="warning" Id="45">
<Loc File="C:\_Synergy_Projects\Working\SF009A_DutyCycThermProtn_Impl\src\DutyCycThermProtn.c" Line="1650" Column="103">
</Loc>
<Message>
A cast shall not be performed that removes any const or volatile qualification
from the type addressed by a pointer.
</Message>
</Rule>

<Rule Name="11.5" Mode="required" Report="warning" Id="46">
<Loc File="C:\_Synergy_Projects\Working\SF009A_DutyCycThermProtn_Impl\src\DutyCycThermProtn.c" Line="1650" Column="202">
</Loc>
<Message>
A cast shall not be performed that removes any const or volatile qualification
from the type addressed by a pointer.
</Message>
</Rule>

<Rule Name="11.5" Mode="required" Report="warning" Id="47">
<Loc File="C:\_Synergy_Projects\Working\SF009A_DutyCycThermProtn_Impl\src\DutyCycThermProtn.c" Line="1653" Column="55">
</Loc>
<Message>
A cast shall not be performed that removes any const or volatile qualification
from the type addressed by a pointer.
</Message>
</Rule>

<Rule Name="11.5" Mode="required" Report="warning" Id="48">
<Loc File="C:\_Synergy_Projects\Working\SF009A_DutyCycThermProtn_Impl\src\DutyCycThermProtn.c" Line="1654" Column="87">
</Loc>
<Message>
A cast shall not be performed that removes any const or volatile qualification
from the type addressed by a pointer.
</Message>
</Rule>

<Rule Name="11.5" Mode="required" Report="warning" Id="49">
<Loc File="C:\_Synergy_Projects\Working\SF009A_DutyCycThermProtn_Impl\src\DutyCycThermProtn.c" Line="1655" Column="103">
</Loc>
<Message>
A cast shall not be performed that removes any const or volatile qualification
from the type addressed by a pointer.
</Message>
</Rule>

<Rule Name="11.5" Mode="required" Report="warning" Id="50">
<Loc File="C:\_Synergy_Projects\Working\SF009A_DutyCycThermProtn_Impl\src\DutyCycThermProtn.c" Line="1655" Column="202">
</Loc>
<Message>
A cast shall not be performed that removes any const or volatile qualification
from the type addressed by a pointer.
</Message>
</Rule>

<Rule Name="11.5" Mode="required" Report="warning" Id="51">
<Loc File="C:\_Synergy_Projects\Working\SF009A_DutyCycThermProtn_Impl\src\DutyCycThermProtn.c" Line="1658" Column="55">
</Loc>
<Message>
A cast shall not be performed that removes any const or volatile qualification
from the type addressed by a pointer.
</Message>
</Rule>

<Rule Name="11.5" Mode="required" Report="warning" Id="52">
<Loc File="C:\_Synergy_Projects\Working\SF009A_DutyCycThermProtn_Impl\src\DutyCycThermProtn.c" Line="1659" Column="87">
</Loc>
<Message>
A cast shall not be performed that removes any const or volatile qualification
from the type addressed by a pointer.
</Message>
</Rule>

<Rule Name="11.5" Mode="required" Report="warning" Id="53">
<Loc File="C:\_Synergy_Projects\Working\SF009A_DutyCycThermProtn_Impl\src\DutyCycThermProtn.c" Line="1660" Column="103">
</Loc>
<Message>
A cast shall not be performed that removes any const or volatile qualification
from the type addressed by a pointer.
</Message>
</Rule>

<Rule Name="11.5" Mode="required" Report="warning" Id="54">
<Loc File="C:\_Synergy_Projects\Working\SF009A_DutyCycThermProtn_Impl\src\DutyCycThermProtn.c" Line="1660" Column="202">
</Loc>
<Message>
A cast shall not be performed that removes any const or volatile qualification
from the type addressed by a pointer.
</Message>
</Rule>

<Rule Name="11.5" Mode="required" Report="warning" Id="55">
<Loc File="C:\_Synergy_Projects\Working\SF009A_DutyCycThermProtn_Impl\src\DutyCycThermProtn.c" Line="1663" Column="55">
</Loc>
<Message>
A cast shall not be performed that removes any const or volatile qualification
from the type addressed by a pointer.
</Message>
</Rule>

<Rule Name="11.5" Mode="required" Report="warning" Id="56">
<Loc File="C:\_Synergy_Projects\Working\SF009A_DutyCycThermProtn_Impl\src\DutyCycThermProtn.c" Line="1664" Column="87">
</Loc>
<Message>
A cast shall not be performed that removes any const or volatile qualification
from the type addressed by a pointer.
</Message>
</Rule>

<Rule Name="11.5" Mode="required" Report="warning" Id="57">
<Loc File="C:\_Synergy_Projects\Working\SF009A_DutyCycThermProtn_Impl\src\DutyCycThermProtn.c" Line="1665" Column="102">
</Loc>
<Message>
A cast shall not be performed that removes any const or volatile qualification
from the type addressed by a pointer.
</Message>
</Rule>

<Rule Name="11.5" Mode="required" Report="warning" Id="58">
<Loc File="C:\_Synergy_Projects\Working\SF009A_DutyCycThermProtn_Impl\src\DutyCycThermProtn.c" Line="1665" Column="201">
</Loc>
<Message>
A cast shall not be performed that removes any const or volatile qualification
from the type addressed by a pointer.
</Message>
</Rule>

<Rule Name="11.5" Mode="required" Report="warning" Id="59">
<Loc File="C:\_Synergy_Projects\Working\SF009A_DutyCycThermProtn_Impl\src\DutyCycThermProtn.c" Line="1668" Column="55">
</Loc>
<Message>
A cast shall not be performed that removes any const or volatile qualification
from the type addressed by a pointer.
</Message>
</Rule>

<Rule Name="11.5" Mode="required" Report="warning" Id="60">
<Loc File="C:\_Synergy_Projects\Working\SF009A_DutyCycThermProtn_Impl\src\DutyCycThermProtn.c" Line="1669" Column="87">
</Loc>
<Message>
A cast shall not be performed that removes any const or volatile qualification
from the type addressed by a pointer.
</Message>
</Rule>

<Rule Name="11.5" Mode="required" Report="warning" Id="61">
<Loc File="C:\_Synergy_Projects\Working\SF009A_DutyCycThermProtn_Impl\src\DutyCycThermProtn.c" Line="1670" Column="103">
</Loc>
<Message>
A cast shall not be performed that removes any const or volatile qualification
from the type addressed by a pointer.
</Message>
</Rule>

<Rule Name="11.5" Mode="required" Report="warning" Id="62">
<Loc File="C:\_Synergy_Projects\Working\SF009A_DutyCycThermProtn_Impl\src\DutyCycThermProtn.c" Line="1670" Column="202">
</Loc>
<Message>
A cast shall not be performed that removes any const or volatile qualification
from the type addressed by a pointer.
</Message>
</Rule>

<Rule Name="11.5" Mode="required" Report="warning" Id="63">
<Loc File="C:\_Synergy_Projects\Working\SF009A_DutyCycThermProtn_Impl\src\DutyCycThermProtn.c" Line="1673" Column="55">
</Loc>
<Message>
A cast shall not be performed that removes any const or volatile qualification
from the type addressed by a pointer.
</Message>
</Rule>

<Rule Name="11.5" Mode="required" Report="warning" Id="64">
<Loc File="C:\_Synergy_Projects\Working\SF009A_DutyCycThermProtn_Impl\src\DutyCycThermProtn.c" Line="1674" Column="87">
</Loc>
<Message>
A cast shall not be performed that removes any const or volatile qualification
from the type addressed by a pointer.
</Message>
</Rule>

<Rule Name="11.5" Mode="required" Report="warning" Id="65">
<Loc File="C:\_Synergy_Projects\Working\SF009A_DutyCycThermProtn_Impl\src\DutyCycThermProtn.c" Line="1675" Column="103">
</Loc>
<Message>
A cast shall not be performed that removes any const or volatile qualification
from the type addressed by a pointer.
</Message>
</Rule>

<Rule Name="11.5" Mode="required" Report="warning" Id="66">
<Loc File="C:\_Synergy_Projects\Working\SF009A_DutyCycThermProtn_Impl\src\DutyCycThermProtn.c" Line="1675" Column="202">
</Loc>
<Message>
A cast shall not be performed that removes any const or volatile qualification
from the type addressed by a pointer.
</Message>
</Rule>

<Rule Name="11.5" Mode="required" Report="warning" Id="67">
<Loc File="C:\_Synergy_Projects\Working\SF009A_DutyCycThermProtn_Impl\src\DutyCycThermProtn.c" Line="1683" Column="55">
</Loc>
<Message>
A cast shall not be performed that removes any const or volatile qualification
from the type addressed by a pointer.
</Message>
</Rule>

<Rule Name="11.5" Mode="required" Report="warning" Id="68">
<Loc File="C:\_Synergy_Projects\Working\SF009A_DutyCycThermProtn_Impl\src\DutyCycThermProtn.c" Line="1684" Column="87">
</Loc>
<Message>
A cast shall not be performed that removes any const or volatile qualification
from the type addressed by a pointer.
</Message>
</Rule>

<Rule Name="11.5" Mode="required" Report="warning" Id="69">
<Loc File="C:\_Synergy_Projects\Working\SF009A_DutyCycThermProtn_Impl\src\DutyCycThermProtn.c" Line="1685" Column="103">
</Loc>
<Message>
A cast shall not be performed that removes any const or volatile qualification
from the type addressed by a pointer.
</Message>
</Rule>

<Rule Name="11.5" Mode="required" Report="warning" Id="70">
<Loc File="C:\_Synergy_Projects\Working\SF009A_DutyCycThermProtn_Impl\src\DutyCycThermProtn.c" Line="1685" Column="195">
</Loc>
<Message>
A cast shall not be performed that removes any const or volatile qualification
from the type addressed by a pointer.
</Message>
</Rule>

<Rule Name="11.5" Mode="required" Report="warning" Id="71">
<Loc File="C:\_Synergy_Projects\Working\SF009A_DutyCycThermProtn_Impl\src\DutyCycThermProtn.c" Line="1688" Column="55">
</Loc>
<Message>
A cast shall not be performed that removes any const or volatile qualification
from the type addressed by a pointer.
</Message>
</Rule>

<Rule Name="11.5" Mode="required" Report="warning" Id="72">
<Loc File="C:\_Synergy_Projects\Working\SF009A_DutyCycThermProtn_Impl\src\DutyCycThermProtn.c" Line="1689" Column="87">
</Loc>
<Message>
A cast shall not be performed that removes any const or volatile qualification
from the type addressed by a pointer.
</Message>
</Rule>

<Rule Name="11.5" Mode="required" Report="warning" Id="73">
<Loc File="C:\_Synergy_Projects\Working\SF009A_DutyCycThermProtn_Impl\src\DutyCycThermProtn.c" Line="1690" Column="102">
</Loc>
<Message>
A cast shall not be performed that removes any const or volatile qualification
from the type addressed by a pointer.
</Message>
</Rule>

<Rule Name="11.5" Mode="required" Report="warning" Id="74">
<Loc File="C:\_Synergy_Projects\Working\SF009A_DutyCycThermProtn_Impl\src\DutyCycThermProtn.c" Line="1690" Column="194">
</Loc>
<Message>
A cast shall not be performed that removes any const or volatile qualification
from the type addressed by a pointer.
</Message>
</Rule>

<Rule Name="11.5" Mode="required" Report="warning" Id="75">
<Loc File="C:\_Synergy_Projects\Working\SF009A_DutyCycThermProtn_Impl\src\DutyCycThermProtn.c" Line="1693" Column="55">
</Loc>
<Message>
A cast shall not be performed that removes any const or volatile qualification
from the type addressed by a pointer.
</Message>
</Rule>

<Rule Name="11.5" Mode="required" Report="warning" Id="76">
<Loc File="C:\_Synergy_Projects\Working\SF009A_DutyCycThermProtn_Impl\src\DutyCycThermProtn.c" Line="1694" Column="87">
</Loc>
<Message>
A cast shall not be performed that removes any const or volatile qualification
from the type addressed by a pointer.
</Message>
</Rule>

<Rule Name="11.5" Mode="required" Report="warning" Id="77">
<Loc File="C:\_Synergy_Projects\Working\SF009A_DutyCycThermProtn_Impl\src\DutyCycThermProtn.c" Line="1695" Column="102">
</Loc>
<Message>
A cast shall not be performed that removes any const or volatile qualification
from the type addressed by a pointer.
</Message>
</Rule>

<Rule Name="11.5" Mode="required" Report="warning" Id="78">
<Loc File="C:\_Synergy_Projects\Working\SF009A_DutyCycThermProtn_Impl\src\DutyCycThermProtn.c" Line="1695" Column="194">
</Loc>
<Message>
A cast shall not be performed that removes any const or volatile qualification
from the type addressed by a pointer.
</Message>
</Rule>

<Rule Name="11.5" Mode="required" Report="warning" Id="79">
<Loc File="C:\_Synergy_Projects\Working\SF009A_DutyCycThermProtn_Impl\src\DutyCycThermProtn.c" Line="1698" Column="55">
</Loc>
<Message>
A cast shall not be performed that removes any const or volatile qualification
from the type addressed by a pointer.
</Message>
</Rule>

<Rule Name="11.5" Mode="required" Report="warning" Id="80">
<Loc File="C:\_Synergy_Projects\Working\SF009A_DutyCycThermProtn_Impl\src\DutyCycThermProtn.c" Line="1699" Column="87">
</Loc>
<Message>
A cast shall not be performed that removes any const or volatile qualification
from the type addressed by a pointer.
</Message>
</Rule>

<Rule Name="11.5" Mode="required" Report="warning" Id="81">
<Loc File="C:\_Synergy_Projects\Working\SF009A_DutyCycThermProtn_Impl\src\DutyCycThermProtn.c" Line="1700" Column="103">
</Loc>
<Message>
A cast shall not be performed that removes any const or volatile qualification
from the type addressed by a pointer.
</Message>
</Rule>

<Rule Name="11.5" Mode="required" Report="warning" Id="82">
<Loc File="C:\_Synergy_Projects\Working\SF009A_DutyCycThermProtn_Impl\src\DutyCycThermProtn.c" Line="1700" Column="195">
</Loc>
<Message>
A cast shall not be performed that removes any const or volatile qualification
from the type addressed by a pointer.
</Message>
</Rule>

<Rule Name="11.5" Mode="required" Report="warning" Id="83">
<Loc File="C:\_Synergy_Projects\Working\SF009A_DutyCycThermProtn_Impl\src\DutyCycThermProtn.c" Line="1703" Column="55">
</Loc>
<Message>
A cast shall not be performed that removes any const or volatile qualification
from the type addressed by a pointer.
</Message>
</Rule>

<Rule Name="11.5" Mode="required" Report="warning" Id="84">
<Loc File="C:\_Synergy_Projects\Working\SF009A_DutyCycThermProtn_Impl\src\DutyCycThermProtn.c" Line="1704" Column="87">
</Loc>
<Message>
A cast shall not be performed that removes any const or volatile qualification
from the type addressed by a pointer.
</Message>
</Rule>

<Rule Name="11.5" Mode="required" Report="warning" Id="85">
<Loc File="C:\_Synergy_Projects\Working\SF009A_DutyCycThermProtn_Impl\src\DutyCycThermProtn.c" Line="1705" Column="103">
</Loc>
<Message>
A cast shall not be performed that removes any const or volatile qualification
from the type addressed by a pointer.
</Message>
</Rule>

<Rule Name="11.5" Mode="required" Report="warning" Id="86">
<Loc File="C:\_Synergy_Projects\Working\SF009A_DutyCycThermProtn_Impl\src\DutyCycThermProtn.c" Line="1705" Column="195">
</Loc>
<Message>
A cast shall not be performed that removes any const or volatile qualification
from the type addressed by a pointer.
</Message>
</Rule>

<Rule Name="11.5" Mode="required" Report="warning" Id="87">
<Loc File="C:\_Synergy_Projects\Working\SF009A_DutyCycThermProtn_Impl\src\DutyCycThermProtn.c" Line="1708" Column="55">
</Loc>
<Message>
A cast shall not be performed that removes any const or volatile qualification
from the type addressed by a pointer.
</Message>
</Rule>

<Rule Name="11.5" Mode="required" Report="warning" Id="88">
<Loc File="C:\_Synergy_Projects\Working\SF009A_DutyCycThermProtn_Impl\src\DutyCycThermProtn.c" Line="1709" Column="87">
</Loc>
<Message>
A cast shall not be performed that removes any const or volatile qualification
from the type addressed by a pointer.
</Message>
</Rule>

<Rule Name="11.5" Mode="required" Report="warning" Id="89">
<Loc File="C:\_Synergy_Projects\Working\SF009A_DutyCycThermProtn_Impl\src\DutyCycThermProtn.c" Line="1710" Column="103">
</Loc>
<Message>
A cast shall not be performed that removes any const or volatile qualification
from the type addressed by a pointer.
</Message>
</Rule>

<Rule Name="11.5" Mode="required" Report="warning" Id="90">
<Loc File="C:\_Synergy_Projects\Working\SF009A_DutyCycThermProtn_Impl\src\DutyCycThermProtn.c" Line="1710" Column="195">
</Loc>
<Message>
A cast shall not be performed that removes any const or volatile qualification
from the type addressed by a pointer.
</Message>
</Rule>

<Rule Name="11.5" Mode="required" Report="warning" Id="91">
<Loc File="C:\_Synergy_Projects\Working\SF009A_DutyCycThermProtn_Impl\src\DutyCycThermProtn.c" Line="1715" Column="55">
</Loc>
<Message>
A cast shall not be performed that removes any const or volatile qualification
from the type addressed by a pointer.
</Message>
</Rule>

<Rule Name="11.5" Mode="required" Report="warning" Id="92">
<Loc File="C:\_Synergy_Projects\Working\SF009A_DutyCycThermProtn_Impl\src\DutyCycThermProtn.c" Line="1716" Column="87">
</Loc>
<Message>
A cast shall not be performed that removes any const or volatile qualification
from the type addressed by a pointer.
</Message>
</Rule>

<Rule Name="11.5" Mode="required" Report="warning" Id="93">
<Loc File="C:\_Synergy_Projects\Working\SF009A_DutyCycThermProtn_Impl\src\DutyCycThermProtn.c" Line="1717" Column="103">
</Loc>
<Message>
A cast shall not be performed that removes any const or volatile qualification
from the type addressed by a pointer.
</Message>
</Rule>

<Rule Name="11.5" Mode="required" Report="warning" Id="94">
<Loc File="C:\_Synergy_Projects\Working\SF009A_DutyCycThermProtn_Impl\src\DutyCycThermProtn.c" Line="1717" Column="202">
</Loc>
<Message>
A cast shall not be performed that removes any const or volatile qualification
from the type addressed by a pointer.
</Message>
</Rule>

<Rule Name="11.5" Mode="required" Report="warning" Id="95">
<Loc File="C:\_Synergy_Projects\Working\SF009A_DutyCycThermProtn_Impl\src\DutyCycThermProtn.c" Line="1720" Column="55">
</Loc>
<Message>
A cast shall not be performed that removes any const or volatile qualification
from the type addressed by a pointer.
</Message>
</Rule>

<Rule Name="11.5" Mode="required" Report="warning" Id="96">
<Loc File="C:\_Synergy_Projects\Working\SF009A_DutyCycThermProtn_Impl\src\DutyCycThermProtn.c" Line="1721" Column="87">
</Loc>
<Message>
A cast shall not be performed that removes any const or volatile qualification
from the type addressed by a pointer.
</Message>
</Rule>

<Rule Name="11.5" Mode="required" Report="warning" Id="97">
<Loc File="C:\_Synergy_Projects\Working\SF009A_DutyCycThermProtn_Impl\src\DutyCycThermProtn.c" Line="1722" Column="102">
</Loc>
<Message>
A cast shall not be performed that removes any const or volatile qualification
from the type addressed by a pointer.
</Message>
</Rule>

<Rule Name="11.5" Mode="required" Report="warning" Id="98">
<Loc File="C:\_Synergy_Projects\Working\SF009A_DutyCycThermProtn_Impl\src\DutyCycThermProtn.c" Line="1722" Column="201">
</Loc>
<Message>
A cast shall not be performed that removes any const or volatile qualification
from the type addressed by a pointer.
</Message>
</Rule>

<Rule Name="11.5" Mode="required" Report="warning" Id="99">
<Loc File="C:\_Synergy_Projects\Working\SF009A_DutyCycThermProtn_Impl\src\DutyCycThermProtn.c" Line="1725" Column="55">
</Loc>
<Message>
A cast shall not be performed that removes any const or volatile qualification
from the type addressed by a pointer.
</Message>
</Rule>

<Rule Name="11.5" Mode="required" Report="warning" Id="100">
<Loc File="C:\_Synergy_Projects\Working\SF009A_DutyCycThermProtn_Impl\src\DutyCycThermProtn.c" Line="1726" Column="87">
</Loc>
<Message>
A cast shall not be performed that removes any const or volatile qualification
from the type addressed by a pointer.
</Message>
</Rule>

<Rule Name="11.5" Mode="required" Report="warning" Id="101">
<Loc File="C:\_Synergy_Projects\Working\SF009A_DutyCycThermProtn_Impl\src\DutyCycThermProtn.c" Line="1727" Column="102">
</Loc>
<Message>
A cast shall not be performed that removes any const or volatile qualification
from the type addressed by a pointer.
</Message>
</Rule>

<Rule Name="11.5" Mode="required" Report="warning" Id="102">
<Loc File="C:\_Synergy_Projects\Working\SF009A_DutyCycThermProtn_Impl\src\DutyCycThermProtn.c" Line="1727" Column="201">
</Loc>
<Message>
A cast shall not be performed that removes any const or volatile qualification
from the type addressed by a pointer.
</Message>
</Rule>

<Rule Name="11.5" Mode="required" Report="warning" Id="103">
<Loc File="C:\_Synergy_Projects\Working\SF009A_DutyCycThermProtn_Impl\src\DutyCycThermProtn.c" Line="1730" Column="55">
</Loc>
<Message>
A cast shall not be performed that removes any const or volatile qualification
from the type addressed by a pointer.
</Message>
</Rule>

<Rule Name="11.5" Mode="required" Report="warning" Id="104">
<Loc File="C:\_Synergy_Projects\Working\SF009A_DutyCycThermProtn_Impl\src\DutyCycThermProtn.c" Line="1731" Column="87">
</Loc>
<Message>
A cast shall not be performed that removes any const or volatile qualification
from the type addressed by a pointer.
</Message>
</Rule>

<Rule Name="11.5" Mode="required" Report="warning" Id="105">
<Loc File="C:\_Synergy_Projects\Working\SF009A_DutyCycThermProtn_Impl\src\DutyCycThermProtn.c" Line="1732" Column="103">
</Loc>
<Message>
A cast shall not be performed that removes any const or volatile qualification
from the type addressed by a pointer.
</Message>
</Rule>

<Rule Name="11.5" Mode="required" Report="warning" Id="106">
<Loc File="C:\_Synergy_Projects\Working\SF009A_DutyCycThermProtn_Impl\src\DutyCycThermProtn.c" Line="1732" Column="202">
</Loc>
<Message>
A cast shall not be performed that removes any const or volatile qualification
from the type addressed by a pointer.
</Message>
</Rule>

<Rule Name="11.5" Mode="required" Report="warning" Id="107">
<Loc File="C:\_Synergy_Projects\Working\SF009A_DutyCycThermProtn_Impl\src\DutyCycThermProtn.c" Line="1735" Column="55">
</Loc>
<Message>
A cast shall not be performed that removes any const or volatile qualification
from the type addressed by a pointer.
</Message>
</Rule>

<Rule Name="11.5" Mode="required" Report="warning" Id="108">
<Loc File="C:\_Synergy_Projects\Working\SF009A_DutyCycThermProtn_Impl\src\DutyCycThermProtn.c" Line="1736" Column="87">
</Loc>
<Message>
A cast shall not be performed that removes any const or volatile qualification
from the type addressed by a pointer.
</Message>
</Rule>

<Rule Name="11.5" Mode="required" Report="warning" Id="109">
<Loc File="C:\_Synergy_Projects\Working\SF009A_DutyCycThermProtn_Impl\src\DutyCycThermProtn.c" Line="1737" Column="103">
</Loc>
<Message>
A cast shall not be performed that removes any const or volatile qualification
from the type addressed by a pointer.
</Message>
</Rule>

<Rule Name="11.5" Mode="required" Report="warning" Id="110">
<Loc File="C:\_Synergy_Projects\Working\SF009A_DutyCycThermProtn_Impl\src\DutyCycThermProtn.c" Line="1737" Column="202">
</Loc>
<Message>
A cast shall not be performed that removes any const or volatile qualification
from the type addressed by a pointer.
</Message>
</Rule>

<Rule Name="11.5" Mode="required" Report="warning" Id="111">
<Loc File="C:\_Synergy_Projects\Working\SF009A_DutyCycThermProtn_Impl\src\DutyCycThermProtn.c" Line="1740" Column="55">
</Loc>
<Message>
A cast shall not be performed that removes any const or volatile qualification
from the type addressed by a pointer.
</Message>
</Rule>

<Rule Name="11.5" Mode="required" Report="warning" Id="112">
<Loc File="C:\_Synergy_Projects\Working\SF009A_DutyCycThermProtn_Impl\src\DutyCycThermProtn.c" Line="1741" Column="87">
</Loc>
<Message>
A cast shall not be performed that removes any const or volatile qualification
from the type addressed by a pointer.
</Message>
</Rule>

<Rule Name="11.5" Mode="required" Report="warning" Id="113">
<Loc File="C:\_Synergy_Projects\Working\SF009A_DutyCycThermProtn_Impl\src\DutyCycThermProtn.c" Line="1742" Column="103">
</Loc>
<Message>
A cast shall not be performed that removes any const or volatile qualification
from the type addressed by a pointer.
</Message>
</Rule>

<Rule Name="11.5" Mode="required" Report="warning" Id="114">
<Loc File="C:\_Synergy_Projects\Working\SF009A_DutyCycThermProtn_Impl\src\DutyCycThermProtn.c" Line="1742" Column="202">
</Loc>
<Message>
A cast shall not be performed that removes any const or volatile qualification
from the type addressed by a pointer.
</Message>
</Rule>

</CodeStruct>

<CodeStruct Name="DutyCycThermProtnPer1" File="C:\_Synergy_Projects\Working\SF009A_DutyCycThermProtn_Impl\src\DutyCycThermProtn.c" Line="1219" Column="5">

<Rule Name="5.1" Mode="required" Report="warning" Id="115">
<Loc File="C:\_Synergy_Projects\Working\SF009A_DutyCycThermProtn_Impl\src\DutyCycThermProtn.c" Line="1232" Column="16">
</Loc>
<Message>
Identifiers "MotCurrPeakEstimd_AmprSqd_T_f32" (DutyCycThermProtn.c line 229 column 136) and "MotCurrPeakEstimd_AmprSqd_T_f32" (DutyCycThermProtn.c line 1232 column 16) have the same first 31 characters.
</Message>
</Rule>

<Rule Name="5.1" Mode="required" Report="warning" Id="116">
<Loc File="C:\_Synergy_Projects\Working\SF009A_DutyCycThermProtn_Impl\src\DutyCycThermProtn.c" Line="1233" Column="16">
</Loc>
<Message>
Identifiers "MotCurrPeakEstimdFild_AmprSqd_T_f32" (DutyCycThermProtn.c line 230 column 136) and "MotCurrPeakEstimdFild_AmprSqd_T_f32" (DutyCycThermProtn.c line 1233 column 16) have the same first 35 characters.
</Message>
</Rule>

<Rule Name="5.1" Mode="required" Report="warning" Id="117">
<Loc File="C:\_Synergy_Projects\Working\SF009A_DutyCycThermProtn_Impl\src\DutyCycThermProtn.c" Line="1241" Column="16">
</Loc>
<Message>
Identifiers "AbsTempLimitSlew_MotNwtMtr_T_f32" (DutyCycThermProtn.c line 239 column 73) and "AbsTempLimitSlew_MotNwtMtr_T_f32" (DutyCycThermProtn.c line 1241 column 16) have the same first 32 characters.
</Message>
</Rule>

<Rule Name="5.1" Mode="required" Report="warning" Id="118">
<Loc File="C:\_Synergy_Projects\Working\SF009A_DutyCycThermProtn_Impl\src\DutyCycThermProtn.c" Line="1250" Column="10">
</Loc>
<Message>
Identifiers "MotAndThermProtnLoaMod_Cnt_T_u08" (DutyCycThermProtn.c line 236 column 41) and "MotAndThermProtnLoaMod_Cnt_T_u08" (DutyCycThermProtn.c line 1250 column 10) have the same first 32 characters.
Identifiers "MotAndThermProtnLoaMod_Cnt_T_u08" (DutyCycThermProtn.c line 1040 column 32) and "MotAndThermProtnLoaMod_Cnt_T_u08" (DutyCycThermProtn.c line 1250 column 10) have the same first 32 characters.
</Message>
</Rule>

<Rule Name="5.1" Mode="required" Report="warning" Id="119">
<Loc File="C:\_Synergy_Projects\Working\SF009A_DutyCycThermProtn_Impl\src\DutyCycThermProtn.c" Line="1591" Column="96">
</Loc>
<Message>
Identifiers "MotCurrPeakEstimd_AmprSqd_T_f32" (DutyCycThermProtn.c line 1591 column 96) and "MotCurrPeakEstimd_AmprSqd_T_f32" (DutyCycThermProtn.c line 1232 column 16) have the same first 31 characters.
</Message>
</Rule>

<Rule Name="5.1" Mode="required" Report="warning" Id="120">
<Loc File="C:\_Synergy_Projects\Working\SF009A_DutyCycThermProtn_Impl\src\DutyCycThermProtn.c" Line="1591" Column="137">
</Loc>
<Message>
Identifiers "MotCurrPeakEstimdFild_AmprSqd_T_f32" (DutyCycThermProtn.c line 1591 column 137) and "MotCurrPeakEstimdFild_AmprSqd_T_f32" (DutyCycThermProtn.c line 1233 column 16) have the same first 35 characters.
</Message>
</Rule>

<Rule Name="5.1" Mode="required" Report="warning" Id="121">
<Loc File="C:\_Synergy_Projects\Working\SF009A_DutyCycThermProtn_Impl\src\DutyCycThermProtn.c" Line="1902" Column="41">
</Loc>
<Message>
Identifiers "MotAndThermProtnLoaMod_Cnt_T_u08" (DutyCycThermProtn.c line 1902 column 41) and "MotAndThermProtnLoaMod_Cnt_T_u08" (DutyCycThermProtn.c line 1250 column 10) have the same first 32 characters.
</Message>
</Rule>

<Rule Name="5.1" Mode="required" Report="warning" Id="122">
<Loc File="C:\_Synergy_Projects\Working\SF009A_DutyCycThermProtn_Impl\src\DutyCycThermProtn.c" Line="1973" Column="73">
</Loc>
<Message>
Identifiers "AbsTempLimitSlew_MotNwtMtr_T_f32" (DutyCycThermProtn.c line 1973 column 73) and "AbsTempLimitSlew_MotNwtMtr_T_f32" (DutyCycThermProtn.c line 1241 column 16) have the same first 32 characters.
</Message>
</Rule>

</CodeStruct>

<CodeStruct Name="ThermalLimitStatus" File="C:\_Synergy_Projects\Working\SF009A_DutyCycThermProtn_Impl\src\DutyCycThermProtn.c" Line="2029" Column="15">

<Rule Name="11.5" Mode="required" Report="warning" Id="123">
<Loc File="C:\_Synergy_Projects\Working\SF009A_DutyCycThermProtn_Impl\src\DutyCycThermProtn.c" Line="2053" Column="76">
</Loc>
<Message>
A cast shall not be performed that removes any const or volatile qualification
from the type addressed by a pointer.
</Message>
</Rule>

</CodeStruct>

<CodeStruct Name="DutyCycThermProtnInit1" File="C:\_Synergy_Projects\Working\SF009A_DutyCycThermProtn_Impl\src\DutyCycThermProtn.c" Line="1029" Column="5">

<Rule Name="5.1" Mode="required" Report="warning" Id="124">
<Loc File="C:\_Synergy_Projects\Working\SF009A_DutyCycThermProtn_Impl\src\DutyCycThermProtn.c" Line="1040" Column="32">
</Loc>
<Message>
Identifiers "MotAndThermProtnLoaMod_Cnt_T_u08" (DutyCycThermProtn.c line 236 column 41) and "MotAndThermProtnLoaMod_Cnt_T_u08" (DutyCycThermProtn.c line 1040 column 32) have the same first 32 characters.
</Message>
</Rule>

<Rule Name="11.5" Mode="required" Report="warning" Id="125">
<Loc File="C:\_Synergy_Projects\Working\SF009A_DutyCycThermProtn_Impl\src\DutyCycThermProtn.c" Line="1051" Column="82">
</Loc>
<Message>
A cast shall not be performed that removes any const or volatile qualification
from the type addressed by a pointer.
</Message>
</Rule>

<Rule Name="11.5" Mode="required" Report="warning" Id="126">
<Loc File="C:\_Synergy_Projects\Working\SF009A_DutyCycThermProtn_Impl\src\DutyCycThermProtn.c" Line="1056" Column="82">
</Loc>
<Message>
A cast shall not be performed that removes any const or volatile qualification
from the type addressed by a pointer.
</Message>
</Rule>

<Rule Name="11.5" Mode="required" Report="warning" Id="127">
<Loc File="C:\_Synergy_Projects\Working\SF009A_DutyCycThermProtn_Impl\src\DutyCycThermProtn.c" Line="1060" Column="82">
</Loc>
<Message>
A cast shall not be performed that removes any const or volatile qualification
from the type addressed by a pointer.
</Message>
</Rule>

<Rule Name="5.1" Mode="required" Report="warning" Id="128">
<Loc File="C:\_Synergy_Projects\Working\SF009A_DutyCycThermProtn_Impl\src\DutyCycThermProtn.c" Line="1902" Column="41">
</Loc>
<Message>
Identifiers "MotAndThermProtnLoaMod_Cnt_T_u08" (DutyCycThermProtn.c line 1902 column 41) and "MotAndThermProtnLoaMod_Cnt_T_u08" (DutyCycThermProtn.c line 1040 column 32) have the same first 32 characters.
</Message>
</Rule>

</CodeStruct>

<CodeStruct Name="TemperatureLimiting" File="C:\_Synergy_Projects\Working\SF009A_DutyCycThermProtn_Impl\src\DutyCycThermProtn.c" Line="1464" Column="15">

<Rule Name="5.1" Mode="required" Report="warning" Id="129">
<Loc File="C:\_Synergy_Projects\Working\SF009A_DutyCycThermProtn_Impl\src\DutyCycThermProtn.c" Line="1475" Column="16">
</Loc>
<Message>
Identifiers "AbsTempLimitSlew_MotNwtMtr_T_f32" (DutyCycThermProtn.c line 239 column 73) and "AbsTempLimitSlew_MotNwtMtr_T_f32" (DutyCycThermProtn.c line 1475 column 16) have the same first 32 characters.
Identifiers "AbsTempLimitSlew_MotNwtMtr_T_f32" (DutyCycThermProtn.c line 1241 column 16) and "AbsTempLimitSlew_MotNwtMtr_T_f32" (DutyCycThermProtn.c line 1475 column 16) have the same first 32 characters.
</Message>
</Rule>

<Rule Name="11.5" Mode="required" Report="warning" Id="130">
<Loc File="C:\_Synergy_Projects\Working\SF009A_DutyCycThermProtn_Impl\src\DutyCycThermProtn.c" Line="1485" Column="79">
</Loc>
<Message>
A cast shall not be performed that removes any const or volatile qualification
from the type addressed by a pointer.
</Message>
</Rule>

<Rule Name="11.5" Mode="required" Report="warning" Id="131">
<Loc File="C:\_Synergy_Projects\Working\SF009A_DutyCycThermProtn_Impl\src\DutyCycThermProtn.c" Line="1486" Column="75">
</Loc>
<Message>
A cast shall not be performed that removes any const or volatile qualification
from the type addressed by a pointer.
</Message>
</Rule>

<Rule Name="11.5" Mode="required" Report="warning" Id="132">
<Loc File="C:\_Synergy_Projects\Working\SF009A_DutyCycThermProtn_Impl\src\DutyCycThermProtn.c" Line="1487" Column="91">
</Loc>
<Message>
A cast shall not be performed that removes any const or volatile qualification
from the type addressed by a pointer.
</Message>
</Rule>

<Rule Name="11.5" Mode="required" Report="warning" Id="133">
<Loc File="C:\_Synergy_Projects\Working\SF009A_DutyCycThermProtn_Impl\src\DutyCycThermProtn.c" Line="1487" Column="189">
</Loc>
<Message>
A cast shall not be performed that removes any const or volatile qualification
from the type addressed by a pointer.
</Message>
</Rule>

<Rule Name="11.5" Mode="required" Report="warning" Id="134">
<Loc File="C:\_Synergy_Projects\Working\SF009A_DutyCycThermProtn_Impl\src\DutyCycThermProtn.c" Line="1492" Column="79">
</Loc>
<Message>
A cast shall not be performed that removes any const or volatile qualification
from the type addressed by a pointer.
</Message>
</Rule>

<Rule Name="11.5" Mode="required" Report="warning" Id="135">
<Loc File="C:\_Synergy_Projects\Working\SF009A_DutyCycThermProtn_Impl\src\DutyCycThermProtn.c" Line="1493" Column="75">
</Loc>
<Message>
A cast shall not be performed that removes any const or volatile qualification
from the type addressed by a pointer.
</Message>
</Rule>

<Rule Name="11.5" Mode="required" Report="warning" Id="136">
<Loc File="C:\_Synergy_Projects\Working\SF009A_DutyCycThermProtn_Impl\src\DutyCycThermProtn.c" Line="1494" Column="91">
</Loc>
<Message>
A cast shall not be performed that removes any const or volatile qualification
from the type addressed by a pointer.
</Message>
</Rule>

<Rule Name="11.5" Mode="required" Report="warning" Id="137">
<Loc File="C:\_Synergy_Projects\Working\SF009A_DutyCycThermProtn_Impl\src\DutyCycThermProtn.c" Line="1494" Column="196">
</Loc>
<Message>
A cast shall not be performed that removes any const or volatile qualification
from the type addressed by a pointer.
</Message>
</Rule>

<Rule Name="11.5" Mode="required" Report="warning" Id="138">
<Loc File="C:\_Synergy_Projects\Working\SF009A_DutyCycThermProtn_Impl\src\DutyCycThermProtn.c" Line="1506" Column="77">
</Loc>
<Message>
A cast shall not be performed that removes any const or volatile qualification
from the type addressed by a pointer.
</Message>
</Rule>

<Rule Name="11.5" Mode="required" Report="warning" Id="139">
<Loc File="C:\_Synergy_Projects\Working\SF009A_DutyCycThermProtn_Impl\src\DutyCycThermProtn.c" Line="1507" Column="73">
</Loc>
<Message>
A cast shall not be performed that removes any const or volatile qualification
from the type addressed by a pointer.
</Message>
</Rule>

<Rule Name="11.5" Mode="required" Report="warning" Id="140">
<Loc File="C:\_Synergy_Projects\Working\SF009A_DutyCycThermProtn_Impl\src\DutyCycThermProtn.c" Line="1508" Column="89">
</Loc>
<Message>
A cast shall not be performed that removes any const or volatile qualification
from the type addressed by a pointer.
</Message>
</Rule>

<Rule Name="11.5" Mode="required" Report="warning" Id="141">
<Loc File="C:\_Synergy_Projects\Working\SF009A_DutyCycThermProtn_Impl\src\DutyCycThermProtn.c" Line="1508" Column="185">
</Loc>
<Message>
A cast shall not be performed that removes any const or volatile qualification
from the type addressed by a pointer.
</Message>
</Rule>

<Rule Name="11.5" Mode="required" Report="warning" Id="142">
<Loc File="C:\_Synergy_Projects\Working\SF009A_DutyCycThermProtn_Impl\src\DutyCycThermProtn.c" Line="1513" Column="77">
</Loc>
<Message>
A cast shall not be performed that removes any const or volatile qualification
from the type addressed by a pointer.
</Message>
</Rule>

<Rule Name="11.5" Mode="required" Report="warning" Id="143">
<Loc File="C:\_Synergy_Projects\Working\SF009A_DutyCycThermProtn_Impl\src\DutyCycThermProtn.c" Line="1514" Column="73">
</Loc>
<Message>
A cast shall not be performed that removes any const or volatile qualification
from the type addressed by a pointer.
</Message>
</Rule>

<Rule Name="11.5" Mode="required" Report="warning" Id="144">
<Loc File="C:\_Synergy_Projects\Working\SF009A_DutyCycThermProtn_Impl\src\DutyCycThermProtn.c" Line="1515" Column="89">
</Loc>
<Message>
A cast shall not be performed that removes any const or volatile qualification
from the type addressed by a pointer.
</Message>
</Rule>

<Rule Name="11.5" Mode="required" Report="warning" Id="145">
<Loc File="C:\_Synergy_Projects\Working\SF009A_DutyCycThermProtn_Impl\src\DutyCycThermProtn.c" Line="1515" Column="192">
</Loc>
<Message>
A cast shall not be performed that removes any const or volatile qualification
from the type addressed by a pointer.
</Message>
</Rule>

<Rule Name="11.5" Mode="required" Report="warning" Id="146">
<Loc File="C:\_Synergy_Projects\Working\SF009A_DutyCycThermProtn_Impl\src\DutyCycThermProtn.c" Line="1541" Column="47">
</Loc>
<Message>
A cast shall not be performed that removes any const or volatile qualification
from the type addressed by a pointer.
</Message>
</Rule>

<Rule Name="11.5" Mode="required" Report="warning" Id="147">
<Loc File="C:\_Synergy_Projects\Working\SF009A_DutyCycThermProtn_Impl\src\DutyCycThermProtn.c" Line="1545" Column="47">
</Loc>
<Message>
A cast shall not be performed that removes any const or volatile qualification
from the type addressed by a pointer.
</Message>
</Rule>

<Rule Name="11.5" Mode="required" Report="warning" Id="148">
<Loc File="C:\_Synergy_Projects\Working\SF009A_DutyCycThermProtn_Impl\src\DutyCycThermProtn.c" Line="1550" Column="47">
</Loc>
<Message>
A cast shall not be performed that removes any const or volatile qualification
from the type addressed by a pointer.
</Message>
</Rule>

<Rule Name="11.5" Mode="required" Report="warning" Id="149">
<Loc File="C:\_Synergy_Projects\Working\SF009A_DutyCycThermProtn_Impl\src\DutyCycThermProtn.c" Line="1554" Column="47">
</Loc>
<Message>
A cast shall not be performed that removes any const or volatile qualification
from the type addressed by a pointer.
</Message>
</Rule>

<Rule Name="5.1" Mode="required" Report="warning" Id="150">
<Loc File="C:\_Synergy_Projects\Working\SF009A_DutyCycThermProtn_Impl\src\DutyCycThermProtn.c" Line="1973" Column="73">
</Loc>
<Message>
Identifiers "AbsTempLimitSlew_MotNwtMtr_T_f32" (DutyCycThermProtn.c line 1973 column 73) and "AbsTempLimitSlew_MotNwtMtr_T_f32" (DutyCycThermProtn.c line 1475 column 16) have the same first 32 characters.
</Message>
</Rule>

</CodeStruct>

<CodeStruct Name="ThermalLoadLimit" File="C:\_Synergy_Projects\Working\SF009A_DutyCycThermProtn_Impl\src\DutyCycThermProtn.c" Line="1796" Column="15">

<Rule Name="11.5" Mode="required" Report="warning" Id="151">
<Loc File="C:\_Synergy_Projects\Working\SF009A_DutyCycThermProtn_Impl\src\DutyCycThermProtn.c" Line="1815" Column="40">
</Loc>
<Message>
A cast shall not be performed that removes any const or volatile qualification
from the type addressed by a pointer.
</Message>
</Rule>

<Rule Name="11.5" Mode="required" Report="warning" Id="152">
<Loc File="C:\_Synergy_Projects\Working\SF009A_DutyCycThermProtn_Impl\src\DutyCycThermProtn.c" Line="1822" Column="40">
</Loc>
<Message>
A cast shall not be performed that removes any const or volatile qualification
from the type addressed by a pointer.
</Message>
</Rule>

<Rule Name="11.5" Mode="required" Report="warning" Id="153">
<Loc File="C:\_Synergy_Projects\Working\SF009A_DutyCycThermProtn_Impl\src\DutyCycThermProtn.c" Line="1831" Column="36">
</Loc>
<Message>
A cast shall not be performed that removes any const or volatile qualification
from the type addressed by a pointer.
</Message>
</Rule>

<Rule Name="11.5" Mode="required" Report="warning" Id="154">
<Loc File="C:\_Synergy_Projects\Working\SF009A_DutyCycThermProtn_Impl\src\DutyCycThermProtn.c" Line="1842" Column="36">
</Loc>
<Message>
A cast shall not be performed that removes any const or volatile qualification
from the type addressed by a pointer.
</Message>
</Rule>

<Rule Name="11.5" Mode="required" Report="warning" Id="155">
<Loc File="C:\_Synergy_Projects\Working\SF009A_DutyCycThermProtn_Impl\src\DutyCycThermProtn.c" Line="1873" Column="79">
</Loc>
<Message>
A cast shall not be performed that removes any const or volatile qualification
from the type addressed by a pointer.
</Message>
</Rule>

<Rule Name="11.5" Mode="required" Report="warning" Id="156">
<Loc File="C:\_Synergy_Projects\Working\SF009A_DutyCycThermProtn_Impl\src\DutyCycThermProtn.c" Line="1879" Column="44">
</Loc>
<Message>
A cast shall not be performed that removes any const or volatile qualification
from the type addressed by a pointer.
</Message>
</Rule>

</CodeStruct>

</MISRA-C-Report>
