<?xml version="1.0" encoding="UTF-8"?>
<MISRA-C-Report-Summary>
<File Mode="advisory" Error="0" Warning="1" Total="1">
<Name>
C:\_EA4SynWrkgCpy\CM106B_McuCoreCfgAndDiagc_Impl\src\CDD_McuCoreCfgAndDiagc.c</Name>
</File>
<File Mode="advisory" Error="0" Warning="1" Total="1">
<Name>
C:\_EA4SynWrkgCpy\CM106B_McuCoreCfgAndDiagc_Impl\src\CDD_McuCoreCfgAndDiagcNonRte.c</Name>
</File>
<File Mode="required" Error="0" Warning="1" Total="1">
<Name>
C:\_EA4SynWrkgCpy\CM106B_McuCoreCfgAndDiagc_Impl\src\CDD_McuCoreCfgAndDiagcNonRte.c</Name>
</File>
<Rule Name="19.1" Count="2" Mode="advisory" Severity="warning">
<Message>
#include statements in a file shall only be preceded by other preprocessor directives or comments.</Message>
</Rule>
<Rule Name="9.1" Count="1" Mode="required" Severity="warning">
<Message>
All automatic variables shall have been assigned a value before being used.</Message>
</Rule>
</MISRA-C-Report-Summary>
