<?xml version="1.0" encoding="UTF-8"?>

<MISRA-C-Report version="1.3">


<CodeStruct Name="" File="C:\_EA4SynWrkgCpy\ES248A_MotAgArbn_Impl\include\CDD_MotAgArbn_MotCtrl_MemMap.h" Line="0" Column="0">

<Rule Name="19.15" Mode="required" Report="warning" Id="1">
<Loc File="C:\_EA4SynWrkgCpy\ES248A_MotAgArbn_Impl\include\CDD_MotAgArbn_MotCtrl_MemMap.h" Line="1" Column="0">
</Loc>
<Message>
Precautions shall be taken in order to prevent the contents of a header file being included twice.
</Message>
</Rule>

<Rule Name="19.6" Mode="required" Report="warning" Id="2">
<Loc File="C:\_EA4SynWrkgCpy\ES248A_MotAgArbn_Impl\include\CDD_MotAgArbn_MotCtrl_MemMap.h" Line="26" Column="0">
</Loc>
<Message>
#undef shall not be used.
</Message>
</Rule>

<Rule Name="19.6" Mode="required" Report="warning" Id="3">
<Loc File="C:\_EA4SynWrkgCpy\ES248A_MotAgArbn_Impl\include\CDD_MotAgArbn_MotCtrl_MemMap.h" Line="32" Column="0">
</Loc>
<Message>
#undef shall not be used.
</Message>
</Rule>

</CodeStruct>

<CodeStruct Name="" File="C:\_EA4SynWrkgCpy\ES248A_MotAgArbn_Impl\src\CDD_MotAgArbn_MotCtrl.c" Line="0" Column="0">

<Rule Name="19.1" Mode="advisory" Report="warning" Id="4">
<Loc File="C:\_EA4SynWrkgCpy\ES248A_MotAgArbn_Impl\src\CDD_MotAgArbn_MotCtrl.c" Line="42" Column="0">
</Loc>
<Message>
#include statements in a file shall only be preceded by other preprocessor directives or comments.
</Message>
</Rule>

<Rule Name="19.1" Mode="advisory" Report="warning" Id="5">
<Loc File="C:\_EA4SynWrkgCpy\ES248A_MotAgArbn_Impl\src\CDD_MotAgArbn_MotCtrl.c" Line="174" Column="0">
</Loc>
<Message>
#include statements in a file shall only be preceded by other preprocessor directives or comments.
</Message>
</Rule>

</CodeStruct>

<CodeStruct Name="" File="C:\_EA4SynWrkgCpy\ES248A_MotAgArbn_Impl\src\CDD_MotAgArbn.c" Line="0" Column="0">

<Rule Name="19.1" Mode="advisory" Report="warning" Id="6">
<Loc File="C:\_EA4SynWrkgCpy\ES248A_MotAgArbn_Impl\src\CDD_MotAgArbn.c" Line="128" Column="0">
</Loc>
<Message>
#include statements in a file shall only be preceded by other preprocessor directives or comments.
</Message>
</Rule>

</CodeStruct>

</MISRA-C-Report>
