<?xml version="1.0" encoding="UTF-8"?>
<MISRA-C-Report-Summary>
<File Mode="advisory" Error="0" Warning="2" Total="2">
<Name>
C:\Users\NZ5334\Documents\Synergy\Working\ses_dev_ea4\MM056A_FordMsg091BusHiSpd_Impl\src\FordMsg091BusHiSpd.c</Name>
</File>
<File Mode="required" Error="0" Warning="64" Total="64">
<Name>
C:\Users\NZ5334\Documents\Synergy\Working\ses_dev_ea4\MM056A_FordMsg091BusHiSpd_Impl\src\FordMsg091BusHiSpd.c</Name>
</File>
<File Mode="advisory" Error="0" Warning="1" Total="1">
<Name>
C:\Users\NZ5334\Documents\Synergy\Working\ses_dev_ea4\MM056A_FordMsg091BusHiSpd_Impl\src\FordMsg091BusHiSpdNonRte.c</Name>
</File>
<File Mode="required" Error="0" Warning="4" Total="4">
<Name>
C:\Users\NZ5334\Documents\Synergy\Working\ses_dev_ea4\MM056A_FordMsg091BusHiSpd_Impl\src\FordMsg091BusHiSpdNonRte.c</Name>
</File>
<Rule Name="21.1" Count="47" Mode="required" Severity="warning">
<Message>
Minimisation of run-time failures.</Message>
</Rule>
<Rule Name="5.1" Count="14" Mode="required" Severity="warning">
<Message>
</Message>
</Rule>
<Rule Name="9.1" Count="7" Mode="required" Severity="warning">
<Message>
All automatic variables shall have been assigned a value before being used.</Message>
</Rule>
<Rule Name="19.1" Count="3" Mode="advisory" Severity="warning">
<Message>
#include statements in a file shall only be preceded by other preprocessor directives or comments.</Message>
</Rule>
</MISRA-C-Report-Summary>
