<?xml version="1.0" encoding="UTF-8"?>

<MISRA-C-Report version="1.3">


<CodeStruct Name="" File="C:\Users\NZ5334\Documents\Synergy\Working\ses_dev_ea4\MM056A_FordMsg091BusHiSpd_Impl\src\FordMsg091BusHiSpd.c" Line="0" Column="0">

<Rule Name="19.1" Mode="advisory" Report="warning" Id="2">
<Loc File="C:\Users\NZ5334\Documents\Synergy\Working\ses_dev_ea4\MM056A_FordMsg091BusHiSpd_Impl\src\FordMsg091BusHiSpd.c" Line="712" Column="0">
</Loc>
<Message>
#include statements in a file shall only be preceded by other preprocessor directives or comments.
</Message>
</Rule>

<Rule Name="19.1" Mode="advisory" Report="warning" Id="3">
<Loc File="C:\Users\NZ5334\Documents\Synergy\Working\ses_dev_ea4\MM056A_FordMsg091BusHiSpd_Impl\src\FordMsg091BusHiSpd.c" Line="990" Column="0">
</Loc>
<Message>
#include statements in a file shall only be preceded by other preprocessor directives or comments.
</Message>
</Rule>

<Rule Name="5.1" Mode="required" Report="warning" Id="4">
<Loc File="C:\Users\NZ5334\Documents\Synergy\Working\ses_dev_ea4\MM056A_FordMsg091BusHiSpd_Impl\src\FordMsg091BusHiSpd.c" Line="1007" Column="106">
</Loc>
<Message>
Identifiers "FordTrlrBackUpAssiEnad_Cnt_T_logl" (FordMsg091BusHiSpd.c line 1007 column 106) and "FordTrlrBackUpAssiEnad_Cnt_T_logl" (FordMsg091BusHiSpd.c line 107 column 106) have the same first 33 characters.
</Message>
</Rule>

<Rule Name="5.1" Mode="required" Report="warning" Id="5">
<Loc File="C:\Users\NZ5334\Documents\Synergy\Working\ses_dev_ea4\MM056A_FordMsg091BusHiSpd_Impl\src\FordMsg091BusHiSpd.c" Line="1008" Column="106">
</Loc>
<Message>
Identifiers "FordLaneCentrAssiEnad_Cnt_T_logl" (FordMsg091BusHiSpd.c line 1008 column 106) and "FordLaneCentrAssiEnad_Cnt_T_logl" (FordMsg091BusHiSpd.c line 108 column 106) have the same first 32 characters.
</Message>
</Rule>

<Rule Name="5.1" Mode="required" Report="warning" Id="6">
<Loc File="C:\Users\NZ5334\Documents\Synergy\Working\ses_dev_ea4\MM056A_FordMsg091BusHiSpd_Impl\src\FordMsg091BusHiSpd.c" Line="1122" Column="113">
</Loc>
<Message>
Identifiers "FordVehYawRateRawVld_Cnt_T_logl" (FordMsg091BusHiSpd.c line 1122 column 113) and "FordVehYawRateRawVld_Cnt_T_logl" (FordMsg091BusHiSpd.c line 122 column 113) have the same first 31 characters.
</Message>
</Rule>

<Rule Name="5.1" Mode="required" Report="warning" Id="7">
<Loc File="C:\Users\NZ5334\Documents\Synergy\Working\ses_dev_ea4\MM056A_FordMsg091BusHiSpd_Impl\src\FordMsg091BusHiSpd.c" Line="1124" Column="113">
</Loc>
<Message>
Identifiers "FordVehYawRateRawVldInp_Cnt_T_logl" (FordMsg091BusHiSpd.c line 1124 column 113) and "FordVehYawRateRawVldInp_Cnt_T_logl" (FordMsg091BusHiSpd.c line 124 column 113) have the same first 34 characters.
</Message>
</Rule>

</CodeStruct>

<CodeStruct Name="" File="C:\Users\NZ5334\Documents\Synergy\Working\ses_dev_ea4\MM056A_FordMsg091BusHiSpd_Impl\src\FordMsg091BusHiSpdNonRte.c" Line="0" Column="0">

<Rule Name="19.1" Mode="advisory" Report="warning" Id="1">
<Loc File="C:\Users\NZ5334\Documents\Synergy\Working\ses_dev_ea4\MM056A_FordMsg091BusHiSpd_Impl\src\FordMsg091BusHiSpdNonRte.c" Line="76" Column="0">
</Loc>
<Message>
#include statements in a file shall only be preceded by other preprocessor directives or comments.
</Message>
</Rule>

</CodeStruct>

<CodeStruct Name="MissMsg" File="C:\Users\NZ5334\Documents\Synergy\Working\ses_dev_ea4\MM056A_FordMsg091BusHiSpd_Impl\src\FordMsg091BusHiSpd.c" Line="1046" Column="15">

<Rule Name="5.1" Mode="required" Report="warning" Id="8">
<Loc File="C:\Users\NZ5334\Documents\Synergy\Working\ses_dev_ea4\MM056A_FordMsg091BusHiSpd_Impl\src\FordMsg091BusHiSpd.c" Line="1056" Column="16">
</Loc>
<Message>
Identifiers "FordVehYawRateRawVld_Cnt_T_logl" (FordMsg091BusHiSpd.c line 837 column 16) and "FordVehYawRateRawVld_Cnt_T_logl" (FordMsg091BusHiSpd.c line 1056 column 16) have the same first 31 characters.
Identifiers "FordVehYawRateRawVld_Cnt_T_logl" (FordMsg091BusHiSpd.c line 122 column 113) and "FordVehYawRateRawVld_Cnt_T_logl" (FordMsg091BusHiSpd.c line 1056 column 16) have the same first 31 characters.
</Message>
</Rule>

<Rule Name="21.1" Mode="required" Report="warning" Id="9">
<Loc File="C:\Users\NZ5334\Documents\Synergy\Working\ses_dev_ea4\MM056A_FordMsg091BusHiSpd_Impl\src\FordMsg091BusHiSpd.c" Line="1061" Column="77">
</Loc>
<Message>
Minimisation of run-time failures.
</Message>
</Rule>

<Rule Name="21.1" Mode="required" Report="warning" Id="10">
<Loc File="C:\Users\NZ5334\Documents\Synergy\Working\ses_dev_ea4\MM056A_FordMsg091BusHiSpd_Impl\src\FordMsg091BusHiSpd.c" Line="1089" Column="73">
</Loc>
<Message>
Minimisation of run-time failures.
</Message>
</Rule>

<Rule Name="21.1" Mode="required" Report="warning" Id="11">
<Loc File="C:\Users\NZ5334\Documents\Synergy\Working\ses_dev_ea4\MM056A_FordMsg091BusHiSpd_Impl\src\FordMsg091BusHiSpd.c" Line="1096" Column="45">
</Loc>
<Message>
Minimisation of run-time failures.
</Message>
</Rule>

<Rule Name="21.1" Mode="required" Report="warning" Id="12">
<Loc File="C:\Users\NZ5334\Documents\Synergy\Working\ses_dev_ea4\MM056A_FordMsg091BusHiSpd_Impl\src\FordMsg091BusHiSpd.c" Line="1100" Column="8">
</Loc>
<Message>
Minimisation of run-time failures.
</Message>
</Rule>

<Rule Name="21.1" Mode="required" Report="warning" Id="13">
<Loc File="C:\Users\NZ5334\Documents\Synergy\Working\ses_dev_ea4\MM056A_FordMsg091BusHiSpd_Impl\src\FordMsg091BusHiSpd.c" Line="1101" Column="8">
</Loc>
<Message>
Minimisation of run-time failures.
</Message>
</Rule>

<Rule Name="21.1" Mode="required" Report="warning" Id="14">
<Loc File="C:\Users\NZ5334\Documents\Synergy\Working\ses_dev_ea4\MM056A_FordMsg091BusHiSpd_Impl\src\FordMsg091BusHiSpd.c" Line="1102" Column="8">
</Loc>
<Message>
Minimisation of run-time failures.
</Message>
</Rule>

<Rule Name="21.1" Mode="required" Report="warning" Id="15">
<Loc File="C:\Users\NZ5334\Documents\Synergy\Working\ses_dev_ea4\MM056A_FordMsg091BusHiSpd_Impl\src\FordMsg091BusHiSpd.c" Line="1103" Column="8">
</Loc>
<Message>
Minimisation of run-time failures.
</Message>
</Rule>

<Rule Name="21.1" Mode="required" Report="warning" Id="16">
<Loc File="C:\Users\NZ5334\Documents\Synergy\Working\ses_dev_ea4\MM056A_FordMsg091BusHiSpd_Impl\src\FordMsg091BusHiSpd.c" Line="1104" Column="8">
</Loc>
<Message>
Minimisation of run-time failures.
</Message>
</Rule>

<Rule Name="21.1" Mode="required" Report="warning" Id="17">
<Loc File="C:\Users\NZ5334\Documents\Synergy\Working\ses_dev_ea4\MM056A_FordMsg091BusHiSpd_Impl\src\FordMsg091BusHiSpd.c" Line="1106" Column="39">
</Loc>
<Message>
Minimisation of run-time failures.
</Message>
</Rule>

<Rule Name="21.1" Mode="required" Report="warning" Id="18">
<Loc File="C:\Users\NZ5334\Documents\Synergy\Working\ses_dev_ea4\MM056A_FordMsg091BusHiSpd_Impl\src\FordMsg091BusHiSpd.c" Line="1107" Column="42">
</Loc>
<Message>
Minimisation of run-time failures.
</Message>
</Rule>

<Rule Name="5.1" Mode="required" Report="warning" Id="19">
<Loc File="C:\Users\NZ5334\Documents\Synergy\Working\ses_dev_ea4\MM056A_FordMsg091BusHiSpd_Impl\src\FordMsg091BusHiSpd.c" Line="1122" Column="113">
</Loc>
<Message>
Identifiers "FordVehYawRateRawVld_Cnt_T_logl" (FordMsg091BusHiSpd.c line 1122 column 113) and "FordVehYawRateRawVld_Cnt_T_logl" (FordMsg091BusHiSpd.c line 1056 column 16) have the same first 31 characters.
</Message>
</Rule>

</CodeStruct>

<CodeStruct Name="DiagEna" File="C:\Users\NZ5334\Documents\Synergy\Working\ses_dev_ea4\MM056A_FordMsg091BusHiSpd_Impl\src\FordMsg091BusHiSpd.c" Line="1006" Column="12">

<Rule Name="21.1" Mode="required" Report="warning" Id="20">
<Loc File="C:\Users\NZ5334\Documents\Synergy\Working\ses_dev_ea4\MM056A_FordMsg091BusHiSpd_Impl\src\FordMsg091BusHiSpd.c" Line="1026" Column="36">
</Loc>
<Message>
Minimisation of run-time failures.
</Message>
</Rule>

</CodeStruct>

<CodeStruct Name="FordMsg091BusHiSpdInit1" File="C:\Users\NZ5334\Documents\Synergy\Working\ses_dev_ea4\MM056A_FordMsg091BusHiSpd_Impl\src\FordMsg091BusHiSpd.c" Line="742" Column="5">

<Rule Name="21.1" Mode="required" Report="warning" Id="21">
<Loc File="C:\Users\NZ5334\Documents\Synergy\Working\ses_dev_ea4\MM056A_FordMsg091BusHiSpd_Impl\src\FordMsg091BusHiSpd.c" Line="750" Column="8">
</Loc>
<Message>
Minimisation of run-time failures.
</Message>
</Rule>

<Rule Name="21.1" Mode="required" Report="warning" Id="22">
<Loc File="C:\Users\NZ5334\Documents\Synergy\Working\ses_dev_ea4\MM056A_FordMsg091BusHiSpd_Impl\src\FordMsg091BusHiSpd.c" Line="750" Column="37">
</Loc>
<Message>
Minimisation of run-time failures.
</Message>
</Rule>

<Rule Name="21.1" Mode="required" Report="warning" Id="23">
<Loc File="C:\Users\NZ5334\Documents\Synergy\Working\ses_dev_ea4\MM056A_FordMsg091BusHiSpd_Impl\src\FordMsg091BusHiSpd.c" Line="752" Column="8">
</Loc>
<Message>
Minimisation of run-time failures.
</Message>
</Rule>

<Rule Name="21.1" Mode="required" Report="warning" Id="24">
<Loc File="C:\Users\NZ5334\Documents\Synergy\Working\ses_dev_ea4\MM056A_FordMsg091BusHiSpd_Impl\src\FordMsg091BusHiSpd.c" Line="753" Column="8">
</Loc>
<Message>
Minimisation of run-time failures.
</Message>
</Rule>

<Rule Name="21.1" Mode="required" Report="warning" Id="25">
<Loc File="C:\Users\NZ5334\Documents\Synergy\Working\ses_dev_ea4\MM056A_FordMsg091BusHiSpd_Impl\src\FordMsg091BusHiSpd.c" Line="754" Column="8">
</Loc>
<Message>
Minimisation of run-time failures.
</Message>
</Rule>

<Rule Name="21.1" Mode="required" Report="warning" Id="26">
<Loc File="C:\Users\NZ5334\Documents\Synergy\Working\ses_dev_ea4\MM056A_FordMsg091BusHiSpd_Impl\src\FordMsg091BusHiSpd.c" Line="755" Column="8">
</Loc>
<Message>
Minimisation of run-time failures.
</Message>
</Rule>

<Rule Name="21.1" Mode="required" Report="warning" Id="27">
<Loc File="C:\Users\NZ5334\Documents\Synergy\Working\ses_dev_ea4\MM056A_FordMsg091BusHiSpd_Impl\src\FordMsg091BusHiSpd.c" Line="756" Column="8">
</Loc>
<Message>
Minimisation of run-time failures.
</Message>
</Rule>

<Rule Name="21.1" Mode="required" Report="warning" Id="28">
<Loc File="C:\Users\NZ5334\Documents\Synergy\Working\ses_dev_ea4\MM056A_FordMsg091BusHiSpd_Impl\src\FordMsg091BusHiSpd.c" Line="757" Column="8">
</Loc>
<Message>
Minimisation of run-time failures.
</Message>
</Rule>

<Rule Name="21.1" Mode="required" Report="warning" Id="29">
<Loc File="C:\Users\NZ5334\Documents\Synergy\Working\ses_dev_ea4\MM056A_FordMsg091BusHiSpd_Impl\src\FordMsg091BusHiSpd.c" Line="758" Column="8">
</Loc>
<Message>
Minimisation of run-time failures.
</Message>
</Rule>

<Rule Name="21.1" Mode="required" Report="warning" Id="30">
<Loc File="C:\Users\NZ5334\Documents\Synergy\Working\ses_dev_ea4\MM056A_FordMsg091BusHiSpd_Impl\src\FordMsg091BusHiSpd.c" Line="759" Column="8">
</Loc>
<Message>
Minimisation of run-time failures.
</Message>
</Rule>

<Rule Name="21.1" Mode="required" Report="warning" Id="31">
<Loc File="C:\Users\NZ5334\Documents\Synergy\Working\ses_dev_ea4\MM056A_FordMsg091BusHiSpd_Impl\src\FordMsg091BusHiSpd.c" Line="760" Column="8">
</Loc>
<Message>
Minimisation of run-time failures.
</Message>
</Rule>

</CodeStruct>

<CodeStruct Name="ComIPduCallout_Yaw_Data_FD1_Oper" File="C:\Users\NZ5334\Documents\Synergy\Working\ses_dev_ea4\MM056A_FordMsg091BusHiSpd_Impl\src\FordMsg091BusHiSpdNonRte.c" Line="46" Column="8">

<Rule Name="21.1" Mode="required" Report="warning" Id="32">
<Loc File="C:\Users\NZ5334\Documents\Synergy\Working\ses_dev_ea4\MM056A_FordMsg091BusHiSpd_Impl\src\FordMsg091BusHiSpdNonRte.c" Line="53" Column="1">
</Loc>
<Message>
Minimisation of run-time failures.
</Message>
</Rule>

<Rule Name="21.1" Mode="required" Report="warning" Id="33">
<Loc File="C:\Users\NZ5334\Documents\Synergy\Working\ses_dev_ea4\MM056A_FordMsg091BusHiSpd_Impl\src\FordMsg091BusHiSpdNonRte.c" Line="53" Column="30">
</Loc>
<Message>
Minimisation of run-time failures.
</Message>
</Rule>

</CodeStruct>

<CodeStruct Name="ComTimeoutNotification_VehYaw_W_Actl_Oper" File="C:\Users\NZ5334\Documents\Synergy\Working\ses_dev_ea4\MM056A_FordMsg091BusHiSpd_Impl\src\FordMsg091BusHiSpdNonRte.c" Line="61" Column="5">

<Rule Name="21.1" Mode="required" Report="warning" Id="34">
<Loc File="C:\Users\NZ5334\Documents\Synergy\Working\ses_dev_ea4\MM056A_FordMsg091BusHiSpd_Impl\src\FordMsg091BusHiSpdNonRte.c" Line="67" Column="1">
</Loc>
<Message>
Minimisation of run-time failures.
</Message>
</Rule>

<Rule Name="21.1" Mode="required" Report="warning" Id="35">
<Loc File="C:\Users\NZ5334\Documents\Synergy\Working\ses_dev_ea4\MM056A_FordMsg091BusHiSpd_Impl\src\FordMsg091BusHiSpdNonRte.c" Line="67" Column="30">
</Loc>
<Message>
Minimisation of run-time failures.
</Message>
</Rule>

</CodeStruct>

<CodeStruct Name="VldElpdTi" File="C:\Users\NZ5334\Documents\Synergy\Working\ses_dev_ea4\MM056A_FordMsg091BusHiSpd_Impl\src\FordMsg091BusHiSpd.c" Line="1202" Column="12">

<Rule Name="21.1" Mode="required" Report="warning" Id="66">
<Loc File="C:\Users\NZ5334\Documents\Synergy\Working\ses_dev_ea4\MM056A_FordMsg091BusHiSpd_Impl\src\FordMsg091BusHiSpd.c" Line="1209" Column="67">
</Loc>
<Message>
Minimisation of run-time failures.
</Message>
</Rule>

<Rule Name="21.1" Mode="required" Report="warning" Id="67">
<Loc File="C:\Users\NZ5334\Documents\Synergy\Working\ses_dev_ea4\MM056A_FordMsg091BusHiSpd_Impl\src\FordMsg091BusHiSpd.c" Line="1219" Column="67">
</Loc>
<Message>
Minimisation of run-time failures.
</Message>
</Rule>

</CodeStruct>

<CodeStruct Name="FordMsg091BusHiSpdPer1" File="C:\Users\NZ5334\Documents\Synergy\Working\ses_dev_ea4\MM056A_FordMsg091BusHiSpd_Impl\src\FordMsg091BusHiSpd.c" Line="821" Column="5">

<Rule Name="5.1" Mode="required" Report="warning" Id="36">
<Loc File="C:\Users\NZ5334\Documents\Synergy\Working\ses_dev_ea4\MM056A_FordMsg091BusHiSpd_Impl\src\FordMsg091BusHiSpd.c" Line="831" Column="16">
</Loc>
<Message>
Identifiers "FordLaneCentrAssiEnad_Cnt_T_logl" (FordMsg091BusHiSpd.c line 108 column 106) and "FordLaneCentrAssiEnad_Cnt_T_logl" (FordMsg091BusHiSpd.c line 831 column 16) have the same first 32 characters.
</Message>
</Rule>

<Rule Name="5.1" Mode="required" Report="warning" Id="37">
<Loc File="C:\Users\NZ5334\Documents\Synergy\Working\ses_dev_ea4\MM056A_FordMsg091BusHiSpd_Impl\src\FordMsg091BusHiSpd.c" Line="833" Column="16">
</Loc>
<Message>
Identifiers "FordTrlrBackUpAssiEnad_Cnt_T_logl" (FordMsg091BusHiSpd.c line 107 column 106) and "FordTrlrBackUpAssiEnad_Cnt_T_logl" (FordMsg091BusHiSpd.c line 833 column 16) have the same first 33 characters.
</Message>
</Rule>

<Rule Name="5.1" Mode="required" Report="warning" Id="38">
<Loc File="C:\Users\NZ5334\Documents\Synergy\Working\ses_dev_ea4\MM056A_FordMsg091BusHiSpd_Impl\src\FordMsg091BusHiSpd.c" Line="837" Column="16">
</Loc>
<Message>
Identifiers "FordVehYawRateRawVld_Cnt_T_logl" (FordMsg091BusHiSpd.c line 122 column 113) and "FordVehYawRateRawVld_Cnt_T_logl" (FordMsg091BusHiSpd.c line 837 column 16) have the same first 31 characters.
</Message>
</Rule>

<Rule Name="5.1" Mode="required" Report="warning" Id="39">
<Loc File="C:\Users\NZ5334\Documents\Synergy\Working\ses_dev_ea4\MM056A_FordMsg091BusHiSpd_Impl\src\FordMsg091BusHiSpd.c" Line="838" Column="16">
</Loc>
<Message>
Identifiers "FordVehYawRateRawVldInp_Cnt_T_logl" (FordMsg091BusHiSpd.c line 124 column 113) and "FordVehYawRateRawVldInp_Cnt_T_logl" (FordMsg091BusHiSpd.c line 838 column 16) have the same first 34 characters.
</Message>
</Rule>

<Rule Name="9.1" Mode="required" Report="warning" Id="40">
<Loc File="C:\Users\NZ5334\Documents\Synergy\Working\ses_dev_ea4\MM056A_FordMsg091BusHiSpd_Impl\src\FordMsg091BusHiSpd.c" Line="861" Column="13">
</Loc>
<Message>
All automatic variables shall have been assigned a value before being used.
</Message>
</Rule>

<Rule Name="9.1" Mode="required" Report="warning" Id="41">
<Loc File="C:\Users\NZ5334\Documents\Synergy\Working\ses_dev_ea4\MM056A_FordMsg091BusHiSpd_Impl\src\FordMsg091BusHiSpd.c" Line="862" Column="25">
</Loc>
<Message>
All automatic variables shall have been assigned a value before being used.
</Message>
</Rule>

<Rule Name="9.1" Mode="required" Report="warning" Id="42">
<Loc File="C:\Users\NZ5334\Documents\Synergy\Working\ses_dev_ea4\MM056A_FordMsg091BusHiSpd_Impl\src\FordMsg091BusHiSpd.c" Line="863" Column="25">
</Loc>
<Message>
All automatic variables shall have been assigned a value before being used.
</Message>
</Rule>

<Rule Name="9.1" Mode="required" Report="warning" Id="43">
<Loc File="C:\Users\NZ5334\Documents\Synergy\Working\ses_dev_ea4\MM056A_FordMsg091BusHiSpd_Impl\src\FordMsg091BusHiSpd.c" Line="864" Column="25">
</Loc>
<Message>
All automatic variables shall have been assigned a value before being used.
</Message>
</Rule>

<Rule Name="9.1" Mode="required" Report="warning" Id="44">
<Loc File="C:\Users\NZ5334\Documents\Synergy\Working\ses_dev_ea4\MM056A_FordMsg091BusHiSpd_Impl\src\FordMsg091BusHiSpd.c" Line="865" Column="25">
</Loc>
<Message>
All automatic variables shall have been assigned a value before being used.
</Message>
</Rule>

<Rule Name="9.1" Mode="required" Report="warning" Id="45">
<Loc File="C:\Users\NZ5334\Documents\Synergy\Working\ses_dev_ea4\MM056A_FordMsg091BusHiSpd_Impl\src\FordMsg091BusHiSpd.c" Line="871" Column="12">
</Loc>
<Message>
All automatic variables shall have been assigned a value before being used.
</Message>
</Rule>

<Rule Name="21.1" Mode="required" Report="warning" Id="46">
<Loc File="C:\Users\NZ5334\Documents\Synergy\Working\ses_dev_ea4\MM056A_FordMsg091BusHiSpd_Impl\src\FordMsg091BusHiSpd.c" Line="883" Column="17">
</Loc>
<Message>
Minimisation of run-time failures.
</Message>
</Rule>

<Rule Name="9.1" Mode="required" Report="warning" Id="47">
<Loc File="C:\Users\NZ5334\Documents\Synergy\Working\ses_dev_ea4\MM056A_FordMsg091BusHiSpd_Impl\src\FordMsg091BusHiSpd.c" Line="898" Column="26">
</Loc>
<Message>
All automatic variables shall have been assigned a value before being used.
</Message>
</Rule>

<Rule Name="21.1" Mode="required" Report="warning" Id="48">
<Loc File="C:\Users\NZ5334\Documents\Synergy\Working\ses_dev_ea4\MM056A_FordMsg091BusHiSpd_Impl\src\FordMsg091BusHiSpd.c" Line="908" Column="89">
</Loc>
<Message>
Minimisation of run-time failures.
</Message>
</Rule>

<Rule Name="21.1" Mode="required" Report="warning" Id="49">
<Loc File="C:\Users\NZ5334\Documents\Synergy\Working\ses_dev_ea4\MM056A_FordMsg091BusHiSpd_Impl\src\FordMsg091BusHiSpd.c" Line="918" Column="97">
</Loc>
<Message>
Minimisation of run-time failures.
</Message>
</Rule>

<Rule Name="21.1" Mode="required" Report="warning" Id="50">
<Loc File="C:\Users\NZ5334\Documents\Synergy\Working\ses_dev_ea4\MM056A_FordMsg091BusHiSpd_Impl\src\FordMsg091BusHiSpd.c" Line="929" Column="97">
</Loc>
<Message>
Minimisation of run-time failures.
</Message>
</Rule>

<Rule Name="21.1" Mode="required" Report="warning" Id="51">
<Loc File="C:\Users\NZ5334\Documents\Synergy\Working\ses_dev_ea4\MM056A_FordMsg091BusHiSpd_Impl\src\FordMsg091BusHiSpd.c" Line="942" Column="24">
</Loc>
<Message>
Minimisation of run-time failures.
</Message>
</Rule>

<Rule Name="21.1" Mode="required" Report="warning" Id="52">
<Loc File="C:\Users\NZ5334\Documents\Synergy\Working\ses_dev_ea4\MM056A_FordMsg091BusHiSpd_Impl\src\FordMsg091BusHiSpd.c" Line="943" Column="24">
</Loc>
<Message>
Minimisation of run-time failures.
</Message>
</Rule>

<Rule Name="21.1" Mode="required" Report="warning" Id="53">
<Loc File="C:\Users\NZ5334\Documents\Synergy\Working\ses_dev_ea4\MM056A_FordMsg091BusHiSpd_Impl\src\FordMsg091BusHiSpd.c" Line="944" Column="24">
</Loc>
<Message>
Minimisation of run-time failures.
</Message>
</Rule>

<Rule Name="21.1" Mode="required" Report="warning" Id="54">
<Loc File="C:\Users\NZ5334\Documents\Synergy\Working\ses_dev_ea4\MM056A_FordMsg091BusHiSpd_Impl\src\FordMsg091BusHiSpd.c" Line="952" Column="16">
</Loc>
<Message>
Minimisation of run-time failures.
</Message>
</Rule>

<Rule Name="21.1" Mode="required" Report="warning" Id="55">
<Loc File="C:\Users\NZ5334\Documents\Synergy\Working\ses_dev_ea4\MM056A_FordMsg091BusHiSpd_Impl\src\FordMsg091BusHiSpd.c" Line="953" Column="16">
</Loc>
<Message>
Minimisation of run-time failures.
</Message>
</Rule>

<Rule Name="21.1" Mode="required" Report="warning" Id="56">
<Loc File="C:\Users\NZ5334\Documents\Synergy\Working\ses_dev_ea4\MM056A_FordMsg091BusHiSpd_Impl\src\FordMsg091BusHiSpd.c" Line="959" Column="24">
</Loc>
<Message>
Minimisation of run-time failures.
</Message>
</Rule>

<Rule Name="21.1" Mode="required" Report="warning" Id="57">
<Loc File="C:\Users\NZ5334\Documents\Synergy\Working\ses_dev_ea4\MM056A_FordMsg091BusHiSpd_Impl\src\FordMsg091BusHiSpd.c" Line="960" Column="24">
</Loc>
<Message>
Minimisation of run-time failures.
</Message>
</Rule>

<Rule Name="21.1" Mode="required" Report="warning" Id="58">
<Loc File="C:\Users\NZ5334\Documents\Synergy\Working\ses_dev_ea4\MM056A_FordMsg091BusHiSpd_Impl\src\FordMsg091BusHiSpd.c" Line="961" Column="24">
</Loc>
<Message>
Minimisation of run-time failures.
</Message>
</Rule>

<Rule Name="21.1" Mode="required" Report="warning" Id="59">
<Loc File="C:\Users\NZ5334\Documents\Synergy\Working\ses_dev_ea4\MM056A_FordMsg091BusHiSpd_Impl\src\FordMsg091BusHiSpd.c" Line="971" Column="8">
</Loc>
<Message>
Minimisation of run-time failures.
</Message>
</Rule>

<Rule Name="21.1" Mode="required" Report="warning" Id="60">
<Loc File="C:\Users\NZ5334\Documents\Synergy\Working\ses_dev_ea4\MM056A_FordMsg091BusHiSpd_Impl\src\FordMsg091BusHiSpd.c" Line="974" Column="8">
</Loc>
<Message>
Minimisation of run-time failures.
</Message>
</Rule>

<Rule Name="21.1" Mode="required" Report="warning" Id="61">
<Loc File="C:\Users\NZ5334\Documents\Synergy\Working\ses_dev_ea4\MM056A_FordMsg091BusHiSpd_Impl\src\FordMsg091BusHiSpd.c" Line="976" Column="8">
</Loc>
<Message>
Minimisation of run-time failures.
</Message>
</Rule>

<Rule Name="5.1" Mode="required" Report="warning" Id="62">
<Loc File="C:\Users\NZ5334\Documents\Synergy\Working\ses_dev_ea4\MM056A_FordMsg091BusHiSpd_Impl\src\FordMsg091BusHiSpd.c" Line="1007" Column="106">
</Loc>
<Message>
Identifiers "FordTrlrBackUpAssiEnad_Cnt_T_logl" (FordMsg091BusHiSpd.c line 1007 column 106) and "FordTrlrBackUpAssiEnad_Cnt_T_logl" (FordMsg091BusHiSpd.c line 833 column 16) have the same first 33 characters.
</Message>
</Rule>

<Rule Name="5.1" Mode="required" Report="warning" Id="63">
<Loc File="C:\Users\NZ5334\Documents\Synergy\Working\ses_dev_ea4\MM056A_FordMsg091BusHiSpd_Impl\src\FordMsg091BusHiSpd.c" Line="1008" Column="106">
</Loc>
<Message>
Identifiers "FordLaneCentrAssiEnad_Cnt_T_logl" (FordMsg091BusHiSpd.c line 1008 column 106) and "FordLaneCentrAssiEnad_Cnt_T_logl" (FordMsg091BusHiSpd.c line 831 column 16) have the same first 32 characters.
</Message>
</Rule>

<Rule Name="5.1" Mode="required" Report="warning" Id="64">
<Loc File="C:\Users\NZ5334\Documents\Synergy\Working\ses_dev_ea4\MM056A_FordMsg091BusHiSpd_Impl\src\FordMsg091BusHiSpd.c" Line="1122" Column="113">
</Loc>
<Message>
Identifiers "FordVehYawRateRawVld_Cnt_T_logl" (FordMsg091BusHiSpd.c line 1122 column 113) and "FordVehYawRateRawVld_Cnt_T_logl" (FordMsg091BusHiSpd.c line 837 column 16) have the same first 31 characters.
</Message>
</Rule>

<Rule Name="5.1" Mode="required" Report="warning" Id="65">
<Loc File="C:\Users\NZ5334\Documents\Synergy\Working\ses_dev_ea4\MM056A_FordMsg091BusHiSpd_Impl\src\FordMsg091BusHiSpd.c" Line="1124" Column="113">
</Loc>
<Message>
Identifiers "FordVehYawRateRawVldInp_Cnt_T_logl" (FordMsg091BusHiSpd.c line 1124 column 113) and "FordVehYawRateRawVldInp_Cnt_T_logl" (FordMsg091BusHiSpd.c line 838 column 16) have the same first 34 characters.
</Message>
</Rule>

</CodeStruct>

<CodeStruct Name="OutpProcg" File="C:\Users\NZ5334\Documents\Synergy\Working\ses_dev_ea4\MM056A_FordMsg091BusHiSpd_Impl\src\FordMsg091BusHiSpd.c" Line="1120" Column="12">

<Rule Name="21.1" Mode="required" Report="warning" Id="68">
<Loc File="C:\Users\NZ5334\Documents\Synergy\Working\ses_dev_ea4\MM056A_FordMsg091BusHiSpd_Impl\src\FordMsg091BusHiSpd.c" Line="1149" Column="17">
</Loc>
<Message>
Minimisation of run-time failures.
</Message>
</Rule>

<Rule Name="21.1" Mode="required" Report="warning" Id="69">
<Loc File="C:\Users\NZ5334\Documents\Synergy\Working\ses_dev_ea4\MM056A_FordMsg091BusHiSpd_Impl\src\FordMsg091BusHiSpd.c" Line="1159" Column="59">
</Loc>
<Message>
Minimisation of run-time failures.
</Message>
</Rule>

<Rule Name="21.1" Mode="required" Report="warning" Id="70">
<Loc File="C:\Users\NZ5334\Documents\Synergy\Working\ses_dev_ea4\MM056A_FordMsg091BusHiSpd_Impl\src\FordMsg091BusHiSpd.c" Line="1174" Column="67">
</Loc>
<Message>
Minimisation of run-time failures.
</Message>
</Rule>

<Rule Name="21.1" Mode="required" Report="warning" Id="71">
<Loc File="C:\Users\NZ5334\Documents\Synergy\Working\ses_dev_ea4\MM056A_FordMsg091BusHiSpd_Impl\src\FordMsg091BusHiSpd.c" Line="1186" Column="67">
</Loc>
<Message>
Minimisation of run-time failures.
</Message>
</Rule>

</CodeStruct>

</MISRA-C-Report>
