<?xml version="1.0" encoding="UTF-8"?>
<Navig version="1.0">
<Files>
<F id="1" n="C:\Program Files\MATLAB\R2013b\polyspace\verifier\cxx\cinclude\stdarg.h"/>
<F id="2" n="C:\_EA4SynWrkgCpy\AR201A_ArCplrSuprt_Impl\include\ASR4.0.3\Platform_Types.h"/>
<F id="3" n="C:\_EA4SynWrkgCpy\AR200A_ArSuprt_Impl\include\ASR4.0.3\Std_Types.h"/>
<F id="4" n="C:\_EA4SynWrkgCpy\CM109B_ClkCfgAndMon_Impl\tools\local\generate\Rte_CDD_ClkCfgAndMon.h"/>
<F id="5" n="C:\_EA4SynWrkgCpy\CM109B_ClkCfgAndMon_Impl\src\CDD_ClkCfgAndMon.c"/>
<F id="6" n="C:\_EA4SynWrkgCpy\AR202A_MicroCtrlrSuprt_Impl\include\P1XC\R7F701373A\CLMA5_RegDefns.h"/>
<F id="7" n="C:\_EA4SynWrkgCpy\CM109B_ClkCfgAndMon_Impl\tools\local\include\Os.h"/>
<F id="8" n="C:\_EA4SynWrkgCpy\CM109B_ClkCfgAndMon_Impl\src\CDD_ClkCfgAndMonNonRte.c"/>
<F id="9" n="C:\_EA4SynWrkgCpy\CM109B_ClkCfgAndMon_Impl\tools\local\generate\Rte_Stubs.c"/>
<F id="10" n="C-STUBS\__polyspace__stdstubs.c"/>
<F id="11" n="C:\_EA4SynWrkgCpy\CM109B_ClkCfgAndMon_Impl\tools\Polyspace\~CodeProver\C-ALL\C-STUBS\pst_stub_types.h"/>
<F id="12" n="C-STUBS\pst_stubs_1.c"/>
<F id="13" n="C-STUBS\pst_stubs_0.c"/>
<F id="14" n="C-STUBS\__polyspace_main.c"/>
<F id="15" n="C:\_EA4SynWrkgCpy\TL103A_CplrSuprt\include\2013.5.5\ansi\float.h"/>
<F id="16" n="C:\_EA4SynWrkgCpy\CM109B_ClkCfgAndMon_Impl\include\CDD_ClkCfgAndMon.h"/>
<F id="17" n="C:\Program Files\MATLAB\R2013b\polyspace\verifier\cxx\cinclude\__polyspace__std_decls.h"/>
<F id="18" n="C:\Program Files\MATLAB\R2013b\polyspace\verifier\cxx\cinclude\assert.h"/>
<F id="19" n="C:\Program Files\MATLAB\R2013b\polyspace\verifier\cxx\cinclude\__polyspace__libc_defs.h"/>
<F id="20" n="C:\_EA4SynWrkgCpy\CM109B_ClkCfgAndMon_Impl\tools\local\generate\Rte_CDD_ClkCfgAndMon_Type.h"/>
<F id="21" n="C:\_EA4SynWrkgCpy\CM109B_ClkCfgAndMon_Impl\tools\local\generate\Rte_Type.h"/>
<F id="22" n="C:\_EA4SynWrkgCpy\CM109B_ClkCfgAndMon_Impl\tools\local\generate\Rte.h"/>
<F id="23" n="C:\_EA4SynWrkgCpy\AR201A_ArCplrSuprt_Impl\include\ASR4.0.3\Compiler.h"/>
<F id="24" n="C:\_EA4SynWrkgCpy\AR201A_ArCplrSuprt_Impl\tools\contract\Compiler_Cfg.h"/>
<F id="25" n="C:\_EA4SynWrkgCpy\AR201A_ArCplrSuprt_Impl\tools\contract\Renesas_Compiler.h"/>
<F id="26" n="C:\_EA4SynWrkgCpy\CM109B_ClkCfgAndMon_Impl\tools\local\generate\Rte_DataHandleType.h"/>
<F id="27" n="C:\_EA4SynWrkgCpy\AR200A_ArSuprt_Impl\tools\contract\MemMap.h"/>
<F id="28" n="C:\_EA4SynWrkgCpy\CM109B_ClkCfgAndMon_Impl\tools\local\generate\CDD_ClkCfgAndMon_MemMap.h"/>
<F id="29" n="C:\_EA4SynWrkgCpy\CM109B_ClkCfgAndMon_Impl\tools\local\generate\Rte_Stubs.h"/>
</Files>
<Definitions>
<D id="1" f="11" l="100" c="22" n="__PST__g__46" t="7" d="1"/>
<D id="2" f="11" l="110" c="22" n="__PST__g__56" t="7" d="1"/>
<D id="3" f="11" l="101" c="22" n="__PST__g__47" t="7" d="1"/>
<D id="4" f="11" l="103" c="30" n="__PST__g__49" t="7" d="1"/>
<D id="5" f="11" l="111" c="22" n="__PST__g__57" t="7" d="1"/>
<D id="6" f="11" l="102" c="22" n="__PST__g__48" t="7" d="1"/>
<D id="7" f="11" l="113" c="21" n="__PST__g__64" t="7" d="1"/>
<D id="8" f="11" l="112" c="31" n="__PST__g__58" t="7" d="1"/>
<D id="9" f="11" l="114" c="30" n="__PST__g__65" t="7" d="1"/>
<D id="10" f="11" l="104" c="22" n="__PST__g__50" t="7" d="1"/>
<D id="11" f="11" l="115" c="21" n="__PST__g__66" t="7" d="1"/>
<D id="12" f="11" l="105" c="22" n="__PST__g__51" t="7" d="1"/>
<D id="13" f="12" l="111" c="24" n="CLMA5CTL0_BASE" t="1" d="0"/>
<D id="14" f="11" l="106" c="22" n="__PST__g__52" t="7" d="1"/>
<D id="15" f="12" l="121" c="24" n="CLMA5CMPL_BASE" t="1" d="0"/>
<D id="16" f="11" l="108" c="30" n="__PST__g__54" t="7" d="1"/>
<D id="17" f="12" l="100" c="17" n="x" t="4" d="1"/>
<D id="18" f="11" l="116" c="22" n="__PST__g__67" t="7" d="1"/>
<D id="19" f="12" l="131" c="24" n="CLMA5CMPH_BASE" t="1" d="0"/>
<D id="20" f="11" l="107" c="22" n="__PST__g__53" t="7" d="1"/>
<D id="21" f="12" l="141" c="24" n="CLMA5PCMD_BASE" t="1" d="0"/>
<D id="22" f="11" l="117" c="22" n="__PST__g__68" t="7" d="1"/>
<D id="23" f="12" l="109" c="12" n="_main_gen_init_sym_CLMA5CTL0_BASE" t="5" d="1"/>
<D id="24" f="10" l="451" c="23" n="_polyspace_random_uchar" t="5" d="1"/>
<D id="25" f="12" l="151" c="24" n="CLMA5PS_BASE" t="1" d="0"/>
<D id="26" f="11" l="118" c="31" n="__PST__g__69" t="7" d="1"/>
<D id="27" f="12" l="119" c="12" n="_main_gen_init_sym_CLMA5CMPL_BASE" t="5" d="1"/>
<D id="28" f="11" l="109" c="22" n="__PST__g__55" t="7" d="1"/>
<D id="29" f="12" l="129" c="12" n="_main_gen_init_sym_CLMA5CMPH_BASE" t="5" d="1"/>
<D id="30" f="10" l="443" c="14" n="_polyspace_random_char" t="5" d="1"/>
<D id="31" f="12" l="139" c="12" n="_main_gen_init_sym_CLMA5PCMD_BASE" t="5" d="1"/>
<D id="32" f="10" l="461" c="24" n="random" t="4" d="1"/>
<D id="33" f="12" l="149" c="12" n="_main_gen_init_sym_CLMA5PS_BASE" t="5" d="1"/>
<D id="34" f="10" l="453" c="34" n="random" t="4" d="1"/>
<D id="35" f="10" l="475" c="23" n="_polyspace_random_ulong" t="5" d="1"/>
<D id="36" f="10" l="445" c="25" n="random" t="4" d="1"/>
<D id="37" f="10" l="482" c="16" n="_polyspace_random_double" t="5" d="1"/>
<D id="38" f="10" l="459" c="13" n="_polyspace_random_int" t="5" d="1"/>
<D id="39" f="10" l="467" c="14" n="_polyspace_random_long" t="5" d="1"/>
<D id="40" f="10" l="3529" c="4" n="__polyspace_nb_varargs" t="1" d="1"/>
<D id="41" f="10" l="477" c="34" n="random" t="4" d="1"/>
<D id="42" f="10" l="484" c="27" n="random" t="4" d="1"/>
<D id="43" f="10" l="469" c="25" n="random" t="4" d="1"/>
<D id="44" f="10" l="3528" c="7" n="__polyspace_vararg" t="1" d="1"/>
<D id="45" f="10" l="6874" c="14" n="_polyspace_compare_function_type" t="7" d="1"/>
<D id="46" f="6" l="90" c="2" n="CLMA5PCMDBits_t" t="7" d="1"/>
<D id="47" f="6" l="55" c="2" n="CLMA5CTL0Bits_t" t="7" d="1"/>
<D id="48" f="4" l="50" c="7" n="Rte_CDS_CDD_ClkCfgAndMon" t="6" d="1"/>
<D id="49" f="6" l="85" c="2" n="CLMA5CMPHBits_t" t="7" d="1"/>
<D id="50" f="6" l="76" c="2" n="CLMA5CMPLBits_t" t="7" d="1"/>
<D id="51" f="6" l="67" c="2" n="CLMA5CTL1Bits_t" t="7" d="1"/>
<D id="52" f="8" l="36" c="5" n="ClkCfgAndMonInit0" t="2" d="1"/>
<D id="53" f="9" l="18" c="5" n="Rte_Stub" t="2" d="1"/>
<D id="54" f="4" l="53" c="8" n="_dummy" t="9" d="1"/>
<D id="55" f="5" l="79" c="5" n="ClkCfgAndMonInit1" t="2" d="1"/>
<D id="56" f="10" l="11334" c="21" n="HUGE_VAL" t="1" d="1"/>
<D id="57" f="10" l="11316" c="12" n="_polyspace_random_long_double" t="2" d="1"/>
<D id="58" f="10" l="11335" c="21" n="HUGE_VALF" t="1" d="1"/>
<D id="59" f="10" l="11336" c="21" n="HUGE_VALL" t="1" d="1"/>
<D id="60" f="10" l="11318" c="23" n="random" t="4" d="1"/>
<D id="61" f="10" l="12178" c="16" n="__polyspace_absolute_address" t="1" d="1"/>
<D id="62" f="11" l="3" c="20" n="__PST__SINT8" t="7" d="1"/>
<D id="63" f="11" l="5" c="19" n="__PST__SINT32" t="7" d="1"/>
<D id="64" f="6" l="50" c="10" n="padding3" t="9" d="1"/>
<D id="65" f="6" l="60" c="10" n="padding1" t="9" d="1"/>
<D id="66" f="6" l="51" c="10" n="padding4" t="9" d="1"/>
<D id="67" f="6" l="102" c="2" n="CLMA5PSBits_t" t="7" d="1"/>
<D id="68" f="11" l="1" c="13" n="__PST__CHAR" t="7" d="1"/>
<D id="69" f="6" l="61" c="10" n="padding2" t="9" d="1"/>
<D id="70" f="6" l="52" c="10" n="padding5" t="9" d="1"/>
<D id="71" f="11" l="2" c="13" n="__PST__VOID" t="7" d="1"/>
<D id="72" f="11" l="4" c="21" n="__PST__SINT16" t="7" d="1"/>
<D id="73" f="6" l="62" c="10" n="padding3" t="9" d="1"/>
<D id="74" f="6" l="53" c="10" n="padding6" t="9" d="1"/>
<D id="75" f="3" l="141" c="2" n="Std_VersionInfoType" t="7" d="1"/>
<D id="76" f="6" l="63" c="10" n="padding4" t="9" d="1"/>
<D id="77" f="6" l="141" c="2" n="CLMA5CMPH_t" t="7" d="1"/>
<D id="78" f="6" l="54" c="10" n="padding7" t="9" d="1"/>
<D id="79" f="6" l="80" c="11" n="_CLMA5CMPH" t="9" d="1"/>
<D id="80" f="6" l="71" c="11" n="_CLMA5CMPL" t="9" d="1"/>
<D id="81" f="6" l="123" c="2" n="CLMA5CTL0_t" t="7" d="1"/>
<D id="82" f="6" l="114" c="2" n="CLMA5EMU0Bits_t" t="7" d="1"/>
<D id="83" f="6" l="64" c="10" n="padding5" t="9" d="1"/>
<D id="84" f="6" l="81" c="11" n="padding12" t="9" d="1"/>
<D id="85" f="6" l="72" c="11" n="padding12" t="9" d="1"/>
<D id="86" f="6" l="65" c="10" n="padding6" t="9" d="1"/>
<D id="87" f="6" l="82" c="11" n="padding13" t="9" d="1"/>
<D id="88" f="6" l="47" c="10" n="_CLMA5CLME" t="9" d="1"/>
<D id="89" f="6" l="73" c="11" n="padding13" t="9" d="1"/>
<D id="90" f="6" l="66" c="10" n="padding7" t="9" d="1"/>
<D id="91" f="11" l="7" c="22" n="__PST__UINT8" t="7" d="1"/>
<D id="92" f="6" l="83" c="11" n="padding14" t="9" d="1"/>
<D id="93" f="11" l="9" c="21" n="__PST__UINT32" t="7" d="1"/>
<D id="94" f="6" l="48" c="10" n="padding1" t="9" d="1"/>
<D id="95" f="6" l="74" c="11" n="padding14" t="9" d="1"/>
<D id="96" f="6" l="153" c="2" n="CLMA5PS_t" t="7" d="1"/>
<D id="97" f="11" l="40" c="6" n="__PST__g__28" t="6" d="1"/>
<D id="98" f="6" l="135" c="2" n="CLMA5CMPL_t" t="7" d="1"/>
<D id="99" f="11" l="22" c="6" n="__PST__g__24" t="6" d="1"/>
<D id="100" f="6" l="84" c="11" n="padding15" t="9" d="1"/>
<D id="101" f="6" l="95" c="10" n="padding1" t="9" d="1"/>
<D id="102" f="6" l="49" c="10" n="padding2" t="9" d="1"/>
<D id="103" f="6" l="75" c="11" n="padding15" t="9" d="1"/>
<D id="104" f="6" l="59" c="10" n="_TESENWPRT" t="9" d="1"/>
<D id="105" f="6" l="96" c="10" n="padding2" t="9" d="1"/>
<D id="106" f="14" l="42" c="5" n="main" t="2" d="1"/>
<D id="107" f="11" l="8" c="23" n="__PST__UINT16" t="7" d="1"/>
<D id="108" f="6" l="97" c="10" n="padding3" t="9" d="1"/>
<D id="109" f="1" l="45" c="14" n="__va_list" t="7" d="1"/>
<D id="110" f="6" l="98" c="10" n="padding4" t="9" d="1"/>
<D id="111" f="11" l="6" c="25" n="__PST__SINT64" t="7" d="1"/>
<D id="112" f="11" l="60" c="7" n="__PST__g__33" t="6" d="1"/>
<D id="113" f="6" l="89" c="10" n="_CLMA5REG" t="9" d="1"/>
<D id="114" f="6" l="147" c="2" n="CLMA5PCMD_t" t="7" d="1"/>
<D id="115" f="6" l="129" c="2" n="CLMA5CTL1_t" t="7" d="1"/>
<D id="116" f="6" l="99" c="10" n="padding5" t="9" d="1"/>
<D id="117" f="1" l="50" c="18" n="__gnuc_va_list" t="7" d="1"/>
<D id="118" f="11" l="54" c="6" n="__PST__g__32" t="6" d="1"/>
<D id="119" f="6" l="159" c="2" n="CLMA5EMU0_t" t="7" d="1"/>
<D id="120" f="11" l="46" c="7" n="__PST__g__29" t="6" d="1"/>
<D id="121" f="11" l="28" c="7" n="__PST__g__25" t="6" d="1"/>
<D id="122" f="11" l="74" c="7" n="__PST__g__36" t="6" d="1"/>
<D id="123" f="6" l="94" c="16" n="_CLMA5PRERR" t="9" d="1"/>
<D id="124" f="11" l="68" c="6" n="__PST__g__35" t="6" d="1"/>
<D id="125" f="11" l="85" c="7" n="__PST__g__41" t="6" d="1"/>
<D id="126" f="11" l="78" c="6" n="__PST__g__39" t="6" d="1"/>
<D id="127" f="1" l="49" c="18" n="va_list" t="7" d="1"/>
<D id="128" f="4" l="64" c="47" n="Rte_Instance" t="7" d="1"/>
<D id="129" f="6" l="100" c="10" n="padding6" t="9" d="1"/>
<D id="130" f="6" l="110" c="10" n="padding4" t="9" d="1"/>
<D id="131" f="6" l="101" c="10" n="padding7" t="9" d="1"/>
<D id="132" f="11" l="20" c="20" n="__PST__g__22" t="7" d="1"/>
<D id="133" f="6" l="111" c="10" n="padding5" t="9" d="1"/>
<D id="134" f="6" l="121" c="10" n="UINT8" t="9" d="1"/>
<D id="135" f="3" l="140" c="10" n="sw_patch_version" t="9" d="1"/>
<D id="136" f="6" l="112" c="10" n="padding6" t="9" d="1"/>
<D id="137" f="6" l="113" c="10" n="padding7" t="9" d="1"/>
<D id="138" f="11" l="21" c="21" n="__PST__g__70" t="7" d="1"/>
<D id="139" f="11" l="12" c="21" n="__PST__g__11" t="7" d="1"/>
<D id="140" f="2" l="110" c="31" n="uint32" t="7" d="1"/>
<D id="141" f="11" l="14" c="20" n="__PST__g__15" t="7" d="1"/>
<D id="142" f="6" l="140" c="20" n="BIT" t="9" d="1"/>
<D id="143" f="6" l="122" c="20" n="BIT" t="9" d="1"/>
<D id="144" f="6" l="151" c="10" n="UINT8" t="9" d="1"/>
<D id="145" f="6" l="106" c="10" n="_CLMA5SLSLW" t="9" d="1"/>
<D id="146" f="10" l="51" c="12" n="ptrdiff_t" t="7" d="1"/>
<D id="147" f="2" l="112" c="31" n="sint8_least" t="7" d="1"/>
<D id="148" f="11" l="11" c="14" n="__PST__FLOAT32" t="7" d="1"/>
<D id="149" f="2" l="103" c="31" n="boolean" t="7" d="1"/>
<D id="150" f="12" l="25" c="20" n="pst_random_int" t="3" d="1"/>
<D id="151" f="6" l="107" c="10" n="_CLMA5SLFST" t="9" d="1"/>
<D id="152" f="6" l="133" c="11" n="UINT16" t="9" d="1"/>
<D id="153" f="13" l="25" c="20" n="pst_random_int" t="3" d="1"/>
<D id="154" f="13" l="60" c="12" n="ResumeOSInterrupts" t="2" d="1"/>
<D id="155" f="13" l="101" c="5" n="__PST__MAIN__ENTRY__POINT__" t="2" d="1"/>
<D id="156" f="2" l="113" c="31" n="uint8_least" t="7" d="1"/>
<D id="157" f="14" l="25" c="20" n="pst_random_int" t="3" d="1"/>
<D id="158" f="12" l="50" c="13" n="_main_gen_init_g6" t="2" d="1"/>
<D id="159" f="6" l="134" c="20" n="BIT" t="9" d="1"/>
<D id="160" f="3" l="136" c="10" n="vendorID" t="9" d="1"/>
<D id="161" f="6" l="108" c="10" n="padding2" t="9" d="1"/>
<D id="162" f="6" l="145" c="10" n="UINT8" t="9" d="1"/>
<D id="163" f="2" l="114" c="31" n="sint16_least" t="7" d="1"/>
<D id="164" f="12" l="27" c="29" n="pst_random_g_6" t="3" d="1"/>
<D id="165" f="6" l="127" c="10" n="UINT8" t="9" d="1"/>
<D id="166" f="2" l="105" c="31" n="sint8" t="7" d="1"/>
<D id="167" f="3" l="137" c="10" n="moduleID" t="9" d="1"/>
<D id="168" f="10" l="54" c="21" n="wchar_t" t="7" d="1"/>
<D id="169" f="6" l="109" c="10" n="padding3" t="9" d="1"/>
<D id="170" f="2" l="115" c="31" n="uint16_least" t="7" d="1"/>
<D id="171" f="2" l="106" c="31" n="uint8" t="7" d="1"/>
<D id="172" f="11" l="16" c="22" n="__PST__g__18" t="7" d="1"/>
<D id="173" f="3" l="138" c="10" n="sw_major_version" t="9" d="1"/>
<D id="174" f="11" l="13" c="15" n="__PST__FLOAT64" t="7" d="1"/>
<D id="175" f="3" l="132" c="14" n="Std_ReturnType" t="7" d="1"/>
<D id="176" f="11" l="15" c="23" n="__PST__g__16" t="7" d="1"/>
<D id="177" f="2" l="116" c="31" n="sint32_least" t="7" d="1"/>
<D id="178" f="6" l="146" c="20" n="BIT" t="9" d="1"/>
<D id="179" f="2" l="107" c="31" n="sint16" t="7" d="1"/>
<D id="180" f="3" l="125" c="22" n="StatusType" t="7" d="1"/>
<D id="181" f="12" l="90" c="13" n="_main_gen_init_g34" t="2" d="1"/>
<D id="182" f="3" l="139" c="10" n="sw_minor_version" t="9" d="1"/>
<D id="183" f="11" l="19" c="30" n="__PST__g__20" t="7" d="1"/>
<D id="184" f="6" l="128" c="20" n="BIT" t="9" d="1"/>
<D id="185" f="6" l="157" c="10" n="UINT8" t="9" d="1"/>
<D id="186" f="12" l="28" c="30" n="pst_random_g_7" t="3" d="1"/>
<D id="187" f="2" l="117" c="31" n="uint32_least" t="7" d="1"/>
<D id="188" f="13" l="46" c="12" n="SuspendOSInterrupts" t="2" d="1"/>
<D id="189" f="11" l="84" c="30" n="__PST__g__37" t="7" d="1"/>
<D id="190" f="2" l="108" c="31" n="uint16" t="7" d="1"/>
<D id="191" f="11" l="10" c="27" n="__PST__UINT64" t="7" d="1"/>
<D id="192" f="11" l="18" c="22" n="__PST__g__21" t="7" d="1"/>
<D id="193" f="13" l="74" c="12" n="SuspendAllInterrupts" t="2" d="1"/>
<D id="194" f="11" l="30" c="17" n="__pst_unused_field_0" t="9" d="1"/>
<D id="195" f="12" l="82" c="13" n="_main_gen_init_g31" t="2" d="1"/>
<D id="196" f="11" l="17" c="32" n="__PST__g__19" t="7" d="1"/>
<D id="197" f="2" l="127" c="31" n="sint64" t="7" d="1"/>
<D id="198" f="2" l="109" c="31" n="sint32" t="7" d="1"/>
<D id="199" f="11" l="31" c="17" n="__pst_unused_field_1" t="9" d="1"/>
<D id="200" f="6" l="139" c="11" n="UINT16" t="9" d="1"/>
<D id="201" f="12" l="74" c="13" n="_main_gen_init_g27" t="2" d="1"/>
<D id="202" f="10" l="49" c="21" n="size_t" t="7" d="1"/>
<D id="203" f="2" l="128" c="31" n="uint64" t="7" d="1"/>
<D id="204" f="6" l="158" c="20" n="BIT" t="9" d="1"/>
<D id="205" f="10" l="425" c="4" n="errno" t="1" d="1"/>
<D id="206" f="6" l="152" c="24" n="BIT" t="9" d="1"/>
<D id="207" f="11" l="32" c="17" n="__pst_unused_field_2" t="9" d="1"/>
<D id="208" f="2" l="138" c="31" n="float32" t="7" d="1"/>
<D id="209" f="11" l="39" c="22" n="__PST__g__71" t="7" d="1"/>
<D id="210" f="11" l="42" c="17" n="__pst_unused_field_0" t="9" d="1"/>
<D id="211" f="12" l="60" c="17" n="x" t="4" d="1"/>
<D id="212" f="11" l="33" c="17" n="__pst_unused_field_3" t="9" d="1"/>
<D id="213" f="2" l="139" c="31" n="float64" t="7" d="1"/>
<D id="214" f="11" l="24" c="17" n="__pst_unused_field_0" t="9" d="1"/>
<D id="215" f="11" l="50" c="18" n="__pst_unused_field_2" t="9" d="1"/>
<D id="216" f="11" l="70" c="17" n="__pst_unused_field_0" t="9" d="1"/>
<D id="217" f="11" l="83" c="33" n="__PST__g__38" t="7" d="1"/>
<D id="218" f="12" l="58" c="13" n="_main_gen_init_g23" t="2" d="1"/>
<D id="219" f="11" l="34" c="17" n="__pst_unused_field_4" t="9" d="1"/>
<D id="220" f="11" l="80" c="17" n="__pst_unused_field_0" t="9" d="1"/>
<D id="221" f="12" l="52" c="17" n="x" t="4" d="1"/>
<D id="222" f="12" l="66" c="14" n="_main_gen_init_g7" t="2" d="1"/>
<D id="223" f="11" l="25" c="17" n="UINT8" t="9" d="1"/>
<D id="224" f="11" l="51" c="18" n="__pst_unused_field_3" t="9" d="1"/>
<D id="225" f="11" l="71" c="17" n="UINT8" t="9" d="1"/>
<D id="226" f="13" l="88" c="12" n="ResumeAllInterrupts" t="2" d="1"/>
<D id="227" f="11" l="90" c="17" n="__pst_unused_field_3" t="9" d="1"/>
<D id="228" f="11" l="35" c="17" n="__pst_unused_field_5" t="9" d="1"/>
<D id="229" f="11" l="81" c="17" n="UINT8" t="9" d="1"/>
<D id="230" f="11" l="52" c="18" n="__pst_unused_field_4" t="9" d="1"/>
<D id="231" f="11" l="43" c="18" n="UINT16" t="9" d="1"/>
<D id="232" f="12" l="23" c="28" n="pst_random_char" t="3" d="1"/>
<D id="233" f="11" l="91" c="17" n="__pst_unused_field_4" t="9" d="1"/>
<D id="234" f="12" l="165" c="5" n="_extern_init" t="2" d="1"/>
<D id="235" f="13" l="23" c="28" n="pst_random_char" t="3" d="1"/>
<D id="236" f="11" l="36" c="17" n="__pst_unused_field_6" t="9" d="1"/>
<D id="237" f="11" l="62" c="18" n="__pst_unused_field_0" t="9" d="1"/>
<D id="238" f="11" l="87" c="23" n="__pst_unused_field_0" t="9" d="1"/>
<D id="239" f="11" l="98" c="22" n="__PST__g__44" t="7" d="1"/>
<D id="240" f="14" l="23" c="28" n="pst_random_char" t="3" d="1"/>
<D id="241" f="11" l="92" c="17" n="__pst_unused_field_5" t="9" d="1"/>
<D id="242" f="12" l="98" c="13" n="_main_gen_init_g37" t="2" d="1"/>
<D id="243" f="11" l="37" c="17" n="__pst_unused_field_7" t="9" d="1"/>
<D id="244" f="11" l="45" c="36" n="__PST__g__27" t="7" d="1"/>
<D id="245" f="11" l="63" c="18" n="__pst_unused_field_1" t="9" d="1"/>
<D id="246" f="11" l="99" c="31" n="__PST__g__45" t="7" d="1"/>
<D id="247" f="12" l="92" c="17" n="x" t="4" d="1"/>
<D id="248" f="11" l="27" c="36" n="__PST__g__23" t="7" d="1"/>
<D id="249" f="11" l="73" c="36" n="__PST__g__34" t="7" d="1"/>
<D id="250" f="11" l="56" c="17" n="__pst_unused_field_0" t="9" d="1"/>
<D id="251" f="11" l="93" c="17" n="__pst_unused_field_6" t="9" d="1"/>
<D id="252" f="11" l="64" c="18" n="__pst_unused_field_2" t="9" d="1"/>
<D id="253" f="12" l="84" c="17" n="x" t="4" d="1"/>
<D id="254" f="6" l="164" c="72" n="CLMA5CTL0_BASE" t="1" d="0"/>
<D id="255" f="11" l="94" c="17" n="__pst_unused_field_7" t="9" d="1"/>
<D id="256" f="11" l="96" c="34" n="__PST__g__40" t="7" d="1"/>
<D id="257" f="11" l="65" c="18" n="__pst_unused_field_3" t="9" d="1"/>
<D id="258" f="11" l="76" c="17" n="__pst_unused_field_0" t="9" d="1"/>
<D id="259" f="12" l="76" c="17" n="x" t="4" d="1"/>
<D id="260" f="11" l="66" c="18" n="__pst_unused_field_4" t="9" d="1"/>
<D id="261" f="11" l="57" c="18" n="UINT16" t="9" d="1"/>
<D id="262" f="11" l="48" c="18" n="__pst_unused_field_0" t="9" d="1"/>
<D id="263" f="6" l="166" c="72" n="CLMA5CMPL_BASE" t="1" d="0"/>
<D id="264" f="11" l="49" c="18" n="__pst_unused_field_1" t="9" d="1"/>
<D id="265" f="6" l="167" c="72" n="CLMA5CMPH_BASE" t="1" d="0"/>
<D id="266" f="11" l="59" c="36" n="__PST__g__31" t="7" d="1"/>
<D id="267" f="11" l="88" c="17" n="__pst_unused_field_1" t="9" d="1"/>
<D id="268" f="12" l="68" c="18" n="x" t="4" d="1"/>
<D id="269" f="6" l="168" c="72" n="CLMA5PCMD_BASE" t="1" d="0"/>
<D id="270" f="11" l="89" c="17" n="__pst_unused_field_2" t="9" d="1"/>
<D id="271" f="11" l="97" c="27" n="__PST__g__43" t="7" d="1"/>
<D id="272" f="6" l="169" c="74" n="CLMA5PS_BASE" t="1" d="0"/>
</Definitions>
<Uses>
<U id="1" f="12" l="111" c="11" d="248" a="0"/>
<U id="2" f="12" l="121" c="11" d="244" a="0"/>
<U id="3" f="12" l="103" c="11" d="17" a="0"/>
<U id="4" f="12" l="131" c="11" d="266" a="0"/>
<U id="5" f="13" l="104" c="20" d="106" a="0"/>
<U id="6" f="12" l="141" c="11" d="249" a="0"/>
<U id="7" f="12" l="151" c="11" d="189" a="0"/>
<U id="8" f="12" l="102" c="14" d="158" a="0"/>
<U id="9" f="10" l="470" c="11" d="43" a="0"/>
<U id="10" f="10" l="462" c="11" d="32" a="0"/>
<U id="11" f="10" l="454" c="11" d="34" a="0"/>
<U id="12" f="10" l="446" c="11" d="36" a="0"/>
<U id="13" f="11" l="112" c="17" d="63" a="0"/>
<U id="14" f="11" l="103" c="17" d="91" a="0"/>
<U id="15" f="10" l="485" c="11" d="42" a="0"/>
<U id="16" f="12" l="115" c="25" d="218" a="0"/>
<U id="17" f="11" l="114" c="17" d="62" a="0"/>
<U id="18" f="12" l="155" c="23" d="242" a="0"/>
<U id="19" f="12" l="125" c="25" d="201" a="0"/>
<U id="20" f="12" l="135" c="25" d="195" a="0"/>
<U id="21" f="10" l="478" c="11" d="41" a="0"/>
<U id="22" f="12" l="145" c="25" d="181" a="0"/>
<U id="23" f="11" l="108" c="17" d="271" a="0"/>
<U id="24" f="11" l="118" c="17" d="93" a="0"/>
<U id="25" f="7" l="3" c="12" d="188" a="0"/>
<U id="26" f="7" l="4" c="12" d="154" a="0"/>
<U id="27" f="9" l="20" c="4" d="52" a="0"/>
<U id="28" f="9" l="21" c="4" d="55" a="0"/>
<U id="29" f="4" l="53" c="2" d="171" a="0"/>
<U id="30" f="7" l="6" c="12" d="193" a="0"/>
<U id="31" f="8" l="43" c="2" d="269" a="1"/>
<U id="32" f="6" l="50" c="4" d="171" a="0"/>
<U id="33" f="7" l="7" c="12" d="226" a="0"/>
<U id="34" f="8" l="50" c="4" d="188" a="0"/>
<U id="35" f="6" l="60" c="4" d="171" a="0"/>
<U id="36" f="8" l="44" c="2" d="254" a="1"/>
<U id="37" f="6" l="51" c="4" d="171" a="0"/>
<U id="38" f="8" l="51" c="4" d="269" a="1"/>
<U id="39" f="6" l="61" c="4" d="171" a="0"/>
<U id="40" f="8" l="45" c="2" d="254" a="1"/>
<U id="41" f="6" l="52" c="4" d="171" a="0"/>
<U id="42" f="6" l="80" c="4" d="190" a="0"/>
<U id="43" f="6" l="71" c="4" d="190" a="0"/>
<U id="44" f="8" l="52" c="4" d="254" a="1"/>
<U id="45" f="6" l="62" c="4" d="171" a="0"/>
<U id="46" f="8" l="46" c="2" d="254" a="1"/>
<U id="47" f="6" l="53" c="4" d="171" a="0"/>
<U id="48" f="6" l="81" c="4" d="190" a="0"/>
<U id="49" f="6" l="72" c="4" d="190" a="0"/>
<U id="50" f="8" l="53" c="4" d="254" a="1"/>
<U id="51" f="6" l="63" c="4" d="171" a="0"/>
<U id="52" f="6" l="54" c="4" d="171" a="0"/>
<U id="53" f="8" l="38" c="2" d="263" a="1"/>
<U id="54" f="6" l="82" c="4" d="190" a="0"/>
<U id="55" f="8" l="60" c="6" d="193" a="0"/>
<U id="56" f="6" l="73" c="4" d="190" a="0"/>
<U id="57" f="8" l="54" c="4" d="254" a="1"/>
<U id="58" f="6" l="64" c="4" d="171" a="0"/>
<U id="59" f="1" l="50" c="8" d="109" a="0"/>
<U id="60" f="8" l="39" c="2" d="265" a="1"/>
<U id="61" f="4" l="82" c="5" d="55" a="0"/>
<U id="62" f="6" l="83" c="4" d="190" a="0"/>
<U id="63" f="8" l="61" c="6" d="269" a="1"/>
<U id="64" f="6" l="74" c="4" d="190" a="0"/>
<U id="65" f="8" l="55" c="4" d="154" a="0"/>
<U id="66" f="6" l="65" c="4" d="171" a="0"/>
<U id="67" f="6" l="47" c="4" d="171" a="0"/>
<U id="68" f="6" l="84" c="4" d="190" a="0"/>
<U id="69" f="8" l="62" c="6" d="254" a="1"/>
<U id="70" f="6" l="75" c="4" d="190" a="0"/>
<U id="71" f="6" l="66" c="4" d="171" a="0"/>
<U id="72" f="6" l="48" c="4" d="171" a="0"/>
<U id="73" f="8" l="63" c="6" d="254" a="1"/>
<U id="74" f="6" l="95" c="4" d="171" a="0"/>
<U id="75" f="6" l="49" c="4" d="171" a="0"/>
<U id="76" f="8" l="64" c="6" d="254" a="1"/>
<U id="77" f="6" l="59" c="4" d="171" a="0"/>
<U id="78" f="6" l="96" c="4" d="171" a="0"/>
<U id="79" f="8" l="65" c="6" d="226" a="0"/>
<U id="80" f="1" l="84" c="7" d="127" a="0"/>
<U id="81" f="8" l="47" c="6" d="272" a="1"/>
<U id="82" f="6" l="97" c="4" d="171" a="0"/>
<U id="83" f="6" l="98" c="4" d="171" a="0"/>
<U id="84" f="6" l="89" c="4" d="171" a="0"/>
<U id="85" f="6" l="99" c="4" d="171" a="0"/>
<U id="86" f="1" l="49" c="8" d="109" a="0"/>
<U id="87" f="10" l="11319" c="9" d="60" a="0"/>
<U id="88" f="12" l="50" c="0" d="91" a="0"/>
<U id="89" f="13" l="60" c="0" d="71" a="0"/>
<U id="90" f="6" l="100" c="4" d="171" a="0"/>
<U id="91" f="12" l="90" c="0" d="249" a="0"/>
<U id="92" f="8" l="43" c="19" d="162" a="0"/>
<U id="93" f="8" l="51" c="29" d="171" a="0"/>
<U id="94" f="11" l="30" c="4" d="91" a="0"/>
<U id="95" f="6" l="110" c="4" d="171" a="0"/>
<U id="96" f="6" l="101" c="4" d="171" a="0"/>
<U id="97" f="8" l="44" c="19" d="134" a="0"/>
<U id="98" f="3" l="140" c="3" d="171" a="0"/>
<U id="99" f="8" l="52" c="29" d="171" a="0"/>
<U id="100" f="12" l="82" c="0" d="266" a="0"/>
<U id="101" f="11" l="31" c="4" d="91" a="0"/>
<U id="102" f="6" l="111" c="4" d="171" a="0"/>
<U id="103" f="8" l="45" c="19" d="134" a="0"/>
<U id="104" f="8" l="51" c="21" d="162" a="0"/>
<U id="105" f="8" l="53" c="29" d="171" a="0"/>
<U id="106" f="11" l="50" c="4" d="107" a="0"/>
<U id="107" f="6" l="121" c="4" d="171" a="0"/>
<U id="108" f="13" l="46" c="0" d="71" a="0"/>
<U id="109" f="11" l="32" c="4" d="91" a="0"/>
<U id="110" f="12" l="74" c="0" d="244" a="0"/>
<U id="111" f="6" l="112" c="4" d="171" a="0"/>
<U id="112" f="8" l="46" c="19" d="134" a="0"/>
<U id="113" f="8" l="52" c="21" d="134" a="0"/>
<U id="114" f="8" l="54" c="29" d="171" a="0"/>
<U id="115" f="13" l="74" c="0" d="71" a="0"/>
<U id="116" f="6" l="140" c="4" d="49" a="0"/>
<U id="117" f="11" l="51" c="4" d="107" a="0"/>
<U id="118" f="11" l="42" c="4" d="209" a="0"/>
<U id="119" f="12" l="60" c="4" d="248" a="0"/>
<U id="120" f="6" l="122" c="4" d="47" a="0"/>
<U id="121" f="11" l="33" c="4" d="91" a="0"/>
<U id="122" f="6" l="113" c="4" d="171" a="0"/>
<U id="123" f="8" l="38" c="19" d="152" a="0"/>
<U id="124" f="8" l="53" c="21" d="134" a="0"/>
<U id="125" f="11" l="24" c="4" d="138" a="0"/>
<U id="126" f="11" l="70" c="4" d="138" a="0"/>
<U id="127" f="12" l="66" c="0" d="107" a="0"/>
<U id="128" f="6" l="94" c="10" d="171" a="0"/>
<U id="129" f="8" l="61" c="31" d="171" a="0"/>
<U id="130" f="11" l="52" c="4" d="107" a="0"/>
<U id="131" f="12" l="70" c="4" d="268" a="1"/>
<U id="132" f="4" l="64" c="21" d="48" a="0"/>
<U id="133" f="11" l="43" c="4" d="107" a="0"/>
<U id="134" f="8" l="39" c="19" d="200" a="0"/>
<U id="135" f="8" l="54" c="21" d="134" a="0"/>
<U id="136" f="1" l="84" c="39" d="127" a="0"/>
<U id="137" f="11" l="34" c="4" d="91" a="0"/>
<U id="138" f="11" l="80" c="4" d="138" a="0"/>
<U id="139" f="12" l="52" c="4" d="91" a="0"/>
<U id="140" f="8" l="62" c="31" d="171" a="0"/>
<U id="141" f="11" l="25" c="4" d="91" a="0"/>
<U id="142" f="11" l="71" c="4" d="91" a="0"/>
<U id="143" f="6" l="151" c="4" d="171" a="0"/>
<U id="144" f="11" l="62" c="4" d="107" a="0"/>
<U id="145" f="12" l="58" c="0" d="248" a="0"/>
<U id="146" f="6" l="133" c="4" d="190" a="0"/>
<U id="147" f="11" l="20" c="8" d="71" a="0"/>
<U id="148" f="11" l="90" c="4" d="91" a="0"/>
<U id="149" f="12" l="62" c="4" d="211" a="1"/>
<U id="150" f="8" l="61" c="23" d="162" a="0"/>
<U id="151" f="8" l="63" c="31" d="171" a="0"/>
<U id="152" f="11" l="35" c="4" d="91" a="0"/>
<U id="153" f="11" l="81" c="4" d="91" a="0"/>
<U id="154" f="6" l="106" c="4" d="171" a="0"/>
<U id="155" f="11" l="63" c="4" d="107" a="0"/>
<U id="156" f="6" l="134" c="4" d="50" a="0"/>
<U id="157" f="8" l="47" c="21" d="144" a="0"/>
<U id="158" f="8" l="62" c="23" d="134" a="0"/>
<U id="159" f="8" l="64" c="31" d="171" a="0"/>
<U id="160" f="3" l="136" c="3" d="190" a="0"/>
<U id="161" f="11" l="21" c="8" d="62" a="0"/>
<U id="162" f="11" l="91" c="4" d="91" a="0"/>
<U id="163" f="11" l="12" c="8" d="71" a="0"/>
<U id="164" f="11" l="36" c="4" d="91" a="0"/>
<U id="165" f="12" l="54" c="4" d="221" a="1"/>
<U id="166" f="6" l="107" c="4" d="171" a="0"/>
<U id="167" f="11" l="64" c="4" d="107" a="0"/>
<U id="168" f="8" l="57" c="12" d="272" a="1"/>
<U id="169" f="8" l="63" c="23" d="134" a="0"/>
<U id="170" f="3" l="137" c="3" d="190" a="0"/>
<U id="171" f="11" l="92" c="4" d="91" a="0"/>
<U id="172" f="11" l="37" c="4" d="91" a="0"/>
<U id="173" f="13" l="88" c="0" d="71" a="0"/>
<U id="174" f="12" l="92" c="4" d="249" a="0"/>
<U id="175" f="6" l="108" c="4" d="171" a="0"/>
<U id="176" f="8" l="64" c="23" d="134" a="0"/>
<U id="177" f="11" l="65" c="4" d="107" a="0"/>
<U id="178" f="6" l="145" c="4" d="171" a="0"/>
<U id="179" f="11" l="56" c="4" d="209" a="0"/>
<U id="180" f="12" l="62" c="6" d="223" a="0"/>
<U id="181" f="12" l="98" c="0" d="189" a="0"/>
<U id="182" f="3" l="138" c="3" d="171" a="0"/>
<U id="183" f="11" l="93" c="4" d="91" a="0"/>
<U id="184" f="6" l="127" c="4" d="171" a="0"/>
<U id="185" f="11" l="14" c="8" d="71" a="0"/>
<U id="186" f="6" l="109" c="4" d="171" a="0"/>
<U id="187" f="11" l="66" c="4" d="107" a="0"/>
<U id="188" f="12" l="84" c="4" d="266" a="0"/>
<U id="189" f="6" l="146" c="4" d="46" a="0"/>
<U id="190" f="11" l="57" c="4" d="107" a="0"/>
<U id="191" f="3" l="132" c="8" d="171" a="0"/>
<U id="192" f="3" l="139" c="3" d="171" a="0"/>
<U id="193" f="11" l="48" c="4" d="107" a="0"/>
<U id="194" f="11" l="94" c="4" d="91" a="0"/>
<U id="195" f="6" l="128" c="4" d="51" a="0"/>
<U id="196" f="11" l="15" c="8" d="174" a="0"/>
<U id="197" f="12" l="70" c="8" d="186" a="0"/>
<U id="198" f="11" l="76" c="4" d="91" a="0"/>
<U id="199" f="12" l="94" c="4" d="247" a="1"/>
<U id="200" f="12" l="76" c="4" d="244" a="0"/>
<U id="201" f="11" l="49" c="4" d="107" a="0"/>
<U id="202" f="11" l="16" c="8" d="139" a="0"/>
<U id="203" f="6" l="157" c="4" d="171" a="0"/>
<U id="204" f="12" l="86" c="4" d="253" a="1"/>
<U id="205" f="6" l="139" c="4" d="190" a="0"/>
<U id="206" f="12" l="68" c="4" d="107" a="0"/>
<U id="207" f="8" l="43" c="27" d="171" a="0"/>
<U id="208" f="6" l="158" c="4" d="82" a="0"/>
<U id="209" f="12" l="54" c="8" d="164" a="0"/>
<U id="210" f="12" l="78" c="4" d="259" a="1"/>
<U id="211" f="8" l="44" c="27" d="171" a="0"/>
<U id="212" f="11" l="18" c="8" d="62" a="0"/>
<U id="213" f="11" l="88" c="4" d="91" a="0"/>
<U id="214" f="12" l="94" c="6" d="225" a="0"/>
<U id="215" f="8" l="45" c="27" d="171" a="0"/>
<U id="216" f="11" l="89" c="4" d="91" a="0"/>
<U id="217" f="12" l="86" c="6" d="261" a="0"/>
<U id="218" f="8" l="46" c="27" d="171" a="0"/>
<U id="219" f="12" l="78" c="6" d="231" a="0"/>
<U id="220" f="11" l="39" c="8" d="72" a="0"/>
<U id="221" f="8" l="57" c="27" d="144" a="0"/>
<U id="222" f="8" l="38" c="28" d="190" a="0"/>
<U id="223" f="8" l="39" c="28" d="190" a="0"/>
<U id="224" f="11" l="98" c="8" d="244" a="0"/>
<U id="225" f="12" l="100" c="4" d="189" a="0"/>
<U id="226" f="6" l="152" c="10" d="67" a="0"/>
<U id="227" f="12" l="102" c="4" d="17" a="1"/>
<U id="228" f="12" l="71" c="11" d="268" a="0"/>
<U id="229" f="14" l="54" c="19" d="71" a="0"/>
<U id="230" f="11" l="20" c="33" d="63" a="0"/>
<U id="231" f="12" l="63" c="11" d="211" a="0"/>
<U id="232" f="14" l="52" c="12" d="157" a="0"/>
<U id="233" f="11" l="83" c="20" d="126" a="0"/>
<U id="234" f="12" l="55" c="11" d="221" a="0"/>
<U id="235" f="12" l="102" c="6" d="229" a="0"/>
<U id="236" f="11" l="100" c="8" d="246" a="0"/>
<U id="237" f="14" l="46" c="11" d="157" a="0"/>
<U id="238" f="11" l="110" c="8" d="63" a="0"/>
<U id="239" f="12" l="170" c="4" d="23" a="0"/>
<U id="240" f="11" l="101" c="8" d="266" a="0"/>
<U id="241" f="11" l="87" c="10" d="91" a="0"/>
<U id="242" f="14" l="54" c="31" d="53" a="0"/>
<U id="243" f="12" l="62" c="14" d="158" a="0"/>
<U id="244" f="11" l="111" c="8" d="2" a="0"/>
<U id="245" f="11" l="102" c="8" d="249" a="0"/>
<U id="246" f="12" l="95" c="11" d="247" a="0"/>
<U id="247" f="14" l="56" c="12" d="53" a="0"/>
<U id="248" f="11" l="45" c="23" d="97" a="0"/>
<U id="249" f="12" l="23" c="16" d="68" a="0"/>
<U id="250" f="11" l="27" c="23" d="99" a="0"/>
<U id="251" f="11" l="73" c="23" d="124" a="0"/>
<U id="252" f="13" l="23" c="16" d="68" a="0"/>
<U id="253" f="14" l="23" c="16" d="68" a="0"/>
<U id="254" f="12" l="87" c="11" d="253" a="0"/>
<U id="255" f="12" l="182" c="4" d="33" a="0"/>
<U id="256" f="11" l="96" c="21" d="125" a="0"/>
<U id="257" f="11" l="113" c="8" d="62" a="0"/>
<U id="258" f="12" l="173" c="4" d="27" a="0"/>
<U id="259" f="11" l="104" c="8" d="4" a="0"/>
<U id="260" f="12" l="79" c="11" d="259" a="0"/>
<U id="261" f="13" l="104" c="8" d="71" a="0"/>
<U id="262" f="6" l="164" c="60" d="81" a="0"/>
<U id="263" f="11" l="105" c="8" d="248" a="0"/>
<U id="264" f="12" l="94" c="14" d="158" a="0"/>
<U id="265" f="12" l="27" c="16" d="91" a="0"/>
<U id="266" f="11" l="115" c="8" d="91" a="0"/>
<U id="267" f="11" l="106" c="8" d="141" a="0"/>
<U id="268" f="11" l="17" c="17" d="174" a="0"/>
<U id="269" f="12" l="115" c="8" d="13" a="1"/>
<U id="270" f="11" l="59" c="23" d="118" a="0"/>
<U id="271" f="6" l="166" c="60" d="98" a="0"/>
<U id="272" f="12" l="28" c="16" d="107" a="0"/>
<U id="273" f="13" l="106" c="8" d="106" a="0"/>
<U id="274" f="11" l="116" c="8" d="63" a="0"/>
<U id="275" f="12" l="176" c="4" d="29" a="0"/>
<U id="276" f="11" l="107" c="8" d="189" a="0"/>
<U id="277" f="12" l="125" c="8" d="15" a="1"/>
<U id="278" f="6" l="167" c="60" d="77" a="0"/>
<U id="279" f="11" l="97" c="14" d="91" a="0"/>
<U id="280" f="12" l="86" c="15" d="222" a="0"/>
<U id="281" f="11" l="19" c="17" d="192" a="0"/>
<U id="282" f="11" l="117" c="8" d="93" a="0"/>
<U id="283" f="12" l="135" c="8" d="19" a="1"/>
<U id="284" f="6" l="168" c="60" d="114" a="0"/>
<U id="285" f="11" l="84" c="17" d="217" a="0"/>
<U id="286" f="12" l="78" c="15" d="222" a="0"/>
<U id="287" f="12" l="145" c="8" d="21" a="1"/>
<U id="288" f="11" l="109" c="8" d="16" a="0"/>
<U id="289" f="12" l="155" c="8" d="25" a="1"/>
<U id="290" f="12" l="179" c="4" d="31" a="0"/>
<U id="291" f="11" l="99" c="17" d="107" a="0"/>
<U id="292" f="6" l="169" c="64" d="96" a="0"/>
</Uses>
<Blocks>
<B id="1" t="routine" f="9" l="18" c="5">
<BEGIN l="19" c="0"/>
<END l="22" c="0"/>
</B>
<B id="2" t="ppcif" f="15" l="13" c="0">
<BEGIN l="13" c="16"/>
<END l="133" c="0"/>
</B>
<B id="3" t="ppcrmif" f="15" l="14" c="0">
<BEGIN l="14" c="14"/>
<END l="16" c="0"/>
</B>
<B id="4" t="ppcif" f="15" l="18" c="0">
<BEGIN l="18" c="23"/>
<END l="129" c="0"/>
</B>
<B id="5" t="ppcrmif" f="15" l="25" c="0">
<BEGIN l="25" c="70"/>
<END l="27" c="0"/>
</B>
<B id="6" t="ppcelse" f="15" l="27" c="0">
<BEGIN l="27" c="5"/>
<END l="29" c="0"/>
</B>
<B id="7" t="ppcrmif" f="15" l="31" c="0">
<BEGIN l="31" c="67"/>
<END l="32" c="0"/>
</B>
<B id="8" t="ppcrmelif" f="15" l="32" c="0">
<BEGIN l="32" c="5"/>
<END l="35" c="0"/>
</B>
<B id="9" t="ppcrmelif" f="15" l="35" c="0">
<BEGIN l="35" c="5"/>
<END l="40" c="0"/>
</B>
<B id="10" t="ppcrmelse" f="15" l="40" c="0">
<BEGIN l="40" c="5"/>
<END l="42" c="0"/>
</B>
<B id="11" t="ppcrmif" f="15" l="54" c="0">
<BEGIN l="54" c="23"/>
<END l="55" c="0"/>
</B>
<B id="12" t="ppcrmelif" f="15" l="55" c="0">
<BEGIN l="55" c="5"/>
<END l="76" c="0"/>
</B>
<B id="13" t="ppcrmelse" f="15" l="76" c="0">
<BEGIN l="76" c="26"/>
<END l="123" c="0"/>
</B>
<B id="14" t="ppcrmif" f="15" l="89" c="0">
<BEGIN l="89" c="51"/>
<END l="100" c="0"/>
</B>
<B id="15" t="ppcrmelif" f="15" l="100" c="0">
<BEGIN l="100" c="5"/>
<END l="110" c="0"/>
</B>
<B id="16" t="ppcrmelse" f="15" l="110" c="0">
<BEGIN l="110" c="62"/>
<END l="121" c="0"/>
</B>
<B id="17" t="ppcif" f="15" l="125" c="0">
<BEGIN l="125" c="19"/>
<END l="127" c="0"/>
</B>
<B id="18" t="ppcrmif" f="15" l="130" c="0">
<BEGIN l="130" c="14"/>
<END l="132" c="0"/>
</B>
<B id="19" t="else" f="8" l="67" c="4">
<BEGIN l="68" c="4"/>
<END l="70" c="4"/>
</B>
<B id="20" t="if" f="8" l="57" c="8">
<BEGIN l="58" c="8"/>
<END l="66" c="8"/>
<ELSE d="19"/>
</B>
<B id="21" t="if" f="8" l="47" c="2">
<BEGIN l="48" c="2"/>
<END l="71" c="2"/>
<SUB d="20"/>
</B>
<B id="22" t="routine" f="8" l="36" c="5">
<BEGIN l="37" c="0"/>
<END l="72" c="0"/>
<SUB d="21"/>
</B>
<B id="23" t="type" f="6" l="46" c="0">
<BEGIN l="46" c="0"/>
<END l="55" c="0"/>
</B>
<B id="24" t="type" f="6" l="58" c="0">
<BEGIN l="58" c="0"/>
<END l="67" c="0"/>
</B>
<B id="25" t="type" f="6" l="70" c="0">
<BEGIN l="70" c="0"/>
<END l="76" c="0"/>
</B>
<B id="26" t="type" f="6" l="79" c="0">
<BEGIN l="79" c="0"/>
<END l="85" c="0"/>
</B>
<B id="27" t="type" f="6" l="88" c="0">
<BEGIN l="88" c="0"/>
<END l="90" c="0"/>
</B>
<B id="28" t="type" f="6" l="93" c="0">
<BEGIN l="93" c="0"/>
<END l="102" c="0"/>
</B>
<B id="29" t="type" f="6" l="105" c="0">
<BEGIN l="105" c="0"/>
<END l="114" c="0"/>
</B>
<B id="30" t="type" f="6" l="120" c="0">
<BEGIN l="120" c="0"/>
<END l="123" c="0"/>
</B>
<B id="31" t="type" f="6" l="126" c="0">
<BEGIN l="126" c="0"/>
<END l="129" c="0"/>
</B>
<B id="32" t="type" f="6" l="132" c="0">
<BEGIN l="132" c="0"/>
<END l="135" c="0"/>
</B>
<B id="33" t="type" f="6" l="138" c="0">
<BEGIN l="138" c="0"/>
<END l="141" c="0"/>
</B>
<B id="34" t="type" f="6" l="144" c="0">
<BEGIN l="144" c="0"/>
<END l="147" c="0"/>
</B>
<B id="35" t="type" f="6" l="150" c="0">
<BEGIN l="150" c="0"/>
<END l="153" c="0"/>
</B>
<B id="36" t="type" f="6" l="156" c="0">
<BEGIN l="156" c="0"/>
<END l="159" c="0"/>
</B>
<B id="37" t="ppcif" f="6" l="1" c="0">
<BEGIN l="1" c="35"/>
<END l="195" c="0"/>
</B>
<B id="38" t="ppcif" f="6" l="24" c="0">
<BEGIN l="24" c="31"/>
<END l="32" c="0"/>
</B>
<B id="39" t="ppcif" f="16" l="19" c="0">
<BEGIN l="19" c="26"/>
<END l="24" c="0"/>
</B>
<B id="40" t="routine" f="5" l="79" c="5">
<BEGIN l="80" c="0"/>
<END l="91" c="0"/>
</B>
<B id="41" t="ppcif" f="17" l="15" c="0">
<BEGIN l="15" c="27"/>
<END l="330" c="0"/>
</B>
<B id="42" t="ppcif" f="17" l="25" c="0">
<BEGIN l="25" c="19"/>
<END l="155" c="0"/>
</B>
<B id="43" t="ppcrmif" f="17" l="46" c="0">
<BEGIN l="46" c="93"/>
<END l="91" c="0"/>
</B>
<B id="44" t="ppcrmif" f="17" l="94" c="0">
<BEGIN l="94" c="91"/>
<END l="153" c="0"/>
</B>
<B id="45" t="ppcrmelse" f="17" l="155" c="0">
<BEGIN l="155" c="35"/>
<END l="328" c="0"/>
</B>
<B id="46" t="ppcif" f="18" l="11" c="0">
<BEGIN l="11" c="27"/>
<END l="36" c="0"/>
</B>
<B id="47" t="ppcrmif" f="18" l="14" c="0">
<BEGIN l="14" c="19"/>
<END l="29" c="0"/>
</B>
<B id="48" t="ppcelse" f="18" l="29" c="0">
<BEGIN l="29" c="5"/>
<END l="33" c="0"/>
</B>
<B id="49" t="ppcif" f="1" l="22" c="0">
<BEGIN l="22" c="17"/>
<END l="109" c="0"/>
</B>
<B id="50" t="ppcrmif" f="1" l="39" c="0">
<BEGIN l="39" c="66"/>
<END l="43" c="0"/>
</B>
<B id="51" t="ppcelse" f="1" l="43" c="0">
<BEGIN l="43" c="60"/>
<END l="47" c="0"/>
</B>
<B id="52" t="ppcrmif" f="1" l="52" c="0">
<BEGIN l="52" c="18"/>
<END l="58" c="0"/>
</B>
<B id="53" t="ppcrmif" f="1" l="62" c="0">
<BEGIN l="62" c="33"/>
<END l="80" c="0"/>
</B>
<B id="54" t="ppcelse" f="1" l="80" c="0">
<BEGIN l="80" c="31"/>
<END l="93" c="0"/>
</B>
<B id="55" t="ppcrmif" f="1" l="96" c="0">
<BEGIN l="96" c="14"/>
<END l="106" c="0"/>
</B>
<B id="56" t="ppcif" f="19" l="3" c="0">
<BEGIN l="3" c="29"/>
<END l="348" c="0"/>
</B>
<B id="57" t="ppcif" f="19" l="61" c="0">
<BEGIN l="63" c="27"/>
<END l="66" c="0"/>
</B>
<B id="58" t="ppcrmif" f="19" l="165" c="0">
<BEGIN l="165" c="17"/>
<END l="206" c="0"/>
</B>
<B id="59" t="ppcrmif" f="19" l="209" c="0">
<BEGIN l="209" c="37"/>
<END l="211" c="0"/>
</B>
<B id="60" t="ppcrmif" f="19" l="213" c="0">
<BEGIN l="213" c="44"/>
<END l="321" c="0"/>
</B>
<B id="61" t="ppcif" f="19" l="323" c="0">
<BEGIN l="323" c="18"/>
<END l="346" c="0"/>
</B>
<B id="62" t="ppcrmif" f="19" l="326" c="0">
<BEGIN l="326" c="18"/>
<END l="328" c="0"/>
</B>
<B id="63" t="ppcrmif" f="19" l="329" c="0">
<BEGIN l="329" c="63"/>
<END l="331" c="0"/>
</B>
<B id="64" t="ppcrmif" f="19" l="332" c="0">
<BEGIN l="332" c="64"/>
<END l="334" c="0"/>
</B>
<B id="65" t="ppcrmif" f="19" l="335" c="0">
<BEGIN l="335" c="16"/>
<END l="340" c="0"/>
</B>
<B id="66" t="ppcif" f="19" l="343" c="0">
<BEGIN l="343" c="57"/>
<END l="345" c="0"/>
</B>
<B id="67" t="type" f="4" l="50" c="7">
<BEGIN l="50" c="30"/>
<END l="54" c="0"/>
</B>
<B id="68" t="ppcif" f="4" l="24" c="0">
<BEGIN l="24" c="31"/>
<END l="91" c="0"/>
</B>
<B id="69" t="ppcrmif" f="4" l="27" c="0">
<BEGIN l="27" c="35"/>
<END l="29" c="0"/>
</B>
<B id="70" t="ppcif" f="4" l="31" c="0">
<BEGIN l="31" c="38"/>
<END l="33" c="0"/>
</B>
<B id="71" t="ppcrmif" f="4" l="35" c="0">
<BEGIN l="35" c="19"/>
<END l="38" c="0"/>
</B>
<B id="72" t="ppcrmif" f="4" l="87" c="0">
<BEGIN l="87" c="19"/>
<END l="89" c="0"/>
</B>
<B id="73" t="ppcif" f="20" l="24" c="0">
<BEGIN l="24" c="36"/>
<END l="39" c="0"/>
</B>
<B id="74" t="ppcrmif" f="20" l="27" c="0">
<BEGIN l="27" c="19"/>
<END l="30" c="0"/>
</B>
<B id="75" t="ppcrmif" f="20" l="35" c="0">
<BEGIN l="35" c="19"/>
<END l="37" c="0"/>
</B>
<B id="76" t="ppcif" f="21" l="24" c="0">
<BEGIN l="24" c="19"/>
<END l="29" c="0"/>
</B>
<B id="77" t="ppcif" f="22" l="25" c="0">
<BEGIN l="25" c="14"/>
<END l="96" c="0"/>
</B>
<B id="78" t="ppcrmif" f="22" l="41" c="0">
<BEGIN l="41" c="33"/>
<END l="43" c="0"/>
</B>
<B id="79" t="ppcrmif" f="22" l="45" c="0">
<BEGIN l="45" c="46"/>
<END l="47" c="0"/>
</B>
<B id="80" t="ppcrmif" f="22" l="49" c="0">
<BEGIN l="49" c="28"/>
<END l="51" c="0"/>
</B>
<B id="81" t="type" f="3" l="135" c="0">
<BEGIN l="135" c="0"/>
<END l="141" c="0"/>
</B>
<B id="82" t="ppcif" f="3" l="56" c="0">
<BEGIN l="56" c="19"/>
<END l="154" c="0"/>
</B>
<B id="83" t="ppcif" f="3" l="122" c="0">
<BEGIN l="122" c="26"/>
<END l="126" c="0"/>
</B>
<B id="84" t="ppcif" f="2" l="43" c="0">
<BEGIN l="43" c="24"/>
<END l="150" c="0"/>
</B>
<B id="85" t="ppcif" f="2" l="81" c="0">
<BEGIN l="81" c="13"/>
<END l="83" c="0"/>
</B>
<B id="86" t="ppcif" f="2" l="85" c="0">
<BEGIN l="85" c="14"/>
<END l="87" c="0"/>
</B>
<B id="87" t="ppcrmif" f="2" l="119" c="0">
<BEGIN l="119" c="46"/>
<END l="125" c="0"/>
</B>
<B id="88" t="ppcelse" f="2" l="125" c="0">
<BEGIN l="125" c="6"/>
<END l="129" c="0"/>
</B>
<B id="89" t="ppcrmif" f="2" l="131" c="0">
<BEGIN l="131" c="46"/>
<END l="137" c="0"/>
</B>
<B id="90" t="ppcelse" f="2" l="137" c="0">
<BEGIN l="137" c="6"/>
<END l="140" c="0"/>
</B>
<B id="91" t="ppcif" f="23" l="43" c="0">
<BEGIN l="43" c="18"/>
<END l="202" c="0"/>
</B>
<B id="92" t="ppcif" f="23" l="88" c="0">
<BEGIN l="88" c="17"/>
<END l="90" c="0"/>
</B>
<B id="93" t="ppcif" f="24" l="19" c="0">
<BEGIN l="19" c="22"/>
<END l="23" c="0"/>
</B>
<B id="94" t="ppcif" f="25" l="19" c="0">
<BEGIN l="19" c="26"/>
<END l="23" c="0"/>
</B>
<B id="95" t="ppcif" f="26" l="24" c="0">
<BEGIN l="24" c="31"/>
<END l="27" c="0"/>
</B>
<B id="96" t="ppcif" f="27" l="19" c="0">
<BEGIN l="19" c="16"/>
<END l="24" c="0"/>
</B>
<B id="97" t="ppcif" f="28" l="53" c="0">
<BEGIN l="53" c="38"/>
<END l="57" c="0"/>
</B>
<B id="98" t="ppcrmif" f="28" l="67" c="0">
<BEGIN l="67" c="51"/>
<END l="71" c="0"/>
</B>
<B id="99" t="ppcrmif" f="28" l="81" c="0">
<BEGIN l="81" c="56"/>
<END l="85" c="0"/>
</B>
<B id="100" t="ppcrmif" f="28" l="95" c="0">
<BEGIN l="95" c="54"/>
<END l="99" c="0"/>
</B>
<B id="101" t="ppcrmif" f="28" l="109" c="0">
<BEGIN l="109" c="59"/>
<END l="113" c="0"/>
</B>
<B id="102" t="ppcif" f="28" l="125" c="0">
<BEGIN l="125" c="37"/>
<END l="129" c="0"/>
</B>
<B id="103" t="ppcrmif" f="28" l="139" c="0">
<BEGIN l="139" c="50"/>
<END l="143" c="0"/>
</B>
<B id="104" t="ppcrmif" f="28" l="153" c="0">
<BEGIN l="153" c="55"/>
<END l="157" c="0"/>
</B>
<B id="105" t="ppcrmif" f="28" l="167" c="0">
<BEGIN l="167" c="53"/>
<END l="171" c="0"/>
</B>
<B id="106" t="ppcrmif" f="28" l="181" c="0">
<BEGIN l="181" c="58"/>
<END l="185" c="0"/>
</B>
<B id="107" t="ppcif" f="29" l="12" c="0">
<BEGIN l="12" c="19"/>
<END l="26" c="0"/>
</B>
</Blocks>
</Navig>
