<?xml version="1.0" encoding="UTF-8"?>

<MISRA-C-Report version="1.3">


<CodeStruct Name="" File="C:\Users\nz3541\Documents\SynergyWorkingEA4\SF006A_TEstimn_Impl\src\TEstimn.c" Line="0" Column="0">

<Rule Name="19.1" Mode="advisory" Report="warning" Id="1">
<Loc File="C:\Users\nz3541\Documents\SynergyWorkingEA4\SF006A_TEstimn_Impl\src\TEstimn.c" Line="292" Column="0">
</Loc>
<Message>
#include statements in a file shall only be preceded by other preprocessor directives or comments.
</Message>
</Rule>

<Rule Name="19.1" Mode="advisory" Report="warning" Id="2">
<Loc File="C:\Users\nz3541\Documents\SynergyWorkingEA4\SF006A_TEstimn_Impl\src\TEstimn.c" Line="1073" Column="0">
</Loc>
<Message>
#include statements in a file shall only be preceded by other preprocessor directives or comments.
</Message>
</Rule>

</CodeStruct>

<CodeStruct Name="TEstimnPer1" File="C:\Users\nz3541\Documents\SynergyWorkingEA4\SF006A_TEstimn_Impl\src\TEstimn.c" Line="644" Column="5">

<Rule Name="5.1" Mode="required" Report="warning" Id="3">
<Loc File="C:\Users\nz3541\Documents\SynergyWorkingEA4\SF006A_TEstimn_Impl\src\TEstimn.c" Line="659" Column="12">
</Loc>
<Message>
Identifiers "MotAndThermProtnLoaMod_Cnt_T_u08" (TEstimn.c line 368 column 12) and "MotAndThermProtnLoaMod_Cnt_T_u08" (TEstimn.c line 659 column 12) have the same first 32 characters.
</Message>
</Rule>

<Rule Name="5.1" Mode="required" Report="warning" Id="4">
<Loc File="C:\Users\nz3541\Documents\SynergyWorkingEA4\SF006A_TEstimn_Impl\src\TEstimn.c" Line="701" Column="12">
</Loc>
<Message>
Identifiers "TmpAssiMechFildVal_DegCgrd_T_f32" (TEstimn.c line 382 column 12) and "TmpAssiMechFildVal_DegCgrd_T_f32" (TEstimn.c line 701 column 12) have the same first 32 characters.
</Message>
</Rule>

<Rule Name="21.1" Mode="required" Report="warning" Id="5">
<Loc File="C:\Users\nz3541\Documents\SynergyWorkingEA4\SF006A_TEstimn_Impl\src\TEstimn.c" Line="743" Column="77">
</Loc>
<Message>
Minimisation of run-time failures.
</Message>
</Rule>

<Rule Name="21.1" Mode="required" Report="warning" Id="6">
<Loc File="C:\Users\nz3541\Documents\SynergyWorkingEA4\SF006A_TEstimn_Impl\src\TEstimn.c" Line="745" Column="78">
</Loc>
<Message>
Minimisation of run-time failures.
</Message>
</Rule>

<Rule Name="21.1" Mode="required" Report="warning" Id="7">
<Loc File="C:\Users\nz3541\Documents\SynergyWorkingEA4\SF006A_TEstimn_Impl\src\TEstimn.c" Line="747" Column="77">
</Loc>
<Message>
Minimisation of run-time failures.
</Message>
</Rule>

<Rule Name="21.1" Mode="required" Report="warning" Id="8">
<Loc File="C:\Users\nz3541\Documents\SynergyWorkingEA4\SF006A_TEstimn_Impl\src\TEstimn.c" Line="749" Column="83">
</Loc>
<Message>
Minimisation of run-time failures.
</Message>
</Rule>

<Rule Name="21.1" Mode="required" Report="warning" Id="9">
<Loc File="C:\Users\nz3541\Documents\SynergyWorkingEA4\SF006A_TEstimn_Impl\src\TEstimn.c" Line="752" Column="79">
</Loc>
<Message>
Minimisation of run-time failures.
</Message>
</Rule>

<Rule Name="21.1" Mode="required" Report="warning" Id="10">
<Loc File="C:\Users\nz3541\Documents\SynergyWorkingEA4\SF006A_TEstimn_Impl\src\TEstimn.c" Line="758" Column="80">
</Loc>
<Message>
Minimisation of run-time failures.
</Message>
</Rule>

<Rule Name="21.1" Mode="required" Report="warning" Id="11">
<Loc File="C:\Users\nz3541\Documents\SynergyWorkingEA4\SF006A_TEstimn_Impl\src\TEstimn.c" Line="764" Column="79">
</Loc>
<Message>
Minimisation of run-time failures.
</Message>
</Rule>

<Rule Name="21.1" Mode="required" Report="warning" Id="12">
<Loc File="C:\Users\nz3541\Documents\SynergyWorkingEA4\SF006A_TEstimn_Impl\src\TEstimn.c" Line="782" Column="85">
</Loc>
<Message>
Minimisation of run-time failures.
</Message>
</Rule>

</CodeStruct>

<CodeStruct Name="TEstimnInit1" File="C:\Users\nz3541\Documents\SynergyWorkingEA4\SF006A_TEstimn_Impl\src\TEstimn.c" Line="355" Column="5">

<Rule Name="21.1" Mode="required" Report="warning" Id="13">
<Loc File="C:\Users\nz3541\Documents\SynergyWorkingEA4\SF006A_TEstimn_Impl\src\TEstimn.c" Line="472" Column="73">
</Loc>
<Message>
Minimisation of run-time failures.
</Message>
</Rule>

<Rule Name="21.1" Mode="required" Report="warning" Id="14">
<Loc File="C:\Users\nz3541\Documents\SynergyWorkingEA4\SF006A_TEstimn_Impl\src\TEstimn.c" Line="474" Column="74">
</Loc>
<Message>
Minimisation of run-time failures.
</Message>
</Rule>

<Rule Name="21.1" Mode="required" Report="warning" Id="15">
<Loc File="C:\Users\nz3541\Documents\SynergyWorkingEA4\SF006A_TEstimn_Impl\src\TEstimn.c" Line="476" Column="73">
</Loc>
<Message>
Minimisation of run-time failures.
</Message>
</Rule>

<Rule Name="21.1" Mode="required" Report="warning" Id="16">
<Loc File="C:\Users\nz3541\Documents\SynergyWorkingEA4\SF006A_TEstimn_Impl\src\TEstimn.c" Line="478" Column="79">
</Loc>
<Message>
Minimisation of run-time failures.
</Message>
</Rule>

<Rule Name="21.1" Mode="required" Report="warning" Id="17">
<Loc File="C:\Users\nz3541\Documents\SynergyWorkingEA4\SF006A_TEstimn_Impl\src\TEstimn.c" Line="481" Column="75">
</Loc>
<Message>
Minimisation of run-time failures.
</Message>
</Rule>

<Rule Name="21.1" Mode="required" Report="warning" Id="18">
<Loc File="C:\Users\nz3541\Documents\SynergyWorkingEA4\SF006A_TEstimn_Impl\src\TEstimn.c" Line="487" Column="76">
</Loc>
<Message>
Minimisation of run-time failures.
</Message>
</Rule>

<Rule Name="21.1" Mode="required" Report="warning" Id="19">
<Loc File="C:\Users\nz3541\Documents\SynergyWorkingEA4\SF006A_TEstimn_Impl\src\TEstimn.c" Line="493" Column="75">
</Loc>
<Message>
Minimisation of run-time failures.
</Message>
</Rule>

<Rule Name="21.1" Mode="required" Report="warning" Id="20">
<Loc File="C:\Users\nz3541\Documents\SynergyWorkingEA4\SF006A_TEstimn_Impl\src\TEstimn.c" Line="511" Column="81">
</Loc>
<Message>
Minimisation of run-time failures.
</Message>
</Rule>

</CodeStruct>

</MISRA-C-Report>
