<?xml version="1.0" encoding="UTF-8"?>
<!--EDRS Version 1.0-->
<global>
   <file name="C:\\Component\\AR202A_MicroCtrlrSuprt_Impl\\include\\P1M\\NxtrMcuSuprtLib.h" comment="">
      <function name="NxtrSwRst" comment="" line="1234" main_generator_called="MAIN_GENERATOR" attributes="static">
         <scalar name="arg1" comment="" line="1234" base_type="uint32" attributes="static" complete_type="uint32" init_mode="MAIN_GENERATOR" init_modes_allowed="10" init_range="min..max" global_assert="unsupported" assert_range="unsupported"/>
         <scalar name="arg2" comment="" line="1234" base_type="uint32" attributes="static" complete_type="uint32" init_mode="MAIN_GENERATOR" init_modes_allowed="10" init_range="min..max" global_assert="unsupported" assert_range="unsupported"/>
      </function>
      <function name="NxtrSwRstFromExcpn" comment="" line="1253" main_generator_called="MAIN_GENERATOR" attributes="static">
         <scalar name="arg1" comment="" line="1253" base_type="uint32" attributes="static" complete_type="uint32" init_mode="MAIN_GENERATOR" init_modes_allowed="10" init_range="min..max" global_assert="unsupported" assert_range="unsupported"/>
         <scalar name="arg2" comment="" line="1253" base_type="uint32" attributes="static" complete_type="uint32" init_mode="MAIN_GENERATOR" init_modes_allowed="10" init_range="min..max" global_assert="unsupported" assert_range="unsupported"/>
      </function>
      <function name="WrProtdRegClma0_u08" comment="" line="666" main_generator_called="MAIN_GENERATOR" attributes="static">
         <scalar name="arg1" comment="" line="666" base_type="uint8" attributes="static" complete_type="uint8" init_mode="MAIN_GENERATOR" init_modes_allowed="10" init_range="min..max" global_assert="unsupported" assert_range="unsupported"/>
         <pointer name="arg2" comment="" line="666" attributes="static" complete_type="volatile uint8 *" init_mode="MAIN_GENERATOR" init_modes_allowed="10" initialize_pointer="May-be NULL" number_allocated="max" init_pointed="unsupported">
            <scalar comment="" line="666" base_type="uint8" attributes="volatile static" complete_type="uint8" init_mode="unsupported" init_range="unsupported" global_assert="unsupported" assert_range="unsupported"/>
         </pointer>
      </function>
      <function name="WrProtdRegClma1_u08" comment="" line="721" main_generator_called="MAIN_GENERATOR" attributes="static">
         <scalar name="arg1" comment="" line="721" base_type="uint8" attributes="static" complete_type="uint8" init_mode="MAIN_GENERATOR" init_modes_allowed="10" init_range="min..max" global_assert="unsupported" assert_range="unsupported"/>
         <pointer name="arg2" comment="" line="721" attributes="static" complete_type="volatile uint8 *" init_mode="MAIN_GENERATOR" init_modes_allowed="10" initialize_pointer="May-be NULL" number_allocated="max" init_pointed="unsupported">
            <scalar comment="" line="721" base_type="uint8" attributes="volatile static" complete_type="uint8" init_mode="unsupported" init_range="unsupported" global_assert="unsupported" assert_range="unsupported"/>
         </pointer>
      </function>
      <function name="WrProtdRegClma2_u08" comment="" line="776" main_generator_called="MAIN_GENERATOR" attributes="static">
         <scalar name="arg1" comment="" line="776" base_type="uint8" attributes="static" complete_type="uint8" init_mode="MAIN_GENERATOR" init_modes_allowed="10" init_range="min..max" global_assert="unsupported" assert_range="unsupported"/>
         <pointer name="arg2" comment="" line="776" attributes="static" complete_type="volatile uint8 *" init_mode="MAIN_GENERATOR" init_modes_allowed="10" initialize_pointer="May-be NULL" number_allocated="max" init_pointed="unsupported">
            <scalar comment="" line="776" base_type="uint8" attributes="volatile static" complete_type="uint8" init_mode="unsupported" init_range="unsupported" global_assert="unsupported" assert_range="unsupported"/>
         </pointer>
      </function>
      <function name="WrProtdRegClma3_u08" comment="" line="831" main_generator_called="MAIN_GENERATOR" attributes="static">
         <scalar name="arg1" comment="" line="831" base_type="uint8" attributes="static" complete_type="uint8" init_mode="MAIN_GENERATOR" init_modes_allowed="10" init_range="min..max" global_assert="unsupported" assert_range="unsupported"/>
         <pointer name="arg2" comment="" line="831" attributes="static" complete_type="volatile uint8 *" init_mode="MAIN_GENERATOR" init_modes_allowed="10" initialize_pointer="May-be NULL" number_allocated="max" init_pointed="unsupported">
            <scalar comment="" line="831" base_type="uint8" attributes="volatile static" complete_type="uint8" init_mode="unsupported" init_range="unsupported" global_assert="unsupported" assert_range="unsupported"/>
         </pointer>
      </function>
      <function name="WrProtdRegEcm_u08" comment="" line="998" main_generator_called="MAIN_GENERATOR" attributes="static">
         <scalar name="arg1" comment="" line="998" base_type="uint8" attributes="static" complete_type="uint8" init_mode="MAIN_GENERATOR" init_modes_allowed="10" init_range="min..max" global_assert="unsupported" assert_range="unsupported"/>
         <pointer name="arg2" comment="" line="998" attributes="static" complete_type="volatile uint8 *" init_mode="MAIN_GENERATOR" init_modes_allowed="10" initialize_pointer="May-be NULL" number_allocated="max" init_pointed="unsupported">
            <scalar comment="" line="998" base_type="uint8" attributes="volatile static" complete_type="uint8" init_mode="unsupported" init_range="unsupported" global_assert="unsupported" assert_range="unsupported"/>
         </pointer>
      </function>
      <function name="WrProtdRegEcm_u16" comment="" line="1054" main_generator_called="MAIN_GENERATOR" attributes="static">
         <scalar name="arg1" comment="" line="1054" base_type="uint16" attributes="static" complete_type="uint16" init_mode="MAIN_GENERATOR" init_modes_allowed="10" init_range="min..max" global_assert="unsupported" assert_range="unsupported"/>
         <pointer name="arg2" comment="" line="1054" attributes="static" complete_type="volatile uint16 *" init_mode="MAIN_GENERATOR" init_modes_allowed="10" initialize_pointer="May-be NULL" number_allocated="max" init_pointed="unsupported">
            <scalar comment="" line="1054" base_type="uint16" attributes="volatile static" complete_type="uint16" init_mode="unsupported" init_range="unsupported" global_assert="unsupported" assert_range="unsupported"/>
         </pointer>
      </function>
      <function name="WrProtdRegEcm_u32" comment="" line="1109" main_generator_called="MAIN_GENERATOR" attributes="static">
         <scalar name="arg1" comment="" line="1109" base_type="uint32" attributes="static" complete_type="uint32" init_mode="MAIN_GENERATOR" init_modes_allowed="10" init_range="min..max" global_assert="unsupported" assert_range="unsupported"/>
         <pointer name="arg2" comment="" line="1109" attributes="static" complete_type="volatile uint32 *" init_mode="MAIN_GENERATOR" init_modes_allowed="10" initialize_pointer="May-be NULL" number_allocated="max" init_pointed="unsupported">
            <scalar comment="" line="1109" base_type="uint32" attributes="volatile static" complete_type="uint32" init_mode="unsupported" init_range="unsupported" global_assert="unsupported" assert_range="unsupported"/>
         </pointer>
      </function>
      <function name="WrProtdRegEcmc_u08" comment="" line="942" main_generator_called="MAIN_GENERATOR" attributes="static">
         <scalar name="arg1" comment="" line="942" base_type="uint8" attributes="static" complete_type="uint8" init_mode="MAIN_GENERATOR" init_modes_allowed="10" init_range="min..max" global_assert="unsupported" assert_range="unsupported"/>
         <pointer name="arg2" comment="" line="942" attributes="static" complete_type="volatile uint8 *" init_mode="MAIN_GENERATOR" init_modes_allowed="10" initialize_pointer="May-be NULL" number_allocated="max" init_pointed="unsupported">
            <scalar comment="" line="942" base_type="uint8" attributes="volatile static" complete_type="uint8" init_mode="unsupported" init_range="unsupported" global_assert="unsupported" assert_range="unsupported"/>
         </pointer>
      </function>
      <function name="WrProtdRegEcmm_u08" comment="" line="886" main_generator_called="MAIN_GENERATOR" attributes="static">
         <scalar name="arg1" comment="" line="886" base_type="uint8" attributes="static" complete_type="uint8" init_mode="MAIN_GENERATOR" init_modes_allowed="10" init_range="min..max" global_assert="unsupported" assert_range="unsupported"/>
         <pointer name="arg2" comment="" line="886" attributes="static" complete_type="volatile uint8 *" init_mode="MAIN_GENERATOR" init_modes_allowed="10" initialize_pointer="May-be NULL" number_allocated="max" init_pointed="unsupported">
            <scalar comment="" line="886" base_type="uint8" attributes="volatile static" complete_type="uint8" init_mode="unsupported" init_range="unsupported" global_assert="unsupported" assert_range="unsupported"/>
         </pointer>
      </function>
      <function name="WrProtdRegFlmd_u32" comment="" line="1179" main_generator_called="MAIN_GENERATOR" attributes="static">
         <scalar name="arg1" comment="" line="1179" base_type="uint32" attributes="static" complete_type="uint32" init_mode="MAIN_GENERATOR" init_modes_allowed="10" init_range="min..max" global_assert="unsupported" assert_range="unsupported"/>
         <pointer name="arg2" comment="" line="1179" attributes="static" complete_type="volatile uint32 *" init_mode="MAIN_GENERATOR" init_modes_allowed="10" initialize_pointer="May-be NULL" number_allocated="max" init_pointed="unsupported">
            <scalar comment="" line="1179" base_type="uint32" attributes="volatile static" complete_type="uint32" init_mode="unsupported" init_range="unsupported" global_assert="unsupported" assert_range="unsupported"/>
         </pointer>
      </function>
      <function name="WrProtdRegPort0_u32" comment="" line="138" main_generator_called="MAIN_GENERATOR" attributes="static">
         <scalar name="arg1" comment="" line="138" base_type="uint32" attributes="static" complete_type="uint32" init_mode="MAIN_GENERATOR" init_modes_allowed="10" init_range="min..max" global_assert="unsupported" assert_range="unsupported"/>
         <pointer name="arg2" comment="" line="138" attributes="static" complete_type="volatile uint32 *" init_mode="MAIN_GENERATOR" init_modes_allowed="10" initialize_pointer="May-be NULL" number_allocated="max" init_pointed="unsupported">
            <scalar comment="" line="138" base_type="uint32" attributes="volatile static" complete_type="uint32" init_mode="unsupported" init_range="unsupported" global_assert="unsupported" assert_range="unsupported"/>
         </pointer>
      </function>
      <function name="WrProtdRegPort1_u32" comment="" line="197" main_generator_called="MAIN_GENERATOR" attributes="static">
         <scalar name="arg1" comment="" line="197" base_type="uint32" attributes="static" complete_type="uint32" init_mode="MAIN_GENERATOR" init_modes_allowed="10" init_range="min..max" global_assert="unsupported" assert_range="unsupported"/>
         <pointer name="arg2" comment="" line="197" attributes="static" complete_type="volatile uint32 *" init_mode="MAIN_GENERATOR" init_modes_allowed="10" initialize_pointer="May-be NULL" number_allocated="max" init_pointed="unsupported">
            <scalar comment="" line="197" base_type="uint32" attributes="volatile static" complete_type="uint32" init_mode="unsupported" init_range="unsupported" global_assert="unsupported" assert_range="unsupported"/>
         </pointer>
      </function>
      <function name="WrProtdRegPort2_u32" comment="" line="256" main_generator_called="MAIN_GENERATOR" attributes="static">
         <scalar name="arg1" comment="" line="256" base_type="uint32" attributes="static" complete_type="uint32" init_mode="MAIN_GENERATOR" init_modes_allowed="10" init_range="min..max" global_assert="unsupported" assert_range="unsupported"/>
         <pointer name="arg2" comment="" line="256" attributes="static" complete_type="volatile uint32 *" init_mode="MAIN_GENERATOR" init_modes_allowed="10" initialize_pointer="May-be NULL" number_allocated="max" init_pointed="unsupported">
            <scalar comment="" line="256" base_type="uint32" attributes="volatile static" complete_type="uint32" init_mode="unsupported" init_range="unsupported" global_assert="unsupported" assert_range="unsupported"/>
         </pointer>
      </function>
      <function name="WrProtdRegPort3_u32" comment="" line="315" main_generator_called="MAIN_GENERATOR" attributes="static">
         <scalar name="arg1" comment="" line="315" base_type="uint32" attributes="static" complete_type="uint32" init_mode="MAIN_GENERATOR" init_modes_allowed="10" init_range="min..max" global_assert="unsupported" assert_range="unsupported"/>
         <pointer name="arg2" comment="" line="315" attributes="static" complete_type="volatile uint32 *" init_mode="MAIN_GENERATOR" init_modes_allowed="10" initialize_pointer="May-be NULL" number_allocated="max" init_pointed="unsupported">
            <scalar comment="" line="315" base_type="uint32" attributes="volatile static" complete_type="uint32" init_mode="unsupported" init_range="unsupported" global_assert="unsupported" assert_range="unsupported"/>
         </pointer>
      </function>
      <function name="WrProtdRegPort4_u32" comment="" line="374" main_generator_called="MAIN_GENERATOR" attributes="static">
         <scalar name="arg1" comment="" line="374" base_type="uint32" attributes="static" complete_type="uint32" init_mode="MAIN_GENERATOR" init_modes_allowed="10" init_range="min..max" global_assert="unsupported" assert_range="unsupported"/>
         <pointer name="arg2" comment="" line="374" attributes="static" complete_type="volatile uint32 *" init_mode="MAIN_GENERATOR" init_modes_allowed="10" initialize_pointer="May-be NULL" number_allocated="max" init_pointed="unsupported">
            <scalar comment="" line="374" base_type="uint32" attributes="volatile static" complete_type="uint32" init_mode="unsupported" init_range="unsupported" global_assert="unsupported" assert_range="unsupported"/>
         </pointer>
      </function>
      <function name="WrProtdRegPort5_u32" comment="" line="433" main_generator_called="MAIN_GENERATOR" attributes="static">
         <scalar name="arg1" comment="" line="433" base_type="uint32" attributes="static" complete_type="uint32" init_mode="MAIN_GENERATOR" init_modes_allowed="10" init_range="min..max" global_assert="unsupported" assert_range="unsupported"/>
         <pointer name="arg2" comment="" line="433" attributes="static" complete_type="volatile uint32 *" init_mode="MAIN_GENERATOR" init_modes_allowed="10" initialize_pointer="May-be NULL" number_allocated="max" init_pointed="unsupported">
            <scalar comment="" line="433" base_type="uint32" attributes="volatile static" complete_type="uint32" init_mode="unsupported" init_range="unsupported" global_assert="unsupported" assert_range="unsupported"/>
         </pointer>
      </function>
      <function name="WrProtdRegPortJ_u32" comment="" line="81" main_generator_called="MAIN_GENERATOR" attributes="static">
         <scalar name="arg1" comment="" line="81" base_type="uint32" attributes="static" complete_type="uint32" init_mode="MAIN_GENERATOR" init_modes_allowed="10" init_range="min..max" global_assert="unsupported" assert_range="unsupported"/>
         <pointer name="arg2" comment="" line="81" attributes="static" complete_type="volatile uint32 *" init_mode="MAIN_GENERATOR" init_modes_allowed="10" initialize_pointer="May-be NULL" number_allocated="max" init_pointed="unsupported">
            <scalar comment="" line="81" base_type="uint32" attributes="volatile static" complete_type="uint32" init_mode="unsupported" init_range="unsupported" global_assert="unsupported" assert_range="unsupported"/>
         </pointer>
      </function>
      <function name="WrProtdRegSysClmac_u32" comment="" line="605" main_generator_called="MAIN_GENERATOR" attributes="static">
         <scalar name="arg1" comment="" line="605" base_type="uint32" attributes="static" complete_type="uint32" init_mode="MAIN_GENERATOR" init_modes_allowed="10" init_range="min..max" global_assert="unsupported" assert_range="unsupported"/>
         <pointer name="arg2" comment="" line="605" attributes="static" complete_type="volatile uint32 *" init_mode="MAIN_GENERATOR" init_modes_allowed="10" initialize_pointer="May-be NULL" number_allocated="max" init_pointed="unsupported">
            <scalar comment="" line="605" base_type="uint32" attributes="volatile static" complete_type="uint32" init_mode="unsupported" init_range="unsupported" global_assert="unsupported" assert_range="unsupported"/>
         </pointer>
      </function>
      <function name="WrProtdRegSys_u08" comment="" line="492" main_generator_called="MAIN_GENERATOR" attributes="static">
         <scalar name="arg1" comment="" line="492" base_type="uint8" attributes="static" complete_type="uint8" init_mode="MAIN_GENERATOR" init_modes_allowed="10" init_range="min..max" global_assert="unsupported" assert_range="unsupported"/>
         <pointer name="arg2" comment="" line="492" attributes="static" complete_type="volatile uint8 *" init_mode="MAIN_GENERATOR" init_modes_allowed="10" initialize_pointer="May-be NULL" number_allocated="max" init_pointed="unsupported">
            <scalar comment="" line="492" base_type="uint8" attributes="volatile static" complete_type="uint8" init_mode="unsupported" init_range="unsupported" global_assert="unsupported" assert_range="unsupported"/>
         </pointer>
      </function>
      <function name="WrProtdRegSys_u32" comment="" line="550" main_generator_called="MAIN_GENERATOR" attributes="static">
         <scalar name="arg1" comment="" line="550" base_type="uint32" attributes="static" complete_type="uint32" init_mode="MAIN_GENERATOR" init_modes_allowed="10" init_range="min..max" global_assert="unsupported" assert_range="unsupported"/>
         <pointer name="arg2" comment="" line="550" attributes="static" complete_type="volatile uint32 *" init_mode="MAIN_GENERATOR" init_modes_allowed="10" initialize_pointer="May-be NULL" number_allocated="max" init_pointed="unsupported">
            <scalar comment="" line="550" base_type="uint32" attributes="volatile static" complete_type="uint32" init_mode="unsupported" init_range="unsupported" global_assert="unsupported" assert_range="unsupported"/>
         </pointer>
      </function>
   </file>
   <file name="C:\\Component\\AR202A_MicroCtrlrSuprt_Impl\\include\\P1M\\R7F701311\\clma_regs.h" comment="">
      <struct name="CLMA0" comment="" line="107" attributes="volatile extern">
         <scalar name="PCMD" comment="" line="107" base_type="uint8" attributes="volatile extern" complete_type="uint8" init_mode="PERMANENT" init_modes_allowed="4" init_range="min..max" global_assert="disabled" assert_range="disabled"/>
         <struct name="PS" comment="" line="107" attributes="volatile extern const">
            <scalar name="UINT8" comment="" line="107" base_type="uint8" attributes="volatile extern const" complete_type="uint8" init_mode="PERMANENT" init_modes_allowed="4" init_range="min..max" global_assert="disabled" assert_range="disabled"/>
         </struct>
      </struct>
      <struct name="CLMA1" comment="" line="108" attributes="volatile extern">
         <scalar name="PCMD" comment="" line="108" base_type="uint8" attributes="volatile extern" complete_type="uint8" init_mode="PERMANENT" init_modes_allowed="4" init_range="min..max" global_assert="disabled" assert_range="disabled"/>
         <struct name="PS" comment="" line="108" attributes="volatile extern const">
            <scalar name="UINT8" comment="" line="108" base_type="uint8" attributes="volatile extern const" complete_type="uint8" init_mode="PERMANENT" init_modes_allowed="4" init_range="min..max" global_assert="disabled" assert_range="disabled"/>
         </struct>
      </struct>
      <struct name="CLMA2" comment="" line="109" attributes="volatile extern">
         <scalar name="PCMD" comment="" line="109" base_type="uint8" attributes="volatile extern" complete_type="uint8" init_mode="PERMANENT" init_modes_allowed="4" init_range="min..max" global_assert="disabled" assert_range="disabled"/>
         <struct name="PS" comment="" line="109" attributes="volatile extern const">
            <scalar name="UINT8" comment="" line="109" base_type="uint8" attributes="volatile extern const" complete_type="uint8" init_mode="PERMANENT" init_modes_allowed="4" init_range="min..max" global_assert="disabled" assert_range="disabled"/>
         </struct>
      </struct>
      <struct name="CLMA3" comment="" line="110" attributes="volatile extern">
         <scalar name="PCMD" comment="" line="110" base_type="uint8" attributes="volatile extern" complete_type="uint8" init_mode="PERMANENT" init_modes_allowed="4" init_range="min..max" global_assert="disabled" assert_range="disabled"/>
         <struct name="PS" comment="" line="110" attributes="volatile extern const">
            <scalar name="UINT8" comment="" line="110" base_type="uint8" attributes="volatile extern const" complete_type="uint8" init_mode="PERMANENT" init_modes_allowed="4" init_range="min..max" global_assert="disabled" assert_range="disabled"/>
         </struct>
      </struct>
   </file>
   <file name="C:\\Component\\AR202A_MicroCtrlrSuprt_Impl\\include\\P1M\\R7F701311\\ecm_regs.h" comment="">
      <struct name="ECM" comment="" line="687" attributes="volatile extern">
         <struct name="ESSTC0" comment="" line="687" attributes="volatile extern">
            <scalar name="UINT32" comment="" line="687" base_type="uint32" attributes="volatile extern" complete_type="uint32" init_mode="PERMANENT" init_modes_allowed="4" init_range="min..max" global_assert="disabled" assert_range="disabled"/>
         </struct>
         <struct name="ESSTC1" comment="" line="687" attributes="volatile extern">
            <scalar name="UINT32" comment="" line="687" base_type="uint32" attributes="volatile extern" complete_type="uint32" init_mode="PERMANENT" init_modes_allowed="4" init_range="min..max" global_assert="disabled" assert_range="disabled"/>
         </struct>
         <struct name="PCMD1" comment="" line="687" attributes="volatile extern">
            <scalar name="UINT32" comment="" line="687" base_type="uint32" attributes="volatile extern" complete_type="uint32" init_mode="PERMANENT" init_modes_allowed="4" init_range="min..max" global_assert="disabled" assert_range="disabled"/>
         </struct>
         <struct name="PS" comment="" line="687" attributes="volatile extern const">
            <scalar name="UINT8" comment="" line="687" base_type="uint8" attributes="volatile extern const" complete_type="uint8" init_mode="PERMANENT" init_modes_allowed="4" init_range="min..max" global_assert="disabled" assert_range="disabled"/>
         </struct>
      </struct>
      <struct name="ECMC" comment="" line="686" attributes="volatile extern">
         <struct name="ESET" comment="" line="686" attributes="volatile extern">
            <scalar name="UINT8" comment="" line="686" base_type="uint8" attributes="volatile extern" complete_type="uint8" init_mode="PERMANENT" init_modes_allowed="4" init_range="min..max" global_assert="disabled" assert_range="disabled"/>
         </struct>
         <struct name="PCMD0" comment="" line="686" attributes="volatile extern">
            <scalar name="UINT32" comment="" line="686" base_type="uint32" attributes="volatile extern" complete_type="uint32" init_mode="PERMANENT" init_modes_allowed="4" init_range="min..max" global_assert="disabled" assert_range="disabled"/>
         </struct>
      </struct>
      <struct name="ECMM" comment="" line="685" attributes="volatile extern">
         <struct name="ESET" comment="" line="685" attributes="volatile extern">
            <scalar name="UINT8" comment="" line="685" base_type="uint8" attributes="volatile extern" complete_type="uint8" init_mode="PERMANENT" init_modes_allowed="4" init_range="min..max" global_assert="disabled" assert_range="disabled"/>
         </struct>
         <struct name="PCMD0" comment="" line="685" attributes="volatile extern">
            <scalar name="UINT32" comment="" line="685" base_type="uint32" attributes="volatile extern" complete_type="uint32" init_mode="PERMANENT" init_modes_allowed="4" init_range="min..max" global_assert="disabled" assert_range="disabled"/>
         </struct>
      </struct>
   </file>
   <file name="C:\\Component\\AR202A_MicroCtrlrSuprt_Impl\\include\\P1M\\R7F701311\\flash_regs.h" comment="">
      <struct name="FLMD" comment="" line="179" attributes="volatile extern">
         <struct name="PCMD" comment="" line="179" attributes="volatile extern">
            <scalar name="UINT32" comment="" line="179" base_type="uint32" attributes="volatile extern" complete_type="uint32" init_mode="PERMANENT" init_modes_allowed="4" init_range="min..max" global_assert="disabled" assert_range="disabled"/>
         </struct>
         <struct name="PS" comment="" line="179" attributes="volatile extern const">
            <scalar name="UINT32" comment="" line="179" base_type="uint32" attributes="volatile extern const" complete_type="uint32" init_mode="PERMANENT" init_modes_allowed="4" init_range="min..max" global_assert="disabled" assert_range="disabled"/>
         </struct>
      </struct>
   </file>
   <file name="C:\\Component\\AR202A_MicroCtrlrSuprt_Impl\\include\\P1M\\R7F701311\\port_regs.h" comment="">
      <struct name="PORT" comment="" line="4409" attributes="volatile extern">
         <struct name="PPCMD0" comment="" line="4409" attributes="volatile extern">
            <scalar name="UINT32" comment="" line="4409" base_type="uint32" attributes="volatile extern" complete_type="uint32" init_mode="PERMANENT" init_modes_allowed="4" init_range="min..max" global_assert="disabled" assert_range="disabled"/>
         </struct>
         <struct name="PPCMD1" comment="" line="4409" attributes="volatile extern">
            <scalar name="UINT32" comment="" line="4409" base_type="uint32" attributes="volatile extern" complete_type="uint32" init_mode="PERMANENT" init_modes_allowed="4" init_range="min..max" global_assert="disabled" assert_range="disabled"/>
         </struct>
         <struct name="PPCMD2" comment="" line="4409" attributes="volatile extern">
            <scalar name="UINT32" comment="" line="4409" base_type="uint32" attributes="volatile extern" complete_type="uint32" init_mode="PERMANENT" init_modes_allowed="4" init_range="min..max" global_assert="disabled" assert_range="disabled"/>
         </struct>
         <struct name="PPCMD3" comment="" line="4409" attributes="volatile extern">
            <scalar name="UINT32" comment="" line="4409" base_type="uint32" attributes="volatile extern" complete_type="uint32" init_mode="PERMANENT" init_modes_allowed="4" init_range="min..max" global_assert="disabled" assert_range="disabled"/>
         </struct>
         <struct name="PPCMD4" comment="" line="4409" attributes="volatile extern">
            <scalar name="UINT32" comment="" line="4409" base_type="uint32" attributes="volatile extern" complete_type="uint32" init_mode="PERMANENT" init_modes_allowed="4" init_range="min..max" global_assert="disabled" assert_range="disabled"/>
         </struct>
         <struct name="PPCMD5" comment="" line="4409" attributes="volatile extern">
            <scalar name="UINT32" comment="" line="4409" base_type="uint32" attributes="volatile extern" complete_type="uint32" init_mode="PERMANENT" init_modes_allowed="4" init_range="min..max" global_assert="disabled" assert_range="disabled"/>
         </struct>
         <struct name="PPROTS0" comment="" line="4409" attributes="volatile extern const">
            <scalar name="UINT32" comment="" line="4409" base_type="uint32" attributes="volatile extern const" complete_type="uint32" init_mode="PERMANENT" init_modes_allowed="4" init_range="min..max" global_assert="disabled" assert_range="disabled"/>
         </struct>
         <struct name="PPROTS1" comment="" line="4409" attributes="volatile extern const">
            <scalar name="UINT32" comment="" line="4409" base_type="uint32" attributes="volatile extern const" complete_type="uint32" init_mode="PERMANENT" init_modes_allowed="4" init_range="min..max" global_assert="disabled" assert_range="disabled"/>
         </struct>
         <struct name="PPROTS2" comment="" line="4409" attributes="volatile extern const">
            <scalar name="UINT32" comment="" line="4409" base_type="uint32" attributes="volatile extern const" complete_type="uint32" init_mode="PERMANENT" init_modes_allowed="4" init_range="min..max" global_assert="disabled" assert_range="disabled"/>
         </struct>
         <struct name="PPROTS3" comment="" line="4409" attributes="volatile extern const">
            <scalar name="UINT32" comment="" line="4409" base_type="uint32" attributes="volatile extern const" complete_type="uint32" init_mode="PERMANENT" init_modes_allowed="4" init_range="min..max" global_assert="disabled" assert_range="disabled"/>
         </struct>
         <struct name="PPROTS4" comment="" line="4409" attributes="volatile extern const">
            <scalar name="UINT32" comment="" line="4409" base_type="uint32" attributes="volatile extern const" complete_type="uint32" init_mode="PERMANENT" init_modes_allowed="4" init_range="min..max" global_assert="disabled" assert_range="disabled"/>
         </struct>
         <struct name="PPROTS5" comment="" line="4409" attributes="volatile extern const">
            <scalar name="UINT32" comment="" line="4409" base_type="uint32" attributes="volatile extern const" complete_type="uint32" init_mode="PERMANENT" init_modes_allowed="4" init_range="min..max" global_assert="disabled" assert_range="disabled"/>
         </struct>
      </struct>
      <struct name="PORTJ" comment="" line="4410" attributes="volatile extern">
         <struct name="JPPCMD0" comment="" line="4410" attributes="volatile extern">
            <scalar name="UINT32" comment="" line="4410" base_type="uint32" attributes="volatile extern" complete_type="uint32" init_mode="PERMANENT" init_modes_allowed="4" init_range="min..max" global_assert="disabled" assert_range="disabled"/>
         </struct>
         <struct name="JPPROTS0" comment="" line="4410" attributes="volatile extern const">
            <scalar name="UINT32" comment="" line="4410" base_type="uint32" attributes="volatile extern const" complete_type="uint32" init_mode="PERMANENT" init_modes_allowed="4" init_range="min..max" global_assert="disabled" assert_range="disabled"/>
         </struct>
      </struct>
   </file>
   <file name="C:\\Component\\AR202A_MicroCtrlrSuprt_Impl\\include\\P1M\\R7F701311\\sys_regs.h" comment="">
      <struct name="SYS" comment="" line="791" attributes="volatile extern">
         <struct name="PROT1PHCMD" comment="" line="791" attributes="volatile extern">
            <scalar name="UINT32" comment="" line="791" base_type="uint32" attributes="volatile extern" complete_type="uint32" init_mode="PERMANENT" init_modes_allowed="4" init_range="min..max" global_assert="disabled" assert_range="disabled"/>
         </struct>
         <struct name="PROT1PS" comment="" line="791" attributes="volatile extern const">
            <scalar name="UINT32" comment="" line="791" base_type="uint32" attributes="volatile extern const" complete_type="uint32" init_mode="PERMANENT" init_modes_allowed="4" init_range="min..max" global_assert="disabled" assert_range="disabled"/>
         </struct>
         <struct name="PROTCMDCVM" comment="" line="791" attributes="volatile extern">
            <scalar name="UINT32" comment="" line="791" base_type="uint32" attributes="volatile extern" complete_type="uint32" init_mode="PERMANENT" init_modes_allowed="4" init_range="min..max" global_assert="disabled" assert_range="disabled"/>
         </struct>
         <struct name="PROTSCVM" comment="" line="791" attributes="volatile extern const">
            <scalar name="UINT32" comment="" line="791" base_type="uint32" attributes="volatile extern const" complete_type="uint32" init_mode="PERMANENT" init_modes_allowed="4" init_range="min..max" global_assert="disabled" assert_range="disabled"/>
         </struct>
         <struct name="RESFC" comment="" line="791" attributes="volatile extern">
            <scalar name="UINT32" comment="" line="791" base_type="uint32" attributes="volatile extern" complete_type="uint32" init_mode="PERMANENT" init_modes_allowed="4" init_range="min..max" global_assert="disabled" assert_range="disabled"/>
         </struct>
      </struct>
   </file>
   <file name="C:\\Component\\AR202A_MicroCtrlrSuprt_Impl\\tools\\contract\\P1M\\CDD_ExcpnHndlg.h" comment="">
      <function name="SetMcuDiagcIdnData" comment="" line="23" main_generator_called="disabled" attributes="extern">
         <scalar name="arg1" comment="" line="23" base_type="uint32" complete_type="uint32" init_mode="disabled" init_range="disabled" global_assert="unsupported" assert_range="unsupported"/>
         <scalar name="arg2" comment="" line="23" base_type="uint32" complete_type="uint32" init_mode="disabled" init_range="disabled" global_assert="unsupported" assert_range="unsupported"/>
      </function>
   </file>
   <file name="C:\\Component\\AR202A_MicroCtrlrSuprt_Impl\\tools\\contract\\P1M\\NxtrMcuSuprtLib_TestHarness.c" comment="">
      <function name="Test_NxtrSwRst" comment="" line="88" main_generator_called="MAIN_GENERATOR" attributes="unused">
         <scalar name="arg1" comment="" line="88" base_type="uint32" complete_type="uint32" init_mode="MAIN_GENERATOR" init_modes_allowed="10" init_range="min..max" global_assert="unsupported" assert_range="unsupported"/>
         <scalar name="arg2" comment="" line="88" base_type="uint32" complete_type="uint32" init_mode="MAIN_GENERATOR" init_modes_allowed="10" init_range="min..max" global_assert="unsupported" assert_range="unsupported"/>
      </function>
      <function name="Test_NxtrSwRstFromExcpn" comment="" line="92" main_generator_called="MAIN_GENERATOR" attributes="unused">
         <scalar name="arg1" comment="" line="92" base_type="uint32" complete_type="uint32" init_mode="MAIN_GENERATOR" init_modes_allowed="10" init_range="min..max" global_assert="unsupported" assert_range="unsupported"/>
         <scalar name="arg2" comment="" line="92" base_type="uint32" complete_type="uint32" init_mode="MAIN_GENERATOR" init_modes_allowed="10" init_range="min..max" global_assert="unsupported" assert_range="unsupported"/>
      </function>
      <function name="Test_WrProtdRegClma0_u08" comment="" line="48" main_generator_called="MAIN_GENERATOR" attributes="unused">
         <scalar name="arg1" comment="" line="48" base_type="uint8" complete_type="uint8" init_mode="MAIN_GENERATOR" init_modes_allowed="10" init_range="min..max" global_assert="unsupported" assert_range="unsupported"/>
         <pointer name="arg2" comment="" line="48" complete_type="volatile uint8 *" init_mode="MAIN_GENERATOR" init_modes_allowed="10" initialize_pointer="May-be NULL" number_allocated="max" init_pointed="unsupported">
            <scalar comment="" line="48" base_type="uint8" attributes="volatile" complete_type="uint8" init_mode="unsupported" init_range="unsupported" global_assert="unsupported" assert_range="unsupported"/>
         </pointer>
      </function>
      <function name="Test_WrProtdRegClma1_u08" comment="" line="52" main_generator_called="MAIN_GENERATOR" attributes="unused">
         <scalar name="arg1" comment="" line="52" base_type="uint8" complete_type="uint8" init_mode="MAIN_GENERATOR" init_modes_allowed="10" init_range="min..max" global_assert="unsupported" assert_range="unsupported"/>
         <pointer name="arg2" comment="" line="52" complete_type="volatile uint8 *" init_mode="MAIN_GENERATOR" init_modes_allowed="10" initialize_pointer="May-be NULL" number_allocated="max" init_pointed="unsupported">
            <scalar comment="" line="52" base_type="uint8" attributes="volatile" complete_type="uint8" init_mode="unsupported" init_range="unsupported" global_assert="unsupported" assert_range="unsupported"/>
         </pointer>
      </function>
      <function name="Test_WrProtdRegClma2_u08" comment="" line="56" main_generator_called="MAIN_GENERATOR" attributes="unused">
         <scalar name="arg1" comment="" line="56" base_type="uint8" complete_type="uint8" init_mode="MAIN_GENERATOR" init_modes_allowed="10" init_range="min..max" global_assert="unsupported" assert_range="unsupported"/>
         <pointer name="arg2" comment="" line="56" complete_type="volatile uint8 *" init_mode="MAIN_GENERATOR" init_modes_allowed="10" initialize_pointer="May-be NULL" number_allocated="max" init_pointed="unsupported">
            <scalar comment="" line="56" base_type="uint8" attributes="volatile" complete_type="uint8" init_mode="unsupported" init_range="unsupported" global_assert="unsupported" assert_range="unsupported"/>
         </pointer>
      </function>
      <function name="Test_WrProtdRegClma3_u08" comment="" line="60" main_generator_called="MAIN_GENERATOR" attributes="unused">
         <scalar name="arg1" comment="" line="60" base_type="uint8" complete_type="uint8" init_mode="MAIN_GENERATOR" init_modes_allowed="10" init_range="min..max" global_assert="unsupported" assert_range="unsupported"/>
         <pointer name="arg2" comment="" line="60" complete_type="volatile uint8 *" init_mode="MAIN_GENERATOR" init_modes_allowed="10" initialize_pointer="May-be NULL" number_allocated="max" init_pointed="unsupported">
            <scalar comment="" line="60" base_type="uint8" attributes="volatile" complete_type="uint8" init_mode="unsupported" init_range="unsupported" global_assert="unsupported" assert_range="unsupported"/>
         </pointer>
      </function>
      <function name="Test_WrProtdRegEcm_u08" comment="" line="72" main_generator_called="MAIN_GENERATOR" attributes="unused">
         <scalar name="arg1" comment="" line="72" base_type="uint8" complete_type="uint8" init_mode="MAIN_GENERATOR" init_modes_allowed="10" init_range="min..max" global_assert="unsupported" assert_range="unsupported"/>
         <pointer name="arg2" comment="" line="72" complete_type="volatile uint8 *" init_mode="MAIN_GENERATOR" init_modes_allowed="10" initialize_pointer="May-be NULL" number_allocated="max" init_pointed="unsupported">
            <scalar comment="" line="72" base_type="uint8" attributes="volatile" complete_type="uint8" init_mode="unsupported" init_range="unsupported" global_assert="unsupported" assert_range="unsupported"/>
         </pointer>
      </function>
      <function name="Test_WrProtdRegEcm_u16" comment="" line="76" main_generator_called="MAIN_GENERATOR" attributes="unused">
         <scalar name="arg1" comment="" line="76" base_type="uint16" complete_type="uint16" init_mode="MAIN_GENERATOR" init_modes_allowed="10" init_range="min..max" global_assert="unsupported" assert_range="unsupported"/>
         <pointer name="arg2" comment="" line="76" complete_type="volatile uint16 *" init_mode="MAIN_GENERATOR" init_modes_allowed="10" initialize_pointer="May-be NULL" number_allocated="max" init_pointed="unsupported">
            <scalar comment="" line="76" base_type="uint16" attributes="volatile" complete_type="uint16" init_mode="unsupported" init_range="unsupported" global_assert="unsupported" assert_range="unsupported"/>
         </pointer>
      </function>
      <function name="Test_WrProtdRegEcm_u32" comment="" line="80" main_generator_called="MAIN_GENERATOR" attributes="unused">
         <scalar name="arg1" comment="" line="80" base_type="uint32" complete_type="uint32" init_mode="MAIN_GENERATOR" init_modes_allowed="10" init_range="min..max" global_assert="unsupported" assert_range="unsupported"/>
         <pointer name="arg2" comment="" line="80" complete_type="volatile uint32 *" init_mode="MAIN_GENERATOR" init_modes_allowed="10" initialize_pointer="May-be NULL" number_allocated="max" init_pointed="unsupported">
            <scalar comment="" line="80" base_type="uint32" attributes="volatile" complete_type="uint32" init_mode="unsupported" init_range="unsupported" global_assert="unsupported" assert_range="unsupported"/>
         </pointer>
      </function>
      <function name="Test_WrProtdRegEcmc_u08" comment="" line="68" main_generator_called="MAIN_GENERATOR" attributes="unused">
         <scalar name="arg1" comment="" line="68" base_type="uint8" complete_type="uint8" init_mode="MAIN_GENERATOR" init_modes_allowed="10" init_range="min..max" global_assert="unsupported" assert_range="unsupported"/>
         <pointer name="arg2" comment="" line="68" complete_type="volatile uint8 *" init_mode="MAIN_GENERATOR" init_modes_allowed="10" initialize_pointer="May-be NULL" number_allocated="max" init_pointed="unsupported">
            <scalar comment="" line="68" base_type="uint8" attributes="volatile" complete_type="uint8" init_mode="unsupported" init_range="unsupported" global_assert="unsupported" assert_range="unsupported"/>
         </pointer>
      </function>
      <function name="Test_WrProtdRegEcmm_u08" comment="" line="64" main_generator_called="MAIN_GENERATOR" attributes="unused">
         <scalar name="arg1" comment="" line="64" base_type="uint8" complete_type="uint8" init_mode="MAIN_GENERATOR" init_modes_allowed="10" init_range="min..max" global_assert="unsupported" assert_range="unsupported"/>
         <pointer name="arg2" comment="" line="64" complete_type="volatile uint8 *" init_mode="MAIN_GENERATOR" init_modes_allowed="10" initialize_pointer="May-be NULL" number_allocated="max" init_pointed="unsupported">
            <scalar comment="" line="64" base_type="uint8" attributes="volatile" complete_type="uint8" init_mode="unsupported" init_range="unsupported" global_assert="unsupported" assert_range="unsupported"/>
         </pointer>
      </function>
      <function name="Test_WrProtdRegFlmd_u32" comment="" line="84" main_generator_called="MAIN_GENERATOR" attributes="unused">
         <scalar name="arg1" comment="" line="84" base_type="uint32" complete_type="uint32" init_mode="MAIN_GENERATOR" init_modes_allowed="10" init_range="min..max" global_assert="unsupported" assert_range="unsupported"/>
         <pointer name="arg2" comment="" line="84" complete_type="volatile uint32 *" init_mode="MAIN_GENERATOR" init_modes_allowed="10" initialize_pointer="May-be NULL" number_allocated="max" init_pointed="unsupported">
            <scalar comment="" line="84" base_type="uint32" attributes="volatile" complete_type="uint32" init_mode="unsupported" init_range="unsupported" global_assert="unsupported" assert_range="unsupported"/>
         </pointer>
      </function>
      <function name="Test_WrProtdRegPort0_u32" comment="" line="12" main_generator_called="MAIN_GENERATOR" attributes="unused">
         <scalar name="arg1" comment="" line="12" base_type="uint32" complete_type="uint32" init_mode="MAIN_GENERATOR" init_modes_allowed="10" init_range="min..max" global_assert="unsupported" assert_range="unsupported"/>
         <pointer name="arg2" comment="" line="12" complete_type="volatile uint32 *" init_mode="MAIN_GENERATOR" init_modes_allowed="10" initialize_pointer="May-be NULL" number_allocated="max" init_pointed="unsupported">
            <scalar comment="" line="12" base_type="uint32" attributes="volatile" complete_type="uint32" init_mode="unsupported" init_range="unsupported" global_assert="unsupported" assert_range="unsupported"/>
         </pointer>
      </function>
      <function name="Test_WrProtdRegPort1_u32" comment="" line="16" main_generator_called="MAIN_GENERATOR" attributes="unused">
         <scalar name="arg1" comment="" line="16" base_type="uint32" complete_type="uint32" init_mode="MAIN_GENERATOR" init_modes_allowed="10" init_range="min..max" global_assert="unsupported" assert_range="unsupported"/>
         <pointer name="arg2" comment="" line="16" complete_type="volatile uint32 *" init_mode="MAIN_GENERATOR" init_modes_allowed="10" initialize_pointer="May-be NULL" number_allocated="max" init_pointed="unsupported">
            <scalar comment="" line="16" base_type="uint32" attributes="volatile" complete_type="uint32" init_mode="unsupported" init_range="unsupported" global_assert="unsupported" assert_range="unsupported"/>
         </pointer>
      </function>
      <function name="Test_WrProtdRegPort2_u32" comment="" line="20" main_generator_called="MAIN_GENERATOR" attributes="unused">
         <scalar name="arg1" comment="" line="20" base_type="uint32" complete_type="uint32" init_mode="MAIN_GENERATOR" init_modes_allowed="10" init_range="min..max" global_assert="unsupported" assert_range="unsupported"/>
         <pointer name="arg2" comment="" line="20" complete_type="volatile uint32 *" init_mode="MAIN_GENERATOR" init_modes_allowed="10" initialize_pointer="May-be NULL" number_allocated="max" init_pointed="unsupported">
            <scalar comment="" line="20" base_type="uint32" attributes="volatile" complete_type="uint32" init_mode="unsupported" init_range="unsupported" global_assert="unsupported" assert_range="unsupported"/>
         </pointer>
      </function>
      <function name="Test_WrProtdRegPort3_u32" comment="" line="24" main_generator_called="MAIN_GENERATOR" attributes="unused">
         <scalar name="arg1" comment="" line="24" base_type="uint32" complete_type="uint32" init_mode="MAIN_GENERATOR" init_modes_allowed="10" init_range="min..max" global_assert="unsupported" assert_range="unsupported"/>
         <pointer name="arg2" comment="" line="24" complete_type="volatile uint32 *" init_mode="MAIN_GENERATOR" init_modes_allowed="10" initialize_pointer="May-be NULL" number_allocated="max" init_pointed="unsupported">
            <scalar comment="" line="24" base_type="uint32" attributes="volatile" complete_type="uint32" init_mode="unsupported" init_range="unsupported" global_assert="unsupported" assert_range="unsupported"/>
         </pointer>
      </function>
      <function name="Test_WrProtdRegPort4_u32" comment="" line="28" main_generator_called="MAIN_GENERATOR" attributes="unused">
         <scalar name="arg1" comment="" line="28" base_type="uint32" complete_type="uint32" init_mode="MAIN_GENERATOR" init_modes_allowed="10" init_range="min..max" global_assert="unsupported" assert_range="unsupported"/>
         <pointer name="arg2" comment="" line="28" complete_type="volatile uint32 *" init_mode="MAIN_GENERATOR" init_modes_allowed="10" initialize_pointer="May-be NULL" number_allocated="max" init_pointed="unsupported">
            <scalar comment="" line="28" base_type="uint32" attributes="volatile" complete_type="uint32" init_mode="unsupported" init_range="unsupported" global_assert="unsupported" assert_range="unsupported"/>
         </pointer>
      </function>
      <function name="Test_WrProtdRegPort5_u32" comment="" line="32" main_generator_called="MAIN_GENERATOR" attributes="unused">
         <scalar name="arg1" comment="" line="32" base_type="uint32" complete_type="uint32" init_mode="MAIN_GENERATOR" init_modes_allowed="10" init_range="min..max" global_assert="unsupported" assert_range="unsupported"/>
         <pointer name="arg2" comment="" line="32" complete_type="volatile uint32 *" init_mode="MAIN_GENERATOR" init_modes_allowed="10" initialize_pointer="May-be NULL" number_allocated="max" init_pointed="unsupported">
            <scalar comment="" line="32" base_type="uint32" attributes="volatile" complete_type="uint32" init_mode="unsupported" init_range="unsupported" global_assert="unsupported" assert_range="unsupported"/>
         </pointer>
      </function>
      <function name="Test_WrProtdRegPortJ_u32" comment="" line="8" main_generator_called="MAIN_GENERATOR" attributes="unused">
         <scalar name="arg1" comment="" line="8" base_type="uint32" complete_type="uint32" init_mode="MAIN_GENERATOR" init_modes_allowed="10" init_range="min..max" global_assert="unsupported" assert_range="unsupported"/>
         <pointer name="arg2" comment="" line="8" complete_type="volatile uint32 *" init_mode="MAIN_GENERATOR" init_modes_allowed="10" initialize_pointer="May-be NULL" number_allocated="max" init_pointed="unsupported">
            <scalar comment="" line="8" base_type="uint32" attributes="volatile" complete_type="uint32" init_mode="unsupported" init_range="unsupported" global_assert="unsupported" assert_range="unsupported"/>
         </pointer>
      </function>
      <function name="Test_WrProtdRegSysClmac_u32" comment="" line="44" main_generator_called="MAIN_GENERATOR" attributes="unused">
         <scalar name="arg1" comment="" line="44" base_type="uint32" complete_type="uint32" init_mode="MAIN_GENERATOR" init_modes_allowed="10" init_range="min..max" global_assert="unsupported" assert_range="unsupported"/>
         <pointer name="arg2" comment="" line="44" complete_type="volatile uint32 *" init_mode="MAIN_GENERATOR" init_modes_allowed="10" initialize_pointer="May-be NULL" number_allocated="max" init_pointed="unsupported">
            <scalar comment="" line="44" base_type="uint32" attributes="volatile" complete_type="uint32" init_mode="unsupported" init_range="unsupported" global_assert="unsupported" assert_range="unsupported"/>
         </pointer>
      </function>
      <function name="Test_WrProtdRegSys_u08" comment="" line="36" main_generator_called="MAIN_GENERATOR" attributes="unused">
         <scalar name="arg1" comment="" line="36" base_type="uint8" complete_type="uint8" init_mode="MAIN_GENERATOR" init_modes_allowed="10" init_range="min..max" global_assert="unsupported" assert_range="unsupported"/>
         <pointer name="arg2" comment="" line="36" complete_type="volatile uint8 *" init_mode="MAIN_GENERATOR" init_modes_allowed="10" initialize_pointer="May-be NULL" number_allocated="max" init_pointed="unsupported">
            <scalar comment="" line="36" base_type="uint8" attributes="volatile" complete_type="uint8" init_mode="unsupported" init_range="unsupported" global_assert="unsupported" assert_range="unsupported"/>
         </pointer>
      </function>
      <function name="Test_WrProtdRegSys_u32" comment="" line="40" main_generator_called="MAIN_GENERATOR" attributes="unused">
         <scalar name="arg1" comment="" line="40" base_type="uint32" complete_type="uint32" init_mode="MAIN_GENERATOR" init_modes_allowed="10" init_range="min..max" global_assert="unsupported" assert_range="unsupported"/>
         <pointer name="arg2" comment="" line="40" complete_type="volatile uint32 *" init_mode="MAIN_GENERATOR" init_modes_allowed="10" initialize_pointer="May-be NULL" number_allocated="max" init_pointed="unsupported">
            <scalar comment="" line="40" base_type="uint32" attributes="volatile" complete_type="uint32" init_mode="unsupported" init_range="unsupported" global_assert="unsupported" assert_range="unsupported"/>
         </pointer>
      </function>
   </file>
   <file name="C:\\Component\\TL103A_CplrSuprt\\include\\2015.1.5\\v800\\v800_ghs.h" comment="">
      <function name="__STSR" comment="" line="112" main_generator_called="disabled" attributes="extern">
         <scalar name="arg1" comment="" line="112" base_type="int32" complete_type="int32" init_mode="disabled" init_range="disabled" global_assert="unsupported" assert_range="unsupported"/>
         <scalar name="arg2" comment="" line="112" base_type="int32" complete_type="int32" init_mode="disabled" init_range="disabled" global_assert="unsupported" assert_range="unsupported"/>
         <scalar name="return" comment="" line="112" base_type="uint32" complete_type="uint32" init_mode="PERMANENT" init_modes_allowed="4" init_range="min..max" global_assert="unsupported" assert_range="unsupported"/>
      </function>
   </file>
</global>
