<?xml version="1.0" encoding="UTF-8"?>
<!--EDRS Version 1.0-->
<global>
   <file name="C:\\Component\\AR100A_NxtrMath_Impl\\include\\NxtrMath.h" comment="">
      <function name="Abslt_f32_f32" comment="" line="233" main_generator_called="MAIN_GENERATOR" attributes="static">
         <scalar name="arg1" comment="" line="233" base_type="float32" attributes="static" complete_type="float32" init_mode="MAIN_GENERATOR" init_modes_allowed="10" init_range="min..max" global_assert="unsupported" assert_range="unsupported"/>
         <scalar name="return" comment="" line="233" base_type="float32" attributes="static" complete_type="float32" init_mode="disabled" init_range="disabled" global_assert="unsupported" assert_range="unsupported"/>
      </function>
      <function name="Lim_f32" comment="" line="560" main_generator_called="MAIN_GENERATOR" attributes="static">
         <scalar name="arg1" comment="" line="560" base_type="float32" attributes="static" complete_type="float32" init_mode="MAIN_GENERATOR" init_modes_allowed="10" init_range="min..max" global_assert="unsupported" assert_range="unsupported"/>
         <scalar name="arg2" comment="" line="560" base_type="float32" attributes="static" complete_type="float32" init_mode="MAIN_GENERATOR" init_modes_allowed="10" init_range="min..max" global_assert="unsupported" assert_range="unsupported"/>
         <scalar name="arg3" comment="" line="560" base_type="float32" attributes="static" complete_type="float32" init_mode="MAIN_GENERATOR" init_modes_allowed="10" init_range="min..max" global_assert="unsupported" assert_range="unsupported"/>
         <scalar name="return" comment="" line="560" base_type="float32" attributes="static" complete_type="float32" init_mode="disabled" init_range="disabled" global_assert="unsupported" assert_range="unsupported"/>
      </function>
   </file>
   <file name="C:\\Component\\AR103A_NxtrFixdPt_Impl\\include\\NxtrFixdPt.h" comment="">
      <function name="FixdToFloat_f32_u16" comment="" line="331" main_generator_called="MAIN_GENERATOR" attributes="static">
         <scalar name="arg1" comment="" line="331" base_type="uint16" attributes="static" complete_type="uint16" init_mode="MAIN_GENERATOR" init_modes_allowed="10" init_range="min..max" global_assert="unsupported" assert_range="unsupported"/>
         <scalar name="arg2" comment="" line="331" base_type="float32" attributes="static" complete_type="float32" init_mode="MAIN_GENERATOR" init_modes_allowed="10" init_range="min..max" global_assert="unsupported" assert_range="unsupported"/>
         <scalar name="return" comment="" line="331" base_type="float32" attributes="static" complete_type="float32" init_mode="disabled" init_range="disabled" global_assert="unsupported" assert_range="unsupported"/>
      </function>
   </file>
   <file name="C:\\Component\\ES200B_CurrMeas_Impl\\src\\CDD_CurrMeas.c" comment="">
      <function name="CurrMeasEolGainReq_Oper" comment="" line="859" main_generator_called="MAIN_GENERATOR"/>
      <function name="CurrMeasEolGainStsReq_Oper" comment="" line="899" main_generator_called="MAIN_GENERATOR">
         <pointer name="arg1" comment="" line="899" complete_type="uint8 *" init_mode="MAIN_GENERATOR" init_modes_allowed="10" initialize_pointer="May-be NULL" number_allocated="max" init_pointed="MAIN_GENERATOR">
            <scalar comment="" line="899" base_type="uint8" complete_type="uint8" init_mode="MAIN_GENERATOR" init_modes_allowed="10" init_range="min..max" global_assert="unsupported" assert_range="unsupported"/>
         </pointer>
      </function>
      <function name="CurrMeasEolOffsReq_Oper" comment="" line="939" main_generator_called="MAIN_GENERATOR"/>
      <function name="CurrMeasEolOffsStsReq_Oper" comment="" line="979" main_generator_called="MAIN_GENERATOR">
         <pointer name="arg1" comment="" line="979" complete_type="uint8 *" init_mode="MAIN_GENERATOR" init_modes_allowed="10" initialize_pointer="May-be NULL" number_allocated="max" init_pointed="MAIN_GENERATOR">
            <scalar comment="" line="979" base_type="uint8" complete_type="uint8" init_mode="MAIN_GENERATOR" init_modes_allowed="10" init_range="min..max" global_assert="unsupported" assert_range="unsupported"/>
         </pointer>
      </function>
      <function name="CurrMeasGainReadReqSngIvtr_Oper" comment="" line="1019" main_generator_called="MAIN_GENERATOR">
         <pointer name="arg1" comment="" line="1019" complete_type="float32 *" init_mode="MAIN_GENERATOR" init_modes_allowed="10" initialize_pointer="May-be NULL" number_allocated="max" init_pointed="MAIN_GENERATOR">
            <scalar comment="" line="1019" base_type="float32" complete_type="float32" init_mode="MAIN_GENERATOR" init_modes_allowed="10" init_range="min..max" global_assert="unsupported" assert_range="unsupported"/>
         </pointer>
         <pointer name="arg2" comment="" line="1019" complete_type="float32 *" init_mode="MAIN_GENERATOR" init_modes_allowed="10" initialize_pointer="May-be NULL" number_allocated="max" init_pointed="MAIN_GENERATOR">
            <scalar comment="" line="1019" base_type="float32" complete_type="float32" init_mode="MAIN_GENERATOR" init_modes_allowed="10" init_range="min..max" global_assert="unsupported" assert_range="unsupported"/>
         </pointer>
         <pointer name="arg3" comment="" line="1019" complete_type="float32 *" init_mode="MAIN_GENERATOR" init_modes_allowed="10" initialize_pointer="May-be NULL" number_allocated="max" init_pointed="MAIN_GENERATOR">
            <scalar comment="" line="1019" base_type="float32" complete_type="float32" init_mode="MAIN_GENERATOR" init_modes_allowed="10" init_range="min..max" global_assert="unsupported" assert_range="unsupported"/>
         </pointer>
      </function>
      <function name="CurrMeasGainWrReqSngIvtr_Oper" comment="" line="1071" main_generator_called="MAIN_GENERATOR">
         <scalar name="arg1" comment="" line="1071" base_type="float32" complete_type="float32" init_mode="MAIN_GENERATOR" init_modes_allowed="10" init_range="min..max" global_assert="unsupported" assert_range="unsupported"/>
         <scalar name="arg2" comment="" line="1071" base_type="float32" complete_type="float32" init_mode="MAIN_GENERATOR" init_modes_allowed="10" init_range="min..max" global_assert="unsupported" assert_range="unsupported"/>
         <scalar name="arg3" comment="" line="1071" base_type="float32" complete_type="float32" init_mode="MAIN_GENERATOR" init_modes_allowed="10" init_range="min..max" global_assert="unsupported" assert_range="unsupported"/>
         <pointer name="arg4" comment="" line="1071" complete_type="uint8 *" init_mode="MAIN_GENERATOR" init_modes_allowed="10" initialize_pointer="May-be NULL" number_allocated="max" init_pointed="MAIN_GENERATOR">
            <scalar comment="" line="1071" base_type="uint8" complete_type="uint8" init_mode="MAIN_GENERATOR" init_modes_allowed="10" init_range="min..max" global_assert="unsupported" assert_range="unsupported"/>
         </pointer>
      </function>
      <function name="CurrMeasInit1" comment="" line="1132" main_generator_called="MAIN_GENERATOR"/>
      <function name="CurrMeasOffsReadReqSngIvtr_Oper" comment="" line="1215" main_generator_called="MAIN_GENERATOR">
         <pointer name="arg1" comment="" line="1215" complete_type="float32 *" init_mode="MAIN_GENERATOR" init_modes_allowed="10" initialize_pointer="May-be NULL" number_allocated="max" init_pointed="MAIN_GENERATOR">
            <scalar comment="" line="1215" base_type="float32" complete_type="float32" init_mode="MAIN_GENERATOR" init_modes_allowed="10" init_range="min..max" global_assert="unsupported" assert_range="unsupported"/>
         </pointer>
         <pointer name="arg2" comment="" line="1215" complete_type="float32 *" init_mode="MAIN_GENERATOR" init_modes_allowed="10" initialize_pointer="May-be NULL" number_allocated="max" init_pointed="MAIN_GENERATOR">
            <scalar comment="" line="1215" base_type="float32" complete_type="float32" init_mode="MAIN_GENERATOR" init_modes_allowed="10" init_range="min..max" global_assert="unsupported" assert_range="unsupported"/>
         </pointer>
         <pointer name="arg3" comment="" line="1215" complete_type="float32 *" init_mode="MAIN_GENERATOR" init_modes_allowed="10" initialize_pointer="May-be NULL" number_allocated="max" init_pointed="MAIN_GENERATOR">
            <scalar comment="" line="1215" base_type="float32" complete_type="float32" init_mode="MAIN_GENERATOR" init_modes_allowed="10" init_range="min..max" global_assert="unsupported" assert_range="unsupported"/>
         </pointer>
         <pointer name="arg4" comment="" line="1215" complete_type="float32 *" init_mode="MAIN_GENERATOR" init_modes_allowed="10" initialize_pointer="May-be NULL" number_allocated="max" init_pointed="MAIN_GENERATOR">
            <scalar comment="" line="1215" base_type="float32" complete_type="float32" init_mode="MAIN_GENERATOR" init_modes_allowed="10" init_range="min..max" global_assert="unsupported" assert_range="unsupported"/>
         </pointer>
         <pointer name="arg5" comment="" line="1215" complete_type="float32 *" init_mode="MAIN_GENERATOR" init_modes_allowed="10" initialize_pointer="May-be NULL" number_allocated="max" init_pointed="MAIN_GENERATOR">
            <scalar comment="" line="1215" base_type="float32" complete_type="float32" init_mode="MAIN_GENERATOR" init_modes_allowed="10" init_range="min..max" global_assert="unsupported" assert_range="unsupported"/>
         </pointer>
         <pointer name="arg6" comment="" line="1215" complete_type="float32 *" init_mode="MAIN_GENERATOR" init_modes_allowed="10" initialize_pointer="May-be NULL" number_allocated="max" init_pointed="MAIN_GENERATOR">
            <scalar comment="" line="1215" base_type="float32" complete_type="float32" init_mode="MAIN_GENERATOR" init_modes_allowed="10" init_range="min..max" global_assert="unsupported" assert_range="unsupported"/>
         </pointer>
         <pointer name="arg7" comment="" line="1215" complete_type="float32 *" init_mode="MAIN_GENERATOR" init_modes_allowed="10" initialize_pointer="May-be NULL" number_allocated="max" init_pointed="MAIN_GENERATOR">
            <scalar comment="" line="1215" base_type="float32" complete_type="float32" init_mode="MAIN_GENERATOR" init_modes_allowed="10" init_range="min..max" global_assert="unsupported" assert_range="unsupported"/>
         </pointer>
      </function>
      <function name="CurrMeasOffsWrReqSngIvtr_Oper" comment="" line="1274" main_generator_called="MAIN_GENERATOR">
         <scalar name="arg1" comment="" line="1274" base_type="float32" complete_type="float32" init_mode="MAIN_GENERATOR" init_modes_allowed="10" init_range="min..max" global_assert="unsupported" assert_range="unsupported"/>
         <scalar name="arg2" comment="" line="1274" base_type="float32" complete_type="float32" init_mode="MAIN_GENERATOR" init_modes_allowed="10" init_range="min..max" global_assert="unsupported" assert_range="unsupported"/>
         <scalar name="arg3" comment="" line="1274" base_type="float32" complete_type="float32" init_mode="MAIN_GENERATOR" init_modes_allowed="10" init_range="min..max" global_assert="unsupported" assert_range="unsupported"/>
         <scalar name="arg4" comment="" line="1274" base_type="float32" complete_type="float32" init_mode="MAIN_GENERATOR" init_modes_allowed="10" init_range="min..max" global_assert="unsupported" assert_range="unsupported"/>
         <scalar name="arg5" comment="" line="1274" base_type="float32" complete_type="float32" init_mode="MAIN_GENERATOR" init_modes_allowed="10" init_range="min..max" global_assert="unsupported" assert_range="unsupported"/>
         <scalar name="arg6" comment="" line="1274" base_type="float32" complete_type="float32" init_mode="MAIN_GENERATOR" init_modes_allowed="10" init_range="min..max" global_assert="unsupported" assert_range="unsupported"/>
         <scalar name="arg7" comment="" line="1274" base_type="float32" complete_type="float32" init_mode="MAIN_GENERATOR" init_modes_allowed="10" init_range="min..max" global_assert="unsupported" assert_range="unsupported"/>
         <pointer name="arg8" comment="" line="1274" complete_type="uint8 *" init_mode="MAIN_GENERATOR" init_modes_allowed="10" initialize_pointer="May-be NULL" number_allocated="max" init_pointed="MAIN_GENERATOR">
            <scalar comment="" line="1274" base_type="uint8" complete_type="uint8" init_mode="MAIN_GENERATOR" init_modes_allowed="10" init_range="min..max" global_assert="unsupported" assert_range="unsupported"/>
         </pointer>
      </function>
      <function name="CurrMeasPer1" comment="" line="1371" main_generator_called="MAIN_GENERATOR"/>
      <function name="CurrMeasPer3" comment="" line="1495" main_generator_called="MAIN_GENERATOR"/>
      <function name="GainCalibration" comment="" line="1898" main_generator_called="MAIN_GENERATOR" attributes="static">
         <scalar name="arg1" comment="" line="1898" base_type="uint8" attributes="static" complete_type="uint8" init_mode="MAIN_GENERATOR" init_modes_allowed="10" init_range="min..max" global_assert="unsupported" assert_range="unsupported"/>
         <scalar name="arg10" comment="" line="1898" base_type="uint8" attributes="static" complete_type="uint8" init_mode="MAIN_GENERATOR" init_modes_allowed="10" init_range="min..max" global_assert="unsupported" assert_range="unsupported"/>
         <scalar name="arg11" comment="" line="1898" base_type="uint8" attributes="static" complete_type="uint8" init_mode="MAIN_GENERATOR" init_modes_allowed="10" init_range="min..max" global_assert="unsupported" assert_range="unsupported"/>
         <scalar name="arg12" comment="" line="1898" base_type="uint8" attributes="static" complete_type="uint8" init_mode="MAIN_GENERATOR" init_modes_allowed="10" init_range="min..max" global_assert="unsupported" assert_range="unsupported"/>
         <scalar name="arg2" comment="" line="1898" base_type="float32" attributes="static" complete_type="float32" init_mode="MAIN_GENERATOR" init_modes_allowed="10" init_range="min..max" global_assert="unsupported" assert_range="unsupported"/>
         <scalar name="arg3" comment="" line="1898" base_type="float32" attributes="static" complete_type="float32" init_mode="MAIN_GENERATOR" init_modes_allowed="10" init_range="min..max" global_assert="unsupported" assert_range="unsupported"/>
         <scalar name="arg4" comment="" line="1898" base_type="float32" attributes="static" complete_type="float32" init_mode="MAIN_GENERATOR" init_modes_allowed="10" init_range="min..max" global_assert="unsupported" assert_range="unsupported"/>
         <scalar name="arg5" comment="" line="1898" base_type="float32" attributes="static" complete_type="float32" init_mode="MAIN_GENERATOR" init_modes_allowed="10" init_range="min..max" global_assert="unsupported" assert_range="unsupported"/>
         <scalar name="arg6" comment="" line="1898" base_type="float32" attributes="static" complete_type="float32" init_mode="MAIN_GENERATOR" init_modes_allowed="10" init_range="min..max" global_assert="unsupported" assert_range="unsupported"/>
         <scalar name="arg7" comment="" line="1898" base_type="float32" attributes="static" complete_type="float32" init_mode="MAIN_GENERATOR" init_modes_allowed="10" init_range="min..max" global_assert="unsupported" assert_range="unsupported"/>
         <scalar name="arg8" comment="" line="1898" base_type="float32" attributes="static" complete_type="float32" init_mode="MAIN_GENERATOR" init_modes_allowed="10" init_range="min..max" global_assert="unsupported" assert_range="unsupported"/>
         <scalar name="arg9" comment="" line="1898" base_type="float32" attributes="static" complete_type="float32" init_mode="MAIN_GENERATOR" init_modes_allowed="10" init_range="min..max" global_assert="unsupported" assert_range="unsupported"/>
      </function>
      <function name="OffsetCalibration" comment="" line="1662" main_generator_called="MAIN_GENERATOR" attributes="static">
         <scalar name="arg1" comment="" line="1662" base_type="float32" attributes="static" complete_type="float32" init_mode="MAIN_GENERATOR" init_modes_allowed="10" init_range="min..max" global_assert="unsupported" assert_range="unsupported"/>
         <scalar name="arg2" comment="" line="1662" base_type="float32" attributes="static" complete_type="float32" init_mode="MAIN_GENERATOR" init_modes_allowed="10" init_range="min..max" global_assert="unsupported" assert_range="unsupported"/>
         <scalar name="arg3" comment="" line="1662" base_type="float32" attributes="static" complete_type="float32" init_mode="MAIN_GENERATOR" init_modes_allowed="10" init_range="min..max" global_assert="unsupported" assert_range="unsupported"/>
         <scalar name="arg4" comment="" line="1662" base_type="float32" attributes="static" complete_type="float32" init_mode="MAIN_GENERATOR" init_modes_allowed="10" init_range="min..max" global_assert="unsupported" assert_range="unsupported"/>
         <scalar name="arg5" comment="" line="1662" base_type="float32" attributes="static" complete_type="float32" init_mode="MAIN_GENERATOR" init_modes_allowed="10" init_range="min..max" global_assert="unsupported" assert_range="unsupported"/>
         <scalar name="arg6" comment="" line="1662" base_type="uint8" attributes="static" complete_type="uint8" init_mode="MAIN_GENERATOR" init_modes_allowed="10" init_range="min..max" global_assert="unsupported" assert_range="unsupported"/>
         <scalar name="arg7" comment="" line="1662" base_type="float32" attributes="static" complete_type="float32" init_mode="MAIN_GENERATOR" init_modes_allowed="10" init_range="min..max" global_assert="unsupported" assert_range="unsupported"/>
         <scalar name="arg8" comment="" line="1662" base_type="uint8" attributes="static" complete_type="uint8" init_mode="MAIN_GENERATOR" init_modes_allowed="10" init_range="min..max" global_assert="unsupported" assert_range="unsupported"/>
      </function>
      <function name="RangeChkWIABC" comment="" line="2113" main_generator_called="MAIN_GENERATOR" attributes="static">
         <scalar name="arg1" comment="" line="2113" base_type="float32" attributes="static" complete_type="float32" init_mode="MAIN_GENERATOR" init_modes_allowed="10" init_range="min..max" global_assert="unsupported" assert_range="unsupported"/>
         <scalar name="arg2" comment="" line="2113" base_type="float32" attributes="static" complete_type="float32" init_mode="MAIN_GENERATOR" init_modes_allowed="10" init_range="min..max" global_assert="unsupported" assert_range="unsupported"/>
         <scalar name="arg3" comment="" line="2113" base_type="float32" attributes="static" complete_type="float32" init_mode="MAIN_GENERATOR" init_modes_allowed="10" init_range="min..max" global_assert="unsupported" assert_range="unsupported"/>
         <scalar name="return" comment="" line="2113" base_type="uint8" attributes="static" complete_type="uint8" init_mode="disabled" init_range="disabled" global_assert="unsupported" assert_range="unsupported"/>
      </function>
   </file>
   <file name="C:\\Component\\ES200B_CurrMeas_Impl\\src\\CDD_CurrMeas_MotCtrl.c" comment="">
      <function name="CalMotCurrCorrdABC" comment="" line="246" main_generator_called="MAIN_GENERATOR" attributes="static">
         <scalar name="arg1" comment="" line="246" base_type="float32" attributes="static" complete_type="float32" init_mode="MAIN_GENERATOR" init_modes_allowed="10" init_range="min..max" global_assert="unsupported" assert_range="unsupported"/>
         <scalar name="arg2" comment="" line="246" base_type="float32" attributes="static" complete_type="float32" init_mode="MAIN_GENERATOR" init_modes_allowed="10" init_range="min..max" global_assert="unsupported" assert_range="unsupported"/>
         <scalar name="arg3" comment="" line="246" base_type="float32" attributes="static" complete_type="float32" init_mode="MAIN_GENERATOR" init_modes_allowed="10" init_range="min..max" global_assert="unsupported" assert_range="unsupported"/>
      </function>
      <function name="CalcMotCurrMotAgCorrd" comment="" line="349" main_generator_called="MAIN_GENERATOR" attributes="static">
         <scalar name="return" comment="" line="349" base_type="float32" attributes="static" complete_type="float32" init_mode="disabled" init_range="disabled" global_assert="unsupported" assert_range="unsupported"/>
      </function>
      <function name="CurrMeasPer2" comment="" line="108" main_generator_called="MAIN_GENERATOR"/>
      <function name="OffsCalcABC" comment="" line="180" main_generator_called="MAIN_GENERATOR" attributes="static">
         <pointer name="arg1" comment="" line="180" attributes="static" complete_type="float32 *" init_mode="MAIN_GENERATOR" init_modes_allowed="10" initialize_pointer="May-be NULL" number_allocated="max" init_pointed="MAIN_GENERATOR">
            <scalar comment="" line="180" base_type="float32" attributes="static" complete_type="float32" init_mode="MAIN_GENERATOR" init_modes_allowed="10" init_range="min..max" global_assert="unsupported" assert_range="unsupported"/>
         </pointer>
         <pointer name="arg2" comment="" line="180" attributes="static" complete_type="float32 *" init_mode="MAIN_GENERATOR" init_modes_allowed="10" initialize_pointer="May-be NULL" number_allocated="max" init_pointed="MAIN_GENERATOR">
            <scalar comment="" line="180" base_type="float32" attributes="static" complete_type="float32" init_mode="MAIN_GENERATOR" init_modes_allowed="10" init_range="min..max" global_assert="unsupported" assert_range="unsupported"/>
         </pointer>
         <pointer name="arg3" comment="" line="180" attributes="static" complete_type="float32 *" init_mode="MAIN_GENERATOR" init_modes_allowed="10" initialize_pointer="May-be NULL" number_allocated="max" init_pointed="MAIN_GENERATOR">
            <scalar comment="" line="180" base_type="float32" attributes="static" complete_type="float32" init_mode="MAIN_GENERATOR" init_modes_allowed="10" init_range="min..max" global_assert="unsupported" assert_range="unsupported"/>
         </pointer>
      </function>
      <function name="ProtocolChkENABC" comment="" line="388" main_generator_called="MAIN_GENERATOR" attributes="static">
         <scalar name="return" comment="" line="388" base_type="uint8" attributes="static" complete_type="uint8" init_mode="disabled" init_range="disabled" global_assert="unsupported" assert_range="unsupported"/>
      </function>
   </file>
   <file name="C:\\Component\\ES200B_CurrMeas_Impl\\tools\\local\\generate\\CDD_MotCtrlMgr_Data.h" comment="">
      <scalar name="MOTCTRLMGR_MotCtrlBrdgVltg" comment="" line="25" base_type="float32" attributes="extern" complete_type="float32" init_mode="PERMANENT" init_modes_allowed="6" init_range="6..26.5" global_assert="NO" assert_range=""/>
      <scalar name="MOTCTRLMGR_MotCtrlCurrMeasMotAgCorrd" comment="" line="43" base_type="float32" attributes="extern" complete_type="float32" init_mode="PERMANENT" init_modes_allowed="6" init_range="-6.2832..6.2832" global_assert="NO" assert_range=""/>
      <scalar name="MOTCTRLMGR_MotCtrlCurrMeasWrmIninTestCmpl" comment="" line="26" base_type="uint8" attributes="extern" complete_type="uint8" init_mode="PERMANENT" init_modes_allowed="6" init_range="0..1" global_assert="NO" assert_range=""/>
      <scalar name="MOTCTRLMGR_MotCtrlDiagcStsIvtr1Inactv" comment="" line="27" base_type="uint8" attributes="extern" complete_type="uint8" init_mode="PERMANENT" init_modes_allowed="6" init_range="0..1" global_assert="NO" assert_range=""/>
      <scalar name="MOTCTRLMGR_MotCtrlMotAgElec" comment="" line="29" base_type="uint16" attributes="extern" complete_type="uint16" init_mode="PERMANENT" init_modes_allowed="6" init_range="0..65534" global_assert="NO" assert_range=""/>
      <scalar name="MOTCTRLMGR_MotCtrlMotCurrAdcVlyA" comment="" line="30" base_type="float32" attributes="extern" complete_type="float32" init_mode="PERMANENT" init_modes_allowed="6" init_range="0..5" global_assert="NO" assert_range=""/>
      <scalar name="MOTCTRLMGR_MotCtrlMotCurrAdcVlyAAdcFaild" comment="" line="31" base_type="uint8" attributes="extern" complete_type="uint8" init_mode="PERMANENT" init_modes_allowed="6" init_range="0..1" global_assert="NO" assert_range=""/>
      <scalar name="MOTCTRLMGR_MotCtrlMotCurrAdcVlyB" comment="" line="32" base_type="float32" attributes="extern" complete_type="float32" init_mode="PERMANENT" init_modes_allowed="6" init_range="0..5" global_assert="NO" assert_range=""/>
      <scalar name="MOTCTRLMGR_MotCtrlMotCurrAdcVlyBAdcFaild" comment="" line="33" base_type="uint8" attributes="extern" complete_type="uint8" init_mode="PERMANENT" init_modes_allowed="6" init_range="0..1" global_assert="NO" assert_range=""/>
      <scalar name="MOTCTRLMGR_MotCtrlMotCurrAdcVlyC" comment="" line="34" base_type="float32" attributes="extern" complete_type="float32" init_mode="PERMANENT" init_modes_allowed="6" init_range="0..5" global_assert="NO" assert_range=""/>
      <scalar name="MOTCTRLMGR_MotCtrlMotCurrAdcVlyCAdcFaild" comment="" line="35" base_type="uint8" attributes="extern" complete_type="uint8" init_mode="PERMANENT" init_modes_allowed="6" init_range="0..1" global_assert="NO" assert_range=""/>
      <scalar name="MOTCTRLMGR_MotCtrlMotCurrCorrdA" comment="" line="44" base_type="float32" attributes="extern" complete_type="float32" init_mode="PERMANENT" init_modes_allowed="6" init_range="-200..200" global_assert="NO" assert_range=""/>
      <scalar name="MOTCTRLMGR_MotCtrlMotCurrCorrdB" comment="" line="45" base_type="float32" attributes="extern" complete_type="float32" init_mode="PERMANENT" init_modes_allowed="6" init_range="-200..200" global_assert="NO" assert_range=""/>
      <scalar name="MOTCTRLMGR_MotCtrlMotCurrCorrdC" comment="" line="46" base_type="float32" attributes="extern" complete_type="float32" init_mode="PERMANENT" init_modes_allowed="6" init_range="-200..200" global_assert="NO" assert_range=""/>
      <scalar name="MOTCTRLMGR_MotCtrlMotCurrRollgCntr1" comment="" line="47" base_type="uint8" attributes="extern" complete_type="uint8" init_mode="PERMANENT" init_modes_allowed="6" init_range="0..255" global_assert="NO" assert_range=""/>
      <scalar name="MOTCTRLMGR_MotCtrlMotElecMeclPolarity" comment="" line="36" base_type="int8" attributes="extern" complete_type="int8" init_mode="PERMANENT" init_modes_allowed="6" init_range="-1..1" global_assert="NO" assert_range=""/>
      <scalar name="MOTCTRLMGR_MotCtrlMotVelMrf" comment="" line="37" base_type="float32" attributes="extern" complete_type="float32" init_mode="PERMANENT" init_modes_allowed="6" init_range="-1350..1350" global_assert="NO" assert_range=""/>
      <scalar name="MOTCTRLMGR_MotCtrlNtc5DErrCnt" comment="" line="48" base_type="uint16" attributes="extern" complete_type="uint16" init_mode="PERMANENT" init_modes_allowed="6" init_range="0..65535" global_assert="NO" assert_range=""/>
      <scalar name="MOTCTRLMGR_MotCtrlPhaOnTiA" comment="" line="38" base_type="uint32" attributes="extern" complete_type="uint32" init_mode="PERMANENT" init_modes_allowed="6" init_range="0..71429" global_assert="NO" assert_range=""/>
      <scalar name="MOTCTRLMGR_MotCtrlPhaOnTiB" comment="" line="39" base_type="uint32" attributes="extern" complete_type="uint32" init_mode="PERMANENT" init_modes_allowed="6" init_range="0..71429" global_assert="NO" assert_range=""/>
      <scalar name="MOTCTRLMGR_MotCtrlPhaOnTiC" comment="" line="40" base_type="uint32" attributes="extern" complete_type="uint32" init_mode="PERMANENT" init_modes_allowed="6" init_range="0..71429" global_assert="NO" assert_range=""/>
      <scalar name="MOTCTRLMGR_MotCtrlPwmPerd" comment="" line="41" base_type="uint32" attributes="extern" complete_type="uint32" init_mode="PERMANENT" init_modes_allowed="6" init_range="55555..71429" global_assert="NO" assert_range=""/>
      <scalar name="MOTCTRLMGR_MotCtrlSysSt" comment="" line="42" base_type="uint8" attributes="extern" complete_type="uint8" init_mode="PERMANENT" init_modes_allowed="6" init_range="0..3" global_assert="NO" assert_range=""/>
   </file>
   <file name="C:\\Component\\ES200B_CurrMeas_Impl\\tools\\local\\generate\\Rte_Stubs.c" comment="">
      <function name="Rte_Call_CDD_CurrMeas_CurrMeasEolGainCalSetABC_GetErrorStatus" comment="" line="18" main_generator_called="MAIN_GENERATOR">
         <pointer name="arg1" comment="" line="18" complete_type="uint8 *" init_mode="MAIN_GENERATOR" init_modes_allowed="10" initialize_pointer="May-be NULL" number_allocated="max" init_pointed="MAIN_GENERATOR">
            <scalar comment="" line="18" base_type="uint8" complete_type="uint8" init_mode="MAIN_GENERATOR" init_modes_allowed="10" init_range="min..max" global_assert="unsupported" assert_range="unsupported"/>
         </pointer>
         <scalar name="return" comment="" line="18" base_type="uint8" complete_type="uint8" init_mode="disabled" init_range="disabled" global_assert="unsupported" assert_range="unsupported"/>
      </function>
      <function name="Rte_Call_CDD_CurrMeas_CurrMeasEolGainCalSetABC_SetRamBlockStatus" comment="" line="24" main_generator_called="MAIN_GENERATOR">
         <scalar name="arg1" comment="" line="24" base_type="uint8" complete_type="uint8" init_mode="MAIN_GENERATOR" init_modes_allowed="10" init_range="min..max" global_assert="unsupported" assert_range="unsupported"/>
         <scalar name="return" comment="" line="24" base_type="uint8" complete_type="uint8" init_mode="disabled" init_range="disabled" global_assert="unsupported" assert_range="unsupported"/>
      </function>
      <function name="Rte_Call_CDD_CurrMeas_CurrMeasEolOffsCalSetABC_GetErrorStatus" comment="" line="30" main_generator_called="MAIN_GENERATOR">
         <pointer name="arg1" comment="" line="30" complete_type="uint8 *" init_mode="MAIN_GENERATOR" init_modes_allowed="10" initialize_pointer="May-be NULL" number_allocated="max" init_pointed="MAIN_GENERATOR">
            <scalar comment="" line="30" base_type="uint8" complete_type="uint8" init_mode="MAIN_GENERATOR" init_modes_allowed="10" init_range="min..max" global_assert="unsupported" assert_range="unsupported"/>
         </pointer>
         <scalar name="return" comment="" line="30" base_type="uint8" complete_type="uint8" init_mode="disabled" init_range="disabled" global_assert="unsupported" assert_range="unsupported"/>
      </function>
      <function name="Rte_Call_CDD_CurrMeas_CurrMeasEolOffsCalSetABC_SetRamBlockStatus" comment="" line="36" main_generator_called="MAIN_GENERATOR">
         <scalar name="arg1" comment="" line="36" base_type="uint8" complete_type="uint8" init_mode="MAIN_GENERATOR" init_modes_allowed="10" init_range="min..max" global_assert="unsupported" assert_range="unsupported"/>
         <scalar name="return" comment="" line="36" base_type="uint8" complete_type="uint8" init_mode="disabled" init_range="disabled" global_assert="unsupported" assert_range="unsupported"/>
      </function>
      <function name="Rte_Call_CDD_CurrMeas_GetNtcQlfrSts_Oper" comment="" line="42" main_generator_called="MAIN_GENERATOR">
         <scalar name="arg1" comment="" line="42" base_type="uint16" complete_type="uint16" init_mode="MAIN_GENERATOR" init_modes_allowed="10" init_range="min..max" global_assert="unsupported" assert_range="unsupported"/>
         <pointer name="arg2" comment="" line="42" complete_type="uint8 *" init_mode="MAIN_GENERATOR" init_modes_allowed="10" initialize_pointer="May-be NULL" number_allocated="max" init_pointed="MAIN_GENERATOR">
            <scalar comment="" line="42" base_type="uint8" complete_type="uint8" init_mode="MAIN_GENERATOR" init_modes_allowed="10" init_range="min..max" global_assert="unsupported" assert_range="unsupported"/>
         </pointer>
         <scalar name="return" comment="" line="42" base_type="uint8" complete_type="uint8" init_mode="disabled" init_range="disabled" global_assert="unsupported" assert_range="unsupported"/>
      </function>
      <function name="Rte_Call_CDD_CurrMeas_SetNtcSts_Oper" comment="" line="49" main_generator_called="MAIN_GENERATOR">
         <scalar name="arg1" comment="" line="49" base_type="uint16" complete_type="uint16" init_mode="MAIN_GENERATOR" init_modes_allowed="10" init_range="min..max" global_assert="unsupported" assert_range="unsupported"/>
         <scalar name="arg2" comment="" line="49" base_type="uint8" complete_type="uint8" init_mode="MAIN_GENERATOR" init_modes_allowed="10" init_range="min..max" global_assert="unsupported" assert_range="unsupported"/>
         <scalar name="arg3" comment="" line="49" base_type="uint8" complete_type="uint8" init_mode="MAIN_GENERATOR" init_modes_allowed="10" init_range="min..max" global_assert="unsupported" assert_range="unsupported"/>
         <scalar name="arg4" comment="" line="49" base_type="uint16" complete_type="uint16" init_mode="MAIN_GENERATOR" init_modes_allowed="10" init_range="min..max" global_assert="unsupported" assert_range="unsupported"/>
         <scalar name="return" comment="" line="49" base_type="uint8" complete_type="uint8" init_mode="disabled" init_range="disabled" global_assert="unsupported" assert_range="unsupported"/>
      </function>
      <function name="Rte_Stub" comment="" line="61" main_generator_called="MAIN_GENERATOR" attributes="unused"/>
   </file>
   <file name="C:\\Component\\ES200B_CurrMeas_Impl\\tools\\local\\generate\\Rte_Stubs.h" comment="">
      <scalar name="CurrMeas_Cal_CurrMeasEolGainMax" comment="" line="38" base_type="float32" attributes="extern const" complete_type="float32" init_mode="PERMANENT" init_modes_allowed="6" init_range="20..100" global_assert="NO" assert_range=""/>
      <scalar name="CurrMeas_Cal_CurrMeasEolGainMin" comment="" line="39" base_type="float32" attributes="extern const" complete_type="float32" init_mode="PERMANENT" init_modes_allowed="6" init_range="20..100" global_assert="NO" assert_range=""/>
      <scalar name="CurrMeas_Cal_CurrMeasEolGainNom" comment="" line="40" base_type="float32" attributes="extern const" complete_type="float32" init_mode="PERMANENT" init_modes_allowed="6" init_range="20..100" global_assert="NO" assert_range=""/>
      <scalar name="CurrMeas_Cal_CurrMeasEolGainNrOfSample" comment="" line="41" base_type="uint16" attributes="extern const" complete_type="uint16" init_mode="PERMANENT" init_modes_allowed="6" init_range="1..1000" global_assert="NO" assert_range=""/>
      <scalar name="CurrMeas_Cal_CurrMeasEolGainNumer" comment="" line="42" base_type="float32" attributes="extern const" complete_type="float32" init_mode="PERMANENT" init_modes_allowed="6" init_range="10..100" global_assert="NO" assert_range=""/>
      <scalar name="CurrMeas_Cal_CurrMeasEolMaxMotVel" comment="" line="43" base_type="float32" attributes="extern const" complete_type="float32" init_mode="PERMANENT" init_modes_allowed="6" init_range="0..1350" global_assert="NO" assert_range=""/>
      <scalar name="CurrMeas_Cal_CurrMeasEolOffsHiBrdgVltgMin" comment="" line="44" base_type="float32" attributes="extern const" complete_type="float32" init_mode="PERMANENT" init_modes_allowed="6" init_range="233330..1325008" global_assert="NO" assert_range=""/>
      <scalar name="CurrMeas_Cal_CurrMeasEolOffsHiCmuOffs" comment="" line="45" base_type="uint32" attributes="extern const" complete_type="uint32" init_mode="PERMANENT" init_modes_allowed="6" init_range="35715..71429" global_assert="NO" assert_range=""/>
      <scalar name="CurrMeas_Cal_CurrMeasEolOffsLoCmuOffs" comment="" line="46" base_type="uint32" attributes="extern const" complete_type="uint32" init_mode="PERMANENT" init_modes_allowed="6" init_range="0..35714" global_assert="NO" assert_range=""/>
      <scalar name="CurrMeas_Cal_CurrMeasEolOffsMax" comment="" line="47" base_type="float32" attributes="extern const" complete_type="float32" init_mode="PERMANENT" init_modes_allowed="6" init_range="2.6..2.8" global_assert="NO" assert_range=""/>
      <scalar name="CurrMeas_Cal_CurrMeasEolOffsMin" comment="" line="48" base_type="float32" attributes="extern const" complete_type="float32" init_mode="PERMANENT" init_modes_allowed="6" init_range="2..2.3" global_assert="NO" assert_range=""/>
      <scalar name="CurrMeas_Cal_CurrMeasEolOffsNom" comment="" line="49" base_type="float32" attributes="extern const" complete_type="float32" init_mode="PERMANENT" init_modes_allowed="6" init_range="1.5..3" global_assert="NO" assert_range=""/>
      <scalar name="CurrMeas_Cal_CurrMeasEolOffsNrOfSample" comment="" line="50" base_type="uint16" attributes="extern const" complete_type="uint16" init_mode="PERMANENT" init_modes_allowed="6" init_range="1..10000" global_assert="NO" assert_range=""/>
      <scalar name="CurrMeas_Cal_CurrMeasEolTranCntrThd" comment="" line="51" base_type="uint8" attributes="extern const" complete_type="uint8" init_mode="PERMANENT" init_modes_allowed="6" init_range="0..255" global_assert="NO" assert_range=""/>
      <scalar name="CurrMeas_Cal_CurrMeasMinRqrdPhaOnTi" comment="" line="52" base_type="uint32" attributes="extern const" complete_type="uint32" init_mode="PERMANENT" init_modes_allowed="6" init_range="10000..65535" global_assert="NO" assert_range=""/>
      <scalar name="CurrMeas_Cal_CurrMeasMotAgCompuDly" comment="" line="53" base_type="uint32" attributes="extern const" complete_type="uint32" init_mode="PERMANENT" init_modes_allowed="6" init_range="0..30000" global_assert="NO" assert_range=""/>
      <scalar name="CurrMeas_Cal_CurrMeasMotCurrAdcVlyWrmIninMax" comment="" line="54" base_type="float32" attributes="extern const" complete_type="float32" init_mode="PERMANENT" init_modes_allowed="6" init_range="0.3..4.8" global_assert="NO" assert_range=""/>
      <scalar name="CurrMeas_Cal_CurrMeasMotCurrAdcVlyWrmIninMin" comment="" line="55" base_type="float32" attributes="extern const" complete_type="float32" init_mode="PERMANENT" init_modes_allowed="6" init_range="0.3..4.8" global_assert="NO" assert_range=""/>
      <scalar name="CurrMeas_Cal_CurrMeasNtc0x05DFailStep" comment="" line="56" base_type="uint16" attributes="extern const" complete_type="uint16" init_mode="PERMANENT" init_modes_allowed="6" init_range="0..65535" global_assert="NO" assert_range=""/>
      <scalar name="CurrMeas_Cal_CurrMeasNtc0x05DPassStep" comment="" line="57" base_type="uint16" attributes="extern const" complete_type="uint16" init_mode="PERMANENT" init_modes_allowed="6" init_range="0..65535" global_assert="NO" assert_range=""/>
      <scalar name="CurrMeas_Cal_SysGlbPrmMotPoleCnt" comment="" line="58" base_type="uint8" attributes="extern const" complete_type="uint8" init_mode="PERMANENT" init_modes_allowed="6" init_range="2..12" global_assert="NO" assert_range=""/>
      <scalar name="CurrMeas_Cli_CurrMeasEolGainStsReq_CurrMeasEolGainSt" comment="" line="115" base_type="uint8" attributes="extern" complete_type="uint8" init_mode="PERMANENT" init_modes_allowed="6" init_range="0..64" global_assert="NO" assert_range=""/>
      <scalar name="CurrMeas_Cli_CurrMeasEolOffsStsReq_CurrMeasEolOffsSt" comment="" line="116" base_type="uint8" attributes="extern" complete_type="uint8" init_mode="PERMANENT" init_modes_allowed="6" init_range="0..64" global_assert="NO" assert_range=""/>
      <scalar name="CurrMeas_Cli_CurrMeasGainReadReqSngIvtr_CurrMeasMotCurrGainA" comment="" line="117" base_type="float32" attributes="extern" complete_type="float32" init_mode="PERMANENT" init_modes_allowed="6" init_range="0..100" global_assert="NO" assert_range=""/>
      <scalar name="CurrMeas_Cli_CurrMeasGainReadReqSngIvtr_CurrMeasMotCurrGainB" comment="" line="118" base_type="float32" attributes="extern" complete_type="float32" init_mode="PERMANENT" init_modes_allowed="6" init_range="0..100" global_assert="NO" assert_range=""/>
      <scalar name="CurrMeas_Cli_CurrMeasGainReadReqSngIvtr_CurrMeasMotCurrGainC" comment="" line="119" base_type="float32" attributes="extern" complete_type="float32" init_mode="PERMANENT" init_modes_allowed="6" init_range="0..100" global_assert="NO" assert_range=""/>
      <scalar name="CurrMeas_Cli_CurrMeasGainWrReqSngIvtr_CurrMeasGainWrReqSts" comment="" line="123" base_type="uint8" attributes="extern" complete_type="uint8" init_mode="PERMANENT" init_modes_allowed="6" init_range="0..1" global_assert="NO" assert_range=""/>
      <scalar name="CurrMeas_Cli_CurrMeasGainWrReqSngIvtr_CurrMeasMotCurrGainA" comment="" line="120" base_type="float32" attributes="extern" complete_type="float32" init_mode="PERMANENT" init_modes_allowed="6" init_range="0..120" global_assert="NO" assert_range=""/>
      <scalar name="CurrMeas_Cli_CurrMeasGainWrReqSngIvtr_CurrMeasMotCurrGainB" comment="" line="121" base_type="float32" attributes="extern" complete_type="float32" init_mode="PERMANENT" init_modes_allowed="6" init_range="0..120" global_assert="NO" assert_range=""/>
      <scalar name="CurrMeas_Cli_CurrMeasGainWrReqSngIvtr_CurrMeasMotCurrGainC" comment="" line="122" base_type="float32" attributes="extern" complete_type="float32" init_mode="PERMANENT" init_modes_allowed="6" init_range="0..120" global_assert="NO" assert_range=""/>
      <scalar name="CurrMeas_Cli_CurrMeasOffsReadReqSngIvtr_CurrMeasEolOffsHiBrdgVltg" comment="" line="124" base_type="float32" attributes="extern" complete_type="float32" init_mode="PERMANENT" init_modes_allowed="6" init_range="0..1892865" global_assert="NO" assert_range=""/>
      <scalar name="CurrMeas_Cli_CurrMeasOffsReadReqSngIvtr_CurrMeasMotCurrOffsDifA" comment="" line="125" base_type="float32" attributes="extern" complete_type="float32" init_mode="PERMANENT" init_modes_allowed="6" init_range="-1..1" global_assert="NO" assert_range=""/>
      <scalar name="CurrMeas_Cli_CurrMeasOffsReadReqSngIvtr_CurrMeasMotCurrOffsDifB" comment="" line="126" base_type="float32" attributes="extern" complete_type="float32" init_mode="PERMANENT" init_modes_allowed="6" init_range="-1..1" global_assert="NO" assert_range=""/>
      <scalar name="CurrMeas_Cli_CurrMeasOffsReadReqSngIvtr_CurrMeasMotCurrOffsDifC" comment="" line="127" base_type="float32" attributes="extern" complete_type="float32" init_mode="PERMANENT" init_modes_allowed="6" init_range="-1..1" global_assert="NO" assert_range=""/>
      <scalar name="CurrMeas_Cli_CurrMeasOffsReadReqSngIvtr_CurrMeasMotCurrOffsLoAvrgA" comment="" line="128" base_type="float32" attributes="extern" complete_type="float32" init_mode="PERMANENT" init_modes_allowed="6" init_range="2..2.8" global_assert="NO" assert_range=""/>
      <scalar name="CurrMeas_Cli_CurrMeasOffsReadReqSngIvtr_CurrMeasMotCurrOffsLoAvrgB" comment="" line="129" base_type="float32" attributes="extern" complete_type="float32" init_mode="PERMANENT" init_modes_allowed="6" init_range="2..2.8" global_assert="NO" assert_range=""/>
      <scalar name="CurrMeas_Cli_CurrMeasOffsReadReqSngIvtr_CurrMeasMotCurrOffsLoAvrgC" comment="" line="130" base_type="float32" attributes="extern" complete_type="float32" init_mode="PERMANENT" init_modes_allowed="6" init_range="2..2.8" global_assert="NO" assert_range=""/>
      <scalar name="CurrMeas_Cli_CurrMeasOffsWrReqSngIvtr_CurrMeasEolOffsHiBrdgVltg" comment="" line="131" base_type="float32" attributes="extern" complete_type="float32" init_mode="PERMANENT" init_modes_allowed="6" init_range="0..1892865" global_assert="NO" assert_range=""/>
      <scalar name="CurrMeas_Cli_CurrMeasOffsWrReqSngIvtr_CurrMeasMotCurrOffsDifA" comment="" line="132" base_type="float32" attributes="extern" complete_type="float32" init_mode="PERMANENT" init_modes_allowed="6" init_range="-1..1" global_assert="NO" assert_range=""/>
      <scalar name="CurrMeas_Cli_CurrMeasOffsWrReqSngIvtr_CurrMeasMotCurrOffsDifB" comment="" line="133" base_type="float32" attributes="extern" complete_type="float32" init_mode="PERMANENT" init_modes_allowed="6" init_range="-1..1" global_assert="NO" assert_range=""/>
      <scalar name="CurrMeas_Cli_CurrMeasOffsWrReqSngIvtr_CurrMeasMotCurrOffsDifC" comment="" line="134" base_type="float32" attributes="extern" complete_type="float32" init_mode="PERMANENT" init_modes_allowed="6" init_range="-1..1" global_assert="NO" assert_range=""/>
      <scalar name="CurrMeas_Cli_CurrMeasOffsWrReqSngIvtr_CurrMeasMotCurrOffsLoAvrgA" comment="" line="135" base_type="float32" attributes="extern" complete_type="float32" init_mode="PERMANENT" init_modes_allowed="6" init_range="0..2.8" global_assert="NO" assert_range=""/>
      <scalar name="CurrMeas_Cli_CurrMeasOffsWrReqSngIvtr_CurrMeasMotCurrOffsLoAvrgB" comment="" line="136" base_type="float32" attributes="extern" complete_type="float32" init_mode="PERMANENT" init_modes_allowed="6" init_range="0..2.8" global_assert="NO" assert_range=""/>
      <scalar name="CurrMeas_Cli_CurrMeasOffsWrReqSngIvtr_CurrMeasMotCurrOffsLoAvrgC" comment="" line="137" base_type="float32" attributes="extern" complete_type="float32" init_mode="PERMANENT" init_modes_allowed="6" init_range="0..2.8" global_assert="NO" assert_range=""/>
      <scalar name="CurrMeas_Cli_CurrMeasOffsWrReqSngIvtr_CurrMeasOffsWrReqSts" comment="" line="138" base_type="uint8" attributes="extern" complete_type="uint8" init_mode="PERMANENT" init_modes_allowed="6" init_range="0..1" global_assert="NO" assert_range=""/>
      <scalar name="CurrMeas_Ip_BrdgVltg" comment="" line="19" base_type="float32" attributes="extern" complete_type="float32" init_mode="PERMANENT" init_modes_allowed="6" init_range="6..26.5" global_assert="NO" assert_range=""/>
      <scalar name="CurrMeas_Ip_DiagcStsIvtr1Inactv" comment="" line="20" base_type="uint8" attributes="extern" complete_type="uint8" init_mode="PERMANENT" init_modes_allowed="6" init_range="0..1" global_assert="NO" assert_range=""/>
      <scalar name="CurrMeas_Ip_MotCurrAdcVlyA" comment="" line="21" base_type="float32" attributes="extern" complete_type="float32" init_mode="PERMANENT" init_modes_allowed="6" init_range="0..5" global_assert="NO" assert_range=""/>
      <scalar name="CurrMeas_Ip_MotCurrAdcVlyB" comment="" line="22" base_type="float32" attributes="extern" complete_type="float32" init_mode="PERMANENT" init_modes_allowed="6" init_range="0..5" global_assert="NO" assert_range=""/>
      <scalar name="CurrMeas_Ip_MotCurrAdcVlyC" comment="" line="23" base_type="float32" attributes="extern" complete_type="float32" init_mode="PERMANENT" init_modes_allowed="6" init_range="0..5" global_assert="NO" assert_range=""/>
      <scalar name="CurrMeas_Ip_MotVelMrf" comment="" line="24" base_type="float32" attributes="extern" complete_type="float32" init_mode="PERMANENT" init_modes_allowed="6" init_range="-1350..1350" global_assert="NO" assert_range=""/>
      <scalar name="CurrMeas_Ip_Ntc5DErrCnt" comment="" line="25" base_type="uint16" attributes="extern" complete_type="uint16" init_mode="PERMANENT" init_modes_allowed="6" init_range="0..65535" global_assert="NO" assert_range=""/>
      <scalar name="CurrMeas_Ip_StrtUpSt" comment="" line="26" base_type="uint8" attributes="extern" complete_type="uint8" init_mode="PERMANENT" init_modes_allowed="6" init_range="0..255" global_assert="NO" assert_range=""/>
      <scalar name="CurrMeas_Ip_SysSt" comment="" line="27" base_type="uint8" attributes="extern" complete_type="uint8" init_mode="PERMANENT" init_modes_allowed="6" init_range="0..3" global_assert="NO" assert_range=""/>
      <scalar name="CurrMeas_Ip_VehSpd" comment="" line="28" base_type="float32" attributes="extern" complete_type="float32" init_mode="PERMANENT" init_modes_allowed="6" init_range="0..511" global_assert="NO" assert_range=""/>
      <scalar name="CurrMeas_Ip_VehSpdVld" comment="" line="29" base_type="uint8" attributes="extern" complete_type="uint8" init_mode="PERMANENT" init_modes_allowed="6" init_range="0..1" global_assert="NO" assert_range=""/>
      <scalar name="CurrMeas_Op_CurrMeasWrmIninTestCmpl" comment="" line="32" base_type="uint8" attributes="extern" complete_type="uint8" init_mode="PERMANENT" init_modes_allowed="6" init_range="0..1" global_assert="NO" assert_range=""/>
      <scalar name="CurrMeas_Op_MotCurrEolCalSt" comment="" line="33" base_type="uint8" attributes="extern" complete_type="uint8" init_mode="PERMANENT" init_modes_allowed="6" init_range="0..8" global_assert="NO" assert_range=""/>
      <scalar name="CurrMeas_Op_MotCurrQlfr1" comment="" line="34" base_type="uint8" attributes="extern" complete_type="uint8" init_mode="PERMANENT" init_modes_allowed="6" init_range="0..2" global_assert="NO" assert_range=""/>
      <scalar name="CurrMeas_Pim_BrdgVltgSumPrev" comment="" line="63" base_type="float32" attributes="extern" complete_type="float32" init_mode="PERMANENT" init_modes_allowed="6" init_range="0..265000" global_assert="NO" assert_range=""/>
      <struct name="CurrMeas_Pim_CurrMeasEolGainCalSetABC" comment="" line="61" attributes="extern">
         <scalar name="CurrMeasMotCurrEolGainA" comment="" line="61" base_type="float32" attributes="extern" complete_type="float32" init_mode="INIT" init_modes_allowed="6" init_range="min..max" global_assert="NO" assert_range=""/>
         <scalar name="CurrMeasMotCurrEolGainB" comment="" line="61" base_type="float32" attributes="extern" complete_type="float32" init_mode="INIT" init_modes_allowed="6" init_range="min..max" global_assert="NO" assert_range=""/>
         <scalar name="CurrMeasMotCurrEolGainC" comment="" line="61" base_type="float32" attributes="extern" complete_type="float32" init_mode="INIT" init_modes_allowed="6" init_range="min..max" global_assert="NO" assert_range=""/>
      </struct>
      <struct name="CurrMeas_Pim_CurrMeasEolOffsCalSetABC" comment="" line="62" attributes="extern">
         <scalar name="CurrMeasEolOffsHiBrdgVltg" comment="" line="62" base_type="float32" attributes="extern" complete_type="float32" init_mode="INIT" init_modes_allowed="6" init_range="min..max" global_assert="NO" assert_range=""/>
         <scalar name="CurrMeasMotCurrEolOffsDifA" comment="" line="62" base_type="float32" attributes="extern" complete_type="float32" init_mode="INIT" init_modes_allowed="6" init_range="min..max" global_assert="NO" assert_range=""/>
         <scalar name="CurrMeasMotCurrEolOffsDifB" comment="" line="62" base_type="float32" attributes="extern" complete_type="float32" init_mode="INIT" init_modes_allowed="6" init_range="min..max" global_assert="NO" assert_range=""/>
         <scalar name="CurrMeasMotCurrEolOffsDifC" comment="" line="62" base_type="float32" attributes="extern" complete_type="float32" init_mode="INIT" init_modes_allowed="6" init_range="min..max" global_assert="NO" assert_range=""/>
         <scalar name="CurrMeasMotCurrOffsLoAvrgA" comment="" line="62" base_type="float32" attributes="extern" complete_type="float32" init_mode="INIT" init_modes_allowed="6" init_range="min..max" global_assert="NO" assert_range=""/>
         <scalar name="CurrMeasMotCurrOffsLoAvrgB" comment="" line="62" base_type="float32" attributes="extern" complete_type="float32" init_mode="INIT" init_modes_allowed="6" init_range="min..max" global_assert="NO" assert_range=""/>
         <scalar name="CurrMeasMotCurrOffsLoAvrgC" comment="" line="62" base_type="float32" attributes="extern" complete_type="float32" init_mode="INIT" init_modes_allowed="6" init_range="min..max" global_assert="NO" assert_range=""/>
      </struct>
      <scalar name="CurrMeas_Pim_EolGainSts" comment="" line="64" base_type="uint8" attributes="extern" complete_type="uint8" init_mode="PERMANENT" init_modes_allowed="6" init_range="0..64" global_assert="NO" assert_range=""/>
      <scalar name="CurrMeas_Pim_EolGainTranCntrPrev" comment="" line="65" base_type="uint8" attributes="extern" complete_type="uint8" init_mode="PERMANENT" init_modes_allowed="6" init_range="0..255" global_assert="NO" assert_range=""/>
      <scalar name="CurrMeas_Pim_EolOffsHiBrdgVltg" comment="" line="66" base_type="float32" attributes="extern" complete_type="float32" init_mode="PERMANENT" init_modes_allowed="6" init_range="0..1892865" global_assert="NO" assert_range=""/>
      <scalar name="CurrMeas_Pim_EolOffsSts" comment="" line="67" base_type="uint8" attributes="extern" complete_type="uint8" init_mode="PERMANENT" init_modes_allowed="6" init_range="0..64" global_assert="NO" assert_range=""/>
      <scalar name="CurrMeas_Pim_EolOffsTranCntrPrev" comment="" line="68" base_type="uint8" attributes="extern" complete_type="uint8" init_mode="PERMANENT" init_modes_allowed="6" init_range="0..255" global_assert="NO" assert_range=""/>
      <scalar name="CurrMeas_Pim_GainEolAvrgCntrPrev" comment="" line="69" base_type="uint16" attributes="extern" complete_type="uint16" init_mode="PERMANENT" init_modes_allowed="6" init_range="0..10000" global_assert="NO" assert_range=""/>
      <scalar name="CurrMeas_Pim_MotCtrlNtc5DErrCntPrev" comment="" line="70" base_type="uint16" attributes="extern" complete_type="uint16" init_mode="PERMANENT" init_modes_allowed="6" init_range="0..65535" global_assert="NO" assert_range=""/>
      <scalar name="CurrMeas_Pim_MotCurrEolCalStPrev" comment="" line="71" base_type="uint8" attributes="extern" complete_type="uint8" init_mode="PERMANENT" init_modes_allowed="6" init_range="0..8" global_assert="NO" assert_range=""/>
      <scalar name="CurrMeas_Pim_MotCurrEolGainA" comment="" line="72" base_type="float32" attributes="extern" complete_type="float32" init_mode="PERMANENT" init_modes_allowed="6" init_range="0..840000000" global_assert="NO" assert_range=""/>
      <scalar name="CurrMeas_Pim_MotCurrEolGainB" comment="" line="73" base_type="float32" attributes="extern" complete_type="float32" init_mode="PERMANENT" init_modes_allowed="6" init_range="0..840000000" global_assert="NO" assert_range=""/>
      <scalar name="CurrMeas_Pim_MotCurrEolGainC" comment="" line="74" base_type="float32" attributes="extern" complete_type="float32" init_mode="PERMANENT" init_modes_allowed="6" init_range="0..840000000" global_assert="NO" assert_range=""/>
      <scalar name="CurrMeas_Pim_MotCurrEolOffsProcFlg" comment="" line="75" base_type="uint8" attributes="extern" complete_type="uint8" init_mode="PERMANENT" init_modes_allowed="6" init_range="0..1" global_assert="NO" assert_range=""/>
      <scalar name="CurrMeas_Pim_MotCurrOffsDeltaA" comment="" line="76" base_type="float32" attributes="extern" complete_type="float32" init_mode="PERMANENT" init_modes_allowed="6" init_range="-1..1" global_assert="NO" assert_range=""/>
      <scalar name="CurrMeas_Pim_MotCurrOffsDeltaB" comment="" line="77" base_type="float32" attributes="extern" complete_type="float32" init_mode="PERMANENT" init_modes_allowed="6" init_range="-1..1" global_assert="NO" assert_range=""/>
      <scalar name="CurrMeas_Pim_MotCurrOffsDeltaC" comment="" line="78" base_type="float32" attributes="extern" complete_type="float32" init_mode="PERMANENT" init_modes_allowed="6" init_range="-1..1" global_assert="NO" assert_range=""/>
      <scalar name="CurrMeas_Pim_MotCurrOffsHiAvrgA" comment="" line="79" base_type="float32" attributes="extern" complete_type="float32" init_mode="PERMANENT" init_modes_allowed="6" init_range="0..5" global_assert="NO" assert_range=""/>
      <scalar name="CurrMeas_Pim_MotCurrOffsHiAvrgB" comment="" line="80" base_type="float32" attributes="extern" complete_type="float32" init_mode="PERMANENT" init_modes_allowed="6" init_range="0..5" global_assert="NO" assert_range=""/>
      <scalar name="CurrMeas_Pim_MotCurrOffsHiAvrgC" comment="" line="81" base_type="float32" attributes="extern" complete_type="float32" init_mode="PERMANENT" init_modes_allowed="6" init_range="0..5" global_assert="NO" assert_range=""/>
      <scalar name="CurrMeas_Pim_MotCurrOffsLoAvrgA" comment="" line="82" base_type="float32" attributes="extern" complete_type="float32" init_mode="PERMANENT" init_modes_allowed="6" init_range="0..5" global_assert="NO" assert_range=""/>
      <scalar name="CurrMeas_Pim_MotCurrOffsLoAvrgB" comment="" line="83" base_type="float32" attributes="extern" complete_type="float32" init_mode="PERMANENT" init_modes_allowed="6" init_range="0..5" global_assert="NO" assert_range=""/>
      <scalar name="CurrMeas_Pim_MotCurrOffsLoAvrgC" comment="" line="84" base_type="float32" attributes="extern" complete_type="float32" init_mode="PERMANENT" init_modes_allowed="6" init_range="0..5" global_assert="NO" assert_range=""/>
      <scalar name="CurrMeas_Pim_MotCurrOffsZeroAvrgA" comment="" line="85" base_type="float32" attributes="extern" complete_type="float32" init_mode="PERMANENT" init_modes_allowed="6" init_range="0..5" global_assert="NO" assert_range=""/>
      <scalar name="CurrMeas_Pim_MotCurrOffsZeroAvrgB" comment="" line="86" base_type="float32" attributes="extern" complete_type="float32" init_mode="PERMANENT" init_modes_allowed="6" init_range="0..5" global_assert="NO" assert_range=""/>
      <scalar name="CurrMeas_Pim_MotCurrOffsZeroAvrgC" comment="" line="87" base_type="float32" attributes="extern" complete_type="float32" init_mode="PERMANENT" init_modes_allowed="6" init_range="0..5" global_assert="NO" assert_range=""/>
      <scalar name="CurrMeas_Pim_MotCurrRollgCnt1Prev" comment="" line="88" base_type="uint8" attributes="extern" complete_type="uint8" init_mode="PERMANENT" init_modes_allowed="6" init_range="0..255" global_assert="NO" assert_range=""/>
      <scalar name="CurrMeas_Pim_MotCurrSumAPrev" comment="" line="89" base_type="float32" attributes="extern" complete_type="float32" init_mode="PERMANENT" init_modes_allowed="6" init_range="0..50000" global_assert="NO" assert_range=""/>
      <scalar name="CurrMeas_Pim_MotCurrSumBPrev" comment="" line="90" base_type="float32" attributes="extern" complete_type="float32" init_mode="PERMANENT" init_modes_allowed="6" init_range="0..50000" global_assert="NO" assert_range=""/>
      <scalar name="CurrMeas_Pim_MotCurrSumCPrev" comment="" line="91" base_type="float32" attributes="extern" complete_type="float32" init_mode="PERMANENT" init_modes_allowed="6" init_range="0..50000" global_assert="NO" assert_range=""/>
      <scalar name="CurrMeas_Pim_Ntc5DErrCnt2MilliSecPrev" comment="" line="92" base_type="uint16" attributes="extern" complete_type="uint16" init_mode="PERMANENT" init_modes_allowed="6" init_range="0..65535" global_assert="NO" assert_range=""/>
      <scalar name="CurrMeas_Pim_OffsEolAvrgCntrPrev" comment="" line="93" base_type="uint16" attributes="extern" complete_type="uint16" init_mode="PERMANENT" init_modes_allowed="6" init_range="0..10000" global_assert="NO" assert_range=""/>
      <scalar name="CurrMeas_Pim_PhaOnTiErrCntPrev" comment="" line="94" base_type="uint16" attributes="extern" complete_type="uint16" init_mode="PERMANENT" init_modes_allowed="6" init_range="0..65535" global_assert="NO" assert_range=""/>
      <scalar name="CurrMeas_Pim_TmpMotCurrAdcVlySum1Prev" comment="" line="95" base_type="float32" attributes="extern" complete_type="float32" init_mode="PERMANENT" init_modes_allowed="6" init_range="0..5000" global_assert="NO" assert_range=""/>
      <scalar name="CurrMeas_Pim_WrmIninTestCmplPrev" comment="" line="96" base_type="uint8" attributes="extern" complete_type="uint8" init_mode="PERMANENT" init_modes_allowed="6" init_range="0..1" global_assert="NO" assert_range=""/>
      <scalar name="CurrMeas_Srv_CurrMeasEolGainCalSetABC_GetErrorStatus_RequestResultPtr" comment="" line="99" base_type="uint8" attributes="extern" complete_type="uint8" init_mode="PERMANENT" init_modes_allowed="6" init_range="0..255" global_assert="NO" assert_range=""/>
      <scalar name="CurrMeas_Srv_CurrMeasEolGainCalSetABC_GetErrorStatus_Return" comment="" line="100" base_type="uint8" attributes="extern" complete_type="uint8" init_mode="PERMANENT" init_modes_allowed="6" init_range="0..1" global_assert="NO" assert_range=""/>
      <scalar name="CurrMeas_Srv_CurrMeasEolGainCalSetABC_SetRamBlockStatus_BlockChanged" comment="" line="101" base_type="uint8" attributes="extern" complete_type="uint8" init_mode="PERMANENT" init_modes_allowed="6" init_range="0..1" global_assert="NO" assert_range=""/>
      <scalar name="CurrMeas_Srv_CurrMeasEolGainCalSetABC_SetRamBlockStatus_Return" comment="" line="102" base_type="uint8" attributes="extern" complete_type="uint8" init_mode="PERMANENT" init_modes_allowed="6" init_range="0..1" global_assert="NO" assert_range=""/>
      <scalar name="CurrMeas_Srv_CurrMeasEolOffsCalSetABC_GetErrorStatus_RequestResultPtr" comment="" line="103" base_type="uint8" attributes="extern" complete_type="uint8" init_mode="PERMANENT" init_modes_allowed="6" init_range="0..255" global_assert="NO" assert_range=""/>
      <scalar name="CurrMeas_Srv_CurrMeasEolOffsCalSetABC_GetErrorStatus_Return" comment="" line="104" base_type="uint8" attributes="extern" complete_type="uint8" init_mode="PERMANENT" init_modes_allowed="6" init_range="0..1" global_assert="NO" assert_range=""/>
      <scalar name="CurrMeas_Srv_CurrMeasEolOffsCalSetABC_SetRamBlockStatus_BlockChanged" comment="" line="105" base_type="uint8" attributes="extern" complete_type="uint8" init_mode="PERMANENT" init_modes_allowed="6" init_range="0..1" global_assert="NO" assert_range=""/>
      <scalar name="CurrMeas_Srv_CurrMeasEolOffsCalSetABC_SetRamBlockStatus_Return" comment="" line="106" base_type="uint8" attributes="extern" complete_type="uint8" init_mode="PERMANENT" init_modes_allowed="6" init_range="0..1" global_assert="NO" assert_range=""/>
      <scalar name="CurrMeas_Srv_GetNtcQlfrSts_NtcNr" comment="" line="107" base_type="uint16" attributes="extern" complete_type="uint16" init_mode="PERMANENT" init_modes_allowed="6" init_range="1..511" global_assert="NO" assert_range=""/>
      <scalar name="CurrMeas_Srv_GetNtcQlfrSts_NtcQlfr" comment="" line="108" base_type="uint8" attributes="extern" complete_type="uint8" init_mode="PERMANENT" init_modes_allowed="6" init_range="0..2" global_assert="NO" assert_range=""/>
      <scalar name="CurrMeas_Srv_GetNtcQlfrSts_Return" comment="" line="109" base_type="uint8" attributes="extern" complete_type="uint8" init_mode="PERMANENT" init_modes_allowed="6" init_range="0..1" global_assert="NO" assert_range=""/>
      <scalar name="CurrMeas_Srv_SetNtcSts_DebStep" comment="" line="113" base_type="uint16" attributes="extern" complete_type="uint16" init_mode="PERMANENT" init_modes_allowed="6" init_range="0..65535" global_assert="NO" assert_range=""/>
      <scalar name="CurrMeas_Srv_SetNtcSts_NtcNr" comment="" line="110" base_type="uint16" attributes="extern" complete_type="uint16" init_mode="PERMANENT" init_modes_allowed="6" init_range="1..511" global_assert="NO" assert_range=""/>
      <scalar name="CurrMeas_Srv_SetNtcSts_NtcStInfo" comment="" line="111" base_type="uint8" attributes="extern" complete_type="uint8" init_mode="PERMANENT" init_modes_allowed="6" init_range="0..255" global_assert="NO" assert_range=""/>
      <scalar name="CurrMeas_Srv_SetNtcSts_NtcSts" comment="" line="112" base_type="uint8" attributes="extern" complete_type="uint8" init_mode="PERMANENT" init_modes_allowed="6" init_range="0..3" global_assert="NO" assert_range=""/>
      <scalar name="CurrMeas_Srv_SetNtcSts_Return" comment="" line="114" base_type="uint8" attributes="extern" complete_type="uint8" init_mode="PERMANENT" init_modes_allowed="6" init_range="0..1" global_assert="NO" assert_range=""/>
   </file>
   <file name="C:\\Component\\ES200B_CurrMeas_Impl\\tools\\local\\include\\FltInj.h" comment="">
      <function name="FltInj_f32_Oper" comment="" line="38" main_generator_called="disabled" attributes="extern">
         <pointer name="arg1" comment="" line="38" complete_type="float32 *" init_mode="disabled" initialize_pointer="disabled" number_allocated="disabled" init_pointed="MULTI">
            <scalar comment="" line="38" base_type="float32" complete_type="float32" init_mode="PERMANENT" init_modes_allowed="4" init_range="min..max" global_assert="unsupported" assert_range="unsupported"/>
         </pointer>
         <scalar name="arg2" comment="" line="38" base_type="uint16" complete_type="uint16" init_mode="disabled" init_range="disabled" global_assert="unsupported" assert_range="unsupported"/>
      </function>
      <function name="FltInj_u08_Oper" comment="" line="39" main_generator_called="disabled" attributes="extern">
         <pointer name="arg1" comment="" line="39" complete_type="uint8 *" init_mode="disabled" initialize_pointer="disabled" number_allocated="disabled" init_pointed="MULTI">
            <scalar comment="" line="39" base_type="uint8" complete_type="uint8" init_mode="PERMANENT" init_modes_allowed="4" init_range="min..max" global_assert="unsupported" assert_range="unsupported"/>
         </pointer>
         <scalar name="arg2" comment="" line="39" base_type="uint16" complete_type="uint16" init_mode="disabled" init_range="disabled" global_assert="unsupported" assert_range="unsupported"/>
      </function>
   </file>
   <file name="C:\\Component\\TL103A_CplrSuprt\\include\\2013.5.5\\ansi\\math.h" comment="">
      <function name="fabsf" comment="" line="742" main_generator_called="disabled" attributes="extern">
         <scalar name="arg1" comment="" line="742" base_type="float32" complete_type="float32" init_mode="disabled" init_range="disabled" global_assert="unsupported" assert_range="unsupported"/>
         <scalar name="return" comment="" line="742" base_type="float32" complete_type="float32" init_mode="PERMANENT" init_modes_allowed="4" init_range="0..max" global_assert="unsupported" assert_range="unsupported"/>
      </function>
   </file>
   <scalar name="CurrMeas_Cal_CurrMeasEolFixdPwmPerd" comment="" init_mode="PERMANENT" init_range="55555..71429" global_assert="NO" assert_range="min..max" non_applicable="1"/>
   <scalar name="MOTCTRLMGR_MotCtrlEcuTFild" comment="" init_mode="PERMANENT" init_range="-50..150" global_assert="NO" assert_range="min..max" non_applicable="1"/>
   <function name="atan2f" comment="" main_generator_called="MAIN_GENERATOR" non_applicable="1">
      <scalar name="return" comment="" init_mode="PERMANENT" init_range="-3.1412..3.1412" global_assert="NO" assert_range="min..max" non_applicable="1"/>
   </function>
   <function name="cosf" comment="" main_generator_called="MAIN_GENERATOR" non_applicable="1">
      <scalar name="return" comment="" init_mode="PERMANENT" init_range="-1..1" global_assert="NO" assert_range="min..max" non_applicable="1"/>
   </function>
   <function name="expf" comment="" main_generator_called="MAIN_GENERATOR" non_applicable="1">
      <scalar name="return" comment="" init_mode="PERMANENT" init_range="0..max" global_assert="NO" assert_range="min..max" non_applicable="1"/>
   </function>
   <function name="fmodf" comment="" main_generator_called="MAIN_GENERATOR" non_applicable="1">
      <scalar name="return" comment="" init_mode="PERMANENT" init_range="0..max" global_assert="NO" assert_range="min..max" non_applicable="1"/>
   </function>
   <function name="sinf" comment="" main_generator_called="MAIN_GENERATOR" non_applicable="1">
      <scalar name="return" comment="" init_mode="PERMANENT" init_range="-1..1" global_assert="NO" assert_range="min..max" non_applicable="1"/>
   </function>
   <function name="sqrtf" comment="" main_generator_called="MAIN_GENERATOR" non_applicable="1">
      <scalar name="return" comment="" init_mode="PERMANENT" init_range="0..max" global_assert="NO" assert_range="min..max" non_applicable="1"/>
   </function>
</global>
