<?xml version="1.0" encoding="UTF-8"?>
<MISRA-C-Report-Summary>
<File Mode="required" Error="0" Warning="2" Total="2">
<Name>
C:\Users\nz2999\Documents\Synergy\ccm_wa\ses_dev_ea4\CM301A_Adcf0CfgAndUse_Impl-nz2999\CM301A_Adcf0CfgAndUse_Impl\include\CDD_Adcf0CfgAndUse.h</Name>
</File>
<File Mode="required" Error="0" Warning="3" Total="3">
<Name>
C:\Users\nz2999\Documents\Synergy\ccm_wa\ses_dev_ea4\CM301A_Adcf0CfgAndUse_Impl-nz2999\CM301A_Adcf0CfgAndUse_Impl\include\CDD_Adcf0CfgAndUse_MotCtrl_MemMap.h</Name>
</File>
<File Mode="advisory" Error="0" Warning="1" Total="1">
<Name>
C:\Users\nz2999\Documents\Synergy\ccm_wa\ses_dev_ea4\CM301A_Adcf0CfgAndUse_Impl-nz2999\CM301A_Adcf0CfgAndUse_Impl\src\CDD_Adcf0CfgAndUse.c</Name>
</File>
<File Mode="advisory" Error="0" Warning="1" Total="1">
<Name>
C:\Users\nz2999\Documents\Synergy\ccm_wa\ses_dev_ea4\CM301A_Adcf0CfgAndUse_Impl-nz2999\CM301A_Adcf0CfgAndUse_Impl\src\CDD_Adcf0CfgAndUse_MotCtrl.c</Name>
</File>
<Rule Name="19.1" Count="2" Mode="advisory" Severity="warning">
<Message>
#include statements in a file shall only be preceded by other preprocessor directives or comments.</Message>
</Rule>
<Rule Name="19.6" Count="2" Mode="required" Severity="warning">
<Message>
#undef shall not be used.</Message>
</Rule>
<Rule Name="5.1" Count="2" Mode="required" Severity="warning">
<Message>
</Message>
</Rule>
<Rule Name="19.15" Count="1" Mode="required" Severity="warning">
<Message>
Precautions shall be taken in order to prevent the contents of a header file being included twice.</Message>
</Rule>
</MISRA-C-Report-Summary>
