<?xml version="1.0" encoding="UTF-8"?>

<project name="Polyspace" files="3" includes="23" ap_cg_cycle="0" ap_cg_direct_cycle="0" pshv="0" unpshv="0">
<file name="C:\Users\nz2999\Documents\Synergy\ccm_wa\ses_dev_ea4\CM301A_Adcf0CfgAndUse_Impl-nz2999\CM301A_Adcf0CfgAndUse_Impl\tools\local\generate\Rte_Stubs.c" total_lines="23" lines_without_cmt="7" comf="50" fco="2">
<function name="Rte_Stub" path="1" goto="0" vg="1" calling="0" calls="2" param="0" stmt="2" level="1" return="0" vocf="1.7" flin="2" fxln="2" ncalls="2">
</function>
</file>
<file name="C:\Users\nz2999\Documents\Synergy\ccm_wa\ses_dev_ea4\CM301A_Adcf0CfgAndUse_Impl-nz2999\CM301A_Adcf0CfgAndUse_Impl\src\CDD_Adcf0CfgAndUse_MotCtrl.c" total_lines="68" lines_without_cmt="27" comf="100" fco="0">
<function name="Adcf0CfgAndUsePer1" path="3" goto="0" vg="3" calling="1" calls="0" param="0" stmt="6" level="2" return="0" vocf="3.5" flin="21" fxln="12" ncalls="0">
</function>
</file>
<file name="C:\Users\nz2999\Documents\Synergy\ccm_wa\ses_dev_ea4\CM301A_Adcf0CfgAndUse_Impl-nz2999\CM301A_Adcf0CfgAndUse_Impl\src\CDD_Adcf0CfgAndUse.c" total_lines="210" lines_without_cmt="78" comf="9" fco="0">
<function name="Adcf0CfgAndUseInit1" path="1" goto="0" vg="1" calling="1" calls="0" param="0" stmt="68" level="1" return="0" vocf="4.6" flin="79" fxln="68" ncalls="0">
</function>
</file>
</project>
