<?xml version="1.0" encoding="UTF-8"?>

<MISRA-C-Report version="1.3">


<CodeStruct Name="" File="C:\Users\nz2999\Documents\Synergy\ccm_wa\ses_dev_ea4\CM301A_Adcf0CfgAndUse_Impl-nz2999\CM301A_Adcf0CfgAndUse_Impl\src\CDD_Adcf0CfgAndUse_MotCtrl.c" Line="0" Column="0">

<Rule Name="19.1" Mode="advisory" Report="warning" Id="1">
<Loc File="C:\Users\nz2999\Documents\Synergy\ccm_wa\ses_dev_ea4\CM301A_Adcf0CfgAndUse_Impl-nz2999\CM301A_Adcf0CfgAndUse_Impl\src\CDD_Adcf0CfgAndUse_MotCtrl.c" Line="68" Column="0">
</Loc>
<Message>
#include statements in a file shall only be preceded by other preprocessor directives or comments.
</Message>
</Rule>

</CodeStruct>

<CodeStruct Name="" File="C:\Users\nz2999\Documents\Synergy\ccm_wa\ses_dev_ea4\CM301A_Adcf0CfgAndUse_Impl-nz2999\CM301A_Adcf0CfgAndUse_Impl\include\CDD_Adcf0CfgAndUse_MotCtrl_MemMap.h" Line="0" Column="0">

<Rule Name="19.15" Mode="required" Report="warning" Id="2">
<Loc File="C:\Users\nz2999\Documents\Synergy\ccm_wa\ses_dev_ea4\CM301A_Adcf0CfgAndUse_Impl-nz2999\CM301A_Adcf0CfgAndUse_Impl\include\CDD_Adcf0CfgAndUse_MotCtrl_MemMap.h" Line="1" Column="0">
</Loc>
<Message>
Precautions shall be taken in order to prevent the contents of a header file being included twice.
</Message>
</Rule>

<Rule Name="19.6" Mode="required" Report="warning" Id="3">
<Loc File="C:\Users\nz2999\Documents\Synergy\ccm_wa\ses_dev_ea4\CM301A_Adcf0CfgAndUse_Impl-nz2999\CM301A_Adcf0CfgAndUse_Impl\include\CDD_Adcf0CfgAndUse_MotCtrl_MemMap.h" Line="28" Column="0">
</Loc>
<Message>
#undef shall not be used.
</Message>
</Rule>

<Rule Name="19.6" Mode="required" Report="warning" Id="4">
<Loc File="C:\Users\nz2999\Documents\Synergy\ccm_wa\ses_dev_ea4\CM301A_Adcf0CfgAndUse_Impl-nz2999\CM301A_Adcf0CfgAndUse_Impl\include\CDD_Adcf0CfgAndUse_MotCtrl_MemMap.h" Line="34" Column="0">
</Loc>
<Message>
#undef shall not be used.
</Message>
</Rule>

</CodeStruct>

<CodeStruct Name="" File="C:\Users\nz2999\Documents\Synergy\ccm_wa\ses_dev_ea4\CM301A_Adcf0CfgAndUse_Impl-nz2999\CM301A_Adcf0CfgAndUse_Impl\include\CDD_Adcf0CfgAndUse.h" Line="0" Column="0">

<Rule Name="5.1" Mode="required" Report="warning" Id="5">
<Loc File="C:\Users\nz2999\Documents\Synergy\ccm_wa\ses_dev_ea4\CM301A_Adcf0CfgAndUse_Impl-nz2999\CM301A_Adcf0CfgAndUse_Impl\include\CDD_Adcf0CfgAndUse.h" Line="32" Column="9">
</Loc>
<Message>
Identifiers "ADCF0CFGANDUSE_ADCF0DIAGCSCANGROUPMAX_CNT_U08" (CDD_Adcf0CfgAndUse.h line 31 column 9) and "ADCF0CFGANDUSE_ADCF0DIAGCSCANGROUPMIN_CNT_U08" (CDD_Adcf0CfgAndUse.h line 32 column 9) have the same first 35 characters.
</Message>
</Rule>

<Rule Name="5.1" Mode="required" Report="warning" Id="6">
<Loc File="C:\Users\nz2999\Documents\Synergy\ccm_wa\ses_dev_ea4\CM301A_Adcf0CfgAndUse_Impl-nz2999\CM301A_Adcf0CfgAndUse_Impl\include\CDD_Adcf0CfgAndUse.h" Line="34" Column="9">
</Loc>
<Message>
Identifiers "ADCF0CFGANDUSE_ADCF0SGSWENACNVNANDDMAINTRPT_CNT_U08" (CDD_Adcf0CfgAndUse.h line 33 column 9) and "ADCF0CFGANDUSE_ADCF0SGSWENACNVN_CNT_U08" (CDD_Adcf0CfgAndUse.h line 34 column 9) have the same first 31 characters.
</Message>
</Rule>

</CodeStruct>

<CodeStruct Name="" File="C:\Users\nz2999\Documents\Synergy\ccm_wa\ses_dev_ea4\CM301A_Adcf0CfgAndUse_Impl-nz2999\CM301A_Adcf0CfgAndUse_Impl\src\CDD_Adcf0CfgAndUse.c" Line="0" Column="0">

<Rule Name="19.1" Mode="advisory" Report="warning" Id="7">
<Loc File="C:\Users\nz2999\Documents\Synergy\ccm_wa\ses_dev_ea4\CM301A_Adcf0CfgAndUse_Impl-nz2999\CM301A_Adcf0CfgAndUse_Impl\src\CDD_Adcf0CfgAndUse.c" Line="191" Column="0">
</Loc>
<Message>
#include statements in a file shall only be preceded by other preprocessor directives or comments.
</Message>
</Rule>

</CodeStruct>

</MISRA-C-Report>
