<?xml version="1.0" encoding="UTF-8"?>

<MISRA-C-Report version="1.3">


<CodeStruct Name="" File="C:\_EA4SynWrkgCpy\ES242A_MotAg5Meas_Impl\include\CDD_MotAg5Meas_MotCtrl_MemMap.h" Line="0" Column="0">

<Rule Name="19.15" Mode="required" Report="warning" Id="3">
<Loc File="C:\_EA4SynWrkgCpy\ES242A_MotAg5Meas_Impl\include\CDD_MotAg5Meas_MotCtrl_MemMap.h" Line="1" Column="0">
</Loc>
<Message>
Precautions shall be taken in order to prevent the contents of a header file being included twice.
</Message>
</Rule>

<Rule Name="19.6" Mode="required" Report="warning" Id="4">
<Loc File="C:\_EA4SynWrkgCpy\ES242A_MotAg5Meas_Impl\include\CDD_MotAg5Meas_MotCtrl_MemMap.h" Line="24" Column="0">
</Loc>
<Message>
#undef shall not be used.
</Message>
</Rule>

<Rule Name="19.6" Mode="required" Report="warning" Id="5">
<Loc File="C:\_EA4SynWrkgCpy\ES242A_MotAg5Meas_Impl\include\CDD_MotAg5Meas_MotCtrl_MemMap.h" Line="30" Column="0">
</Loc>
<Message>
#undef shall not be used.
</Message>
</Rule>

</CodeStruct>

<CodeStruct Name="" File="C:\_EA4SynWrkgCpy\ES242A_MotAg5Meas_Impl\src\CDD_MotAg5Meas.c" Line="0" Column="0">

<Rule Name="19.1" Mode="advisory" Report="warning" Id="2">
<Loc File="C:\_EA4SynWrkgCpy\ES242A_MotAg5Meas_Impl\src\CDD_MotAg5Meas.c" Line="1543" Column="0">
</Loc>
<Message>
#include statements in a file shall only be preceded by other preprocessor directives or comments.
</Message>
</Rule>

</CodeStruct>

<CodeStruct Name="" File="C:\_EA4SynWrkgCpy\ES242A_MotAg5Meas_Impl\src\CDD_MotAg5Meas_MotCtrl.c" Line="0" Column="0">

<Rule Name="19.1" Mode="advisory" Report="warning" Id="1">
<Loc File="C:\_EA4SynWrkgCpy\ES242A_MotAg5Meas_Impl\src\CDD_MotAg5Meas_MotCtrl.c" Line="135" Column="0">
</Loc>
<Message>
#include statements in a file shall only be preceded by other preprocessor directives or comments.
</Message>
</Rule>

</CodeStruct>

<CodeStruct Name="MotAg5MeasPer3" File="C:\_EA4SynWrkgCpy\ES242A_MotAg5Meas_Impl\src\CDD_MotAg5Meas.c" Line="1394" Column="5">

<Rule Name="21.1" Mode="required" Report="warning" Id="6">
<Loc File="C:\_EA4SynWrkgCpy\ES242A_MotAg5Meas_Impl\src\CDD_MotAg5Meas.c" Line="1456" Column="95">
</Loc>
<Message>
Minimisation of run-time failures.
</Message>
</Rule>

<Rule Name="21.1" Mode="required" Report="warning" Id="7">
<Loc File="C:\_EA4SynWrkgCpy\ES242A_MotAg5Meas_Impl\src\CDD_MotAg5Meas.c" Line="1475" Column="95">
</Loc>
<Message>
Minimisation of run-time failures.
</Message>
</Rule>

<Rule Name="21.1" Mode="required" Report="warning" Id="8">
<Loc File="C:\_EA4SynWrkgCpy\ES242A_MotAg5Meas_Impl\src\CDD_MotAg5Meas.c" Line="1496" Column="51">
</Loc>
<Message>
Minimisation of run-time failures.
</Message>
</Rule>

<Rule Name="21.1" Mode="required" Report="warning" Id="9">
<Loc File="C:\_EA4SynWrkgCpy\ES242A_MotAg5Meas_Impl\src\CDD_MotAg5Meas.c" Line="1515" Column="62">
</Loc>
<Message>
Minimisation of run-time failures.
</Message>
</Rule>

</CodeStruct>

<CodeStruct Name="MotAg5MeasInit1" File="C:\_EA4SynWrkgCpy\ES242A_MotAg5Meas_Impl\src\CDD_MotAg5Meas.c" Line="959" Column="5">

<Rule Name="21.1" Mode="required" Report="warning" Id="10">
<Loc File="C:\_EA4SynWrkgCpy\ES242A_MotAg5Meas_Impl\src\CDD_MotAg5Meas.c" Line="1020" Column="63">
</Loc>
<Message>
Minimisation of run-time failures.
</Message>
</Rule>

<Rule Name="21.1" Mode="required" Report="warning" Id="11">
<Loc File="C:\_EA4SynWrkgCpy\ES242A_MotAg5Meas_Impl\src\CDD_MotAg5Meas.c" Line="1072" Column="62">
</Loc>
<Message>
Minimisation of run-time failures.
</Message>
</Rule>

<Rule Name="21.1" Mode="required" Report="warning" Id="12">
<Loc File="C:\_EA4SynWrkgCpy\ES242A_MotAg5Meas_Impl\src\CDD_MotAg5Meas.c" Line="1080" Column="77">
</Loc>
<Message>
Minimisation of run-time failures.
</Message>
</Rule>

</CodeStruct>

<CodeStruct Name="MotAg5MeasPer1" File="C:\_EA4SynWrkgCpy\ES242A_MotAg5Meas_Impl\src\CDD_MotAg5Meas.c" Line="1201" Column="5">

<Rule Name="9.1" Mode="required" Report="warning" Id="13">
<Loc File="C:\_EA4SynWrkgCpy\ES242A_MotAg5Meas_Impl\src\CDD_MotAg5Meas.c" Line="1240" Column="95">
</Loc>
<Message>
All automatic variables shall have been assigned a value before being used.
</Message>
</Rule>

<Rule Name="9.1" Mode="required" Report="warning" Id="14">
<Loc File="C:\_EA4SynWrkgCpy\ES242A_MotAg5Meas_Impl\src\CDD_MotAg5Meas.c" Line="1241" Column="95">
</Loc>
<Message>
All automatic variables shall have been assigned a value before being used.
</Message>
</Rule>

<Rule Name="9.1" Mode="required" Report="warning" Id="15">
<Loc File="C:\_EA4SynWrkgCpy\ES242A_MotAg5Meas_Impl\src\CDD_MotAg5Meas.c" Line="1333" Column="70">
</Loc>
<Message>
All automatic variables shall have been assigned a value before being used.
</Message>
</Rule>

<Rule Name="9.1" Mode="required" Report="warning" Id="16">
<Loc File="C:\_EA4SynWrkgCpy\ES242A_MotAg5Meas_Impl\src\CDD_MotAg5Meas.c" Line="1337" Column="70">
</Loc>
<Message>
All automatic variables shall have been assigned a value before being used.
</Message>
</Rule>

</CodeStruct>

</MISRA-C-Report>
