<?xml version="1.0" encoding="UTF-8"?>
<Navig version="1.0">
<Files>
<F id="1" n="C:\Program Files\MATLAB\R2013b\polyspace\verifier\cxx\cinclude\stdarg.h"/>
<F id="2" n="C:\Component\AR201A_ArCplrSuprt_Impl\include\ASR4.0.3\Platform_Types.h"/>
<F id="3" n="C:\Component\AR200A_ArSuprt_Impl\include\ASR4.0.3\Std_Types.h"/>
<F id="4" n="C:\Component\DF002A_Swp_Impl\tools\contract\Rte_Swp.h"/>
<F id="5" n="C:\Component\TL103A_CplrSuprt\include\2013.5.5\ansi\math.h"/>
<F id="6" n="C:\Component\AR100A_NxtrMath_Impl\include\NxtrMath.h"/>
<F id="7" n="C:\Component\DF002A_Swp_Impl\src\Swp.c"/>
<F id="8" n="C-STUBS\__polyspace__stdstubs.c"/>
<F id="9" n="C:\Component\DF002A_Swp_Impl\doc\Polyspace_Results\CodeProver\C-ALL\C-STUBS\pst_stub_types.h"/>
<F id="10" n="C-STUBS\pst_stubs_0.c"/>
<F id="11" n="C-STUBS\__polyspace_main.c"/>
<F id="12" n="C:\Program Files\MATLAB\R2013b\polyspace\verifier\cxx\cinclude\__polyspace__std_decls.h"/>
<F id="13" n="C:\Program Files\MATLAB\R2013b\polyspace\verifier\cxx\cinclude\assert.h"/>
<F id="14" n="C:\Program Files\MATLAB\R2013b\polyspace\verifier\cxx\cinclude\__polyspace__libc_defs.h"/>
<F id="15" n="C:\Component\DF002A_Swp_Impl\tools\contract\Rte_Swp_Type.h"/>
<F id="16" n="C:\Component\DF002A_Swp_Impl\tools\contract\Rte_Type.h"/>
<F id="17" n="C:\Component\DF002A_Swp_Impl\tools\contract\Rte.h"/>
<F id="18" n="C:\Component\AR201A_ArCplrSuprt_Impl\include\ASR4.0.3\Compiler.h"/>
<F id="19" n="C:\Component\AR201A_ArCplrSuprt_Impl\tools\contract\Compiler_Cfg.h"/>
<F id="20" n="C:\Component\AR201A_ArCplrSuprt_Impl\tools\contract\Renesas_Compiler.h"/>
<F id="21" n="C:\Component\DF002A_Swp_Impl\tools\contract\Rte_DataHandleType.h"/>
<F id="22" n="C:\Component\AR200A_ArSuprt_Impl\tools\contract\MemMap.h"/>
<F id="23" n="C:\Component\DF002A_Swp_Impl\tools\contract\Swp_MemMap.h"/>
<F id="24" n="C:\Component\DF002A_Swp_Impl\include\Swp.h"/>
<F id="25" n="C:\Component\AR999A_ArchGlbPrm_Impl\include\ArchGlbPrm.h"/>
<F id="26" n="C:\Component\SF999A_SysGlbPrm_Impl\include\SysGlbPrm.h"/>
</Files>
<Definitions>
<D id="1" f="10" l="200" c="13" n="Rte_Call_Swp_GetRefTmr100MicroSec32bit_Oper" t="2" d="1"/>
<D id="2" f="10" l="121" c="30" n="real_random_for_return" t="4" d="1"/>
<D id="3" f="10" l="122" c="21" n="random_for_return" t="4" d="1"/>
<D id="4" f="10" l="150" c="21" n="random_for_return" t="4" d="1"/>
<D id="5" f="10" l="104" c="13" n="Rte_Read_Swp_VehSpd_Val" t="2" d="1"/>
<D id="6" f="10" l="200" c="70" n="P_0" t="4" d="1"/>
<D id="7" f="10" l="170" c="21" n="random_for_return" t="4" d="1"/>
<D id="8" f="10" l="132" c="13" n="Rte_Read_Swp_VehSpdVld_Logl" t="2" d="1"/>
<D id="9" f="10" l="104" c="50" n="P_0" t="4" d="1"/>
<D id="10" f="10" l="190" c="21" n="random_for_return" t="4" d="1"/>
<D id="11" f="10" l="217" c="30" n="real_random_for_return" t="4" d="1"/>
<D id="12" f="10" l="162" c="13" n="Rte_Write_Swp_HwTqSwp_Val" t="2" d="1"/>
<D id="13" f="10" l="218" c="21" n="random_for_return" t="4" d="1"/>
<D id="14" f="10" l="260" c="15" n="cosf" t="2" d="1"/>
<D id="15" f="10" l="182" c="13" n="Rte_Write_Swp_MotTqCmdSwp_Val" t="2" d="1"/>
<D id="16" f="10" l="247" c="30" n="real_random_for_return" t="4" d="1"/>
<D id="17" f="10" l="228" c="13" n="Rte_Call_Swp_GetTiSpan100MicroSec32bit_Oper" t="2" d="1"/>
<D id="18" f="10" l="280" c="15" n="sinf" t="2" d="1"/>
<D id="19" f="10" l="248" c="21" n="random_for_return" t="4" d="1"/>
<D id="20" f="10" l="149" c="30" n="real_random_for_return" t="4" d="1"/>
<D id="21" f="6" l="634" c="104" n="Denom" t="4" d="1"/>
<D id="22" f="6" l="651" c="105" n="SinVal" t="4" d="1"/>
<D id="23" f="10" l="132" c="54" n="P_0" t="4" d="1"/>
<D id="24" f="10" l="260" c="35" n="P_0" t="4" d="1"/>
<D id="25" f="6" l="652" c="105" n="CosVal" t="4" d="1"/>
<D id="26" f="6" l="573" c="104" n="Denom" t="4" d="1"/>
<D id="27" f="10" l="169" c="30" n="real_random_for_return" t="4" d="1"/>
<D id="28" f="10" l="280" c="35" n="P_0" t="4" d="1"/>
<D id="29" f="10" l="162" c="54" n="P_0" t="4" d="1"/>
<D id="30" f="10" l="267" c="32" n="real_random_for_return" t="4" d="1"/>
<D id="31" f="10" l="189" c="30" n="real_random_for_return" t="4" d="1"/>
<D id="32" f="6" l="558" c="104" n="RngLo" t="4" d="1"/>
<D id="33" f="10" l="228" c="89" n="P_1" t="4" d="1"/>
<D id="34" f="10" l="268" c="23" n="random_for_return" t="4" d="1"/>
<D id="35" f="10" l="228" c="71" n="P_0" t="4" d="1"/>
<D id="36" f="10" l="287" c="32" n="real_random_for_return" t="4" d="1"/>
<D id="37" f="6" l="559" c="104" n="RngHi" t="4" d="1"/>
<D id="38" f="10" l="288" c="23" n="random_for_return" t="4" d="1"/>
<D id="39" f="10" l="182" c="58" n="P_0" t="4" d="1"/>
<D id="40" f="8" l="6975" c="14" n="_polyspace_compare_function_type" t="7" d="1"/>
<D id="41" f="8" l="11435" c="21" n="HUGE_VAL" t="1" d="1"/>
<D id="42" f="8" l="11417" c="12" n="_polyspace_random_long_double" t="2" d="1"/>
<D id="43" f="8" l="11436" c="21" n="HUGE_VALF" t="1" d="1"/>
<D id="44" f="8" l="11437" c="21" n="HUGE_VALL" t="1" d="1"/>
<D id="45" f="8" l="11419" c="23" n="random" t="4" d="1"/>
<D id="46" f="8" l="12279" c="16" n="__polyspace_absolute_address" t="1" d="1"/>
<D id="47" f="9" l="3" c="20" n="__PST__SINT8" t="7" d="1"/>
<D id="48" f="9" l="5" c="19" n="__PST__SINT32" t="7" d="1"/>
<D id="49" f="9" l="1" c="13" n="__PST__CHAR" t="7" d="1"/>
<D id="50" f="9" l="4" c="21" n="__PST__SINT16" t="7" d="1"/>
<D id="51" f="9" l="2" c="13" n="__PST__VOID" t="7" d="1"/>
<D id="52" f="9" l="7" c="22" n="__PST__UINT8" t="7" d="1"/>
<D id="53" f="9" l="9" c="21" n="__PST__UINT32" t="7" d="1"/>
<D id="54" f="9" l="8" c="23" n="__PST__UINT16" t="7" d="1"/>
<D id="55" f="9" l="6" c="25" n="__PST__SINT64" t="7" d="1"/>
<D id="56" f="4" l="51" c="8" n="_dummy" t="9" d="1"/>
<D id="57" f="4" l="48" c="7" n="Rte_CDS_Swp" t="6" d="1"/>
<D id="58" f="9" l="20" c="20" n="__PST__g__22" t="7" d="1"/>
<D id="59" f="9" l="12" c="21" n="__PST__g__11" t="7" d="1"/>
<D id="60" f="3" l="141" c="2" n="Std_VersionInfoType" t="7" d="1"/>
<D id="61" f="9" l="14" c="20" n="__PST__g__15" t="7" d="1"/>
<D id="62" f="9" l="22" c="21" n="__PST__g__23" t="7" d="1"/>
<D id="63" f="9" l="50" c="30" n="__PST__g__57" t="7" d="1"/>
<D id="64" f="9" l="32" c="30" n="__PST__g__34" t="7" d="1"/>
<D id="65" f="9" l="31" c="31" n="__PST__g__33" t="7" d="1"/>
<D id="66" f="9" l="40" c="22" n="__PST__g__42" t="7" d="1"/>
<D id="67" f="9" l="51" c="21" n="__PST__g__58" t="7" d="1"/>
<D id="68" f="9" l="11" c="14" n="__PST__FLOAT32" t="7" d="1"/>
<D id="69" f="9" l="24" c="21" n="__PST__g__25" t="7" d="1"/>
<D id="70" f="9" l="30" c="23" n="__PST__g__32" t="7" d="1"/>
<D id="71" f="9" l="41" c="22" n="__PST__g__43" t="7" d="1"/>
<D id="72" f="9" l="23" c="22" n="__PST__g__26" t="7" d="1"/>
<D id="73" f="9" l="25" c="21" n="__PST__g__27" t="7" d="1"/>
<D id="74" f="9" l="42" c="22" n="__PST__g__44" t="7" d="1"/>
<D id="75" f="9" l="33" c="22" n="__PST__g__35" t="7" d="1"/>
<D id="76" f="9" l="35" c="21" n="__PST__g__37" t="7" d="1"/>
<D id="77" f="7" l="112" c="5" n="SwpInit1" t="2" d="1"/>
<D id="78" f="9" l="52" c="22" n="__PST__g__59" t="7" d="1"/>
<D id="79" f="9" l="21" c="24" n="__PST__g__24" t="7" d="1"/>
<D id="80" f="9" l="43" c="22" n="__PST__g__45" t="7" d="1"/>
<D id="81" f="11" l="42" c="5" n="main" t="2" d="1"/>
<D id="82" f="9" l="36" c="21" n="__PST__g__38" t="7" d="1"/>
<D id="83" f="9" l="16" c="22" n="__PST__g__18" t="7" d="1"/>
<D id="84" f="9" l="27" c="21" n="__PST__g__28" t="7" d="1"/>
<D id="85" f="9" l="53" c="22" n="__PST__g__60" t="7" d="1"/>
<D id="86" f="9" l="44" c="22" n="__PST__g__46" t="7" d="1"/>
<D id="87" f="9" l="13" c="15" n="__PST__FLOAT64" t="7" d="1"/>
<D id="88" f="9" l="15" c="23" n="__PST__g__16" t="7" d="1"/>
<D id="89" f="9" l="54" c="31" n="__PST__g__61" t="7" d="1"/>
<D id="90" f="9" l="19" c="30" n="__PST__g__20" t="7" d="1"/>
<D id="91" f="9" l="28" c="21" n="__PST__g__30" t="7" d="1"/>
<D id="92" f="9" l="34" c="32" n="__PST__g__36" t="7" d="1"/>
<D id="93" f="9" l="45" c="22" n="__PST__g__47" t="7" d="1"/>
<D id="94" f="1" l="45" c="14" n="__va_list" t="7" d="1"/>
<D id="95" f="9" l="18" c="22" n="__PST__g__21" t="7" d="1"/>
<D id="96" f="9" l="46" c="22" n="__PST__g__48" t="7" d="1"/>
<D id="97" f="9" l="17" c="32" n="__PST__g__19" t="7" d="1"/>
<D id="98" f="9" l="26" c="23" n="__PST__g__29" t="7" d="1"/>
<D id="99" f="9" l="37" c="22" n="__PST__g__39" t="7" d="1"/>
<D id="100" f="9" l="10" c="27" n="__PST__UINT64" t="7" d="1"/>
<D id="101" f="9" l="47" c="22" n="__PST__g__49" t="7" d="1"/>
<D id="102" f="9" l="38" c="22" n="__PST__g__40" t="7" d="1"/>
<D id="103" f="9" l="49" c="21" n="__PST__g__56" t="7" d="1"/>
<D id="104" f="4" l="62" c="34" n="Rte_Instance" t="7" d="1"/>
<D id="105" f="9" l="48" c="31" n="__PST__g__50" t="7" d="1"/>
<D id="106" f="1" l="50" c="18" n="__gnuc_va_list" t="7" d="1"/>
<D id="107" f="5" l="51" c="17" n="double_t" t="7" d="1"/>
<D id="108" f="9" l="39" c="22" n="__PST__g__41" t="7" d="1"/>
<D id="109" f="5" l="52" c="17" n="float_t" t="7" d="1"/>
<D id="110" f="5" l="731" c="6" n="expf" t="2" d="0"/>
<D id="111" f="9" l="29" c="23" n="__PST__g__31" t="7" d="1"/>
<D id="112" f="8" l="526" c="4" n="errno" t="1" d="1"/>
<D id="113" f="5" l="741" c="6" n="sqrtf" t="2" d="0"/>
<D id="114" f="5" l="742" c="6" n="fabsf" t="2" d="0"/>
<D id="115" f="5" l="724" c="6" n="atan2f" t="2" d="0"/>
<D id="116" f="7" l="168" c="5" n="SwpPer1" t="2" d="1"/>
<D id="117" f="7" l="457" c="5" n="SwpPer2" t="2" d="1"/>
<D id="118" f="7" l="88" c="34" n="SwpSinTq_M" t="3" d="1"/>
<D id="119" f="1" l="49" c="18" n="va_list" t="7" d="1"/>
<D id="120" f="7" l="87" c="26" n="SwpCfg_M" t="3" d="1"/>
<D id="121" f="7" l="89" c="26" n="SwpModEna_M" t="3" d="1"/>
<D id="122" f="5" l="748" c="6" n="fmodf" t="2" d="0"/>
<D id="123" f="3" l="140" c="10" n="sw_patch_version" t="9" d="1"/>
<D id="124" f="2" l="110" c="31" n="uint32" t="7" d="1"/>
<D id="125" f="6" l="303" c="29" n="Inp1" t="4" d="1"/>
<D id="126" f="6" l="230" c="39" n="Inp" t="4" d="1"/>
<D id="127" f="10" l="25" c="20" n="pst_random_int" t="3" d="1"/>
<D id="128" f="11" l="25" c="20" n="pst_random_int" t="3" d="1"/>
<D id="129" f="2" l="112" c="31" n="sint8_least" t="7" d="1"/>
<D id="130" f="2" l="103" c="31" n="boolean" t="7" d="1"/>
<D id="131" f="8" l="150" c="21" n="size_t" t="7" d="1"/>
<D id="132" f="2" l="113" c="31" n="uint8_least" t="7" d="1"/>
<D id="133" f="3" l="136" c="10" n="vendorID" t="9" d="1"/>
<D id="134" f="6" l="420" c="31" n="Inp1" t="4" d="1"/>
<D id="135" f="6" l="501" c="31" n="Inp" t="4" d="1"/>
<D id="136" f="7" l="211" c="50" n="SwpSwtSt_F" t="4" d="1"/>
<D id="137" f="2" l="114" c="31" n="sint16_least" t="7" d="1"/>
<D id="138" f="2" l="105" c="31" n="sint8" t="7" d="1"/>
<D id="139" f="10" l="28" c="29" n="pst_random_g_6" t="3" d="1"/>
<D id="140" f="3" l="137" c="10" n="moduleID" t="9" d="1"/>
<D id="141" f="6" l="290" c="29" n="Inp1" t="4" d="1"/>
<D id="142" f="2" l="115" c="31" n="uint16_least" t="7" d="1"/>
<D id="143" f="8" l="152" c="12" n="ptrdiff_t" t="7" d="1"/>
<D id="144" f="2" l="106" c="31" n="uint8" t="7" d="1"/>
<D id="145" f="3" l="138" c="10" n="sw_major_version" t="9" d="1"/>
<D id="146" f="6" l="381" c="29" n="Inp1" t="4" d="1"/>
<D id="147" f="3" l="132" c="14" n="Std_ReturnType" t="7" d="1"/>
<D id="148" f="2" l="116" c="31" n="sint32_least" t="7" d="1"/>
<D id="149" f="10" l="65" c="30" n="real_random_for_return" t="4" d="1"/>
<D id="150" f="2" l="107" c="31" n="sint16" t="7" d="1"/>
<D id="151" f="3" l="125" c="22" n="StatusType" t="7" d="1"/>
<D id="152" f="3" l="139" c="10" n="sw_minor_version" t="9" d="1"/>
<D id="153" f="6" l="342" c="31" n="Inp1" t="4" d="1"/>
<D id="154" f="10" l="27" c="31" n="pst_random_g_10" t="3" d="1"/>
<D id="155" f="10" l="93" c="30" n="real_random_for_return" t="4" d="1"/>
<D id="156" f="7" l="212" c="42" n="SwpInstsFrq_F" t="4" d="1"/>
<D id="157" f="7" l="214" c="50" n="SwpFrqIdx_F" t="4" d="1"/>
<D id="158" f="10" l="29" c="30" n="pst_random_g_8" t="3" d="1"/>
<D id="159" f="2" l="117" c="31" n="uint32_least" t="7" d="1"/>
<D id="160" f="2" l="108" c="31" n="uint16" t="7" d="1"/>
<D id="161" f="6" l="433" c="31" n="Inp1" t="4" d="1"/>
<D id="162" f="6" l="473" c="29" n="Inp" t="4" d="1"/>
<D id="163" f="10" l="66" c="21" n="random_for_return" t="4" d="1"/>
<D id="164" f="7" l="202" c="34" n="SwpVehspdMax_F" t="4" d="1"/>
<D id="165" f="7" l="213" c="42" n="SwpCosTq_F" t="4" d="1"/>
<D id="166" f="10" l="94" c="21" n="random_for_return" t="4" d="1"/>
<D id="167" f="2" l="127" c="31" n="sint64" t="7" d="1"/>
<D id="168" f="6" l="166" c="20" n="NXTRMATH_SINCNVNCONTBL_ULS_U16" t="1" d="0"/>
<D id="169" f="6" l="303" c="15" n="Min_u08" t="2" d="1"/>
<D id="170" f="8" l="155" c="21" n="wchar_t" t="7" d="1"/>
<D id="171" f="8" l="560" c="13" n="_polyspace_random_int" t="5" d="1"/>
<D id="172" f="6" l="316" c="31" n="Inp1" t="4" d="1"/>
<D id="173" f="2" l="109" c="31" n="sint32" t="7" d="1"/>
<D id="174" f="6" l="515" c="31" n="Inp" t="4" d="1"/>
<D id="175" f="6" l="420" c="16" n="Max_u16" t="2" d="1"/>
<D id="176" f="6" l="501" c="16" n="Lim_s16" t="2" d="1"/>
<D id="177" f="7" l="203" c="34" n="SwpVehSpdChkEna_F" t="4" d="1"/>
<D id="178" f="6" l="543" c="31" n="Inp" t="4" d="1"/>
<D id="179" f="2" l="128" c="31" n="uint64" t="7" d="1"/>
<D id="180" f="7" l="216" c="50" n="SwpDwellStrtTi_F" t="4" d="1"/>
<D id="181" f="6" l="407" c="31" n="Inp1" t="4" d="1"/>
<D id="182" f="6" l="650" c="14" n="SinCos_f32" t="2" d="1"/>
<D id="183" f="6" l="394" c="29" n="Inp1" t="4" d="1"/>
<D id="184" f="6" l="242" c="15" n="Sign_s08_s08" t="2" d="1"/>
<D id="185" f="10" l="48" c="13" n="Rte_Read_Swp_HwTq_Val" t="2" d="1"/>
<D id="186" f="8" l="3630" c="4" n="__polyspace_nb_varargs" t="1" d="1"/>
<D id="187" f="2" l="138" c="31" n="float32" t="7" d="1"/>
<D id="188" f="7" l="204" c="34" n="SwpTranTi_F" t="4" d="1"/>
<D id="189" f="7" l="215" c="42" n="SwpLstStSinArg_F" t="4" d="1"/>
<D id="190" f="6" l="204" c="16" n="Abslt_u16_s16" t="2" d="1"/>
<D id="191" f="6" l="230" c="17" n="Abslt_f32_f32" t="2" d="1"/>
<D id="192" f="7" l="217" c="50" n="SwpTranStrtTi_F" t="4" d="1"/>
<D id="193" f="10" l="76" c="13" n="Rte_Read_Swp_MotTqCmd_Val" t="2" d="1"/>
<D id="194" f="6" l="355" c="31" n="Inp1" t="4" d="1"/>
<D id="195" f="6" l="650" c="33" n="Inp" t="4" d="1"/>
<D id="196" f="7" l="180" c="15" n="StateTime_MilliSec_T_u16p0" t="4" d="1"/>
<D id="197" f="6" l="621" c="34" n="Inp" t="4" d="1"/>
<D id="198" f="8" l="552" c="23" n="_polyspace_random_uchar" t="5" d="1"/>
<D id="199" f="2" l="139" c="31" n="float64" t="7" d="1"/>
<D id="200" f="7" l="205" c="34" n="SwpFrqList_F" t="4" d="1"/>
<D id="201" f="6" l="242" c="34" n="Inp" t="4" d="1"/>
<D id="202" f="6" l="446" c="31" n="Inp1" t="4" d="1"/>
<D id="203" f="6" l="290" c="15" n="Min_s08" t="2" d="1"/>
<D id="204" f="6" l="342" c="16" n="Min_s32" t="2" d="1"/>
<D id="205" f="7" l="206" c="34" n="SwpDwellTi_F" t="4" d="1"/>
<D id="206" f="6" l="633" c="33" n="Numer" t="4" d="1"/>
<D id="207" f="6" l="191" c="15" n="Abslt_u08_s08" t="2" d="1"/>
<D id="208" f="6" l="329" c="31" n="Inp1" t="4" d="1"/>
<D id="209" f="8" l="544" c="14" n="_polyspace_random_char" t="5" d="1"/>
<D id="210" f="6" l="487" c="29" n="Inp" t="4" d="1"/>
<D id="211" f="6" l="254" c="15" n="Sign_s08_s16" t="2" d="1"/>
<D id="212" f="6" l="381" c="15" n="Max_s08" t="2" d="1"/>
<D id="213" f="7" l="182" c="15" n="ElapsedTime_Cnt_T_u32" t="4" d="1"/>
<D id="214" f="10" l="23" c="28" n="pst_random_char" t="3" d="1"/>
<D id="215" f="6" l="433" c="16" n="Max_s32" t="2" d="1"/>
<D id="216" f="6" l="621" c="17" n="Sqrt_f32" t="2" d="1"/>
<D id="217" f="7" l="207" c="34" n="SwpHwTqOffs_F" t="4" d="1"/>
<D id="218" f="7" l="190" c="16" n="ScaleFactor_Uls_T_f32" t="4" d="1"/>
<D id="219" f="11" l="23" c="28" n="pst_random_char" t="3" d="1"/>
<D id="220" f="8" l="562" c="24" n="random" t="4" d="1"/>
<D id="221" f="6" l="529" c="31" n="Inp" t="4" d="1"/>
<D id="222" f="6" l="316" c="16" n="Min_s16" t="2" d="1"/>
<D id="223" f="7" l="183" c="15" n="SwpTranStrtTi_Cnt_T_u32" t="4" d="1"/>
<D id="224" f="8" l="570" c="25" n="random" t="4" d="1"/>
<D id="225" f="6" l="515" c="16" n="Lim_u16" t="2" d="1"/>
<D id="226" f="6" l="217" c="16" n="Abslt_u32_s32" t="2" d="1"/>
<D id="227" f="7" l="208" c="34" n="SwpGenHwTq_F" t="4" d="1"/>
<D id="228" f="7" l="191" c="16" n="VehSpd_Kph_T_f32" t="4" d="1"/>
<D id="229" f="6" l="543" c="16" n="Lim_u32" t="2" d="1"/>
<D id="230" f="10" l="76" c="52" n="P_0" t="4" d="1"/>
<D id="231" f="6" l="407" c="16" n="Max_s16" t="2" d="1"/>
<D id="232" f="6" l="473" c="15" n="Lim_s08" t="2" d="1"/>
<D id="233" f="6" l="204" c="37" n="Inp" t="4" d="1"/>
<D id="234" f="7" l="184" c="15" n="SwpDwellStrtTi_Cnt_T_u32" t="4" d="1"/>
<D id="235" f="7" l="209" c="34" n="SwpSinAmp_F" t="4" d="1"/>
<D id="236" f="6" l="191" c="35" n="Inp" t="4" d="1"/>
<D id="237" f="6" l="660" c="17" n="Tmp" t="4" d="1"/>
<D id="238" f="7" l="192" c="16" n="HwTq_HwNwtMtr_T_f32" t="4" d="1"/>
<D id="239" f="6" l="266" c="15" n="Sign_s08_s32" t="2" d="1"/>
<D id="240" f="6" l="254" c="35" n="Inp" t="4" d="1"/>
<D id="241" f="6" l="633" c="17" n="Mod_f32" t="2" d="1"/>
<D id="242" f="6" l="609" c="33" n="Inp" t="4" d="1"/>
<D id="243" f="6" l="355" c="16" n="Min_u32" t="2" d="1"/>
<D id="244" f="8" l="554" c="34" n="random" t="4" d="1"/>
<D id="245" f="7" l="193" c="16" n="OutputHwTrq_HwNwtMtr_T_f32" t="4" d="1"/>
<D id="246" f="6" l="394" c="15" n="Max_u08" t="2" d="1"/>
<D id="247" f="8" l="576" c="23" n="_polyspace_random_ulong" t="5" d="1"/>
<D id="248" f="6" l="446" c="16" n="Max_u32" t="2" d="1"/>
<D id="249" f="7" l="465" c="34" n="SwpGain_F" t="4" d="1"/>
<D id="250" f="6" l="557" c="33" n="Inp" t="4" d="1"/>
<D id="251" f="6" l="656" c="15" n="Normdn" t="4" d="1"/>
<D id="252" f="7" l="194" c="16" n="TimeScale_Uls_T_f32" t="4" d="1"/>
<D id="253" f="6" l="572" c="17" n="Arctan2_f32" t="2" d="1"/>
<D id="254" f="8" l="546" c="25" n="random" t="4" d="1"/>
<D id="255" f="6" l="329" c="16" n="Min_u16" t="2" d="1"/>
<D id="256" f="6" l="585" c="33" n="Inp" t="4" d="1"/>
<D id="257" f="7" l="176" c="16" n="VehSpdVld_Cnt_T_logl" t="4" d="1"/>
<D id="258" f="6" l="368" c="33" n="Inp1" t="4" d="1"/>
<D id="259" f="6" l="655" c="16" n="n" t="4" d="1"/>
<D id="260" f="8" l="583" c="16" n="_polyspace_random_double" t="5" d="1"/>
<D id="261" f="6" l="177" c="34" n="Inp1" t="4" d="1"/>
<D id="262" f="8" l="568" c="14" n="_polyspace_random_long" t="5" d="1"/>
<D id="263" f="7" l="195" c="16" n="SwpSinTq_HwNwtMtr_T_f32" t="4" d="1"/>
<D id="264" f="6" l="278" c="15" n="Sign_s08_f32" t="2" d="1"/>
<D id="265" f="6" l="266" c="35" n="Inp" t="4" d="1"/>
<D id="266" f="7" l="186" c="16" n="SinArg_Uls_T_f32" t="4" d="1"/>
<D id="267" f="6" l="217" c="37" n="Inp" t="4" d="1"/>
<D id="268" f="6" l="459" c="33" n="Inp1" t="4" d="1"/>
<D id="269" f="7" l="177" c="16" n="GenHwTq_Cnt_T_logl" t="4" d="1"/>
<D id="270" f="6" l="529" c="16" n="Lim_s32" t="2" d="1"/>
<D id="271" f="6" l="330" c="95" n="Inp2" t="4" d="1"/>
<D id="272" f="7" l="179" c="15" n="SwpSwtSt_Uls_T_u16" t="4" d="1"/>
<D id="273" f="7" l="196" c="16" n="SwpCosTq_HwNwtMtr_T_f32" t="4" d="1"/>
<D id="274" f="6" l="487" c="15" n="Lim_u08" t="2" d="1"/>
<D id="275" f="6" l="609" c="17" n="Exp_f32" t="2" d="1"/>
<D id="276" f="7" l="187" c="16" n="SinArgRad_Rad_T_f32" t="4" d="1"/>
<D id="277" f="7" l="467" c="16" n="MotTqCmd_MotNwtMtr_T_f32" t="4" d="1"/>
<D id="278" f="6" l="421" c="95" n="Inp2" t="4" d="1"/>
<D id="279" f="6" l="502" c="95" n="RngLo" t="4" d="1"/>
<D id="280" f="6" l="778" c="14" n="SignFlip_Cnt_T_s08" t="4" d="1"/>
<D id="281" f="6" l="177" c="17" n="Blnd_f32" t="2" d="1"/>
<D id="282" f="6" l="530" c="95" n="RngLo" t="4" d="1"/>
<D id="283" f="6" l="572" c="37" n="Numer" t="4" d="1"/>
<D id="284" f="7" l="197" c="16" n="ElapsedTime_MilliSec_T_f32" t="4" d="1"/>
<D id="285" f="6" l="597" c="33" n="Inp" t="4" d="1"/>
<D id="286" f="6" l="777" c="15" n="Theta_Cnt_T_u16" t="4" d="1"/>
<D id="287" f="7" l="188" c="16" n="FreqSpan_Hz_T_f32" t="4" d="1"/>
<D id="288" f="6" l="557" c="17" n="Lim_f32" t="2" d="1"/>
<D id="289" f="6" l="304" c="86" n="Inp2" t="4" d="1"/>
<D id="290" f="6" l="503" c="95" n="RngHi" t="4" d="1"/>
<D id="291" f="6" l="776" c="16" n="Theta_Rev_T_f32" t="4" d="1"/>
<D id="292" f="6" l="585" c="17" n="Sin_f32" t="2" d="1"/>
<D id="293" f="6" l="531" c="95" n="RngHi" t="4" d="1"/>
<D id="294" f="6" l="368" c="17" n="Min_f32" t="2" d="1"/>
<D id="295" f="6" l="657" c="17" n="InpSqd" t="4" d="1"/>
<D id="296" f="7" l="189" c="16" n="SwpInstsFrq_Uls_T_f32" t="4" d="1"/>
<D id="297" f="10" l="299" c="5" n="__PST__MAIN__ENTRY__POINT__" t="2" d="1"/>
<D id="298" f="8" l="578" c="34" n="random" t="4" d="1"/>
<D id="299" f="6" l="774" c="36" n="Ag" t="4" d="1"/>
<D id="300" f="6" l="459" c="17" n="Max_f32" t="2" d="1"/>
<D id="301" f="6" l="774" c="18" n="SinLookup" t="2" d="1"/>
<D id="302" f="10" l="48" c="48" n="P_0" t="4" d="1"/>
<D id="303" f="6" l="658" c="17" n="SinA" t="4" d="1"/>
<D id="304" f="6" l="278" c="36" n="Inp" t="4" d="1"/>
<D id="305" f="6" l="343" c="95" n="Inp2" t="4" d="1"/>
<D id="306" f="8" l="585" c="27" n="random" t="4" d="1"/>
<D id="307" f="6" l="659" c="17" n="CosA" t="4" d="1"/>
<D id="308" f="6" l="434" c="95" n="Inp2" t="4" d="1"/>
<D id="309" f="6" l="460" c="96" n="Inp2" t="4" d="1"/>
<D id="310" f="6" l="597" c="17" n="Cos_f32" t="2" d="1"/>
<D id="311" f="6" l="779" c="16" n="SinVal_Uls_T_f32" t="4" d="1"/>
<D id="312" f="6" l="291" c="86" n="Inp2" t="4" d="1"/>
<D id="313" f="6" l="317" c="95" n="Inp2" t="4" d="1"/>
<D id="314" f="6" l="516" c="95" n="RngLo" t="4" d="1"/>
<D id="315" f="8" l="3629" c="7" n="__polyspace_vararg" t="1" d="1"/>
<D id="316" f="6" l="544" c="95" n="RngLo" t="4" d="1"/>
<D id="317" f="6" l="382" c="86" n="Inp2" t="4" d="1"/>
<D id="318" f="6" l="408" c="95" n="Inp2" t="4" d="1"/>
<D id="319" f="6" l="474" c="94" n="RngLo" t="4" d="1"/>
<D id="320" f="6" l="517" c="95" n="RngHi" t="4" d="1"/>
<D id="321" f="6" l="545" c="95" n="RngHi" t="4" d="1"/>
<D id="322" f="6" l="475" c="94" n="RngHi" t="4" d="1"/>
<D id="323" f="6" l="356" c="95" n="Inp2" t="4" d="1"/>
<D id="324" f="6" l="447" c="95" n="Inp2" t="4" d="1"/>
<D id="325" f="6" l="395" c="86" n="Inp2" t="4" d="1"/>
<D id="326" f="6" l="488" c="94" n="RngLo" t="4" d="1"/>
<D id="327" f="6" l="489" c="94" n="RngHi" t="4" d="1"/>
<D id="328" f="6" l="369" c="96" n="Inp2" t="4" d="1"/>
<D id="329" f="6" l="178" c="97" n="Inp2" t="4" d="1"/>
<D id="330" f="6" l="179" c="97" n="Fac" t="4" d="1"/>
</Definitions>
<Uses>
<U id="1" f="10" l="302" c="20" d="81" a="0"/>
<U id="2" f="7" l="300" c="121" d="200" a="1"/>
<U id="3" f="7" l="322" c="110" d="235" a="0"/>
<U id="4" f="10" l="113" c="12" d="9" a="0"/>
<U id="5" f="7" l="263" c="99" d="287" a="0"/>
<U id="6" f="10" l="260" c="20" d="68" a="0"/>
<U id="7" f="10" l="141" c="12" d="23" a="0"/>
<U id="8" f="7" l="330" c="102" d="188" a="1"/>
<U id="9" f="7" l="261" c="110" d="200" a="1"/>
<U id="10" f="10" l="280" c="20" d="68" a="0"/>
<U id="11" f="7" l="300" c="150" d="189" a="0"/>
<U id="12" f="10" l="122" c="41" d="2" a="0"/>
<U id="13" f="10" l="111" c="15" d="127" a="0"/>
<U id="14" f="10" l="162" c="39" d="68" a="0"/>
<U id="15" f="10" l="150" c="41" d="20" a="0"/>
<U id="16" f="10" l="132" c="41" d="72" a="0"/>
<U id="17" f="7" l="286" c="99" d="234" a="1"/>
<U id="18" f="10" l="170" c="41" d="27" a="0"/>
<U id="19" f="7" l="319" c="110" d="235" a="0"/>
<U id="20" f="10" l="123" c="15" d="3" a="0"/>
<U id="21" f="7" l="300" c="134" d="157" a="0"/>
<U id="22" f="10" l="113" c="34" d="154" a="0"/>
<U id="23" f="10" l="151" c="15" d="4" a="0"/>
<U id="24" f="10" l="209" c="12" d="6" a="0"/>
<U id="25" f="10" l="113" c="16" d="127" a="0"/>
<U id="26" f="10" l="211" c="17" d="158" a="0"/>
<U id="27" f="10" l="141" c="34" d="139" a="0"/>
<U id="28" f="10" l="190" c="41" d="31" a="0"/>
<U id="29" f="10" l="121" c="17" d="52" a="0"/>
<U id="30" f="10" l="141" c="16" d="127" a="0"/>
<U id="31" f="7" l="263" c="140" d="157" a="0"/>
<U id="32" f="7" l="261" c="123" d="157" a="0"/>
<U id="33" f="10" l="171" c="15" d="7" a="0"/>
<U id="34" f="10" l="218" c="41" d="11" a="0"/>
<U id="35" f="10" l="207" c="15" d="127" a="0"/>
<U id="36" f="10" l="239" c="12" d="33" a="0"/>
<U id="37" f="10" l="241" c="17" d="158" a="0"/>
<U id="38" f="7" l="257" c="103" d="187" a="0"/>
<U id="39" f="10" l="191" c="15" d="10" a="0"/>
<U id="40" f="10" l="115" c="17" d="154" a="0"/>
<U id="41" f="10" l="200" c="57" d="98" a="0"/>
<U id="42" f="10" l="143" c="17" d="139" a="0"/>
<U id="43" f="7" l="257" c="113" d="188" a="1"/>
<U id="44" f="7" l="349" c="103" d="187" a="0"/>
<U id="45" f="7" l="362" c="106" d="263" a="0"/>
<U id="46" f="10" l="104" c="37" d="79" a="0"/>
<U id="47" f="10" l="182" c="43" d="68" a="0"/>
<U id="48" f="7" l="333" c="107" d="234" a="1"/>
<U id="49" f="10" l="248" c="41" d="16" a="0"/>
<U id="50" f="10" l="237" c="15" d="127" a="0"/>
<U id="51" f="7" l="363" c="106" d="273" a="0"/>
<U id="52" f="10" l="219" c="15" d="13" a="0"/>
<U id="53" f="7" l="322" c="145" d="218" a="0"/>
<U id="54" f="7" l="349" c="122" d="188" a="1"/>
<U id="55" f="10" l="209" c="34" d="158" a="0"/>
<U id="56" f="7" l="322" c="127" d="217" a="0"/>
<U id="57" f="10" l="209" c="16" d="127" a="0"/>
<U id="58" f="10" l="217" c="17" d="52" a="0"/>
<U id="59" f="10" l="139" c="15" d="127" a="0"/>
<U id="60" f="7" l="281" c="153" d="218" a="0"/>
<U id="61" f="7" l="281" c="135" d="217" a="0"/>
<U id="62" f="7" l="255" c="116" d="213" a="1"/>
<U id="63" f="7" l="299" c="112" d="187" a="0"/>
<U id="64" f="10" l="249" c="15" d="19" a="0"/>
<U id="65" f="7" l="258" c="115" d="200" a="1"/>
<U id="66" f="10" l="239" c="34" d="158" a="0"/>
<U id="67" f="7" l="299" c="122" d="188" a="1"/>
<U id="68" f="10" l="239" c="16" d="127" a="0"/>
<U id="69" f="7" l="257" c="125" d="157" a="0"/>
<U id="70" f="7" l="347" c="116" d="213" a="1"/>
<U id="71" f="7" l="281" c="118" d="235" a="0"/>
<U id="72" f="10" l="247" c="17" d="52" a="0"/>
<U id="73" f="7" l="263" c="127" d="200" a="1"/>
<U id="74" f="7" l="338" c="107" d="223" a="1"/>
<U id="75" f="10" l="268" c="43" d="30" a="0"/>
<U id="76" f="10" l="269" c="15" d="34" a="0"/>
<U id="77" f="7" l="349" c="143" d="188" a="1"/>
<U id="78" f="10" l="149" c="17" d="52" a="0"/>
<U id="79" f="10" l="267" c="17" d="68" a="0"/>
<U id="80" f="7" l="319" c="145" d="218" a="0"/>
<U id="81" f="7" l="319" c="127" d="217" a="0"/>
<U id="82" f="10" l="288" c="43" d="36" a="0"/>
<U id="83" f="10" l="289" c="15" d="38" a="0"/>
<U id="84" f="7" l="278" c="153" d="218" a="0"/>
<U id="85" f="10" l="169" c="17" d="52" a="0"/>
<U id="86" f="7" l="278" c="135" d="217" a="0"/>
<U id="87" f="10" l="287" c="17" d="68" a="0"/>
<U id="88" f="7" l="299" c="134" d="157" a="0"/>
<U id="89" f="7" l="263" c="157" d="284" a="0"/>
<U id="90" f="7" l="297" c="117" d="213" a="1"/>
<U id="91" f="10" l="228" c="57" d="53" a="0"/>
<U id="92" f="10" l="189" c="17" d="52" a="0"/>
<U id="93" f="7" l="258" c="128" d="157" a="0"/>
<U id="94" f="7" l="278" c="118" d="235" a="0"/>
<U id="95" f="10" l="228" c="76" d="98" a="0"/>
<U id="96" f="7" l="263" c="196" d="189" a="0"/>
<U id="97" f="8" l="11420" c="9" d="45" a="0"/>
<U id="98" f="4" l="90" c="0" d="147" a="0"/>
<U id="99" f="4" l="51" c="2" d="144" a="0"/>
<U id="100" f="4" l="83" c="0" d="147" a="0"/>
<U id="101" f="4" l="84" c="0" d="147" a="0"/>
<U id="102" f="4" l="85" c="0" d="147" a="0"/>
<U id="103" f="4" l="86" c="0" d="147" a="0"/>
<U id="104" f="4" l="87" c="0" d="147" a="0"/>
<U id="105" f="4" l="88" c="0" d="147" a="0"/>
<U id="106" f="9" l="20" c="8" d="51" a="0"/>
<U id="107" f="1" l="50" c="8" d="94" a="0"/>
<U id="108" f="4" l="89" c="0" d="147" a="0"/>
<U id="109" f="9" l="30" c="8" d="68" a="0"/>
<U id="110" f="9" l="21" c="8" d="68" a="0"/>
<U id="111" f="9" l="12" c="8" d="51" a="0"/>
<U id="112" f="9" l="40" c="8" d="84" a="0"/>
<U id="113" f="9" l="22" c="8" d="52" a="0"/>
<U id="114" f="9" l="41" c="8" d="91" a="0"/>
<U id="115" f="9" l="23" c="8" d="52" a="0"/>
<U id="116" f="9" l="14" c="8" d="51" a="0"/>
<U id="117" f="9" l="51" c="8" d="52" a="0"/>
<U id="118" f="9" l="42" c="8" d="76" a="0"/>
<U id="119" f="9" l="33" c="8" d="111" a="0"/>
<U id="120" f="9" l="24" c="8" d="52" a="0"/>
<U id="121" f="9" l="15" c="8" d="87" a="0"/>
<U id="122" f="9" l="52" c="8" d="48" a="0"/>
<U id="123" f="9" l="43" c="8" d="65" a="0"/>
<U id="124" f="9" l="25" c="8" d="52" a="0"/>
<U id="125" f="1" l="84" c="7" d="119" a="0"/>
<U id="126" f="9" l="16" c="8" d="59" a="0"/>
<U id="127" f="9" l="53" c="8" d="53" a="0"/>
<U id="128" f="9" l="44" c="8" d="82" a="0"/>
<U id="129" f="9" l="35" c="8" d="65" a="0"/>
<U id="130" f="9" l="26" c="8" d="53" a="0"/>
<U id="131" f="9" l="45" c="8" d="92" a="0"/>
<U id="132" f="9" l="36" c="8" d="92" a="0"/>
<U id="133" f="9" l="27" c="8" d="52" a="0"/>
<U id="134" f="9" l="18" c="8" d="47" a="0"/>
<U id="135" f="9" l="46" c="8" d="73" a="0"/>
<U id="136" f="9" l="37" c="8" d="62" a="0"/>
<U id="137" f="9" l="28" c="8" d="52" a="0"/>
<U id="138" f="9" l="47" c="8" d="70" a="0"/>
<U id="139" f="1" l="49" c="8" d="94" a="0"/>
<U id="140" f="9" l="38" c="8" d="69" a="0"/>
<U id="141" f="9" l="29" c="8" d="68" a="0"/>
<U id="142" f="9" l="39" c="8" d="58" a="0"/>
<U id="143" f="9" l="49" c="8" d="47" a="0"/>
<U id="144" f="7" l="88" c="7" d="187" a="0"/>
<U id="145" f="3" l="140" c="3" d="144" a="0"/>
<U id="146" f="4" l="62" c="21" d="57" a="0"/>
<U id="147" f="10" l="48" c="0" d="52" a="0"/>
<U id="148" f="9" l="20" c="33" d="48" a="0"/>
<U id="149" f="10" l="76" c="0" d="52" a="0"/>
<U id="150" f="1" l="84" c="39" d="119" a="0"/>
<U id="151" f="4" l="90" c="59" d="124" a="0"/>
<U id="152" f="9" l="30" c="52" d="68" a="0"/>
<U id="153" f="4" l="85" c="39" d="187" a="0"/>
<U id="154" f="3" l="136" c="3" d="160" a="0"/>
<U id="155" f="9" l="22" c="34" d="79" a="0"/>
<U id="156" f="9" l="28" c="49" d="98" a="0"/>
<U id="157" f="4" l="90" c="15" d="17" a="0"/>
<U id="158" f="3" l="137" c="3" d="160" a="0"/>
<U id="159" f="4" l="84" c="41" d="187" a="0"/>
<U id="160" f="9" l="24" c="34" d="72" a="0"/>
<U id="161" f="9" l="31" c="17" d="54" a="0"/>
<U id="162" f="3" l="138" c="3" d="144" a="0"/>
<U id="163" f="7" l="410" c="8" d="180" a="1"/>
<U id="164" f="9" l="30" c="36" d="68" a="0"/>
<U id="165" f="9" l="50" c="17" d="47" a="0"/>
<U id="166" f="7" l="230" c="8" d="223" a="1"/>
<U id="167" f="4" l="83" c="15" d="185" a="0"/>
<U id="168" f="9" l="25" c="34" d="68" a="0"/>
<U id="169" f="9" l="32" c="17" d="52" a="0"/>
<U id="170" f="3" l="132" c="8" d="144" a="0"/>
<U id="171" f="3" l="139" c="3" d="144" a="0"/>
<U id="172" f="10" l="52" c="8" d="302" a="0"/>
<U id="173" f="7" l="231" c="8" d="234" a="1"/>
<U id="174" f="4" l="84" c="15" d="193" a="0"/>
<U id="175" f="10" l="80" c="8" d="230" a="0"/>
<U id="176" f="4" l="87" c="41" d="187" a="0"/>
<U id="177" f="10" l="53" c="8" d="127" a="0"/>
<U id="178" f="4" l="85" c="15" d="5" a="0"/>
<U id="179" f="9" l="27" c="34" d="98" a="0"/>
<U id="180" f="9" l="34" c="17" d="68" a="0"/>
<U id="181" f="10" l="81" c="8" d="127" a="0"/>
<U id="182" f="4" l="86" c="15" d="8" a="0"/>
<U id="183" f="9" l="28" c="34" d="53" a="0"/>
<U id="184" f="4" l="89" c="59" d="124" a="0"/>
<U id="185" f="6" l="811" c="8" d="311" a="1"/>
<U id="186" f="7" l="404" c="8" d="118" a="1"/>
<U id="187" f="9" l="17" c="17" d="87" a="0"/>
<U id="188" f="9" l="54" c="17" d="53" a="0"/>
<U id="189" f="7" l="180" c="8" d="160" a="0"/>
<U id="190" f="4" l="87" c="15" d="12" a="0"/>
<U id="191" f="4" l="86" c="43" d="130" a="0"/>
<U id="192" f="7" l="405" c="8" d="165" a="1"/>
<U id="193" f="5" l="725" c="6" d="14" a="0"/>
<U id="194" f="7" l="190" c="8" d="187" a="0"/>
<U id="195" f="7" l="225" c="8" d="269" a="1"/>
<U id="196" f="4" l="88" c="15" d="15" a="0"/>
<U id="197" f="6" l="660" c="8" d="187" a="0"/>
<U id="198" f="9" l="19" c="17" d="95" a="0"/>
<U id="199" f="7" l="406" c="8" d="156" a="1"/>
<U id="200" f="5" l="726" c="6" d="18" a="0"/>
<U id="201" f="4" l="89" c="15" d="1" a="0"/>
<U id="202" f="7" l="191" c="8" d="187" a="0"/>
<U id="203" f="7" l="226" c="8" d="296" a="1"/>
<U id="204" f="6" l="670" c="8" d="303" a="1"/>
<U id="205" f="7" l="182" c="8" d="124" a="0"/>
<U id="206" f="10" l="66" c="8" d="52" a="0"/>
<U id="207" f="7" l="87" c="16" d="160" a="0"/>
<U id="208" f="4" l="83" c="37" d="187" a="0"/>
<U id="209" f="9" l="48" c="17" d="48" a="0"/>
<U id="210" f="6" l="814" c="8" d="311" a="1"/>
<U id="211" f="7" l="407" c="8" d="227" a="1"/>
<U id="212" f="10" l="94" c="8" d="52" a="0"/>
<U id="213" f="9" l="30" c="68" d="68" a="0"/>
<U id="214" f="7" l="192" c="8" d="187" a="0"/>
<U id="215" f="7" l="227" c="8" d="272" a="1"/>
<U id="216" f="9" l="29" c="36" d="68" a="0"/>
<U id="217" f="6" l="671" c="8" d="307" a="1"/>
<U id="218" f="7" l="183" c="8" d="124" a="0"/>
<U id="219" f="7" l="408" c="8" d="136" a="1"/>
<U id="220" f="7" l="89" c="16" d="130" a="0"/>
<U id="221" f="7" l="193" c="8" d="187" a="0"/>
<U id="222" f="7" l="228" c="8" d="263" a="1"/>
<U id="223" f="7" l="184" c="8" d="124" a="0"/>
<U id="224" f="6" l="663" c="8" d="237" a="1"/>
<U id="225" f="10" l="59" c="8" d="302" a="0"/>
<U id="226" f="6" l="781" c="8" d="291" a="1"/>
<U id="227" f="7" l="409" c="8" d="192" a="1"/>
<U id="228" f="4" l="88" c="45" d="187" a="0"/>
<U id="229" f="10" l="87" c="8" d="230" a="0"/>
<U id="230" f="7" l="194" c="8" d="187" a="0"/>
<U id="231" f="7" l="229" c="8" d="273" a="1"/>
<U id="232" f="6" l="664" c="8" d="259" a="1"/>
<U id="233" f="7" l="176" c="8" d="130" a="0"/>
<U id="234" f="6" l="655" c="8" d="173" a="0"/>
<U id="235" f="7" l="195" c="8" d="187" a="0"/>
<U id="236" f="7" l="186" c="8" d="187" a="0"/>
<U id="237" f="6" l="665" c="8" d="195" a="1"/>
<U id="238" f="7" l="177" c="8" d="130" a="0"/>
<U id="239" f="6" l="656" c="8" d="144" a="0"/>
<U id="240" f="6" l="783" c="8" d="291" a="1"/>
<U id="241" f="4" l="90" c="78" d="124" a="0"/>
<U id="242" f="6" l="809" c="8" d="286" a="1"/>
<U id="243" f="7" l="196" c="8" d="187" a="0"/>
<U id="244" f="7" l="187" c="8" d="187" a="0"/>
<U id="245" f="6" l="666" c="8" d="251" a="1"/>
<U id="246" f="7" l="467" c="8" d="187" a="0"/>
<U id="247" f="6" l="657" c="8" d="187" a="0"/>
<U id="248" f="7" l="197" c="8" d="187" a="0"/>
<U id="249" f="7" l="188" c="8" d="187" a="0"/>
<U id="250" f="7" l="179" c="8" d="160" a="0"/>
<U id="251" f="6" l="658" c="8" d="187" a="0"/>
<U id="252" f="6" l="776" c="8" d="187" a="0"/>
<U id="253" f="7" l="189" c="8" d="187" a="0"/>
<U id="254" f="6" l="668" c="8" d="295" a="1"/>
<U id="255" f="6" l="659" c="8" d="187" a="0"/>
<U id="256" f="6" l="777" c="8" d="160" a="0"/>
<U id="257" f="6" l="778" c="8" d="138" a="0"/>
<U id="258" f="6" l="779" c="8" d="187" a="0"/>
<U id="259" f="10" l="200" c="0" d="52" a="0"/>
<U id="260" f="6" l="230" c="9" d="187" a="0"/>
<U id="261" f="10" l="104" c="0" d="52" a="0"/>
<U id="262" f="6" l="420" c="9" d="160" a="0"/>
<U id="263" f="6" l="501" c="9" d="150" a="0"/>
<U id="264" f="10" l="132" c="0" d="52" a="0"/>
<U id="265" f="6" l="303" c="9" d="144" a="0"/>
<U id="266" f="6" l="204" c="9" d="160" a="0"/>
<U id="267" f="11" l="70" c="19" d="51" a="0"/>
<U id="268" f="10" l="260" c="0" d="68" a="0"/>
<U id="269" f="6" l="621" c="9" d="187" a="0"/>
<U id="270" f="6" l="242" c="9" d="138" a="0"/>
<U id="271" f="6" l="342" c="9" d="173" a="0"/>
<U id="272" f="11" l="62" c="19" d="51" a="0"/>
<U id="273" f="7" l="220" c="39" d="228" a="1"/>
<U id="274" f="10" l="162" c="0" d="52" a="0"/>
<U id="275" f="6" l="410" c="30" d="181" a="0"/>
<U id="276" f="6" l="433" c="9" d="173" a="0"/>
<U id="277" f="7" l="300" c="40" d="266" a="1"/>
<U id="278" f="10" l="280" c="0" d="68" a="0"/>
<U id="279" f="11" l="54" c="19" d="51" a="0"/>
<U id="280" f="6" l="290" c="9" d="138" a="0"/>
<U id="281" f="11" l="60" c="12" d="128" a="0"/>
<U id="282" f="6" l="316" c="9" d="150" a="0"/>
<U id="283" f="6" l="220" c="40" d="124" a="0"/>
<U id="284" f="6" l="191" c="9" d="144" a="0"/>
<U id="285" f="6" l="515" c="9" d="160" a="0"/>
<U id="286" f="6" l="217" c="9" d="124" a="0"/>
<U id="287" f="6" l="633" c="9" d="187" a="0"/>
<U id="288" f="6" l="254" c="9" d="138" a="0"/>
<U id="289" f="6" l="381" c="9" d="138" a="0"/>
<U id="290" f="6" l="543" c="9" d="124" a="0"/>
<U id="291" f="6" l="407" c="9" d="150" a="0"/>
<U id="292" f="6" l="410" c="22" d="318" a="0"/>
<U id="293" f="10" l="182" c="0" d="52" a="0"/>
<U id="294" f="6" l="204" c="30" d="150" a="0"/>
<U id="295" f="6" l="230" c="31" d="187" a="0"/>
<U id="296" f="11" l="52" c="12" d="128" a="0"/>
<U id="297" f="6" l="220" c="59" d="267" a="0"/>
<U id="298" f="6" l="611" c="12" d="110" a="0"/>
<U id="299" f="6" l="232" c="12" d="114" a="0"/>
<U id="300" f="11" l="70" c="31" d="117" a="0"/>
<U id="301" f="6" l="572" c="9" d="187" a="0"/>
<U id="302" f="6" l="332" c="30" d="208" a="0"/>
<U id="303" f="6" l="355" c="9" d="124" a="0"/>
<U id="304" f="6" l="181" c="29" d="330" a="0"/>
<U id="305" f="6" l="220" c="14" d="267" a="0"/>
<U id="306" f="7" l="303" c="40" d="296" a="1"/>
<U id="307" f="6" l="473" c="9" d="138" a="0"/>
<U id="308" f="7" l="220" c="14" d="5" a="0"/>
<U id="309" f="6" l="410" c="14" d="181" a="0"/>
<U id="310" f="11" l="46" c="11" d="128" a="0"/>
<U id="311" f="11" l="72" c="12" d="117" a="0"/>
<U id="312" f="6" l="423" c="30" d="134" a="0"/>
<U id="313" f="7" l="322" c="40" d="273" a="1"/>
<U id="314" f="10" l="228" c="0" d="52" a="0"/>
<U id="315" f="6" l="191" c="29" d="138" a="0"/>
<U id="316" f="6" l="446" c="9" d="124" a="0"/>
<U id="317" f="6" l="802" c="12" d="291" a="0"/>
<U id="318" f="11" l="62" c="31" d="116" a="0"/>
<U id="319" f="7" l="350" c="40" d="218" a="1"/>
<U id="320" f="6" l="266" c="9" d="138" a="0"/>
<U id="321" f="6" l="220" c="33" d="267" a="0"/>
<U id="322" f="7" l="221" c="14" d="8" a="0"/>
<U id="323" f="6" l="220" c="24" d="124" a="0"/>
<U id="324" f="6" l="306" c="30" d="125" a="0"/>
<U id="325" f="7" l="413" c="40" d="288" a="0"/>
<U id="326" f="6" l="329" c="9" d="160" a="0"/>
<U id="327" f="6" l="332" c="22" d="271" a="0"/>
<U id="328" f="6" l="505" c="30" d="290" a="0"/>
<U id="329" f="11" l="64" c="12" d="116" a="0"/>
<U id="330" f="6" l="303" c="23" d="144" a="0"/>
<U id="331" f="6" l="609" c="9" d="187" a="0"/>
<U id="332" f="6" l="505" c="21" d="290" a="0"/>
<U id="333" f="6" l="712" c="49" d="303" a="0"/>
<U id="334" f="7" l="202" c="24" d="187" a="0"/>
<U id="335" f="7" l="211" c="15" d="160" a="0"/>
<U id="336" f="6" l="371" c="30" d="258" a="0"/>
<U id="337" f="6" l="533" c="30" d="293" a="0"/>
<U id="338" f="6" l="703" c="49" d="303" a="0"/>
<U id="339" f="7" l="230" c="42" d="192" a="0"/>
<U id="340" f="11" l="54" c="31" d="77" a="0"/>
<U id="341" f="6" l="394" c="9" d="144" a="0"/>
<U id="342" f="6" l="533" c="21" d="293" a="0"/>
<U id="343" f="6" l="623" c="12" d="113" a="0"/>
<U id="344" f="7" l="222" c="14" d="185" a="0"/>
<U id="345" f="7" l="261" c="40" d="296" a="1"/>
<U id="346" f="8" l="571" c="11" d="224" a="0"/>
<U id="347" f="6" l="177" c="9" d="187" a="0"/>
<U id="348" f="6" l="423" c="22" d="278" a="0"/>
<U id="349" f="6" l="561" c="30" d="37" a="0"/>
<U id="350" f="6" l="217" c="30" d="173" a="0"/>
<U id="351" f="6" l="420" c="24" d="160" a="0"/>
<U id="352" f="6" l="501" c="24" d="150" a="0"/>
<U id="353" f="6" l="572" c="29" d="187" a="0"/>
<U id="354" f="6" l="280" c="40" d="138" a="0"/>
<U id="355" f="6" l="561" c="21" d="37" a="0"/>
<U id="356" f="6" l="702" c="50" d="303" a="0"/>
<U id="357" f="6" l="722" c="49" d="303" a="0"/>
<U id="358" f="7" l="243" c="40" d="272" a="1"/>
<U id="359" f="6" l="529" c="9" d="173" a="0"/>
<U id="360" f="6" l="462" c="30" d="268" a="0"/>
<U id="361" f="11" l="56" c="12" d="77" a="0"/>
<U id="362" f="7" l="203" c="24" d="130" a="0"/>
<U id="363" f="7" l="212" c="15" d="187" a="0"/>
<U id="364" f="6" l="505" c="40" d="135" a="0"/>
<U id="365" f="7" l="231" c="42" d="180" a="0"/>
<U id="366" f="6" l="557" c="9" d="187" a="0"/>
<U id="367" f="6" l="207" c="40" d="160" a="0"/>
<U id="368" f="6" l="306" c="22" d="289" a="0"/>
<U id="369" f="6" l="332" c="14" d="208" a="0"/>
<U id="370" f="6" l="533" c="40" d="221" a="0"/>
<U id="371" f="7" l="410" c="34" d="234" a="0"/>
<U id="372" f="10" l="23" c="16" d="49" a="0"/>
<U id="373" f="10" l="57" c="12" d="302" a="0"/>
<U id="374" f="10" l="76" c="39" d="79" a="0"/>
<U id="375" f="8" l="563" c="11" d="220" a="0"/>
<U id="376" f="6" l="585" c="9" d="187" a="0"/>
<U id="377" f="6" l="345" c="30" d="153" a="0"/>
<U id="378" f="7" l="371" c="40" d="263" a="1"/>
<U id="379" f="7" l="413" c="14" d="12" a="0"/>
<U id="380" f="6" l="368" c="9" d="187" a="0"/>
<U id="381" f="6" l="371" c="22" d="328" a="0"/>
<U id="382" f="6" l="561" c="40" d="250" a="0"/>
<U id="383" f="7" l="221" c="43" d="257" a="1"/>
<U id="384" f="7" l="281" c="40" d="273" a="1"/>
<U id="385" f="11" l="23" c="16" d="49" a="0"/>
<U id="386" f="10" l="85" c="12" d="230" a="0"/>
<U id="387" f="6" l="278" c="9" d="138" a="0"/>
<U id="388" f="7" l="204" c="24" d="160" a="0"/>
<U id="389" f="7" l="213" c="15" d="187" a="0"/>
<U id="390" f="10" l="211" c="8" d="6" a="0"/>
<U id="391" f="6" l="423" c="14" d="134" a="0"/>
<U id="392" f="6" l="491" c="30" d="327" a="0"/>
<U id="393" f="6" l="575" c="19" d="283" a="0"/>
<U id="394" f="7" l="263" c="40" d="266" a="1"/>
<U id="395" f="6" l="207" c="59" d="233" a="0"/>
<U id="396" f="6" l="436" c="30" d="161" a="0"/>
<U id="397" f="6" l="491" c="21" d="327" a="0"/>
<U id="398" f="6" l="670" c="31" d="295" a="0"/>
<U id="399" f="6" l="713" c="50" d="303" a="0"/>
<U id="400" f="6" l="733" c="49" d="303" a="0"/>
<U id="401" f="7" l="225" c="50" d="227" a="0"/>
<U id="402" f="6" l="459" c="9" d="187" a="0"/>
<U id="403" f="6" l="774" c="10" d="187" a="0"/>
<U id="404" f="6" l="462" c="22" d="309" a="0"/>
<U id="405" f="6" l="664" c="20" d="237" a="0"/>
<U id="406" f="7" l="372" c="40" d="273" a="1"/>
<U id="407" f="8" l="555" c="11" d="244" a="0"/>
<U id="408" f="6" l="280" c="14" d="304" a="0"/>
<U id="409" f="7" l="404" c="42" d="263" a="0"/>
<U id="410" f="7" l="470" c="41" d="277" a="1"/>
<U id="411" f="6" l="487" c="9" d="144" a="0"/>
<U id="412" f="7" l="205" c="24" d="187" a="0"/>
<U id="413" f="7" l="214" c="15" d="160" a="0"/>
<U id="414" f="6" l="293" c="30" d="141" a="0"/>
<U id="415" f="6" l="306" c="14" d="125" a="0"/>
<U id="416" f="6" l="732" c="50" d="303" a="0"/>
<U id="417" f="10" l="302" c="8" d="51" a="0"/>
<U id="418" f="6" l="181" c="14" d="261" a="0"/>
<U id="419" f="6" l="194" c="39" d="144" a="0"/>
<U id="420" f="6" l="319" c="30" d="172" a="0"/>
<U id="421" f="6" l="505" c="14" d="135" a="0"/>
<U id="422" f="6" l="723" c="50" d="303" a="0"/>
<U id="423" f="6" l="743" c="49" d="303" a="0"/>
<U id="424" f="7" l="473" c="12" d="121" a="0"/>
<U id="425" f="6" l="290" c="23" d="138" a="0"/>
<U id="426" f="6" l="207" c="14" d="233" a="0"/>
<U id="427" f="6" l="345" c="22" d="305" a="0"/>
<U id="428" f="6" l="804" c="41" d="291" a="0"/>
<U id="429" f="7" l="470" c="14" d="193" a="0"/>
<U id="430" f="10" l="122" c="8" d="52" a="0"/>
<U id="431" f="6" l="342" c="24" d="173" a="0"/>
<U id="432" f="6" l="244" c="14" d="201" a="0"/>
<U id="433" f="6" l="371" c="14" d="258" a="0"/>
<U id="434" f="6" l="491" c="40" d="210" a="0"/>
<U id="435" f="6" l="533" c="14" d="221" a="0"/>
<U id="436" f="7" l="373" c="40" d="227" a="1"/>
<U id="437" f="11" l="68" c="12" d="128" a="0"/>
<U id="438" f="6" l="384" c="30" d="146" a="0"/>
<U id="439" f="6" l="742" c="50" d="303" a="0"/>
<U id="440" f="7" l="318" c="40" d="276" a="1"/>
<U id="441" f="7" l="405" c="42" d="273" a="0"/>
<U id="442" f="10" l="66" c="41" d="149" a="0"/>
<U id="443" f="8" l="547" c="11" d="254" a="0"/>
<U id="444" f="7" l="206" c="24" d="160" a="0"/>
<U id="445" f="7" l="215" c="15" d="187" a="0"/>
<U id="446" f="6" l="561" c="14" d="250" a="0"/>
<U id="447" f="6" l="636" c="12" d="122" a="0"/>
<U id="448" f="6" l="707" c="49" d="303" a="0"/>
<U id="449" f="6" l="753" c="49" d="303" a="0"/>
<U id="450" f="10" l="150" c="8" d="52" a="0"/>
<U id="451" f="6" l="381" c="23" d="138" a="0"/>
<U id="452" f="6" l="436" c="22" d="308" a="0"/>
<U id="453" f="10" l="55" c="15" d="127" a="0"/>
<U id="454" f="10" l="94" c="41" d="155" a="0"/>
<U id="455" f="6" l="304" c="80" d="144" a="0"/>
<U id="456" f="6" l="433" c="24" d="173" a="0"/>
<U id="457" f="6" l="597" c="9" d="187" a="0"/>
<U id="458" f="6" l="462" c="14" d="268" a="0"/>
<U id="459" f="6" l="519" c="30" d="320" a="0"/>
<U id="460" f="6" l="664" c="12" d="173" a="0"/>
<U id="461" f="6" l="702" c="25" d="22" a="0"/>
<U id="462" f="7" l="227" c="50" d="136" a="0"/>
<U id="463" f="7" l="256" c="40" d="284" a="1"/>
<U id="464" f="6" l="207" c="33" d="233" a="0"/>
<U id="465" f="6" l="519" c="21" d="320" a="0"/>
<U id="466" f="7" l="330" c="81" d="188" a="1"/>
<U id="467" f="10" l="204" c="8" d="6" a="0"/>
<U id="468" f="10" l="83" c="15" d="127" a="0"/>
<U id="469" f="6" l="207" c="24" d="160" a="0"/>
<U id="470" f="6" l="293" c="22" d="312" a="0"/>
<U id="471" f="6" l="547" c="30" d="321" a="0"/>
<U id="472" f="7" l="319" c="40" d="263" a="1"/>
<U id="473" f="6" l="166" c="13" d="160" a="0"/>
<U id="474" f="7" l="207" c="24" d="187" a="0"/>
<U id="475" f="7" l="216" c="15" d="124" a="0"/>
<U id="476" f="6" l="244" c="24" d="138" a="0"/>
<U id="477" f="6" l="319" c="22" d="313" a="0"/>
<U id="478" f="6" l="547" c="21" d="321" a="0"/>
<U id="479" f="6" l="665" c="30" d="259" a="0"/>
<U id="480" f="6" l="708" c="49" d="303" a="0"/>
<U id="481" f="10" l="241" c="8" d="33" a="0"/>
<U id="482" f="6" l="316" c="24" d="150" a="0"/>
<U id="483" f="6" l="345" c="14" d="153" a="0"/>
<U id="484" f="6" l="665" c="21" d="187" a="0"/>
<U id="485" f="6" l="671" c="23" d="295" a="0"/>
<U id="486" f="6" l="712" c="25" d="22" a="0"/>
<U id="487" f="7" l="226" c="42" d="156" a="0"/>
<U id="488" f="6" l="515" c="24" d="160" a="0"/>
<U id="489" f="6" l="358" c="30" d="194" a="0"/>
<U id="490" f="6" l="611" c="17" d="242" a="0"/>
<U id="491" f="6" l="703" c="25" d="25" a="0"/>
<U id="492" f="6" l="792" c="12" d="291" a="0"/>
<U id="493" f="7" l="257" c="40" d="252" a="1"/>
<U id="494" f="7" l="300" c="83" d="284" a="0"/>
<U id="495" f="7" l="324" c="43" d="284" a="0"/>
<U id="496" f="10" l="304" c="8" d="81" a="0"/>
<U id="497" f="10" l="27" c="16" d="68" a="0"/>
<U id="498" f="6" l="384" c="22" d="317" a="0"/>
<U id="499" f="6" l="575" c="12" d="115" a="0"/>
<U id="500" f="6" l="692" c="49" d="303" a="0"/>
<U id="501" f="6" l="727" c="49" d="303" a="0"/>
<U id="502" f="7" l="240" c="45" d="272" a="0"/>
<U id="503" f="7" l="326" c="51" d="272" a="0"/>
<U id="504" f="7" l="393" c="22" d="121" a="0"/>
<U id="505" f="6" l="543" c="24" d="124" a="0"/>
<U id="506" f="6" l="650" c="25" d="187" a="0"/>
<U id="507" f="6" l="491" c="14" d="210" a="0"/>
<U id="508" f="6" l="519" c="40" d="174" a="0"/>
<U id="509" f="10" l="205" c="8" d="127" a="0"/>
<U id="510" f="6" l="407" c="24" d="150" a="0"/>
<U id="511" f="6" l="473" c="23" d="138" a="0"/>
<U id="512" f="6" l="621" c="26" d="187" a="0"/>
<U id="513" f="7" l="208" c="24" d="130" a="0"/>
<U id="514" f="7" l="217" c="15" d="124" a="0"/>
<U id="515" f="6" l="410" c="37" d="318" a="0"/>
<U id="516" f="6" l="436" c="14" d="161" a="0"/>
<U id="517" f="6" l="670" c="15" d="195" a="0"/>
<U id="518" f="6" l="722" c="25" d="22" a="0"/>
<U id="519" f="10" l="115" c="8" d="9" a="0"/>
<U id="520" f="10" l="170" c="8" d="52" a="0"/>
<U id="521" f="8" l="586" c="11" d="306" a="0"/>
<U id="522" f="6" l="449" c="30" d="202" a="0"/>
<U id="523" f="6" l="547" c="40" d="178" a="0"/>
<U id="524" f="6" l="663" c="32" d="195" a="0"/>
<U id="525" f="6" l="713" c="25" d="25" a="0"/>
<U id="526" f="7" l="348" c="40" d="284" a="1"/>
<U id="527" f="6" l="256" c="14" d="240" a="0"/>
<U id="528" f="7" l="238" c="41" d="257" a="0"/>
<U id="529" f="7" l="258" c="40" d="287" a="1"/>
<U id="530" f="7" l="333" c="62" d="1" a="0"/>
<U id="531" f="10" l="28" c="16" d="52" a="0"/>
<U id="532" f="6" l="194" c="32" d="236" a="0"/>
<U id="533" f="6" l="293" c="14" d="141" a="0"/>
<U id="534" f="6" l="477" c="30" d="322" a="0"/>
<U id="535" f="6" l="693" c="49" d="303" a="0"/>
<U id="536" f="6" l="702" c="72" d="307" a="0"/>
<U id="537" f="6" l="728" c="49" d="303" a="0"/>
<U id="538" f="6" l="754" c="50" d="303" a="0"/>
<U id="539" f="7" l="241" c="45" d="272" a="0"/>
<U id="540" f="7" l="406" c="34" d="296" a="0"/>
<U id="541" f="7" l="475" c="22" d="15" a="0"/>
<U id="542" f="10" l="143" c="8" d="23" a="0"/>
<U id="543" f="6" l="319" c="14" d="172" a="0"/>
<U id="544" f="6" l="477" c="21" d="322" a="0"/>
<U id="545" f="6" l="732" c="25" d="22" a="0"/>
<U id="546" f="7" l="249" c="31" d="272" a="0"/>
<U id="547" f="7" l="408" c="42" d="272" a="0"/>
<U id="548" f="7" l="209" c="24" d="187" a="0"/>
<U id="549" f="6" l="194" c="14" d="236" a="0"/>
<U id="550" f="6" l="723" c="25" d="25" a="0"/>
<U id="551" f="7" l="277" c="40" d="276" a="1"/>
<U id="552" f="7" l="382" c="24" d="272" a="1"/>
<U id="553" f="10" l="67" c="15" d="163" a="0"/>
<U id="554" f="6" l="633" c="25" d="187" a="0"/>
<U id="555" f="6" l="232" c="18" d="126" a="0"/>
<U id="556" f="6" l="358" c="22" d="323" a="0"/>
<U id="557" f="6" l="747" c="49" d="303" a="0"/>
<U id="558" f="6" l="804" c="16" d="291" a="1"/>
<U id="559" f="7" l="228" c="42" d="118" a="0"/>
<U id="560" f="7" l="303" c="64" d="200" a="1"/>
<U id="561" f="7" l="349" c="40" d="252" a="1"/>
<U id="562" f="6" l="355" c="24" d="124" a="0"/>
<U id="563" f="6" l="384" c="14" d="146" a="0"/>
<U id="564" f="6" l="683" c="50" d="303" a="0"/>
<U id="565" f="6" l="712" c="72" d="307" a="0"/>
<U id="566" f="7" l="306" c="44" d="272" a="0"/>
<U id="567" f="7" l="352" c="44" d="284" a="0"/>
<U id="568" f="10" l="29" c="16" d="53" a="0"/>
<U id="569" f="10" l="57" c="34" d="154" a="0"/>
<U id="570" f="10" l="95" c="15" d="166" a="0"/>
<U id="571" f="6" l="397" c="30" d="183" a="0"/>
<U id="572" f="6" l="742" c="25" d="22" a="0"/>
<U id="573" f="6" l="785" c="12" d="291" a="0"/>
<U id="574" f="7" l="407" c="34" d="269" a="0"/>
<U id="575" f="7" l="473" c="33" d="120" a="0"/>
<U id="576" f="10" l="234" c="8" d="33" a="0"/>
<U id="577" f="6" l="256" c="24" d="138" a="0"/>
<U id="578" f="6" l="733" c="25" d="25" a="0"/>
<U id="579" f="7" l="222" c="37" d="238" a="1"/>
<U id="580" f="7" l="234" c="17" d="269" a="0"/>
<U id="581" f="7" l="350" c="82" d="252" a="0"/>
<U id="582" f="10" l="57" c="16" d="127" a="0"/>
<U id="583" f="10" l="85" c="34" d="154" a="0"/>
<U id="584" f="6" l="291" c="80" d="138" a="0"/>
<U id="585" f="6" l="394" c="23" d="144" a="0"/>
<U id="586" f="6" l="449" c="22" d="324" a="0"/>
<U id="587" f="6" l="477" c="40" d="162" a="0"/>
<U id="588" f="6" l="519" c="14" d="174" a="0"/>
<U id="589" f="7" l="278" c="40" d="263" a="1"/>
<U id="590" f="7" l="383" c="24" d="263" a="1"/>
<U id="591" f="7" l="388" c="30" d="1" a="0"/>
<U id="592" f="10" l="190" c="8" d="52" a="0"/>
<U id="593" f="6" l="446" c="24" d="124" a="0"/>
<U id="594" f="6" l="663" c="15" d="195" a="0"/>
<U id="595" f="6" l="748" c="49" d="303" a="0"/>
<U id="596" f="7" l="229" c="42" d="165" a="0"/>
<U id="597" f="10" l="65" c="17" d="52" a="0"/>
<U id="598" f="10" l="85" c="16" d="127" a="0"/>
<U id="599" f="8" l="579" c="11" d="298" a="0"/>
<U id="600" f="6" l="194" c="24" d="144" a="0"/>
<U id="601" f="6" l="547" c="14" d="178" a="0"/>
<U id="602" f="6" l="587" c="12" d="18" a="0"/>
<U id="603" f="7" l="308" c="89" d="252" a="0"/>
<U id="604" f="6" l="220" c="48" d="173" a="0"/>
<U id="605" f="6" l="665" c="14" d="195" a="0"/>
<U id="606" f="6" l="743" c="25" d="25" a="0"/>
<U id="607" f="7" l="314" c="82" d="205" a="1"/>
<U id="608" f="10" l="108" c="8" d="9" a="0"/>
<U id="609" f="10" l="93" c="17" d="52" a="0"/>
<U id="610" f="6" l="382" c="80" d="138" a="0"/>
<U id="611" f="10" l="235" c="8" d="127" a="0"/>
<U id="612" f="6" l="329" c="24" d="160" a="0"/>
<U id="613" f="7" l="465" c="24" d="187" a="0"/>
<U id="614" f="6" l="181" c="45" d="330" a="0"/>
<U id="615" f="6" l="280" c="27" d="138" a="0"/>
<U id="616" f="6" l="332" c="37" d="271" a="0"/>
<U id="617" f="6" l="358" c="14" d="194" a="0"/>
<U id="618" f="7" l="384" c="24" d="273" a="1"/>
<U id="619" f="6" l="268" c="14" d="265" a="0"/>
<U id="620" f="6" l="703" c="73" d="307" a="0"/>
<U id="621" f="10" l="136" c="8" d="23" a="0"/>
<U id="622" f="10" l="48" c="35" d="79" a="0"/>
<U id="623" f="6" l="242" c="28" d="138" a="0"/>
<U id="624" f="6" l="397" c="22" d="325" a="0"/>
<U id="625" f="6" l="707" c="25" d="22" a="0"/>
<U id="626" f="6" l="753" c="25" d="22" a="0"/>
<U id="627" f="6" l="811" c="37" d="168" a="1"/>
<U id="628" f="6" l="817" c="15" d="311" a="0"/>
<U id="629" f="6" l="811" c="28" d="187" a="0"/>
<U id="630" f="7" l="298" c="40" d="284" a="1"/>
<U id="631" f="7" l="324" c="73" d="187" a="0"/>
<U id="632" f="7" l="409" c="34" d="223" a="0"/>
<U id="633" f="6" l="423" c="37" d="278" a="0"/>
<U id="634" f="6" l="449" c="14" d="202" a="0"/>
<U id="635" f="6" l="623" c="18" d="197" a="0"/>
<U id="636" f="6" l="722" c="73" d="307" a="0"/>
<U id="637" f="7" l="341" c="74" d="266" a="0"/>
<U id="638" f="10" l="109" c="8" d="127" a="0"/>
<U id="639" f="6" l="713" c="73" d="307" a="0"/>
<U id="640" f="6" l="809" c="42" d="187" a="0"/>
<U id="641" f="7" l="266" c="43" d="157" a="0"/>
<U id="642" f="7" l="330" c="57" d="157" a="0"/>
<U id="643" f="7" l="385" c="24" d="157" a="1"/>
<U id="644" f="6" l="529" c="24" d="173" a="0"/>
<U id="645" f="6" l="477" c="14" d="162" a="0"/>
<U id="646" f="6" l="505" c="64" d="135" a="0"/>
<U id="647" f="6" l="636" c="25" d="21" a="0"/>
<U id="648" f="6" l="682" c="25" d="22" a="0"/>
<U id="649" f="6" l="717" c="25" d="22" a="0"/>
<U id="650" f="7" l="244" c="91" d="223" a="1"/>
<U id="651" f="6" l="708" c="25" d="25" a="0"/>
<U id="652" f="6" l="754" c="25" d="25" a="0"/>
<U id="653" f="7" l="237" c="35" d="228" a="0"/>
<U id="654" f="7" l="255" c="90" d="223" a="0"/>
<U id="655" f="7" l="332" c="56" d="272" a="1"/>
<U id="656" f="10" l="137" c="8" d="127" a="0"/>
<U id="657" f="10" l="218" c="8" d="52" a="0"/>
<U id="658" f="6" l="268" c="24" d="138" a="0"/>
<U id="659" f="6" l="306" c="37" d="289" a="0"/>
<U id="660" f="6" l="533" c="64" d="221" a="0"/>
<U id="661" f="6" l="732" c="73" d="307" a="0"/>
<U id="662" f="7" l="299" c="40" d="252" a="1"/>
<U id="663" f="7" l="362" c="82" d="218" a="0"/>
<U id="664" f="7" l="475" c="61" d="118" a="0"/>
<U id="665" f="7" l="479" c="22" d="15" a="0"/>
<U id="666" f="6" l="487" c="23" d="144" a="0"/>
<U id="667" f="6" l="609" c="25" d="187" a="0"/>
<U id="668" f="6" l="682" c="71" d="307" a="0"/>
<U id="669" f="6" l="688" c="49" d="303" a="0"/>
<U id="670" f="6" l="723" c="73" d="307" a="0"/>
<U id="671" f="7" l="395" c="24" d="245" a="1"/>
<U id="672" f="7" l="475" c="52" d="288" a="0"/>
<U id="673" f="6" l="561" c="64" d="250" a="0"/>
<U id="674" f="6" l="692" c="25" d="22" a="0"/>
<U id="675" f="6" l="727" c="25" d="22" a="0"/>
<U id="676" f="6" l="814" c="27" d="311" a="0"/>
<U id="677" f="7" l="236" c="36" d="177" a="0"/>
<U id="678" f="7" l="324" c="83" d="196" a="0"/>
<U id="679" f="7" l="386" c="24" d="189" a="1"/>
<U id="680" f="6" l="244" c="37" d="138" a="0"/>
<U id="681" f="6" l="371" c="37" d="328" a="0"/>
<U id="682" f="6" l="397" c="14" d="183" a="0"/>
<U id="683" f="6" l="599" c="12" d="14" a="0"/>
<U id="684" f="6" l="683" c="25" d="25" a="0"/>
<U id="685" f="6" l="718" c="25" d="25" a="0"/>
<U id="686" f="7" l="244" c="46" d="1" a="0"/>
<U id="687" f="7" l="284" c="44" d="284" a="0"/>
<U id="688" f="6" l="668" c="23" d="195" a="0"/>
<U id="689" f="6" l="742" c="73" d="307" a="0"/>
<U id="690" f="6" l="781" c="26" d="299" a="0"/>
<U id="691" f="6" l="809" c="52" d="291" a="0"/>
<U id="692" f="7" l="338" c="62" d="1" a="0"/>
<U id="693" f="10" l="59" c="17" d="154" a="0"/>
<U id="694" f="6" l="692" c="71" d="307" a="0"/>
<U id="695" f="6" l="707" c="72" d="307" a="0"/>
<U id="696" f="6" l="717" c="35" d="303" a="0"/>
<U id="697" f="6" l="733" c="73" d="307" a="0"/>
<U id="698" f="7" l="313" c="48" d="218" a="1"/>
<U id="699" f="7" l="363" c="82" d="218" a="0"/>
<U id="700" f="6" l="737" c="25" d="22" a="0"/>
<U id="701" f="6" l="809" c="34" d="124" a="0"/>
<U id="702" f="10" l="87" c="17" d="154" a="0"/>
<U id="703" f="6" l="462" c="37" d="309" a="0"/>
<U id="704" f="6" l="505" c="56" d="279" a="0"/>
<U id="705" f="6" l="693" c="25" d="25" a="0"/>
<U id="706" f="6" l="728" c="25" d="25" a="0"/>
<U id="707" f="6" l="814" c="55" d="280" a="0"/>
<U id="708" f="7" l="341" c="48" d="189" a="1"/>
<U id="709" f="7" l="387" c="24" d="296" a="1"/>
<U id="710" f="6" l="254" c="28" d="150" a="0"/>
<U id="711" f="6" l="557" c="25" d="187" a="0"/>
<U id="712" f="6" l="505" c="47" d="279" a="0"/>
<U id="713" f="6" l="814" c="46" d="187" a="0"/>
<U id="714" f="7" l="347" c="90" d="223" a="0"/>
<U id="715" f="7" l="413" c="48" d="245" a="0"/>
<U id="716" f="6" l="181" c="38" d="329" a="0"/>
<U id="717" f="6" l="533" c="56" d="282" a="0"/>
<U id="718" f="6" l="666" c="34" d="259" a="0"/>
<U id="719" f="6" l="743" c="73" d="307" a="0"/>
<U id="720" f="7" l="373" c="82" d="269" a="0"/>
<U id="721" f="6" l="178" c="89" d="187" a="0"/>
<U id="722" f="6" l="395" c="80" d="144" a="0"/>
<U id="723" f="6" l="585" c="25" d="187" a="0"/>
<U id="724" f="6" l="533" c="47" d="282" a="0"/>
<U id="725" f="6" l="708" c="72" d="307" a="0"/>
<U id="726" f="6" l="718" c="35" d="307" a="0"/>
<U id="727" f="6" l="747" c="25" d="22" a="0"/>
<U id="728" f="7" l="314" c="48" d="196" a="1"/>
<U id="729" f="6" l="368" c="25" d="187" a="0"/>
<U id="730" f="6" l="345" c="37" d="305" a="0"/>
<U id="731" f="6" l="491" c="64" d="210" a="0"/>
<U id="732" f="6" l="561" c="56" d="32" a="0"/>
<U id="733" f="6" l="738" c="25" d="25" a="0"/>
<U id="734" f="7" l="309" c="82" d="188" a="1"/>
<U id="735" f="6" l="177" c="26" d="187" a="0"/>
<U id="736" f="6" l="561" c="47" d="32" a="0"/>
<U id="737" f="7" l="255" c="46" d="17" a="0"/>
<U id="738" f="7" l="479" c="60" d="277" a="0"/>
<U id="739" f="6" l="674" c="17" d="251" a="0"/>
<U id="740" f="6" l="727" c="72" d="307" a="0"/>
<U id="741" f="6" l="737" c="35" d="307" a="0"/>
<U id="742" f="6" l="753" c="73" d="307" a="0"/>
<U id="743" f="7" l="237" c="55" d="164" a="0"/>
<U id="744" f="7" l="352" c="75" d="187" a="0"/>
<U id="745" f="7" l="393" c="45" d="120" a="0"/>
<U id="746" f="6" l="575" c="26" d="26" a="0"/>
<U id="747" f="6" l="683" c="72" d="307" a="0"/>
<U id="748" f="6" l="783" c="26" d="291" a="0"/>
<U id="749" f="7" l="303" c="77" d="157" a="0"/>
<U id="750" f="7" l="395" c="53" d="118" a="0"/>
<U id="751" f="10" l="248" c="8" d="52" a="0"/>
<U id="752" f="6" l="179" c="89" d="187" a="0"/>
<U id="753" f="6" l="459" c="25" d="187" a="0"/>
<U id="754" f="6" l="436" c="37" d="308" a="0"/>
<U id="755" f="6" l="636" c="18" d="206" a="0"/>
<U id="756" f="6" l="748" c="25" d="25" a="0"/>
<U id="757" f="6" l="809" c="26" d="160" a="0"/>
<U id="758" f="6" l="794" c="16" d="280" a="1"/>
<U id="759" f="7" l="322" c="86" d="276" a="0"/>
<U id="760" f="6" l="207" c="48" d="150" a="0"/>
<U id="761" f="6" l="256" c="37" d="138" a="0"/>
<U id="762" f="6" l="293" c="37" d="312" a="0"/>
<U id="763" f="6" l="666" c="26" d="124" a="0"/>
<U id="764" f="6" l="677" c="34" d="303" a="0"/>
<U id="765" f="6" l="687" c="70" d="307" a="0"/>
<U id="766" f="6" l="693" c="72" d="307" a="0"/>
<U id="767" f="6" l="728" c="72" d="307" a="0"/>
<U id="768" f="6" l="738" c="35" d="303" a="0"/>
<U id="769" f="6" l="754" c="73" d="307" a="0"/>
<U id="770" f="6" l="783" c="63" d="291" a="0"/>
<U id="771" f="7" l="261" c="67" d="287" a="0"/>
<U id="772" f="6" l="194" c="46" d="138" a="0"/>
<U id="773" f="6" l="319" c="37" d="313" a="0"/>
<U id="774" f="6" l="666" c="17" d="144" a="0"/>
<U id="775" f="6" l="677" c="25" d="22" a="0"/>
<U id="776" f="7" l="318" c="74" d="266" a="0"/>
<U id="777" f="6" l="491" c="56" d="326" a="0"/>
<U id="778" f="6" l="783" c="45" d="187" a="0"/>
<U id="779" f="7" l="268" c="72" d="252" a="0"/>
<U id="780" f="7" l="286" c="54" d="1" a="0"/>
<U id="781" f="7" l="352" c="85" d="188" a="1"/>
<U id="782" f="7" l="362" c="48" d="263" a="1"/>
<U id="783" f="6" l="491" c="47" d="326" a="0"/>
<U id="784" f="6" l="747" c="72" d="307" a="0"/>
<U id="785" f="6" l="795" c="16" d="291" a="1"/>
<U id="786" f="7" l="256" c="83" d="213" a="0"/>
<U id="787" f="7" l="272" c="48" d="218" a="1"/>
<U id="788" f="7" l="314" c="95" d="157" a="0"/>
<U id="789" f="7" l="347" c="46" d="17" a="0"/>
<U id="790" f="7" l="399" c="24" d="245" a="1"/>
<U id="791" f="7" l="479" c="52" d="288" a="0"/>
<U id="792" f="6" l="266" c="28" d="173" a="0"/>
<U id="793" f="6" l="384" c="37" d="317" a="0"/>
<U id="794" f="6" l="519" c="64" d="174" a="0"/>
<U id="795" f="7" l="256" c="74" d="187" a="0"/>
<U id="796" f="6" l="678" c="34" d="307" a="0"/>
<U id="797" f="6" l="687" c="25" d="22" a="0"/>
<U id="798" f="6" l="811" c="68" d="286" a="0"/>
<U id="799" f="7" l="258" c="82" d="200" a="1"/>
<U id="800" f="7" l="281" c="94" d="276" a="0"/>
<U id="801" f="6" l="597" c="25" d="187" a="0"/>
<U id="802" f="6" l="547" c="64" d="178" a="0"/>
<U id="803" f="6" l="678" c="25" d="25" a="0"/>
<U id="804" f="7" l="337" c="56" d="272" a="1"/>
<U id="805" f="10" l="268" c="8" d="68" a="0"/>
<U id="806" f="6" l="330" c="88" d="160" a="0"/>
<U id="807" f="7" l="297" c="90" d="234" a="0"/>
<U id="808" f="7" l="322" c="78" d="310" a="0"/>
<U id="809" f="7" l="328" c="56" d="272" a="1"/>
<U id="810" f="7" l="363" c="48" d="273" a="1"/>
<U id="811" f="6" l="194" c="56" d="236" a="0"/>
<U id="812" f="6" l="697" c="34" d="307" a="0"/>
<U id="813" f="6" l="748" c="72" d="307" a="0"/>
<U id="814" f="7" l="277" c="82" d="266" a="0"/>
<U id="815" f="7" l="308" c="48" d="218" a="1"/>
<U id="816" f="7" l="354" c="48" d="263" a="1"/>
<U id="817" f="6" l="697" c="25" d="22" a="0"/>
<U id="818" f="6" l="783" c="55" d="173" a="0"/>
<U id="819" f="6" l="787" c="16" d="291" a="1"/>
<U id="820" f="7" l="257" c="74" d="284" a="0"/>
<U id="821" f="6" l="688" c="25" d="25" a="0"/>
<U id="822" f="6" l="421" c="88" d="160" a="0"/>
<U id="823" f="6" l="502" c="88" d="150" a="0"/>
<U id="824" f="6" l="587" c="17" d="256" a="0"/>
<U id="825" f="6" l="668" c="17" d="195" a="0"/>
<U id="826" f="6" l="358" c="37" d="323" a="0"/>
<U id="827" f="7" l="348" c="83" d="213" a="0"/>
<U id="828" f="6" l="530" c="88" d="173" a="0"/>
<U id="829" f="6" l="774" c="28" d="187" a="0"/>
<U id="830" f="6" l="268" c="37" d="138" a="0"/>
<U id="831" f="6" l="519" c="56" d="314" a="0"/>
<U id="832" f="6" l="663" c="66" d="195" a="0"/>
<U id="833" f="6" l="688" c="71" d="307" a="0"/>
<U id="834" f="7" l="284" c="84" d="188" a="1"/>
<U id="835" f="7" l="309" c="48" d="196" a="1"/>
<U id="836" f="7" l="348" c="74" d="187" a="0"/>
<U id="837" f="7" l="355" c="48" d="273" a="1"/>
<U id="838" f="7" l="475" c="74" d="249" a="0"/>
<U id="839" f="6" l="519" c="47" d="314" a="0"/>
<U id="840" f="6" l="698" c="25" d="25" a="0"/>
<U id="841" f="7" l="261" c="87" d="252" a="0"/>
<U id="842" f="7" l="281" c="86" d="310" a="0"/>
<U id="843" f="7" l="284" c="75" d="187" a="0"/>
<U id="844" f="6" l="477" c="64" d="162" a="0"/>
<U id="845" f="6" l="547" c="56" d="316" a="0"/>
<U id="846" f="6" l="503" c="88" d="150" a="0"/>
<U id="847" f="6" l="449" c="37" d="324" a="0"/>
<U id="848" f="6" l="547" c="47" d="316" a="0"/>
<U id="849" f="7" l="309" c="94" d="157" a="0"/>
<U id="850" f="7" l="399" c="53" d="238" a="0"/>
<U id="851" f="10" l="288" c="8" d="68" a="0"/>
<U id="852" f="7" l="263" c="77" d="252" a="0"/>
<U id="853" f="6" l="278" c="28" d="187" a="0"/>
<U id="854" f="6" l="531" c="88" d="173" a="0"/>
<U id="855" f="6" l="682" c="48" d="303" a="0"/>
<U id="856" f="7" l="349" c="74" d="284" a="0"/>
<U id="857" f="7" l="356" c="48" d="272" a="1"/>
<U id="858" f="6" l="651" c="96" d="187" a="0"/>
<U id="859" f="7" l="297" c="46" d="17" a="0"/>
<U id="860" f="6" l="698" c="35" d="303" a="0"/>
<U id="861" f="6" l="460" c="88" d="187" a="0"/>
<U id="862" f="6" l="397" c="37" d="325" a="0"/>
<U id="863" f="6" l="799" c="16" d="280" a="1"/>
<U id="864" f="6" l="477" c="56" d="319" a="0"/>
<U id="865" f="6" l="652" c="96" d="187" a="0"/>
<U id="866" f="6" l="477" c="47" d="319" a="0"/>
<U id="867" f="6" l="599" c="17" d="285" a="0"/>
<U id="868" f="7" l="352" c="97" d="157" a="0"/>
<U id="869" f="6" l="343" c="88" d="173" a="0"/>
<U id="870" f="7" l="299" c="82" d="284" a="0"/>
<U id="871" f="6" l="634" c="96" d="187" a="0"/>
<U id="872" f="7" l="268" c="48" d="218" a="1"/>
<U id="873" f="7" l="298" c="83" d="213" a="0"/>
<U id="874" f="7" l="319" c="86" d="276" a="0"/>
<U id="875" f="6" l="434" c="88" d="173" a="0"/>
<U id="876" f="7" l="298" c="74" d="187" a="0"/>
<U id="877" f="7" l="287" c="48" d="272" a="1"/>
<U id="878" f="6" l="317" c="88" d="150" a="0"/>
<U id="879" f="6" l="516" c="88" d="160" a="0"/>
<U id="880" f="6" l="573" c="96" d="187" a="0"/>
<U id="881" f="7" l="258" c="95" d="157" a="0"/>
<U id="882" f="7" l="278" c="94" d="276" a="0"/>
<U id="883" f="7" l="284" c="96" d="157" a="0"/>
<U id="884" f="6" l="544" c="88" d="124" a="0"/>
<U id="885" f="7" l="288" c="48" d="189" a="1"/>
<U id="886" f="7" l="388" c="75" d="223" a="1"/>
<U id="887" f="6" l="408" c="88" d="150" a="0"/>
<U id="888" f="7" l="319" c="78" d="292" a="0"/>
<U id="889" f="6" l="517" c="88" d="160" a="0"/>
<U id="890" f="6" l="545" c="88" d="124" a="0"/>
<U id="891" f="7" l="289" c="48" d="157" a="1"/>
<U id="892" f="6" l="687" c="48" d="303" a="0"/>
<U id="893" f="6" l="356" c="88" d="124" a="0"/>
<U id="894" f="7" l="278" c="86" d="292" a="0"/>
<U id="895" f="6" l="474" c="88" d="138" a="0"/>
<U id="896" f="6" l="447" c="88" d="124" a="0"/>
<U id="897" f="6" l="475" c="88" d="138" a="0"/>
<U id="898" f="6" l="558" c="96" d="187" a="0"/>
<U id="899" f="6" l="559" c="96" d="187" a="0"/>
<U id="900" f="6" l="369" c="88" d="187" a="0"/>
<U id="901" f="6" l="488" c="88" d="144" a="0"/>
<U id="902" f="7" l="288" c="98" d="266" a="0"/>
<U id="903" f="6" l="489" c="88" d="144" a="0"/>
</Uses>
<Blocks>
<B id="1" t="initializer" f="7" l="204" c="34">
<BEGIN l="204" c="58"/>
<END l="204" c="863"/>
</B>
<B id="2" t="initializer" f="7" l="205" c="34">
<BEGIN l="205" c="58"/>
<END l="205" c="864"/>
</B>
<B id="3" t="initializer" f="7" l="206" c="34">
<BEGIN l="206" c="58"/>
<END l="206" c="855"/>
</B>
<B id="4" t="ppcif" f="7" l="58" c="0">
<BEGIN l="58" c="21"/>
<END l="92" c="0"/>
</B>
<B id="5" t="ppcif" f="7" l="118" c="0">
<BEGIN l="118" c="21"/>
<END l="122" c="0"/>
</B>
<B id="6" t="ppcrmelse" f="7" l="122" c="0">
<BEGIN l="122" c="6"/>
<END l="126" c="0"/>
</B>
<B id="7" t="ppcif" f="7" l="174" c="0">
<BEGIN l="174" c="21"/>
<END l="415" c="0"/>
</B>
<B id="8" t="ppcrmelse" f="7" l="415" c="0">
<BEGIN l="415" c="36"/>
<END l="426" c="0"/>
</B>
<B id="9" t="ppcif" f="7" l="463" c="0">
<BEGIN l="463" c="21"/>
<END l="482" c="0"/>
</B>
<B id="10" t="ppcrmelse" f="7" l="482" c="0">
<BEGIN l="482" c="36"/>
<END l="492" c="0"/>
</B>
<B id="11" t="routine" f="7" l="112" c="5">
<BEGIN l="113" c="0"/>
<END l="130" c="0"/>
</B>
<B id="12" t="else" f="7" l="397" c="16">
<BEGIN l="398" c="16"/>
<END l="400" c="16"/>
</B>
<B id="13" t="if" f="7" l="393" c="16">
<BEGIN l="394" c="16"/>
<END l="396" c="16"/>
<ELSE d="12"/>
</B>
<B id="14" t="case" f="7" l="370" c="32">
<BEGIN l="371" c="40"/>
<END l="374" c="37"/>
</B>
<B id="15" t="case" f="7" l="368" c="32">
<BEGIN l="368" c="42"/>
<END l="368" c="42"/>
</B>
<B id="16" t="else" f="7" l="359" c="40">
<BEGIN l="360" c="40"/>
<END l="364" c="40"/>
</B>
<B id="17" t="if" f="7" l="352" c="40">
<BEGIN l="353" c="40"/>
<END l="357" c="40"/>
<ELSE d="16"/>
</B>
<B id="18" t="case" f="7" l="346" c="32">
<BEGIN l="347" c="40"/>
<END l="365" c="37"/>
<SUB d="17"/>
</B>
<B id="19" t="else" f="7" l="335" c="48">
<BEGIN l="336" c="48"/>
<END l="339" c="48"/>
</B>
<B id="20" t="if" f="7" l="330" c="53">
<BEGIN l="331" c="48"/>
<END l="334" c="48"/>
<ELSE d="19"/>
</B>
<B id="21" t="else" f="7" l="330" c="48">
<BEGIN l="330" c="53"/>
<END l="339" c="48"/>
<SUB d="20"/>
</B>
<B id="22" t="if" f="7" l="326" c="48">
<BEGIN l="327" c="48"/>
<END l="329" c="48"/>
<ELSE d="21"/>
</B>
<B id="23" t="if" f="7" l="324" c="40">
<BEGIN l="325" c="40"/>
<END l="342" c="40"/>
<SUB d="22"/>
</B>
<B id="24" t="else" f="7" l="311" c="40">
<BEGIN l="312" c="40"/>
<END l="315" c="40"/>
</B>
<B id="25" t="if" f="7" l="306" c="40">
<BEGIN l="307" c="40"/>
<END l="310" c="40"/>
<ELSE d="24"/>
</B>
<B id="26" t="case" f="7" l="296" c="32">
<BEGIN l="297" c="40"/>
<END l="343" c="37"/>
<SUB d="23"/>
<SUB d="25"/>
</B>
<B id="27" t="case" f="7" l="294" c="32">
<BEGIN l="294" c="42"/>
<END l="294" c="42"/>
</B>
<B id="28" t="if" f="7" l="284" c="40">
<BEGIN l="285" c="40"/>
<END l="290" c="40"/>
</B>
<B id="29" t="else" f="7" l="270" c="40">
<BEGIN l="271" c="40"/>
<END l="273" c="40"/>
</B>
<B id="30" t="if" f="7" l="266" c="40">
<BEGIN l="267" c="40"/>
<END l="269" c="40"/>
<ELSE d="29"/>
</B>
<B id="31" t="case" f="7" l="254" c="32">
<BEGIN l="255" c="40"/>
<END l="291" c="37"/>
<SUB d="28"/>
<SUB d="30"/>
</B>
<B id="32" t="case" f="7" l="252" c="32">
<BEGIN l="252" c="42"/>
<END l="252" c="42"/>
</B>
<B id="33" t="switch" f="7" l="249" c="24">
<BEGIN l="250" c="24"/>
<END l="375" c="24"/>
<CASE d="14"/>
<CASE d="15"/>
<CASE d="18"/>
<CASE d="26"/>
<CASE d="27"/>
<CASE d="31"/>
<CASE d="32"/>
</B>
<B id="34" t="if" f="7" l="240" c="32">
<BEGIN l="242" c="28"/>
<END l="245" c="32"/>
</B>
<B id="35" t="if" f="7" l="236" c="24">
<BEGIN l="239" c="24"/>
<END l="246" c="24"/>
<SUB d="34"/>
</B>
<B id="36" t="else" f="7" l="380" c="8">
<BEGIN l="381" c="16"/>
<END l="389" c="16"/>
</B>
<B id="37" t="if" f="7" l="234" c="8">
<BEGIN l="235" c="16"/>
<END l="378" c="16"/>
<SUB d="33"/>
<SUB d="35"/>
<ELSE d="36"/>
</B>
<B id="38" t="routine" f="7" l="168" c="5">
<BEGIN l="169" c="0"/>
<END l="430" c="0"/>
<SUB d="13"/>
<SUB d="37"/>
</B>
<B id="39" t="else" f="7" l="477" c="8">
<BEGIN l="478" c="8"/>
<END l="480" c="8"/>
</B>
<B id="40" t="if" f="7" l="473" c="8">
<BEGIN l="474" c="8"/>
<END l="476" c="8"/>
<ELSE d="39"/>
</B>
<B id="41" t="routine" f="7" l="457" c="5">
<BEGIN l="458" c="0"/>
<END l="496" c="0"/>
<SUB d="40"/>
</B>
<B id="42" t="ppcif" f="12" l="15" c="0">
<BEGIN l="15" c="27"/>
<END l="330" c="0"/>
</B>
<B id="43" t="ppcif" f="12" l="25" c="0">
<BEGIN l="25" c="19"/>
<END l="155" c="0"/>
</B>
<B id="44" t="ppcrmif" f="12" l="46" c="0">
<BEGIN l="46" c="93"/>
<END l="91" c="0"/>
</B>
<B id="45" t="ppcrmif" f="12" l="94" c="0">
<BEGIN l="94" c="91"/>
<END l="153" c="0"/>
</B>
<B id="46" t="ppcrmelse" f="12" l="155" c="0">
<BEGIN l="155" c="35"/>
<END l="328" c="0"/>
</B>
<B id="47" t="ppcif" f="13" l="11" c="0">
<BEGIN l="11" c="27"/>
<END l="36" c="0"/>
</B>
<B id="48" t="ppcrmif" f="13" l="14" c="0">
<BEGIN l="14" c="19"/>
<END l="29" c="0"/>
</B>
<B id="49" t="ppcelse" f="13" l="29" c="0">
<BEGIN l="29" c="5"/>
<END l="33" c="0"/>
</B>
<B id="50" t="ppcif" f="1" l="22" c="0">
<BEGIN l="22" c="17"/>
<END l="109" c="0"/>
</B>
<B id="51" t="ppcrmif" f="1" l="39" c="0">
<BEGIN l="39" c="66"/>
<END l="43" c="0"/>
</B>
<B id="52" t="ppcelse" f="1" l="43" c="0">
<BEGIN l="43" c="60"/>
<END l="47" c="0"/>
</B>
<B id="53" t="ppcrmif" f="1" l="52" c="0">
<BEGIN l="52" c="18"/>
<END l="58" c="0"/>
</B>
<B id="54" t="ppcrmif" f="1" l="62" c="0">
<BEGIN l="62" c="33"/>
<END l="80" c="0"/>
</B>
<B id="55" t="ppcelse" f="1" l="80" c="0">
<BEGIN l="80" c="31"/>
<END l="93" c="0"/>
</B>
<B id="56" t="ppcrmif" f="1" l="96" c="0">
<BEGIN l="96" c="14"/>
<END l="106" c="0"/>
</B>
<B id="57" t="ppcif" f="14" l="3" c="0">
<BEGIN l="3" c="29"/>
<END l="348" c="0"/>
</B>
<B id="58" t="ppcif" f="14" l="61" c="0">
<BEGIN l="63" c="27"/>
<END l="66" c="0"/>
</B>
<B id="59" t="ppcrmif" f="14" l="165" c="0">
<BEGIN l="165" c="17"/>
<END l="206" c="0"/>
</B>
<B id="60" t="ppcrmif" f="14" l="209" c="0">
<BEGIN l="209" c="37"/>
<END l="211" c="0"/>
</B>
<B id="61" t="ppcrmif" f="14" l="213" c="0">
<BEGIN l="213" c="44"/>
<END l="321" c="0"/>
</B>
<B id="62" t="ppcif" f="14" l="323" c="0">
<BEGIN l="323" c="18"/>
<END l="346" c="0"/>
</B>
<B id="63" t="ppcrmif" f="14" l="326" c="0">
<BEGIN l="326" c="18"/>
<END l="328" c="0"/>
</B>
<B id="64" t="ppcrmif" f="14" l="329" c="0">
<BEGIN l="329" c="63"/>
<END l="331" c="0"/>
</B>
<B id="65" t="ppcrmif" f="14" l="332" c="0">
<BEGIN l="332" c="64"/>
<END l="334" c="0"/>
</B>
<B id="66" t="ppcrmif" f="14" l="335" c="0">
<BEGIN l="335" c="16"/>
<END l="340" c="0"/>
</B>
<B id="67" t="ppcif" f="14" l="343" c="0">
<BEGIN l="343" c="57"/>
<END l="345" c="0"/>
</B>
<B id="68" t="type" f="4" l="48" c="7">
<BEGIN l="48" c="17"/>
<END l="52" c="0"/>
</B>
<B id="69" t="ppcif" f="4" l="24" c="0">
<BEGIN l="24" c="18"/>
<END l="225" c="0"/>
</B>
<B id="70" t="ppcrmif" f="4" l="27" c="0">
<BEGIN l="27" c="35"/>
<END l="29" c="0"/>
</B>
<B id="71" t="ppcrmif" f="4" l="33" c="0">
<BEGIN l="33" c="19"/>
<END l="36" c="0"/>
</B>
<B id="72" t="ppcrmif" f="4" l="209" c="0">
<BEGIN l="209" c="19"/>
<END l="211" c="0"/>
</B>
<B id="73" t="ppcif" f="4" l="214" c="0">
<BEGIN l="214" c="26"/>
<END l="222" c="0"/>
</B>
<B id="74" t="ppcif" f="4" l="215" c="0">
<BEGIN l="215" c="25"/>
<END l="219" c="0"/>
</B>
<B id="75" t="ppcrmif" f="4" l="216" c="0">
<BEGIN l="216" c="37"/>
<END l="218" c="0"/>
</B>
<B id="76" t="ppcrmelse" f="4" l="219" c="0">
<BEGIN l="219" c="7"/>
<END l="221" c="0"/>
</B>
<B id="77" t="ppcif" f="15" l="24" c="0">
<BEGIN l="24" c="23"/>
<END l="55" c="0"/>
</B>
<B id="78" t="ppcrmif" f="15" l="27" c="0">
<BEGIN l="27" c="19"/>
<END l="30" c="0"/>
</B>
<B id="79" t="ppcrmif" f="15" l="39" c="0">
<BEGIN l="39" c="19"/>
<END l="41" c="0"/>
</B>
<B id="80" t="ppcif" f="15" l="44" c="0">
<BEGIN l="44" c="26"/>
<END l="52" c="0"/>
</B>
<B id="81" t="ppcif" f="15" l="45" c="0">
<BEGIN l="45" c="25"/>
<END l="49" c="0"/>
</B>
<B id="82" t="ppcrmif" f="15" l="46" c="0">
<BEGIN l="46" c="37"/>
<END l="48" c="0"/>
</B>
<B id="83" t="ppcrmelse" f="15" l="49" c="0">
<BEGIN l="49" c="7"/>
<END l="51" c="0"/>
</B>
<B id="84" t="ppcif" f="16" l="24" c="0">
<BEGIN l="24" c="19"/>
<END l="41" c="0"/>
</B>
<B id="85" t="ppcif" f="16" l="30" c="0">
<BEGIN l="30" c="26"/>
<END l="38" c="0"/>
</B>
<B id="86" t="ppcif" f="16" l="31" c="0">
<BEGIN l="31" c="25"/>
<END l="35" c="0"/>
</B>
<B id="87" t="ppcrmif" f="16" l="32" c="0">
<BEGIN l="32" c="37"/>
<END l="34" c="0"/>
</B>
<B id="88" t="ppcrmelse" f="16" l="35" c="0">
<BEGIN l="35" c="7"/>
<END l="37" c="0"/>
</B>
<B id="89" t="ppcif" f="17" l="25" c="0">
<BEGIN l="25" c="14"/>
<END l="95" c="0"/>
</B>
<B id="90" t="ppcrmif" f="17" l="41" c="0">
<BEGIN l="41" c="33"/>
<END l="43" c="0"/>
</B>
<B id="91" t="ppcrmif" f="17" l="45" c="0">
<BEGIN l="45" c="46"/>
<END l="47" c="0"/>
</B>
<B id="92" t="ppcrmif" f="17" l="49" c="0">
<BEGIN l="49" c="28"/>
<END l="51" c="0"/>
</B>
<B id="93" t="ppcif" f="17" l="84" c="0">
<BEGIN l="84" c="26"/>
<END l="92" c="0"/>
</B>
<B id="94" t="ppcrmif" f="17" l="85" c="0">
<BEGIN l="85" c="25"/>
<END l="89" c="0"/>
</B>
<B id="95" t="ppcelse" f="17" l="89" c="0">
<BEGIN l="89" c="7"/>
<END l="91" c="0"/>
</B>
<B id="96" t="type" f="3" l="135" c="0">
<BEGIN l="135" c="0"/>
<END l="141" c="0"/>
</B>
<B id="97" t="ppcif" f="3" l="56" c="0">
<BEGIN l="56" c="19"/>
<END l="154" c="0"/>
</B>
<B id="98" t="ppcif" f="3" l="122" c="0">
<BEGIN l="122" c="26"/>
<END l="126" c="0"/>
</B>
<B id="99" t="ppcif" f="2" l="43" c="0">
<BEGIN l="43" c="24"/>
<END l="150" c="0"/>
</B>
<B id="100" t="ppcif" f="2" l="81" c="0">
<BEGIN l="81" c="13"/>
<END l="83" c="0"/>
</B>
<B id="101" t="ppcif" f="2" l="85" c="0">
<BEGIN l="85" c="14"/>
<END l="87" c="0"/>
</B>
<B id="102" t="ppcrmif" f="2" l="119" c="0">
<BEGIN l="119" c="46"/>
<END l="125" c="0"/>
</B>
<B id="103" t="ppcelse" f="2" l="125" c="0">
<BEGIN l="125" c="6"/>
<END l="129" c="0"/>
</B>
<B id="104" t="ppcrmif" f="2" l="131" c="0">
<BEGIN l="131" c="46"/>
<END l="137" c="0"/>
</B>
<B id="105" t="ppcelse" f="2" l="137" c="0">
<BEGIN l="137" c="6"/>
<END l="140" c="0"/>
</B>
<B id="106" t="ppcif" f="18" l="43" c="0">
<BEGIN l="43" c="18"/>
<END l="202" c="0"/>
</B>
<B id="107" t="ppcif" f="18" l="88" c="0">
<BEGIN l="88" c="17"/>
<END l="90" c="0"/>
</B>
<B id="108" t="ppcif" f="19" l="19" c="0">
<BEGIN l="19" c="22"/>
<END l="23" c="0"/>
</B>
<B id="109" t="ppcif" f="20" l="19" c="0">
<BEGIN l="19" c="26"/>
<END l="23" c="0"/>
</B>
<B id="110" t="ppcif" f="21" l="24" c="0">
<BEGIN l="24" c="31"/>
<END l="39" c="0"/>
</B>
<B id="111" t="ppcif" f="21" l="28" c="0">
<BEGIN l="28" c="26"/>
<END l="36" c="0"/>
</B>
<B id="112" t="ppcif" f="21" l="29" c="0">
<BEGIN l="29" c="25"/>
<END l="33" c="0"/>
</B>
<B id="113" t="ppcrmif" f="21" l="30" c="0">
<BEGIN l="30" c="37"/>
<END l="32" c="0"/>
</B>
<B id="114" t="ppcrmelse" f="21" l="33" c="0">
<BEGIN l="33" c="7"/>
<END l="35" c="0"/>
</B>
<B id="115" t="ppcif" f="22" l="19" c="0">
<BEGIN l="19" c="16"/>
<END l="24" c="0"/>
</B>
<B id="116" t="ppcif" f="23" l="53" c="0">
<BEGIN l="53" c="25"/>
<END l="57" c="0"/>
</B>
<B id="117" t="ppcrmif" f="23" l="67" c="0">
<BEGIN l="67" c="38"/>
<END l="71" c="0"/>
</B>
<B id="118" t="ppcrmif" f="23" l="81" c="0">
<BEGIN l="81" c="43"/>
<END l="85" c="0"/>
</B>
<B id="119" t="ppcrmif" f="23" l="95" c="0">
<BEGIN l="95" c="41"/>
<END l="99" c="0"/>
</B>
<B id="120" t="ppcrmif" f="23" l="109" c="0">
<BEGIN l="109" c="46"/>
<END l="113" c="0"/>
</B>
<B id="121" t="ppcif" f="23" l="125" c="0">
<BEGIN l="125" c="24"/>
<END l="129" c="0"/>
</B>
<B id="122" t="ppcrmif" f="23" l="139" c="0">
<BEGIN l="139" c="37"/>
<END l="143" c="0"/>
</B>
<B id="123" t="ppcrmif" f="23" l="153" c="0">
<BEGIN l="153" c="42"/>
<END l="157" c="0"/>
</B>
<B id="124" t="ppcrmif" f="23" l="167" c="0">
<BEGIN l="167" c="40"/>
<END l="171" c="0"/>
</B>
<B id="125" t="ppcrmif" f="23" l="181" c="0">
<BEGIN l="181" c="45"/>
<END l="185" c="0"/>
</B>
<B id="126" t="ppcif" f="23" l="201" c="0">
<BEGIN l="201" c="25"/>
<END l="209" c="0"/>
</B>
<B id="127" t="ppcif" f="23" l="202" c="0">
<BEGIN l="202" c="24"/>
<END l="206" c="0"/>
</B>
<B id="128" t="ppcrmif" f="23" l="203" c="0">
<BEGIN l="203" c="36"/>
<END l="205" c="0"/>
</B>
<B id="129" t="ppcrmelse" f="23" l="206" c="0">
<BEGIN l="206" c="6"/>
<END l="208" c="0"/>
</B>
<B id="130" t="ppcif" f="24" l="19" c="0">
<BEGIN l="19" c="13"/>
<END l="29" c="0"/>
</B>
<B id="131" t="ppcif" f="6" l="23" c="0">
<BEGIN l="23" c="18"/>
<END l="820" c="0"/>
</B>
<B id="132" t="routine" f="6" l="177" c="17">
<BEGIN l="180" c="0"/>
<END l="182" c="0"/>
</B>
<B id="133" t="routine" f="6" l="191" c="15">
<BEGIN l="192" c="0"/>
<END l="195" c="0"/>
</B>
<B id="134" t="routine" f="6" l="204" c="16">
<BEGIN l="205" c="0"/>
<END l="208" c="0"/>
</B>
<B id="135" t="else" f="6" l="220" c="40">
<BEGIN l="220" c="40"/>
<END l="220" c="63"/>
</B>
<B id="136" t="if" f="6" l="220" c="22">
<BEGIN l="220" c="24"/>
<END l="220" c="36"/>
<ELSE d="135"/>
</B>
<B id="137" t="routine" f="6" l="217" c="16">
<BEGIN l="218" c="0"/>
<END l="221" c="0"/>
<SUB d="136"/>
</B>
<B id="138" t="routine" f="6" l="230" c="17">
<BEGIN l="231" c="0"/>
<END l="233" c="0"/>
</B>
<B id="139" t="else" f="6" l="244" c="37">
<BEGIN l="244" c="37"/>
<END l="244" c="45"/>
</B>
<B id="140" t="if" f="6" l="244" c="22">
<BEGIN l="244" c="24"/>
<END l="244" c="32"/>
<ELSE d="139"/>
</B>
<B id="141" t="routine" f="6" l="242" c="15">
<BEGIN l="243" c="0"/>
<END l="245" c="0"/>
<SUB d="140"/>
</B>
<B id="142" t="else" f="6" l="256" c="37">
<BEGIN l="256" c="37"/>
<END l="256" c="45"/>
</B>
<B id="143" t="if" f="6" l="256" c="22">
<BEGIN l="256" c="24"/>
<END l="256" c="32"/>
<ELSE d="142"/>
</B>
<B id="144" t="routine" f="6" l="254" c="15">
<BEGIN l="255" c="0"/>
<END l="257" c="0"/>
<SUB d="143"/>
</B>
<B id="145" t="else" f="6" l="268" c="37">
<BEGIN l="268" c="37"/>
<END l="268" c="45"/>
</B>
<B id="146" t="if" f="6" l="268" c="22">
<BEGIN l="268" c="24"/>
<END l="268" c="32"/>
<ELSE d="145"/>
</B>
<B id="147" t="routine" f="6" l="266" c="15">
<BEGIN l="267" c="0"/>
<END l="269" c="0"/>
<SUB d="146"/>
</B>
<B id="148" t="else" f="6" l="280" c="40">
<BEGIN l="280" c="40"/>
<END l="280" c="48"/>
</B>
<B id="149" t="if" f="6" l="280" c="25">
<BEGIN l="280" c="27"/>
<END l="280" c="35"/>
<ELSE d="148"/>
</B>
<B id="150" t="routine" f="6" l="278" c="15">
<BEGIN l="279" c="0"/>
<END l="281" c="0"/>
<SUB d="149"/>
</B>
<B id="151" t="routine" f="6" l="290" c="15">
<BEGIN l="292" c="0"/>
<END l="294" c="0"/>
</B>
<B id="152" t="routine" f="6" l="303" c="15">
<BEGIN l="305" c="0"/>
<END l="307" c="0"/>
</B>
<B id="153" t="routine" f="6" l="316" c="16">
<BEGIN l="318" c="0"/>
<END l="320" c="0"/>
</B>
<B id="154" t="routine" f="6" l="329" c="16">
<BEGIN l="331" c="0"/>
<END l="333" c="0"/>
</B>
<B id="155" t="else" f="6" l="345" c="37">
<BEGIN l="345" c="37"/>
<END l="345" c="40"/>
</B>
<B id="156" t="if" f="6" l="345" c="28">
<BEGIN l="345" c="30"/>
<END l="345" c="33"/>
<ELSE d="155"/>
</B>
<B id="157" t="routine" f="6" l="342" c="16">
<BEGIN l="344" c="0"/>
<END l="346" c="0"/>
<SUB d="156"/>
</B>
<B id="158" t="else" f="6" l="358" c="37">
<BEGIN l="358" c="37"/>
<END l="358" c="40"/>
</B>
<B id="159" t="if" f="6" l="358" c="28">
<BEGIN l="358" c="30"/>
<END l="358" c="33"/>
<ELSE d="158"/>
</B>
<B id="160" t="routine" f="6" l="355" c="16">
<BEGIN l="357" c="0"/>
<END l="359" c="0"/>
<SUB d="159"/>
</B>
<B id="161" t="else" f="6" l="371" c="37">
<BEGIN l="371" c="37"/>
<END l="371" c="40"/>
</B>
<B id="162" t="if" f="6" l="371" c="28">
<BEGIN l="371" c="30"/>
<END l="371" c="33"/>
<ELSE d="161"/>
</B>
<B id="163" t="routine" f="6" l="368" c="17">
<BEGIN l="370" c="0"/>
<END l="372" c="0"/>
<SUB d="162"/>
</B>
<B id="164" t="routine" f="6" l="381" c="15">
<BEGIN l="383" c="0"/>
<END l="385" c="0"/>
</B>
<B id="165" t="routine" f="6" l="394" c="15">
<BEGIN l="396" c="0"/>
<END l="398" c="0"/>
</B>
<B id="166" t="routine" f="6" l="407" c="16">
<BEGIN l="409" c="0"/>
<END l="411" c="0"/>
</B>
<B id="167" t="routine" f="6" l="420" c="16">
<BEGIN l="422" c="0"/>
<END l="424" c="0"/>
</B>
<B id="168" t="else" f="6" l="436" c="37">
<BEGIN l="436" c="37"/>
<END l="436" c="40"/>
</B>
<B id="169" t="if" f="6" l="436" c="28">
<BEGIN l="436" c="30"/>
<END l="436" c="33"/>
<ELSE d="168"/>
</B>
<B id="170" t="routine" f="6" l="433" c="16">
<BEGIN l="435" c="0"/>
<END l="437" c="0"/>
<SUB d="169"/>
</B>
<B id="171" t="else" f="6" l="449" c="37">
<BEGIN l="449" c="37"/>
<END l="449" c="40"/>
</B>
<B id="172" t="if" f="6" l="449" c="28">
<BEGIN l="449" c="30"/>
<END l="449" c="33"/>
<ELSE d="171"/>
</B>
<B id="173" t="routine" f="6" l="446" c="16">
<BEGIN l="448" c="0"/>
<END l="450" c="0"/>
<SUB d="172"/>
</B>
<B id="174" t="else" f="6" l="462" c="37">
<BEGIN l="462" c="37"/>
<END l="462" c="40"/>
</B>
<B id="175" t="if" f="6" l="462" c="28">
<BEGIN l="462" c="30"/>
<END l="462" c="33"/>
<ELSE d="174"/>
</B>
<B id="176" t="routine" f="6" l="459" c="17">
<BEGIN l="461" c="0"/>
<END l="463" c="0"/>
<SUB d="175"/>
</B>
<B id="177" t="routine" f="6" l="473" c="15">
<BEGIN l="476" c="0"/>
<END l="478" c="0"/>
</B>
<B id="178" t="routine" f="6" l="487" c="15">
<BEGIN l="490" c="0"/>
<END l="492" c="0"/>
</B>
<B id="179" t="routine" f="6" l="501" c="16">
<BEGIN l="504" c="0"/>
<END l="506" c="0"/>
</B>
<B id="180" t="routine" f="6" l="515" c="16">
<BEGIN l="518" c="0"/>
<END l="520" c="0"/>
</B>
<B id="181" t="else" f="6" l="533" c="38">
<BEGIN l="533" c="38"/>
<END l="533" c="67"/>
</B>
<B id="182" t="if" f="6" l="533" c="28">
<BEGIN l="533" c="30"/>
<END l="533" c="34"/>
<ELSE d="181"/>
</B>
<B id="183" t="routine" f="6" l="529" c="16">
<BEGIN l="532" c="0"/>
<END l="534" c="0"/>
<SUB d="182"/>
</B>
<B id="184" t="else" f="6" l="547" c="38">
<BEGIN l="547" c="38"/>
<END l="547" c="67"/>
</B>
<B id="185" t="if" f="6" l="547" c="28">
<BEGIN l="547" c="30"/>
<END l="547" c="34"/>
<ELSE d="184"/>
</B>
<B id="186" t="routine" f="6" l="543" c="16">
<BEGIN l="546" c="0"/>
<END l="548" c="0"/>
<SUB d="185"/>
</B>
<B id="187" t="else" f="6" l="561" c="38">
<BEGIN l="561" c="38"/>
<END l="561" c="67"/>
</B>
<B id="188" t="if" f="6" l="561" c="28">
<BEGIN l="561" c="30"/>
<END l="561" c="34"/>
<ELSE d="187"/>
</B>
<B id="189" t="routine" f="6" l="557" c="17">
<BEGIN l="560" c="0"/>
<END l="562" c="0"/>
<SUB d="188"/>
</B>
<B id="190" t="routine" f="6" l="572" c="17">
<BEGIN l="574" c="0"/>
<END l="576" c="0"/>
</B>
<B id="191" t="routine" f="6" l="585" c="17">
<BEGIN l="586" c="0"/>
<END l="588" c="0"/>
</B>
<B id="192" t="routine" f="6" l="597" c="17">
<BEGIN l="598" c="0"/>
<END l="600" c="0"/>
</B>
<B id="193" t="routine" f="6" l="609" c="17">
<BEGIN l="610" c="0"/>
<END l="612" c="0"/>
</B>
<B id="194" t="routine" f="6" l="621" c="17">
<BEGIN l="622" c="0"/>
<END l="624" c="0"/>
</B>
<B id="195" t="routine" f="6" l="633" c="17">
<BEGIN l="635" c="0"/>
<END l="637" c="0"/>
</B>
<B id="196" t="case" f="6" l="752" c="16">
<BEGIN l="753" c="24"/>
<END l="755" c="29"/>
</B>
<B id="197" t="case" f="6" l="746" c="16">
<BEGIN l="747" c="24"/>
<END l="749" c="29"/>
</B>
<B id="198" t="case" f="6" l="741" c="16">
<BEGIN l="742" c="24"/>
<END l="744" c="29"/>
</B>
<B id="199" t="case" f="6" l="736" c="16">
<BEGIN l="737" c="24"/>
<END l="739" c="29"/>
</B>
<B id="200" t="case" f="6" l="731" c="16">
<BEGIN l="732" c="24"/>
<END l="734" c="29"/>
</B>
<B id="201" t="case" f="6" l="726" c="16">
<BEGIN l="727" c="24"/>
<END l="729" c="29"/>
</B>
<B id="202" t="case" f="6" l="721" c="16">
<BEGIN l="722" c="24"/>
<END l="724" c="29"/>
</B>
<B id="203" t="case" f="6" l="716" c="16">
<BEGIN l="717" c="24"/>
<END l="719" c="29"/>
</B>
<B id="204" t="case" f="6" l="711" c="16">
<BEGIN l="712" c="24"/>
<END l="714" c="29"/>
</B>
<B id="205" t="case" f="6" l="706" c="16">
<BEGIN l="707" c="24"/>
<END l="709" c="29"/>
</B>
<B id="206" t="case" f="6" l="701" c="16">
<BEGIN l="702" c="24"/>
<END l="704" c="29"/>
</B>
<B id="207" t="case" f="6" l="696" c="16">
<BEGIN l="697" c="24"/>
<END l="699" c="29"/>
</B>
<B id="208" t="case" f="6" l="691" c="16">
<BEGIN l="692" c="24"/>
<END l="694" c="29"/>
</B>
<B id="209" t="case" f="6" l="686" c="16">
<BEGIN l="687" c="24"/>
<END l="689" c="29"/>
</B>
<B id="210" t="case" f="6" l="681" c="16">
<BEGIN l="682" c="24"/>
<END l="684" c="29"/>
</B>
<B id="211" t="case" f="6" l="676" c="16">
<BEGIN l="677" c="24"/>
<END l="679" c="29"/>
</B>
<B id="212" t="switch" f="6" l="674" c="8">
<BEGIN l="675" c="8"/>
<END l="757" c="8"/>
<CASE d="196"/>
<CASE d="197"/>
<CASE d="198"/>
<CASE d="199"/>
<CASE d="200"/>
<CASE d="201"/>
<CASE d="202"/>
<CASE d="203"/>
<CASE d="204"/>
<CASE d="205"/>
<CASE d="206"/>
<CASE d="207"/>
<CASE d="208"/>
<CASE d="209"/>
<CASE d="210"/>
<CASE d="211"/>
</B>
<B id="213" t="else" f="6" l="663" c="65">
<BEGIN l="663" c="65"/>
<END l="663" c="90"/>
</B>
<B id="214" t="if" f="6" l="663" c="27">
<BEGIN l="663" c="31"/>
<END l="663" c="56"/>
<ELSE d="213"/>
</B>
<B id="215" t="routine" f="6" l="650" c="14">
<BEGIN l="653" c="0"/>
<END l="759" c="0"/>
<SUB d="212"/>
<SUB d="214"/>
</B>
<B id="216" t="if" f="6" l="802" c="8">
<BEGIN l="803" c="8"/>
<END l="805" c="8"/>
</B>
<B id="217" t="else" f="6" l="797" c="8">
<BEGIN l="798" c="8"/>
<END l="800" c="8"/>
</B>
<B id="218" t="if" f="6" l="792" c="8">
<BEGIN l="793" c="8"/>
<END l="796" c="8"/>
<ELSE d="217"/>
</B>
<B id="219" t="if" f="6" l="785" c="8">
<BEGIN l="786" c="8"/>
<END l="788" c="8"/>
</B>
<B id="220" t="routine" f="6" l="774" c="18">
<BEGIN l="775" c="0"/>
<END l="818" c="0"/>
<SUB d="216"/>
<SUB d="218"/>
<SUB d="219"/>
</B>
<B id="221" t="ppcif" f="5" l="13" c="0">
<BEGIN l="13" c="16"/>
<END l="823" c="0"/>
</B>
<B id="222" t="ppcrmif" f="5" l="14" c="0">
<BEGIN l="14" c="14"/>
<END l="16" c="0"/>
</B>
<B id="223" t="ppcif" f="5" l="18" c="0">
<BEGIN l="18" c="23"/>
<END l="819" c="0"/>
</B>
<B id="224" t="ppcrmif" f="5" l="20" c="0">
<BEGIN l="20" c="18"/>
<END l="22" c="0"/>
</B>
<B id="225" t="ppcrmif" f="5" l="26" c="0">
<BEGIN l="26" c="67"/>
<END l="28" c="0"/>
</B>
<B id="226" t="ppcrmelif" f="5" l="28" c="0">
<BEGIN l="28" c="5"/>
<END l="30" c="0"/>
</B>
<B id="227" t="ppcrmelif" f="5" l="30" c="0">
<BEGIN l="30" c="5"/>
<END l="33" c="0"/>
</B>
<B id="228" t="ppcrmelif" f="5" l="33" c="0">
<BEGIN l="33" c="5"/>
<END l="38" c="0"/>
</B>
<B id="229" t="ppcrmelse" f="5" l="38" c="0">
<BEGIN l="38" c="5"/>
<END l="40" c="0"/>
</B>
<B id="230" t="ppcrmif" f="5" l="42" c="0">
<BEGIN l="42" c="23"/>
<END l="44" c="0"/>
</B>
<B id="231" t="ppcrmelif" f="5" l="44" c="0">
<BEGIN l="44" c="5"/>
<END l="47" c="0"/>
</B>
<B id="232" t="ppcrmelif" f="5" l="47" c="0">
<BEGIN l="47" c="5"/>
<END l="50" c="0"/>
</B>
<B id="233" t="ppcrmelse" f="5" l="50" c="0">
<BEGIN l="50" c="5"/>
<END l="53" c="0"/>
</B>
<B id="234" t="ppcif" f="5" l="65" c="0">
<BEGIN l="65" c="20"/>
<END l="68" c="0"/>
</B>
<B id="235" t="ppcrmelse" f="5" l="68" c="0">
<BEGIN l="68" c="5"/>
<END l="76" c="0"/>
</B>
<B id="236" t="ppcrmif" f="5" l="78" c="0">
<BEGIN l="78" c="106"/>
<END l="82" c="0"/>
</B>
<B id="237" t="ppcelse" f="5" l="82" c="0">
<BEGIN l="82" c="5"/>
<END l="86" c="0"/>
</B>
<B id="238" t="ppcif" f="5" l="115" c="0">
<BEGIN l="116" c="51"/>
<END l="119" c="0"/>
</B>
<B id="239" t="ppcif" f="5" l="121" c="0">
<BEGIN l="121" c="68"/>
<END l="123" c="0"/>
</B>
<B id="240" t="ppcrmelse" f="5" l="123" c="0">
<BEGIN l="123" c="5"/>
<END l="126" c="0"/>
</B>
<B id="241" t="ppcrmif" f="5" l="128" c="0">
<BEGIN l="128" c="53"/>
<END l="131" c="0"/>
</B>
<B id="242" t="ppcrmif" f="5" l="133" c="0">
<BEGIN l="133" c="51"/>
<END l="135" c="0"/>
</B>
<B id="243" t="ppcif" f="5" l="137" c="0">
<BEGIN l="137" c="24"/>
<END l="265" c="0"/>
</B>
<B id="244" t="ppcif" f="5" l="138" c="0">
<BEGIN l="138" c="56"/>
<END l="140" c="0"/>
</B>
<B id="245" t="ppcrmif" f="5" l="171" c="0">
<BEGIN l="171" c="24"/>
<END l="173" c="0"/>
</B>
<B id="246" t="ppcrmif" f="5" l="188" c="0">
<BEGIN l="188" c="24"/>
<END l="190" c="0"/>
</B>
<B id="247" t="ppcif" f="5" l="196" c="0">
<BEGIN l="196" c="56"/>
<END l="263" c="0"/>
</B>
<B id="248" t="ppcrmif" f="5" l="217" c="0">
<BEGIN l="217" c="24"/>
<END l="219" c="0"/>
</B>
<B id="249" t="ppcrmif" f="5" l="260" c="0">
<BEGIN l="260" c="24"/>
<END l="262" c="0"/>
</B>
<B id="250" t="ppcrmif" f="5" l="268" c="0">
<BEGIN l="268" c="24"/>
<END l="270" c="0"/>
</B>
<B id="251" t="ppcrmif" f="5" l="284" c="0">
<BEGIN l="284" c="24"/>
<END l="286" c="0"/>
</B>
<B id="252" t="ppcif" f="5" l="291" c="0">
<BEGIN l="291" c="20"/>
<END l="750" c="0"/>
</B>
<B id="253" t="ppcif" f="5" l="292" c="0">
<BEGIN l="292" c="24"/>
<END l="307" c="0"/>
</B>
<B id="254" t="ppcrmif" f="5" l="310" c="0">
<BEGIN l="310" c="43"/>
<END l="317" c="0"/>
</B>
<B id="255" t="ppcelif" f="5" l="317" c="0">
<BEGIN l="317" c="5"/>
<END l="324" c="0"/>
</B>
<B id="256" t="ppcrmelif" f="5" l="324" c="0">
<BEGIN l="324" c="5"/>
<END l="337" c="0"/>
</B>
<B id="257" t="ppcrmelse" f="5" l="337" c="0">
<BEGIN l="337" c="5"/>
<END l="345" c="0"/>
</B>
<B id="258" t="ppcrmif" f="5" l="348" c="0">
<BEGIN l="348" c="43"/>
<END l="355" c="0"/>
</B>
<B id="259" t="ppcelif" f="5" l="355" c="0">
<BEGIN l="355" c="5"/>
<END l="364" c="0"/>
</B>
<B id="260" t="ppcrmelse" f="5" l="364" c="0">
<BEGIN l="364" c="5"/>
<END l="372" c="0"/>
</B>
<B id="261" t="ppcrmif" f="5" l="375" c="0">
<BEGIN l="375" c="23"/>
<END l="377" c="0"/>
</B>
<B id="262" t="ppcrmelif" f="5" l="377" c="0">
<BEGIN l="377" c="6"/>
<END l="379" c="0"/>
</B>
<B id="263" t="ppcrmelif" f="5" l="379" c="0">
<BEGIN l="379" c="6"/>
<END l="381" c="0"/>
</B>
<B id="264" t="ppcif" f="5" l="383" c="0">
<BEGIN l="383" c="64"/>
<END l="402" c="0"/>
</B>
<B id="265" t="ppcif" f="5" l="386" c="0">
<BEGIN l="386" c="24"/>
<END l="397" c="0"/>
</B>
<B id="266" t="ppcrmelse" f="5" l="402" c="0">
<BEGIN l="402" c="5"/>
<END l="682" c="0"/>
</B>
<B id="267" t="ppcif" f="5" l="685" c="0">
<BEGIN l="685" c="24"/>
<END l="698" c="0"/>
</B>
<B id="268" t="ppcif" f="5" l="695" c="0">
<BEGIN l="695" c="56"/>
<END l="697" c="0"/>
</B>
<B id="269" t="ppcrmif" f="5" l="708" c="0">
<BEGIN l="708" c="143"/>
<END l="716" c="0"/>
</B>
<B id="270" t="ppcif" f="5" l="740" c="0">
<BEGIN l="740" c="63"/>
<END l="743" c="0"/>
</B>
<B id="271" t="ppcrmif" f="5" l="752" c="0">
<BEGIN l="752" c="95"/>
<END l="772" c="0"/>
</B>
<B id="272" t="ppcrmif" f="5" l="774" c="0">
<BEGIN l="774" c="42"/>
<END l="776" c="0"/>
</B>
<B id="273" t="ppcrmif" f="5" l="778" c="0">
<BEGIN l="778" c="51"/>
<END l="780" c="0"/>
</B>
<B id="274" t="ppcrmif" f="5" l="782" c="0">
<BEGIN l="782" c="18"/>
<END l="816" c="0"/>
</B>
<B id="275" t="ppcrmif" f="5" l="820" c="0">
<BEGIN l="820" c="14"/>
<END l="822" c="0"/>
</B>
<B id="276" t="ppcif" f="25" l="20" c="0">
<BEGIN l="20" c="20"/>
<END l="75" c="0"/>
</B>
<B id="277" t="ppcif" f="26" l="21" c="0">
<BEGIN l="21" c="19"/>
<END l="38" c="0"/>
</B>
</Blocks>
</Navig>
