<?xml version="1.0" encoding="UTF-8"?>
<Navig version="1.0">
<Files>
<F id="1" n="C:\Program Files\MATLAB\R2013b\polyspace\verifier\cxx\cinclude\stdarg.h"/>
<F id="2" n="C:\Users\gz324f\Desktop\working\component\Ford_001A_ChkPt\AR201A_ArCplrSuprt_Impl\include\ASR4.0.3\Platform_Types.h"/>
<F id="3" n="C:\Users\gz324f\Desktop\working\component\Ford_001A_ChkPt\AR200A_ArSuprt_Impl\include\ASR4.0.3\Std_Types.h"/>
<F id="4" n="C:\Users\gz324f\Desktop\working\component\Ford_001A_ChkPt\Ford001A_ChkPt_Impl\tools\local\generate\Rte_CDD_ChkPtAppl10.h"/>
<F id="5" n="C:\Users\gz324f\Desktop\working\component\Ford_001A_ChkPt\Ford001A_ChkPt_Impl\src\CDD_ChkPtAppl10.c"/>
<F id="6" n="C:\Users\gz324f\Desktop\working\component\Ford_001A_ChkPt\Ford001A_ChkPt_Impl\tools\local\include\WdgM.h"/>
<F id="7" n="C:\Users\gz324f\Desktop\working\component\Ford_001A_ChkPt\Ford001A_ChkPt_Impl\src\CDD_ChkPt_Bsw.c"/>
<F id="8" n="C-STUBS\__polyspace__stdstubs.c"/>
<F id="9" n="C:\Users\gz324f\Desktop\working\component\Ford_001A_ChkPt\Ford001A_ChkPt_Impl\tools\Polyspace\~CodeProver\C-ALL\C-STUBS\pst_stub_types.h"/>
<F id="10" n="C-STUBS\pst_stubs_0.c"/>
<F id="11" n="C-STUBS\__polyspace_main.c"/>
<F id="12" n="C:\Users\gz324f\Desktop\working\component\Ford_001A_ChkPt\Ford001A_ChkPt_Impl\include\CDD_ChkPt_Bsw.h"/>
<F id="13" n="C:\Users\gz324f\Desktop\working\component\Ford_001A_ChkPt\Ford001A_ChkPt_Impl\tools\local\include\WdgM_PBcfg.h"/>
<F id="14" n="C:\Program Files\MATLAB\R2013b\polyspace\verifier\cxx\cinclude\__polyspace__std_decls.h"/>
<F id="15" n="C:\Program Files\MATLAB\R2013b\polyspace\verifier\cxx\cinclude\assert.h"/>
<F id="16" n="C:\Program Files\MATLAB\R2013b\polyspace\verifier\cxx\cinclude\__polyspace__libc_defs.h"/>
<F id="17" n="C:\Users\gz324f\Desktop\working\component\Ford_001A_ChkPt\Ford001A_ChkPt_Impl\tools\local\generate\Rte_CDD_ChkPtAppl10_Type.h"/>
<F id="18" n="C:\Users\gz324f\Desktop\working\component\Ford_001A_ChkPt\Ford001A_ChkPt_Impl\tools\local\generate\Rte_Type.h"/>
<F id="19" n="C:\Users\gz324f\Desktop\working\component\Ford_001A_ChkPt\Ford001A_ChkPt_Impl\tools\local\generate\Rte.h"/>
<F id="20" n="C:\Users\gz324f\Desktop\working\component\Ford_001A_ChkPt\AR201A_ArCplrSuprt_Impl\include\ASR4.0.3\Compiler.h"/>
<F id="21" n="C:\Users\gz324f\Desktop\working\component\Ford_001A_ChkPt\AR201A_ArCplrSuprt_Impl\tools\contract\Compiler_Cfg.h"/>
<F id="22" n="C:\Users\gz324f\Desktop\working\component\Ford_001A_ChkPt\AR201A_ArCplrSuprt_Impl\tools\contract\Renesas_Compiler.h"/>
<F id="23" n="C:\Users\gz324f\Desktop\working\component\Ford_001A_ChkPt\Ford001A_ChkPt_Impl\tools\local\generate\Rte_DataHandleType.h"/>
<F id="24" n="C:\Users\gz324f\Desktop\working\component\Ford_001A_ChkPt\AR200A_ArSuprt_Impl\tools\contract\MemMap.h"/>
<F id="25" n="C:\Users\gz324f\Desktop\working\component\Ford_001A_ChkPt\Ford001A_ChkPt_Impl\tools\local\generate\CDD_ChkPtAppl10_MemMap.h"/>
</Files>
<Definitions>
<D id="1" f="10" l="113" c="30" n="real_random_for_return" t="4" d="1"/>
<D id="2" f="10" l="213" c="30" n="real_random_for_return" t="4" d="1"/>
<D id="3" f="10" l="114" c="21" n="random_for_return" t="4" d="1"/>
<D id="4" f="10" l="133" c="30" n="real_random_for_return" t="4" d="1"/>
<D id="5" f="10" l="214" c="21" n="random_for_return" t="4" d="1"/>
<D id="6" f="10" l="134" c="21" n="random_for_return" t="4" d="1"/>
<D id="7" f="10" l="153" c="30" n="real_random_for_return" t="4" d="1"/>
<D id="8" f="10" l="106" c="13" n="Rte_Call_CDD_ChkPtAppl10_ChkPt_10ms_Appl10_Strt_CheckpointReached" t="2" d="1"/>
<D id="9" f="10" l="206" c="49" n="P_0" t="4" d="1"/>
<D id="10" f="10" l="154" c="21" n="random_for_return" t="4" d="1"/>
<D id="11" f="10" l="206" c="13" n="WdgM_CheckpointReached" t="2" d="1"/>
<D id="12" f="10" l="173" c="30" n="real_random_for_return" t="4" d="1"/>
<D id="13" f="10" l="126" c="13" n="Rte_Call_CDD_ChkPtAppl10_ChkPt_2ms_Appl10_End_CheckpointReached" t="2" d="1"/>
<D id="14" f="10" l="174" c="21" n="random_for_return" t="4" d="1"/>
<D id="15" f="10" l="193" c="30" n="real_random_for_return" t="4" d="1"/>
<D id="16" f="10" l="146" c="13" n="Rte_Call_CDD_ChkPtAppl10_ChkPt_2ms_Appl10_Strt_CheckpointReached" t="2" d="1"/>
<D id="17" f="10" l="194" c="21" n="random_for_return" t="4" d="1"/>
<D id="18" f="10" l="166" c="13" n="Rte_Call_CDD_ChkPtAppl10_ChkPt_4ms_Appl10_End_CheckpointReached" t="2" d="1"/>
<D id="19" f="10" l="186" c="13" n="Rte_Call_CDD_ChkPtAppl10_ChkPt_4ms_Appl10_Strt_CheckpointReached" t="2" d="1"/>
<D id="20" f="8" l="6926" c="14" n="_polyspace_compare_function_type" t="7" d="1"/>
<D id="21" f="10" l="206" c="68" n="P_1" t="4" d="1"/>
<D id="22" f="8" l="12230" c="16" n="__polyspace_absolute_address" t="1" d="1"/>
<D id="23" f="8" l="11370" c="23" n="random" t="4" d="1"/>
<D id="24" f="8" l="11386" c="21" n="HUGE_VAL" t="1" d="1"/>
<D id="25" f="8" l="11368" c="12" n="_polyspace_random_long_double" t="2" d="1"/>
<D id="26" f="8" l="11387" c="21" n="HUGE_VALF" t="1" d="1"/>
<D id="27" f="8" l="11388" c="21" n="HUGE_VALL" t="1" d="1"/>
<D id="28" f="9" l="3" c="20" n="__PST__SINT8" t="7" d="1"/>
<D id="29" f="9" l="5" c="19" n="__PST__SINT32" t="7" d="1"/>
<D id="30" f="9" l="1" c="13" n="__PST__CHAR" t="7" d="1"/>
<D id="31" f="9" l="4" c="21" n="__PST__SINT16" t="7" d="1"/>
<D id="32" f="9" l="2" c="13" n="__PST__VOID" t="7" d="1"/>
<D id="33" f="6" l="4" c="14" n="WdgM_SupervisedEntityIdType" t="7" d="1"/>
<D id="34" f="9" l="7" c="22" n="__PST__UINT8" t="7" d="1"/>
<D id="35" f="9" l="9" c="21" n="__PST__UINT32" t="7" d="1"/>
<D id="36" f="6" l="5" c="15" n="WdgM_CheckpointIdType" t="7" d="1"/>
<D id="37" f="4" l="50" c="7" n="Rte_CDS_CDD_ChkPtAppl10" t="6" d="1"/>
<D id="38" f="9" l="8" c="23" n="__PST__UINT16" t="7" d="1"/>
<D id="39" f="7" l="44" c="5" n="ChkPt_10msBswAppl10Strt" t="2" d="1"/>
<D id="40" f="9" l="6" c="25" n="__PST__SINT64" t="7" d="1"/>
<D id="41" f="4" l="53" c="8" n="_dummy" t="9" d="1"/>
<D id="42" f="7" l="57" c="5" n="ChkPt_10msBswAppl10End" t="2" d="1"/>
<D id="43" f="9" l="20" c="20" n="__PST__g__22" t="7" d="1"/>
<D id="44" f="9" l="21" c="21" n="__PST__g__23" t="7" d="1"/>
<D id="45" f="9" l="12" c="21" n="__PST__g__11" t="7" d="1"/>
<D id="46" f="3" l="141" c="2" n="Std_VersionInfoType" t="7" d="1"/>
<D id="47" f="9" l="14" c="20" n="__PST__g__15" t="7" d="1"/>
<D id="48" f="5" l="100" c="5" n="ChkPtAppl10_Init1" t="2" d="1"/>
<D id="49" f="9" l="22" c="21" n="__PST__g__24" t="7" d="1"/>
<D id="50" f="9" l="30" c="22" n="__PST__g__37" t="7" d="1"/>
<D id="51" f="9" l="31" c="31" n="__PST__g__38" t="7" d="1"/>
<D id="52" f="9" l="11" c="14" n="__PST__FLOAT32" t="7" d="1"/>
<D id="53" f="9" l="23" c="22" n="__PST__g__25" t="7" d="1"/>
<D id="54" f="9" l="24" c="22" n="__PST__g__26" t="7" d="1"/>
<D id="55" f="9" l="26" c="21" n="__PST__g__33" t="7" d="1"/>
<D id="56" f="11" l="42" c="5" n="main" t="2" d="1"/>
<D id="57" f="9" l="25" c="31" n="__PST__g__27" t="7" d="1"/>
<D id="58" f="9" l="27" c="30" n="__PST__g__34" t="7" d="1"/>
<D id="59" f="9" l="16" c="22" n="__PST__g__18" t="7" d="1"/>
<D id="60" f="9" l="13" c="15" n="__PST__FLOAT64" t="7" d="1"/>
<D id="61" f="9" l="15" c="23" n="__PST__g__16" t="7" d="1"/>
<D id="62" f="9" l="28" c="30" n="__PST__g__35" t="7" d="1"/>
<D id="63" f="9" l="19" c="30" n="__PST__g__20" t="7" d="1"/>
<D id="64" f="1" l="45" c="14" n="__va_list" t="7" d="1"/>
<D id="65" f="5" l="413" c="5" n="ChkPt_4msAppl10End" t="2" d="1"/>
<D id="66" f="9" l="18" c="22" n="__PST__g__21" t="7" d="1"/>
<D id="67" f="5" l="323" c="5" n="ChkPt_2msAppl10End" t="2" d="1"/>
<D id="68" f="5" l="233" c="5" n="ChkPt_10msAppl10End" t="2" d="1"/>
<D id="69" f="9" l="17" c="32" n="__PST__g__19" t="7" d="1"/>
<D id="70" f="5" l="143" c="5" n="ChkPt_100msAppl10End" t="2" d="1"/>
<D id="71" f="9" l="10" c="27" n="__PST__UINT64" t="7" d="1"/>
<D id="72" f="9" l="29" c="22" n="__PST__g__36" t="7" d="1"/>
<D id="73" f="1" l="50" c="18" n="__gnuc_va_list" t="7" d="1"/>
<D id="74" f="4" l="64" c="46" n="Rte_Instance" t="7" d="1"/>
<D id="75" f="8" l="477" c="4" n="errno" t="1" d="1"/>
<D id="76" f="5" l="458" c="5" n="ChkPt_4msAppl10Strt" t="2" d="1"/>
<D id="77" f="1" l="49" c="18" n="va_list" t="7" d="1"/>
<D id="78" f="5" l="368" c="5" n="ChkPt_2msAppl10Strt" t="2" d="1"/>
<D id="79" f="5" l="278" c="5" n="ChkPt_10msAppl10Strt" t="2" d="1"/>
<D id="80" f="5" l="188" c="5" n="ChkPt_100msAppl10Strt" t="2" d="1"/>
<D id="81" f="3" l="140" c="10" n="sw_patch_version" t="9" d="1"/>
<D id="82" f="8" l="101" c="21" n="size_t" t="7" d="1"/>
<D id="83" f="2" l="110" c="31" n="uint32" t="7" d="1"/>
<D id="84" f="10" l="25" c="20" n="pst_random_int" t="3" d="1"/>
<D id="85" f="11" l="25" c="20" n="pst_random_int" t="3" d="1"/>
<D id="86" f="2" l="112" c="31" n="sint8_least" t="7" d="1"/>
<D id="87" f="8" l="103" c="12" n="ptrdiff_t" t="7" d="1"/>
<D id="88" f="2" l="103" c="31" n="boolean" t="7" d="1"/>
<D id="89" f="2" l="113" c="31" n="uint8_least" t="7" d="1"/>
<D id="90" f="10" l="53" c="30" n="real_random_for_return" t="4" d="1"/>
<D id="91" f="3" l="136" c="10" n="vendorID" t="9" d="1"/>
<D id="92" f="2" l="114" c="31" n="sint16_least" t="7" d="1"/>
<D id="93" f="2" l="105" c="31" n="sint8" t="7" d="1"/>
<D id="94" f="3" l="137" c="10" n="moduleID" t="9" d="1"/>
<D id="95" f="10" l="54" c="21" n="random_for_return" t="4" d="1"/>
<D id="96" f="10" l="73" c="30" n="real_random_for_return" t="4" d="1"/>
<D id="97" f="8" l="106" c="21" n="wchar_t" t="7" d="1"/>
<D id="98" f="8" l="511" c="13" n="_polyspace_random_int" t="5" d="1"/>
<D id="99" f="2" l="115" c="31" n="uint16_least" t="7" d="1"/>
<D id="100" f="2" l="106" c="31" n="uint8" t="7" d="1"/>
<D id="101" f="3" l="138" c="10" n="sw_major_version" t="9" d="1"/>
<D id="102" f="3" l="132" c="14" n="Std_ReturnType" t="7" d="1"/>
<D id="103" f="2" l="116" c="31" n="sint32_least" t="7" d="1"/>
<D id="104" f="10" l="74" c="21" n="random_for_return" t="4" d="1"/>
<D id="105" f="2" l="107" c="31" n="sint16" t="7" d="1"/>
<D id="106" f="3" l="125" c="22" n="StatusType" t="7" d="1"/>
<D id="107" f="3" l="139" c="10" n="sw_minor_version" t="9" d="1"/>
<D id="108" f="10" l="93" c="30" n="real_random_for_return" t="4" d="1"/>
<D id="109" f="2" l="117" c="31" n="uint32_least" t="7" d="1"/>
<D id="110" f="2" l="108" c="31" n="uint16" t="7" d="1"/>
<D id="111" f="10" l="46" c="13" n="Rte_Call_CDD_ChkPtAppl10_ChkPt_100ms_Appl10_End_CheckpointReached" t="2" d="1"/>
<D id="112" f="8" l="503" c="23" n="_polyspace_random_uchar" t="5" d="1"/>
<D id="113" f="10" l="94" c="21" n="random_for_return" t="4" d="1"/>
<D id="114" f="2" l="127" c="31" n="sint64" t="7" d="1"/>
<D id="115" f="2" l="109" c="31" n="sint32" t="7" d="1"/>
<D id="116" f="2" l="128" c="31" n="uint64" t="7" d="1"/>
<D id="117" f="10" l="66" c="13" n="Rte_Call_CDD_ChkPtAppl10_ChkPt_100ms_Appl10_Strt_CheckpointReached" t="2" d="1"/>
<D id="118" f="10" l="225" c="5" n="__PST__MAIN__ENTRY__POINT__" t="2" d="1"/>
<D id="119" f="2" l="138" c="31" n="float32" t="7" d="1"/>
<D id="120" f="8" l="513" c="24" n="random" t="4" d="1"/>
<D id="121" f="8" l="521" c="25" n="random" t="4" d="1"/>
<D id="122" f="2" l="139" c="31" n="float64" t="7" d="1"/>
<D id="123" f="10" l="86" c="13" n="Rte_Call_CDD_ChkPtAppl10_ChkPt_10ms_Appl10_End_CheckpointReached" t="2" d="1"/>
<D id="124" f="10" l="23" c="28" n="pst_random_char" t="3" d="1"/>
<D id="125" f="8" l="505" c="34" n="random" t="4" d="1"/>
<D id="126" f="11" l="23" c="28" n="pst_random_char" t="3" d="1"/>
<D id="127" f="8" l="527" c="23" n="_polyspace_random_ulong" t="5" d="1"/>
<D id="128" f="8" l="534" c="16" n="_polyspace_random_double" t="5" d="1"/>
<D id="129" f="8" l="519" c="14" n="_polyspace_random_long" t="5" d="1"/>
<D id="130" f="8" l="3581" c="4" n="__polyspace_nb_varargs" t="1" d="1"/>
<D id="131" f="8" l="495" c="14" n="_polyspace_random_char" t="5" d="1"/>
<D id="132" f="8" l="529" c="34" n="random" t="4" d="1"/>
<D id="133" f="8" l="3580" c="7" n="__polyspace_vararg" t="1" d="1"/>
<D id="134" f="8" l="536" c="27" n="random" t="4" d="1"/>
<D id="135" f="8" l="497" c="25" n="random" t="4" d="1"/>
</Definitions>
<Uses>
<U id="1" f="11" l="110" c="19" d="32" a="0"/>
<U id="2" f="11" l="102" c="19" d="32" a="0"/>
<U id="3" f="11" l="100" c="12" d="85" a="0"/>
<U id="4" f="11" l="120" c="12" d="76" a="0"/>
<U id="5" f="11" l="110" c="31" d="65" a="0"/>
<U id="6" f="11" l="112" c="12" d="65" a="0"/>
<U id="7" f="11" l="102" c="31" d="78" a="0"/>
<U id="8" f="11" l="134" c="19" d="32" a="0"/>
<U id="9" f="11" l="104" c="12" d="78" a="0"/>
<U id="10" f="11" l="132" c="12" d="85" a="0"/>
<U id="11" f="11" l="126" c="19" d="32" a="0"/>
<U id="12" f="11" l="124" c="12" d="85" a="0"/>
<U id="13" f="11" l="118" c="19" d="32" a="0"/>
<U id="14" f="11" l="116" c="12" d="85" a="0"/>
<U id="15" f="10" l="114" c="41" d="1" a="0"/>
<U id="16" f="11" l="134" c="31" d="42" a="0"/>
<U id="17" f="10" l="214" c="41" d="2" a="0"/>
<U id="18" f="11" l="108" c="12" d="85" a="0"/>
<U id="19" f="10" l="228" c="20" d="56" a="0"/>
<U id="20" f="11" l="136" c="12" d="42" a="0"/>
<U id="21" f="10" l="134" c="41" d="4" a="0"/>
<U id="22" f="11" l="126" c="31" d="39" a="0"/>
<U id="23" f="11" l="128" c="12" d="39" a="0"/>
<U id="24" f="11" l="118" c="31" d="76" a="0"/>
<U id="25" f="10" l="115" c="15" d="3" a="0"/>
<U id="26" f="10" l="154" c="41" d="7" a="0"/>
<U id="27" f="10" l="215" c="15" d="5" a="0"/>
<U id="28" f="10" l="113" c="17" d="34" a="0"/>
<U id="29" f="10" l="213" c="17" d="34" a="0"/>
<U id="30" f="10" l="135" c="15" d="6" a="0"/>
<U id="31" f="10" l="174" c="41" d="12" a="0"/>
<U id="32" f="10" l="133" c="17" d="34" a="0"/>
<U id="33" f="10" l="155" c="15" d="10" a="0"/>
<U id="34" f="10" l="194" c="41" d="15" a="0"/>
<U id="35" f="10" l="153" c="17" d="34" a="0"/>
<U id="36" f="10" l="206" c="54" d="38" a="0"/>
<U id="37" f="10" l="206" c="36" d="34" a="0"/>
<U id="38" f="10" l="175" c="15" d="14" a="0"/>
<U id="39" f="10" l="173" c="17" d="34" a="0"/>
<U id="40" f="10" l="195" c="15" d="17" a="0"/>
<U id="41" f="10" l="193" c="17" d="34" a="0"/>
<U id="42" f="8" l="11371" c="9" d="23" a="0"/>
<U id="43" f="6" l="7" c="0" d="102" a="0"/>
<U id="44" f="6" l="4" c="8" d="100" a="0"/>
<U id="45" f="6" l="5" c="8" d="110" a="0"/>
<U id="46" f="6" l="8" c="8" d="33" a="0"/>
<U id="47" f="6" l="9" c="8" d="36" a="0"/>
<U id="48" f="4" l="80" c="0" d="102" a="0"/>
<U id="49" f="4" l="73" c="0" d="102" a="0"/>
<U id="50" f="4" l="74" c="0" d="102" a="0"/>
<U id="51" f="4" l="53" c="2" d="100" a="0"/>
<U id="52" f="4" l="75" c="0" d="102" a="0"/>
<U id="53" f="4" l="76" c="0" d="102" a="0"/>
<U id="54" f="4" l="77" c="0" d="102" a="0"/>
<U id="55" f="4" l="78" c="0" d="102" a="0"/>
<U id="56" f="4" l="79" c="0" d="102" a="0"/>
<U id="57" f="9" l="20" c="8" d="32" a="0"/>
<U id="58" f="6" l="7" c="15" d="11" a="0"/>
<U id="59" f="1" l="50" c="8" d="64" a="0"/>
<U id="60" f="9" l="30" c="8" d="35" a="0"/>
<U id="61" f="9" l="21" c="8" d="34" a="0"/>
<U id="62" f="9" l="12" c="8" d="32" a="0"/>
<U id="63" f="9" l="22" c="8" d="34" a="0"/>
<U id="64" f="9" l="23" c="8" d="44" a="0"/>
<U id="65" f="9" l="14" c="8" d="32" a="0"/>
<U id="66" f="9" l="24" c="8" d="49" a="0"/>
<U id="67" f="9" l="15" c="8" d="60" a="0"/>
<U id="68" f="1" l="84" c="7" d="77" a="0"/>
<U id="69" f="9" l="16" c="8" d="45" a="0"/>
<U id="70" f="9" l="26" c="8" d="28" a="0"/>
<U id="71" f="9" l="18" c="8" d="28" a="0"/>
<U id="72" f="1" l="49" c="8" d="64" a="0"/>
<U id="73" f="9" l="29" c="8" d="29" a="0"/>
<U id="74" f="3" l="140" c="3" d="100" a="0"/>
<U id="75" f="10" l="46" c="0" d="34" a="0"/>
<U id="76" f="10" l="66" c="0" d="34" a="0"/>
<U id="77" f="9" l="20" c="33" d="29" a="0"/>
<U id="78" f="4" l="64" c="21" d="37" a="0"/>
<U id="79" f="1" l="84" c="39" d="77" a="0"/>
<U id="80" f="10" l="86" c="0" d="34" a="0"/>
<U id="81" f="7" l="60" c="14" d="11" a="0"/>
<U id="82" f="3" l="136" c="3" d="110" a="0"/>
<U id="83" f="4" l="80" c="15" d="19" a="0"/>
<U id="84" f="9" l="22" c="34" d="34" a="0"/>
<U id="85" f="3" l="137" c="3" d="110" a="0"/>
<U id="86" f="9" l="31" c="17" d="35" a="0"/>
<U id="87" f="3" l="138" c="3" d="100" a="0"/>
<U id="88" f="4" l="73" c="15" d="111" a="0"/>
<U id="89" f="7" l="47" c="14" d="11" a="0"/>
<U id="90" f="4" l="74" c="15" d="117" a="0"/>
<U id="91" f="3" l="132" c="8" d="100" a="0"/>
<U id="92" f="3" l="139" c="3" d="100" a="0"/>
<U id="93" f="4" l="75" c="15" d="123" a="0"/>
<U id="94" f="4" l="76" c="15" d="8" a="0"/>
<U id="95" f="9" l="25" c="17" d="29" a="0"/>
<U id="96" f="10" l="54" c="8" d="34" a="0"/>
<U id="97" f="4" l="77" c="15" d="13" a="0"/>
<U id="98" f="9" l="17" c="17" d="60" a="0"/>
<U id="99" f="4" l="78" c="15" d="16" a="0"/>
<U id="100" f="9" l="27" c="17" d="28" a="0"/>
<U id="101" f="10" l="74" c="8" d="34" a="0"/>
<U id="102" f="4" l="79" c="15" d="18" a="0"/>
<U id="103" f="9" l="28" c="17" d="34" a="0"/>
<U id="104" f="9" l="19" c="17" d="66" a="0"/>
<U id="105" f="9" l="22" c="48" d="38" a="0"/>
<U id="106" f="10" l="94" c="8" d="34" a="0"/>
<U id="107" f="11" l="70" c="19" d="32" a="0"/>
<U id="108" f="10" l="106" c="0" d="34" a="0"/>
<U id="109" f="11" l="62" c="19" d="32" a="0"/>
<U id="110" f="10" l="206" c="0" d="34" a="0"/>
<U id="111" f="11" l="54" c="19" d="32" a="0"/>
<U id="112" f="10" l="126" c="0" d="34" a="0"/>
<U id="113" f="11" l="60" c="12" d="85" a="0"/>
<U id="114" f="8" l="530" c="11" d="132" a="0"/>
<U id="115" f="11" l="52" c="12" d="85" a="0"/>
<U id="116" f="11" l="80" c="12" d="68" a="0"/>
<U id="117" f="8" l="522" c="11" d="121" a="0"/>
<U id="118" f="10" l="146" c="0" d="34" a="0"/>
<U id="119" f="11" l="70" c="31" d="80" a="0"/>
<U id="120" f="11" l="46" c="11" d="85" a="0"/>
<U id="121" f="11" l="72" c="12" d="80" a="0"/>
<U id="122" f="8" l="514" c="11" d="120" a="0"/>
<U id="123" f="11" l="94" c="19" d="32" a="0"/>
<U id="124" f="11" l="62" c="31" d="70" a="0"/>
<U id="125" f="10" l="166" c="0" d="34" a="0"/>
<U id="126" f="11" l="64" c="12" d="70" a="0"/>
<U id="127" f="8" l="506" c="11" d="125" a="0"/>
<U id="128" f="11" l="86" c="19" d="32" a="0"/>
<U id="129" f="5" l="421" c="14" d="18" a="0"/>
<U id="130" f="11" l="54" c="31" d="48" a="0"/>
<U id="131" f="11" l="92" c="12" d="85" a="0"/>
<U id="132" f="5" l="331" c="14" d="13" a="0"/>
<U id="133" f="5" l="241" c="14" d="123" a="0"/>
<U id="134" f="5" l="151" c="14" d="111" a="0"/>
<U id="135" f="11" l="56" c="12" d="48" a="0"/>
<U id="136" f="11" l="78" c="19" d="32" a="0"/>
<U id="137" f="10" l="54" c="41" d="90" a="0"/>
<U id="138" f="11" l="84" c="12" d="85" a="0"/>
<U id="139" f="10" l="23" c="16" d="30" a="0"/>
<U id="140" f="10" l="186" c="0" d="34" a="0"/>
<U id="141" f="11" l="23" c="16" d="30" a="0"/>
<U id="142" f="11" l="76" c="12" d="85" a="0"/>
<U id="143" f="10" l="74" c="41" d="96" a="0"/>
<U id="144" f="10" l="230" c="8" d="56" a="0"/>
<U id="145" f="8" l="537" c="11" d="134" a="0"/>
<U id="146" f="11" l="94" c="31" d="67" a="0"/>
<U id="147" f="11" l="68" c="12" d="85" a="0"/>
<U id="148" f="11" l="96" c="12" d="67" a="0"/>
<U id="149" f="10" l="55" c="15" d="95" a="0"/>
<U id="150" f="10" l="94" c="41" d="108" a="0"/>
<U id="151" f="11" l="86" c="31" d="79" a="0"/>
<U id="152" f="10" l="114" c="8" d="34" a="0"/>
<U id="153" f="11" l="88" c="12" d="79" a="0"/>
<U id="154" f="10" l="53" c="17" d="34" a="0"/>
<U id="155" f="11" l="78" c="31" d="68" a="0"/>
<U id="156" f="10" l="214" c="8" d="34" a="0"/>
<U id="157" f="10" l="75" c="15" d="104" a="0"/>
<U id="158" f="10" l="134" c="8" d="34" a="0"/>
<U id="159" f="10" l="73" c="17" d="34" a="0"/>
<U id="160" f="10" l="95" c="15" d="113" a="0"/>
<U id="161" f="5" l="466" c="14" d="19" a="0"/>
<U id="162" f="8" l="498" c="11" d="135" a="0"/>
<U id="163" f="5" l="376" c="14" d="16" a="0"/>
<U id="164" f="5" l="286" c="14" d="8" a="0"/>
<U id="165" f="10" l="93" c="17" d="34" a="0"/>
<U id="166" f="5" l="196" c="14" d="117" a="0"/>
<U id="167" f="10" l="154" c="8" d="34" a="0"/>
<U id="168" f="10" l="174" c="8" d="34" a="0"/>
<U id="169" f="10" l="228" c="8" d="32" a="0"/>
<U id="170" f="10" l="194" c="8" d="34" a="0"/>
</Uses>
<Blocks>
<B id="1" t="routine" f="7" l="44" c="5">
<BEGIN l="45" c="0"/>
<END l="48" c="0"/>
</B>
<B id="2" t="routine" f="7" l="57" c="5">
<BEGIN l="58" c="0"/>
<END l="61" c="0"/>
</B>
<B id="3" t="ppcif" f="12" l="21" c="0">
<BEGIN l="21" c="23"/>
<END l="33" c="0"/>
</B>
<B id="4" t="routine" f="5" l="100" c="5">
<BEGIN l="101" c="0"/>
<END l="111" c="0"/>
</B>
<B id="5" t="routine" f="5" l="143" c="5">
<BEGIN l="144" c="0"/>
<END l="156" c="0"/>
</B>
<B id="6" t="routine" f="5" l="188" c="5">
<BEGIN l="189" c="0"/>
<END l="201" c="0"/>
</B>
<B id="7" t="routine" f="5" l="233" c="5">
<BEGIN l="234" c="0"/>
<END l="246" c="0"/>
</B>
<B id="8" t="routine" f="5" l="278" c="5">
<BEGIN l="279" c="0"/>
<END l="291" c="0"/>
</B>
<B id="9" t="routine" f="5" l="323" c="5">
<BEGIN l="324" c="0"/>
<END l="336" c="0"/>
</B>
<B id="10" t="routine" f="5" l="368" c="5">
<BEGIN l="369" c="0"/>
<END l="381" c="0"/>
</B>
<B id="11" t="routine" f="5" l="413" c="5">
<BEGIN l="414" c="0"/>
<END l="426" c="0"/>
</B>
<B id="12" t="routine" f="5" l="458" c="5">
<BEGIN l="459" c="0"/>
<END l="471" c="0"/>
</B>
<B id="13" t="ppcif" f="14" l="15" c="0">
<BEGIN l="15" c="27"/>
<END l="330" c="0"/>
</B>
<B id="14" t="ppcif" f="14" l="25" c="0">
<BEGIN l="25" c="19"/>
<END l="155" c="0"/>
</B>
<B id="15" t="ppcrmif" f="14" l="46" c="0">
<BEGIN l="46" c="93"/>
<END l="91" c="0"/>
</B>
<B id="16" t="ppcrmif" f="14" l="94" c="0">
<BEGIN l="94" c="91"/>
<END l="153" c="0"/>
</B>
<B id="17" t="ppcrmelse" f="14" l="155" c="0">
<BEGIN l="155" c="35"/>
<END l="328" c="0"/>
</B>
<B id="18" t="ppcif" f="15" l="11" c="0">
<BEGIN l="11" c="27"/>
<END l="36" c="0"/>
</B>
<B id="19" t="ppcrmif" f="15" l="14" c="0">
<BEGIN l="14" c="19"/>
<END l="29" c="0"/>
</B>
<B id="20" t="ppcelse" f="15" l="29" c="0">
<BEGIN l="29" c="5"/>
<END l="33" c="0"/>
</B>
<B id="21" t="ppcif" f="1" l="22" c="0">
<BEGIN l="22" c="17"/>
<END l="109" c="0"/>
</B>
<B id="22" t="ppcrmif" f="1" l="39" c="0">
<BEGIN l="39" c="66"/>
<END l="43" c="0"/>
</B>
<B id="23" t="ppcelse" f="1" l="43" c="0">
<BEGIN l="43" c="60"/>
<END l="47" c="0"/>
</B>
<B id="24" t="ppcrmif" f="1" l="52" c="0">
<BEGIN l="52" c="18"/>
<END l="58" c="0"/>
</B>
<B id="25" t="ppcrmif" f="1" l="62" c="0">
<BEGIN l="62" c="33"/>
<END l="80" c="0"/>
</B>
<B id="26" t="ppcelse" f="1" l="80" c="0">
<BEGIN l="80" c="31"/>
<END l="93" c="0"/>
</B>
<B id="27" t="ppcrmif" f="1" l="96" c="0">
<BEGIN l="96" c="14"/>
<END l="106" c="0"/>
</B>
<B id="28" t="ppcif" f="16" l="3" c="0">
<BEGIN l="3" c="29"/>
<END l="348" c="0"/>
</B>
<B id="29" t="ppcif" f="16" l="61" c="0">
<BEGIN l="63" c="27"/>
<END l="66" c="0"/>
</B>
<B id="30" t="ppcrmif" f="16" l="165" c="0">
<BEGIN l="165" c="17"/>
<END l="206" c="0"/>
</B>
<B id="31" t="ppcrmif" f="16" l="209" c="0">
<BEGIN l="209" c="37"/>
<END l="211" c="0"/>
</B>
<B id="32" t="ppcrmif" f="16" l="213" c="0">
<BEGIN l="213" c="44"/>
<END l="321" c="0"/>
</B>
<B id="33" t="ppcif" f="16" l="323" c="0">
<BEGIN l="323" c="18"/>
<END l="346" c="0"/>
</B>
<B id="34" t="ppcrmif" f="16" l="326" c="0">
<BEGIN l="326" c="18"/>
<END l="328" c="0"/>
</B>
<B id="35" t="ppcrmif" f="16" l="329" c="0">
<BEGIN l="329" c="63"/>
<END l="331" c="0"/>
</B>
<B id="36" t="ppcrmif" f="16" l="332" c="0">
<BEGIN l="332" c="64"/>
<END l="334" c="0"/>
</B>
<B id="37" t="ppcrmif" f="16" l="335" c="0">
<BEGIN l="335" c="16"/>
<END l="340" c="0"/>
</B>
<B id="38" t="ppcif" f="16" l="343" c="0">
<BEGIN l="343" c="57"/>
<END l="345" c="0"/>
</B>
<B id="39" t="type" f="4" l="50" c="7">
<BEGIN l="50" c="29"/>
<END l="54" c="0"/>
</B>
<B id="40" t="ppcif" f="4" l="24" c="0">
<BEGIN l="24" c="30"/>
<END l="325" c="0"/>
</B>
<B id="41" t="ppcrmif" f="4" l="27" c="0">
<BEGIN l="27" c="35"/>
<END l="29" c="0"/>
</B>
<B id="42" t="ppcif" f="4" l="31" c="0">
<BEGIN l="31" c="38"/>
<END l="33" c="0"/>
</B>
<B id="43" t="ppcrmif" f="4" l="35" c="0">
<BEGIN l="35" c="19"/>
<END l="38" c="0"/>
</B>
<B id="44" t="ppcrmif" f="4" l="321" c="0">
<BEGIN l="321" c="19"/>
<END l="323" c="0"/>
</B>
<B id="45" t="ppcif" f="17" l="24" c="0">
<BEGIN l="24" c="35"/>
<END l="39" c="0"/>
</B>
<B id="46" t="ppcrmif" f="17" l="27" c="0">
<BEGIN l="27" c="19"/>
<END l="30" c="0"/>
</B>
<B id="47" t="ppcrmif" f="17" l="35" c="0">
<BEGIN l="35" c="19"/>
<END l="37" c="0"/>
</B>
<B id="48" t="ppcif" f="18" l="24" c="0">
<BEGIN l="24" c="19"/>
<END l="29" c="0"/>
</B>
<B id="49" t="ppcif" f="19" l="25" c="0">
<BEGIN l="25" c="14"/>
<END l="96" c="0"/>
</B>
<B id="50" t="ppcrmif" f="19" l="41" c="0">
<BEGIN l="41" c="33"/>
<END l="43" c="0"/>
</B>
<B id="51" t="ppcrmif" f="19" l="45" c="0">
<BEGIN l="45" c="46"/>
<END l="47" c="0"/>
</B>
<B id="52" t="ppcrmif" f="19" l="49" c="0">
<BEGIN l="49" c="28"/>
<END l="51" c="0"/>
</B>
<B id="53" t="type" f="3" l="135" c="0">
<BEGIN l="135" c="0"/>
<END l="141" c="0"/>
</B>
<B id="54" t="ppcif" f="3" l="56" c="0">
<BEGIN l="56" c="19"/>
<END l="154" c="0"/>
</B>
<B id="55" t="ppcif" f="3" l="122" c="0">
<BEGIN l="122" c="26"/>
<END l="126" c="0"/>
</B>
<B id="56" t="ppcif" f="2" l="43" c="0">
<BEGIN l="43" c="24"/>
<END l="150" c="0"/>
</B>
<B id="57" t="ppcif" f="2" l="81" c="0">
<BEGIN l="81" c="13"/>
<END l="83" c="0"/>
</B>
<B id="58" t="ppcif" f="2" l="85" c="0">
<BEGIN l="85" c="14"/>
<END l="87" c="0"/>
</B>
<B id="59" t="ppcrmif" f="2" l="119" c="0">
<BEGIN l="119" c="46"/>
<END l="125" c="0"/>
</B>
<B id="60" t="ppcelse" f="2" l="125" c="0">
<BEGIN l="125" c="6"/>
<END l="129" c="0"/>
</B>
<B id="61" t="ppcrmif" f="2" l="131" c="0">
<BEGIN l="131" c="46"/>
<END l="137" c="0"/>
</B>
<B id="62" t="ppcelse" f="2" l="137" c="0">
<BEGIN l="137" c="6"/>
<END l="140" c="0"/>
</B>
<B id="63" t="ppcif" f="20" l="43" c="0">
<BEGIN l="43" c="18"/>
<END l="202" c="0"/>
</B>
<B id="64" t="ppcif" f="20" l="88" c="0">
<BEGIN l="88" c="17"/>
<END l="90" c="0"/>
</B>
<B id="65" t="ppcif" f="21" l="19" c="0">
<BEGIN l="19" c="22"/>
<END l="23" c="0"/>
</B>
<B id="66" t="ppcif" f="22" l="19" c="0">
<BEGIN l="19" c="26"/>
<END l="23" c="0"/>
</B>
<B id="67" t="ppcif" f="23" l="24" c="0">
<BEGIN l="24" c="31"/>
<END l="27" c="0"/>
</B>
<B id="68" t="ppcif" f="24" l="19" c="0">
<BEGIN l="19" c="16"/>
<END l="24" c="0"/>
</B>
<B id="69" t="ppcif" f="25" l="53" c="0">
<BEGIN l="53" c="37"/>
<END l="57" c="0"/>
</B>
<B id="70" t="ppcrmif" f="25" l="67" c="0">
<BEGIN l="67" c="50"/>
<END l="71" c="0"/>
</B>
<B id="71" t="ppcrmif" f="25" l="81" c="0">
<BEGIN l="81" c="55"/>
<END l="85" c="0"/>
</B>
<B id="72" t="ppcrmif" f="25" l="95" c="0">
<BEGIN l="95" c="53"/>
<END l="99" c="0"/>
</B>
<B id="73" t="ppcrmif" f="25" l="109" c="0">
<BEGIN l="109" c="58"/>
<END l="113" c="0"/>
</B>
<B id="74" t="ppcif" f="25" l="125" c="0">
<BEGIN l="125" c="36"/>
<END l="129" c="0"/>
</B>
<B id="75" t="ppcrmif" f="25" l="139" c="0">
<BEGIN l="139" c="49"/>
<END l="143" c="0"/>
</B>
<B id="76" t="ppcrmif" f="25" l="153" c="0">
<BEGIN l="153" c="54"/>
<END l="157" c="0"/>
</B>
<B id="77" t="ppcrmif" f="25" l="167" c="0">
<BEGIN l="167" c="52"/>
<END l="171" c="0"/>
</B>
<B id="78" t="ppcrmif" f="25" l="181" c="0">
<BEGIN l="181" c="57"/>
<END l="185" c="0"/>
</B>
</Blocks>
</Navig>
