<?xml version="1.0" encoding="UTF-8"?>
<MISRA-C-Report-Summary>
<File Mode="required" Error="0" Warning="16" Total="16">
<Name>
C:\Component\AR202A_MicroCtrlrSuprt_Impl\include\P1XC\NxtrMcuSuprtLib.h</Name>
</File>
<Rule Name="1.1" Count="6" Mode="required" Severity="warning">
<Message>
All code shall conform to ISO 9899:1990 Programming languages  C,</Message>
</Rule>
<Rule Name="8.5" Count="6" Mode="required" Severity="warning">
<Message>
</Message>
</Rule>
<Rule Name="21.1" Count="4" Mode="required" Severity="warning">
<Message>
Minimisation of run-time failures.</Message>
</Rule>
</MISRA-C-Report-Summary>
