<?xml version="1.0" encoding="UTF-8"?>
<MISRA-C-Report-Summary>
<File Mode="advisory" Error="0" Warning="1" Total="1">
<Name>
C:\Users\NZ5334\Documents\Synergy\Working\ses_dev_ea4\MM531A_FordMsg07EBusHiSpd_Impl\src\FordMsg07EBusHiSpd.c</Name>
</File>
<File Mode="required" Error="0" Warning="7" Total="7">
<Name>
C:\Users\NZ5334\Documents\Synergy\Working\ses_dev_ea4\MM531A_FordMsg07EBusHiSpd_Impl\src\FordMsg07EBusHiSpd.c</Name>
</File>
<Rule Name="9.1" Count="4" Mode="required" Severity="warning">
<Message>
All automatic variables shall have been assigned a value before being used.</Message>
</Rule>
<Rule Name="21.1" Count="2" Mode="required" Severity="warning">
<Message>
Minimisation of run-time failures.</Message>
</Rule>
<Rule Name="19.1" Count="1" Mode="advisory" Severity="warning">
<Message>
#include statements in a file shall only be preceded by other preprocessor directives or comments.</Message>
</Rule>
<Rule Name="5.1" Count="1" Mode="required" Severity="warning">
<Message>
Identifiers "Ford_StePinRelInit_An_Sns_Cnt_T_enum" (FordMsg07EBusHiSpd.c line 24 ...</Message>
</Rule>
</MISRA-C-Report-Summary>
