<?xml version="1.0" encoding="UTF-8"?>
<MISRA-C-Report-Summary>
<File Mode="advisory" Error="0" Warning="1" Total="1">
<Name>
C:\Users\NZ5334\Documents\Synergy\Working\ses_dev_ea4\MM519A_FordMsg5B5BusHiSpd_Impl\src\FordMsg5B5BusHiSpd.c</Name>
</File>
<File Mode="required" Error="0" Warning="18" Total="18">
<Name>
C:\Users\NZ5334\Documents\Synergy\Working\ses_dev_ea4\MM519A_FordMsg5B5BusHiSpd_Impl\src\FordMsg5B5BusHiSpd.c</Name>
</File>
<Rule Name="21.1" Count="17" Mode="required" Severity="warning">
<Message>
Minimisation of run-time failures.</Message>
</Rule>
<Rule Name="19.1" Count="1" Mode="advisory" Severity="warning">
<Message>
#include statements in a file shall only be preceded by other preprocessor directives or comments.</Message>
</Rule>
<Rule Name="5.1" Count="1" Mode="required" Severity="warning">
<Message>
Identifiers "PWRSTEERCTRLMODLGATEWYNMONBDTESTMINVAL_CNT_U08" (FordMsg5B5BusHiSpd ...</Message>
</Rule>
</MISRA-C-Report-Summary>
