<?xml version="1.0" encoding="UTF-8"?>

<project name="Polyspace" files="2" includes="19" ap_cg_cycle="0" ap_cg_direct_cycle="0" pshv="0" unpshv="0">
<file name="C:\Users\gz324f\Desktop\working\component\Ford_001A_ChkPt\Ford001A_ChkPt_Impl\src\CDD_ChkPt_Bsw.c" total_lines="65" lines_without_cmt="15" comf="100" fco="1">
<function name="ChkPt_10msBswAppl10End" path="1" goto="0" vg="1" calling="0" calls="1" param="0" stmt="1" level="1" return="0" vocf="1.9" flin="2" fxln="1" ncalls="1">
</function>
<function name="ChkPt_10msBswAppl10Strt" path="1" goto="0" vg="1" calling="0" calls="1" param="0" stmt="1" level="1" return="0" vocf="2.1" flin="2" fxln="1" ncalls="1">
</function>
</file>
<file name="C:\Users\gz324f\Desktop\working\component\Ford_001A_ChkPt\Ford001A_ChkPt_Impl\src\CDD_ChkPtAppl10.c" total_lines="496" lines_without_cmt="40" comf="100" fco="0">
<function name="ChkPt_4msAppl10Strt" path="1" goto="0" vg="1" calling="0" calls="1" param="0" stmt="1" level="1" return="0" vocf="1.8" flin="11" fxln="1" ncalls="1">
</function>
<function name="ChkPt_4msAppl10End" path="1" goto="0" vg="1" calling="0" calls="1" param="0" stmt="1" level="1" return="0" vocf="1.8" flin="11" fxln="1" ncalls="1">
</function>
<function name="ChkPt_2msAppl10Strt" path="1" goto="0" vg="1" calling="0" calls="1" param="0" stmt="1" level="1" return="0" vocf="1.8" flin="11" fxln="1" ncalls="1">
</function>
<function name="ChkPt_2msAppl10End" path="1" goto="0" vg="1" calling="0" calls="1" param="0" stmt="1" level="1" return="0" vocf="1.8" flin="11" fxln="1" ncalls="1">
</function>
<function name="ChkPt_10msAppl10Strt" path="1" goto="0" vg="1" calling="0" calls="1" param="0" stmt="1" level="1" return="0" vocf="1.8" flin="11" fxln="1" ncalls="1">
</function>
<function name="ChkPt_10msAppl10End" path="1" goto="0" vg="1" calling="0" calls="1" param="0" stmt="1" level="1" return="0" vocf="1.8" flin="11" fxln="1" ncalls="1">
</function>
<function name="ChkPt_100msAppl10Strt" path="1" goto="0" vg="1" calling="0" calls="1" param="0" stmt="1" level="1" return="0" vocf="1.8" flin="11" fxln="1" ncalls="1">
</function>
<function name="ChkPt_100msAppl10End" path="1" goto="0" vg="1" calling="0" calls="1" param="0" stmt="1" level="1" return="0" vocf="1.8" flin="11" fxln="1" ncalls="1">
</function>
<function name="ChkPtAppl10_Init1" path="1" goto="0" vg="1" calling="0" calls="0" param="0" stmt="0" level="1" return="0" vocf="1.2" flin="9" fxln="0" ncalls="0">
</function>
</file>
</project>
