<?xml version="1.0" encoding="UTF-8"?>
<MISRA-C-Report-Summary>
<File Mode="advisory" Error="0" Warning="1" Total="1">
<Name>
C:\Users\gz324f\Desktop\working\component\Ford_001A_ChkPt\Ford001A_ChkPt_Impl\src\CDD_ChkPtAppl10.c</Name>
</File>
<File Mode="required" Error="0" Warning="9" Total="9">
<Name>
C:\Users\gz324f\Desktop\working\component\Ford_001A_ChkPt\Ford001A_ChkPt_Impl\src\CDD_ChkPtAppl10.c</Name>
</File>
<File Mode="advisory" Error="0" Warning="1" Total="1">
<Name>
C:\Users\gz324f\Desktop\working\component\Ford_001A_ChkPt\Ford001A_ChkPt_Impl\src\CDD_ChkPt_Bsw.c</Name>
</File>
<File Mode="required" Error="0" Warning="2" Total="2">
<Name>
C:\Users\gz324f\Desktop\working\component\Ford_001A_ChkPt\Ford001A_ChkPt_Impl\src\CDD_ChkPt_Bsw.c</Name>
</File>
<Rule Name="8.10" Count="11" Mode="required" Severity="warning">
<Message>
</Message>
</Rule>
<Rule Name="19.1" Count="2" Mode="advisory" Severity="warning">
<Message>
#include statements in a file shall only be preceded by other preprocessor directives or comments.</Message>
</Rule>
</MISRA-C-Report-Summary>
