<?xml version="1.0" encoding="UTF-8"?>
<!--EDRS Version 1.0-->
<global>
   <file name="C:\\Users\\NZ5334\\Documents\\Synergy\\Working\\ses_dev_ea4\\AR100A_NxtrMath_Impl\\include\\NxtrMath.h" comment="">
      <function name="Lim_u08" comment="" line="491" main_generator_called="MAIN_GENERATOR" attributes="static">
         <scalar name="arg1" comment="" line="491" base_type="uint8" attributes="static" complete_type="uint8" init_mode="MAIN_GENERATOR" init_modes_allowed="10" init_range="min..max" global_assert="unsupported" assert_range="unsupported"/>
         <scalar name="arg2" comment="" line="491" base_type="uint8" attributes="static" complete_type="uint8" init_mode="MAIN_GENERATOR" init_modes_allowed="10" init_range="min..max" global_assert="unsupported" assert_range="unsupported"/>
         <scalar name="arg3" comment="" line="491" base_type="uint8" attributes="static" complete_type="uint8" init_mode="MAIN_GENERATOR" init_modes_allowed="10" init_range="min..max" global_assert="unsupported" assert_range="unsupported"/>
         <scalar name="return" comment="" line="491" base_type="uint8" attributes="static" complete_type="uint8" init_mode="disabled" init_range="disabled" global_assert="unsupported" assert_range="unsupported"/>
      </function>
      <function name="Lim_u16" comment="" line="519" main_generator_called="MAIN_GENERATOR" attributes="static">
         <scalar name="arg1" comment="" line="519" base_type="uint16" attributes="static" complete_type="uint16" init_mode="MAIN_GENERATOR" init_modes_allowed="10" init_range="min..max" global_assert="unsupported" assert_range="unsupported"/>
         <scalar name="arg2" comment="" line="519" base_type="uint16" attributes="static" complete_type="uint16" init_mode="MAIN_GENERATOR" init_modes_allowed="10" init_range="min..max" global_assert="unsupported" assert_range="unsupported"/>
         <scalar name="arg3" comment="" line="519" base_type="uint16" attributes="static" complete_type="uint16" init_mode="MAIN_GENERATOR" init_modes_allowed="10" init_range="min..max" global_assert="unsupported" assert_range="unsupported"/>
         <scalar name="return" comment="" line="519" base_type="uint16" attributes="static" complete_type="uint16" init_mode="disabled" init_range="disabled" global_assert="unsupported" assert_range="unsupported"/>
      </function>
   </file>
   <file name="C:\\Users\\NZ5334\\Documents\\Synergy\\Working\\ses_dev_ea4\\MM090A_FordMsg459BusHiSpd_Impl\\src\\FordMsg459BusHiSpd.c" comment="">
      <function name="DiagEna" comment="" line="1513" main_generator_called="MAIN_GENERATOR" attributes="static">
         <scalar name="arg1" comment="" line="1513" base_type="uint8" attributes="static" complete_type="uint8" init_mode="MAIN_GENERATOR" init_modes_allowed="10" init_range="min..max" global_assert="unsupported" assert_range="unsupported"/>
         <scalar name="arg2" comment="" line="1513" base_type="uint8" attributes="static" complete_type="uint8" init_mode="MAIN_GENERATOR" init_modes_allowed="10" init_range="min..max" global_assert="unsupported" assert_range="unsupported"/>
         <pointer name="arg3" comment="" line="1513" attributes="static" complete_type="uint8 *" init_mode="MAIN_GENERATOR" init_modes_allowed="10" initialize_pointer="May-be NULL" number_allocated="max" init_pointed="MAIN_GENERATOR">
            <scalar comment="" line="1513" base_type="uint8" attributes="static" complete_type="uint8" init_mode="MAIN_GENERATOR" init_modes_allowed="10" init_range="min..max" global_assert="unsupported" assert_range="unsupported"/>
         </pointer>
      </function>
      <function name="DiagcChk" comment="" line="1536" main_generator_called="MAIN_GENERATOR" attributes="static">
         <scalar name="arg1" comment="" line="1536" base_type="uint8" attributes="static" complete_type="uint8" init_mode="MAIN_GENERATOR" init_modes_allowed="10" init_range="min..max" global_assert="unsupported" assert_range="unsupported"/>
         <scalar name="arg2" comment="" line="1536" base_type="uint8" attributes="static" complete_type="uint8" init_mode="MAIN_GENERATOR" init_modes_allowed="10" init_range="min..max" global_assert="unsupported" assert_range="unsupported"/>
         <pointer name="arg3" comment="" line="1536" attributes="static" complete_type="uint16 *" init_mode="MAIN_GENERATOR" init_modes_allowed="10" initialize_pointer="May-be NULL" number_allocated="max" init_pointed="MAIN_GENERATOR">
            <scalar comment="" line="1536" base_type="uint16" attributes="static" complete_type="uint16" init_mode="MAIN_GENERATOR" init_modes_allowed="10" init_range="min..max" global_assert="unsupported" assert_range="unsupported"/>
         </pointer>
      </function>
      <function name="FordMsg459BusHiSpdInit1" comment="" line="790" main_generator_called="MAIN_GENERATOR"/>
      <function name="FordMsg459BusHiSpdPer1" comment="" line="897" main_generator_called="MAIN_GENERATOR"/>
   </file>
   <file name="C:\\Users\\NZ5334\\Documents\\Synergy\\Working\\ses_dev_ea4\\MM090A_FordMsg459BusHiSpd_Impl\\src\\FordMsg459BusHiSpdNonRte.c" comment="">
      <function name="ComIPduCallout_TrailerAidStat3_FD1" comment="" line="45" main_generator_called="MAIN_GENERATOR" attributes="unused">
         <scalar name="arg1" comment="" line="45" base_type="uint8" complete_type="uint8" init_mode="MAIN_GENERATOR" init_modes_allowed="10" init_range="min..max" global_assert="unsupported" assert_range="unsupported"/>
         <pointer name="arg2" comment="" line="45" complete_type="const struct  *" init_mode="MAIN_GENERATOR" init_modes_allowed="10" initialize_pointer="May-be NULL" number_allocated="max" init_pointed="MAIN_GENERATOR"/>
         <scalar name="return" comment="" line="45" base_type="uint8" complete_type="uint8" init_mode="disabled" init_range="disabled" global_assert="unsupported" assert_range="unsupported"/>
      </function>
      <function name="ComTimeoutNotification_HitchToVehAxle_L_Calc" comment="" line="64" main_generator_called="MAIN_GENERATOR" attributes="unused"/>
   </file>
   <file name="C:\\Users\\NZ5334\\Documents\\Synergy\\Working\\ses_dev_ea4\\MM090A_FordMsg459BusHiSpd_Impl\\tools\\local\\generate\\Rte_FordMsg459BusHiSpd.h" comment="">
      <pointer name="Rte_Inst_FordMsg459BusHiSpd" comment="" line="82" attributes="extern const" complete_type="const struct Rte_CDS_FordMsg459BusHiSpd *" init_mode="INIT" init_modes_allowed="2" initialize_pointer="May-be NULL" number_allocated="max" init_pointed="MULTI">
         <struct comment="" line="82" complete_type="struct Rte_CDS_FordMsg459BusHiSpd" attributes="extern const">
            <pointer name="Pim_ClrDiagcFlgProxyPrev" comment="" line="82" attributes="extern const" complete_type="uint8 *" init_mode="INIT" init_modes_allowed="2" initialize_pointer="May-be NULL" number_allocated="max" init_pointed="MULTI">
               <scalar comment="" line="82" base_type="uint8" attributes="extern" complete_type="uint8" init_mode="INIT" init_modes_allowed="2" init_range="min..max" global_assert="unsupported" assert_range="unsupported"/>
            </pointer>
            <pointer name="Pim_FirstTranVldFlg" comment="" line="82" attributes="extern const" complete_type="uint8 *" init_mode="INIT" init_modes_allowed="2" initialize_pointer="May-be NULL" number_allocated="max" init_pointed="MULTI">
               <scalar comment="" line="82" base_type="uint8" attributes="extern" complete_type="uint8" init_mode="INIT" init_modes_allowed="2" init_range="min..max" global_assert="unsupported" assert_range="unsupported"/>
            </pointer>
            <pointer name="Pim_FordVehMsg459Miss" comment="" line="82" attributes="extern const" complete_type="uint8 *" init_mode="INIT" init_modes_allowed="2" initialize_pointer="May-be NULL" number_allocated="max" init_pointed="MULTI">
               <scalar comment="" line="82" base_type="uint8" attributes="extern" complete_type="uint8" init_mode="INIT" init_modes_allowed="2" init_range="min..max" global_assert="unsupported" assert_range="unsupported"/>
            </pointer>
            <pointer name="Pim_FordVehMsg459MissTmr" comment="" line="82" attributes="extern const" complete_type="uint32 *" init_mode="INIT" init_modes_allowed="2" initialize_pointer="May-be NULL" number_allocated="max" init_pointed="MULTI">
               <scalar comment="" line="82" base_type="uint32" attributes="extern" complete_type="uint32" init_mode="INIT" init_modes_allowed="2" init_range="min..max" global_assert="unsupported" assert_range="unsupported"/>
            </pointer>
            <pointer name="Pim_FordVehMsg459RxdTmr" comment="" line="82" attributes="extern const" complete_type="uint32 *" init_mode="INIT" init_modes_allowed="2" initialize_pointer="May-be NULL" number_allocated="max" init_pointed="MULTI">
               <scalar comment="" line="82" base_type="uint32" attributes="extern" complete_type="uint32" init_mode="INIT" init_modes_allowed="2" init_range="min..max" global_assert="unsupported" assert_range="unsupported"/>
            </pointer>
            <pointer name="Pim_FordVehTrlrAidAcqStsPrev" comment="" line="82" attributes="extern const" complete_type="uint8 *" init_mode="INIT" init_modes_allowed="2" initialize_pointer="May-be NULL" number_allocated="max" init_pointed="MULTI">
               <scalar comment="" line="82" base_type="uint8" attributes="extern" complete_type="uint8" init_mode="INIT" init_modes_allowed="2" init_range="min..max" global_assert="unsupported" assert_range="unsupported"/>
            </pointer>
            <pointer name="Pim_FordVehTrlrAidGuidcRevsStsPrev" comment="" line="82" attributes="extern const" complete_type="uint8 *" init_mode="INIT" init_modes_allowed="2" initialize_pointer="May-be NULL" number_allocated="max" init_pointed="MULTI">
               <scalar comment="" line="82" base_type="uint8" attributes="extern" complete_type="uint8" init_mode="INIT" init_modes_allowed="2" init_range="min..max" global_assert="unsupported" assert_range="unsupported"/>
            </pointer>
            <pointer name="Pim_FordVehTrlrAidHitchAgPrev" comment="" line="82" attributes="extern const" complete_type="uint16 *" init_mode="INIT" init_modes_allowed="2" initialize_pointer="May-be NULL" number_allocated="max" init_pointed="MULTI">
               <scalar comment="" line="82" base_type="uint16" attributes="extern" complete_type="uint16" init_mode="INIT" init_modes_allowed="2" init_range="min..max" global_assert="unsupported" assert_range="unsupported"/>
            </pointer>
            <pointer name="Pim_FordVehTrlrAidHitchAgRatePrev" comment="" line="82" attributes="extern const" complete_type="uint16 *" init_mode="INIT" init_modes_allowed="2" initialize_pointer="May-be NULL" number_allocated="max" init_pointed="MULTI">
               <scalar comment="" line="82" base_type="uint16" attributes="extern" complete_type="uint16" init_mode="INIT" init_modes_allowed="2" init_range="min..max" global_assert="unsupported" assert_range="unsupported"/>
            </pointer>
            <pointer name="Pim_FordVehTrlrAidIdnValPrev" comment="" line="82" attributes="extern const" complete_type="uint8 *" init_mode="INIT" init_modes_allowed="2" initialize_pointer="May-be NULL" number_allocated="max" init_pointed="MULTI">
               <scalar comment="" line="82" base_type="uint8" attributes="extern" complete_type="uint8" init_mode="INIT" init_modes_allowed="2" init_range="min..max" global_assert="unsupported" assert_range="unsupported"/>
            </pointer>
            <pointer name="Pim_FordVehTrlrAidTrackStFaildTmr" comment="" line="82" attributes="extern const" complete_type="uint32 *" init_mode="INIT" init_modes_allowed="2" initialize_pointer="May-be NULL" number_allocated="max" init_pointed="MULTI">
               <scalar comment="" line="82" base_type="uint32" attributes="extern" complete_type="uint32" init_mode="INIT" init_modes_allowed="2" init_range="min..max" global_assert="unsupported" assert_range="unsupported"/>
            </pointer>
            <pointer name="Pim_FordVehTrlrAidTrackStPassdTmr" comment="" line="82" attributes="extern const" complete_type="uint32 *" init_mode="INIT" init_modes_allowed="2" initialize_pointer="May-be NULL" number_allocated="max" init_pointed="MULTI">
               <scalar comment="" line="82" base_type="uint32" attributes="extern" complete_type="uint32" init_mode="INIT" init_modes_allowed="2" init_range="min..max" global_assert="unsupported" assert_range="unsupported"/>
            </pointer>
            <pointer name="Pim_FordVehTrlrAidTrackStPrev" comment="" line="82" attributes="extern const" complete_type="uint8 *" init_mode="INIT" init_modes_allowed="2" initialize_pointer="May-be NULL" number_allocated="max" init_pointed="MULTI">
               <scalar comment="" line="82" base_type="uint8" attributes="extern" complete_type="uint8" init_mode="INIT" init_modes_allowed="2" init_range="min..max" global_assert="unsupported" assert_range="unsupported"/>
            </pointer>
            <pointer name="Pim_FordVehTrlrBallToAxlePrev" comment="" line="82" attributes="extern const" complete_type="uint8 *" init_mode="INIT" init_modes_allowed="2" initialize_pointer="May-be NULL" number_allocated="max" init_pointed="MULTI">
               <scalar comment="" line="82" base_type="uint8" attributes="extern" complete_type="uint8" init_mode="INIT" init_modes_allowed="2" init_range="min..max" global_assert="unsupported" assert_range="unsupported"/>
            </pointer>
            <pointer name="Pim_FordVehTrlrHitchAgFaildTmr" comment="" line="82" attributes="extern const" complete_type="uint32 *" init_mode="INIT" init_modes_allowed="2" initialize_pointer="May-be NULL" number_allocated="max" init_pointed="MULTI">
               <scalar comment="" line="82" base_type="uint32" attributes="extern" complete_type="uint32" init_mode="INIT" init_modes_allowed="2" init_range="min..max" global_assert="unsupported" assert_range="unsupported"/>
            </pointer>
            <pointer name="Pim_FordVehTrlrHitchAgPassdTmr" comment="" line="82" attributes="extern const" complete_type="uint32 *" init_mode="INIT" init_modes_allowed="2" initialize_pointer="May-be NULL" number_allocated="max" init_pointed="MULTI">
               <scalar comment="" line="82" base_type="uint32" attributes="extern" complete_type="uint32" init_mode="INIT" init_modes_allowed="2" init_range="min..max" global_assert="unsupported" assert_range="unsupported"/>
            </pointer>
            <pointer name="Pim_FordVehTrlrHitchAgRateFaildTmr" comment="" line="82" attributes="extern const" complete_type="uint32 *" init_mode="INIT" init_modes_allowed="2" initialize_pointer="May-be NULL" number_allocated="max" init_pointed="MULTI">
               <scalar comment="" line="82" base_type="uint32" attributes="extern" complete_type="uint32" init_mode="INIT" init_modes_allowed="2" init_range="min..max" global_assert="unsupported" assert_range="unsupported"/>
            </pointer>
            <pointer name="Pim_FordVehTrlrHitchAgRatePassdTmr" comment="" line="82" attributes="extern const" complete_type="uint32 *" init_mode="INIT" init_modes_allowed="2" initialize_pointer="May-be NULL" number_allocated="max" init_pointed="MULTI">
               <scalar comment="" line="82" base_type="uint32" attributes="extern" complete_type="uint32" init_mode="INIT" init_modes_allowed="2" init_range="min..max" global_assert="unsupported" assert_range="unsupported"/>
            </pointer>
            <pointer name="Pim_FordVehTrlrHitchAgVldPrev" comment="" line="82" attributes="extern const" complete_type="uint8 *" init_mode="INIT" init_modes_allowed="2" initialize_pointer="May-be NULL" number_allocated="max" init_pointed="MULTI">
               <scalar comment="" line="82" base_type="uint8" attributes="extern" complete_type="uint8" init_mode="INIT" init_modes_allowed="2" init_range="min..max" global_assert="unsupported" assert_range="unsupported"/>
            </pointer>
            <pointer name="Pim_FordVehTrlrHitchRateVldPrev" comment="" line="82" attributes="extern const" complete_type="uint8 *" init_mode="INIT" init_modes_allowed="2" initialize_pointer="May-be NULL" number_allocated="max" init_pointed="MULTI">
               <scalar comment="" line="82" base_type="uint8" attributes="extern" complete_type="uint8" init_mode="INIT" init_modes_allowed="2" init_range="min..max" global_assert="unsupported" assert_range="unsupported"/>
            </pointer>
            <pointer name="Pim_FordVehTrlrTarVldPrev" comment="" line="82" attributes="extern const" complete_type="uint8 *" init_mode="INIT" init_modes_allowed="2" initialize_pointer="May-be NULL" number_allocated="max" init_pointed="MULTI">
               <scalar comment="" line="82" base_type="uint8" attributes="extern" complete_type="uint8" init_mode="INIT" init_modes_allowed="2" init_range="min..max" global_assert="unsupported" assert_range="unsupported"/>
            </pointer>
            <pointer name="Pim_FordVehTrlrTrackStVldPrev" comment="" line="82" attributes="extern const" complete_type="uint8 *" init_mode="INIT" init_modes_allowed="2" initialize_pointer="May-be NULL" number_allocated="max" init_pointed="MULTI">
               <scalar comment="" line="82" base_type="uint8" attributes="extern" complete_type="uint8" init_mode="INIT" init_modes_allowed="2" init_range="min..max" global_assert="unsupported" assert_range="unsupported"/>
            </pointer>
            <pointer name="Pim_TrlrAidStsThreePrsntIntPrev" comment="" line="82" attributes="extern const" complete_type="uint8 *" init_mode="INIT" init_modes_allowed="2" initialize_pointer="May-be NULL" number_allocated="max" init_pointed="MULTI">
               <scalar comment="" line="82" base_type="uint8" attributes="extern" complete_type="uint8" init_mode="INIT" init_modes_allowed="2" init_range="min..max" global_assert="unsupported" assert_range="unsupported"/>
            </pointer>
         </struct>
      </pointer>
      <function name="Rte_Prm_FordMsg459BusHiSpd_FordMsg459BusHiSpdDiagMsgMissTmrThd_Val" comment="" line="151" main_generator_called="disabled" attributes="extern">
         <scalar name="return" comment="" line="151" base_type="uint16" complete_type="uint16" init_mode="PERMANENT" init_modes_allowed="4" init_range="min..max" global_assert="unsupported" assert_range="unsupported"/>
      </function>
      <function name="Rte_Prm_FordMsg459BusHiSpd_FordMsg459BusHiSpdHitchAgInvldFaildThd_Val" comment="" line="152" main_generator_called="disabled" attributes="extern">
         <scalar name="return" comment="" line="152" base_type="uint16" complete_type="uint16" init_mode="PERMANENT" init_modes_allowed="4" init_range="min..max" global_assert="unsupported" assert_range="unsupported"/>
      </function>
      <function name="Rte_Prm_FordMsg459BusHiSpd_FordMsg459BusHiSpdHitchAgInvldPassdThd_Val" comment="" line="153" main_generator_called="disabled" attributes="extern">
         <scalar name="return" comment="" line="153" base_type="uint16" complete_type="uint16" init_mode="PERMANENT" init_modes_allowed="4" init_range="min..max" global_assert="unsupported" assert_range="unsupported"/>
      </function>
      <function name="Rte_Prm_FordMsg459BusHiSpd_FordMsg459BusHiSpdHitchAgRateInvldFaildThd_Val" comment="" line="154" main_generator_called="disabled" attributes="extern">
         <scalar name="return" comment="" line="154" base_type="uint16" complete_type="uint16" init_mode="PERMANENT" init_modes_allowed="4" init_range="min..max" global_assert="unsupported" assert_range="unsupported"/>
      </function>
      <function name="Rte_Prm_FordMsg459BusHiSpd_FordMsg459BusHiSpdHitchAgRateInvldPassdThd_Val" comment="" line="155" main_generator_called="disabled" attributes="extern">
         <scalar name="return" comment="" line="155" base_type="uint16" complete_type="uint16" init_mode="PERMANENT" init_modes_allowed="4" init_range="min..max" global_assert="unsupported" assert_range="unsupported"/>
      </function>
      <function name="Rte_Prm_FordMsg459BusHiSpd_FordMsg459BusHiSpdRcvrDiagMsgMissTmrThd_Val" comment="" line="157" main_generator_called="disabled" attributes="extern">
         <scalar name="return" comment="" line="157" base_type="uint16" complete_type="uint16" init_mode="PERMANENT" init_modes_allowed="4" init_range="min..max" global_assert="unsupported" assert_range="unsupported"/>
      </function>
      <function name="Rte_Prm_FordMsg459BusHiSpd_FordMsg459BusHiSpdRcvrPrsntFlgTmrThd_Val" comment="" line="158" main_generator_called="disabled" attributes="extern">
         <scalar name="return" comment="" line="158" base_type="uint16" complete_type="uint16" init_mode="PERMANENT" init_modes_allowed="4" init_range="min..max" global_assert="unsupported" assert_range="unsupported"/>
      </function>
      <function name="Rte_Prm_FordMsg459BusHiSpd_FordMsg459BusHiSpdTrackStInvldFaildThd_Val" comment="" line="159" main_generator_called="disabled" attributes="extern">
         <scalar name="return" comment="" line="159" base_type="uint16" complete_type="uint16" init_mode="PERMANENT" init_modes_allowed="4" init_range="min..max" global_assert="unsupported" assert_range="unsupported"/>
      </function>
      <function name="Rte_Prm_FordMsg459BusHiSpd_FordMsg459BusHiSpdTrackStInvldPassdThd_Val" comment="" line="160" main_generator_called="disabled" attributes="extern">
         <scalar name="return" comment="" line="160" base_type="uint16" complete_type="uint16" init_mode="PERMANENT" init_modes_allowed="4" init_range="min..max" global_assert="unsupported" assert_range="unsupported"/>
      </function>
      <function name="Rte_Prm_FordMsg459BusHiSpd_FordMsg459BusHiSpdTrlrHitchAgVldInvldMsgThd_Val" comment="" line="161" main_generator_called="disabled" attributes="extern">
         <scalar name="return" comment="" line="161" base_type="uint16" complete_type="uint16" init_mode="PERMANENT" init_modes_allowed="4" init_range="min..max" global_assert="unsupported" assert_range="unsupported"/>
      </function>
      <function name="Rte_Prm_FordMsg459BusHiSpd_FordMsg459BusHiSpdTrlrHitchRateVldInvldMsgThd_Val" comment="" line="163" main_generator_called="disabled" attributes="extern">
         <scalar name="return" comment="" line="163" base_type="uint16" complete_type="uint16" init_mode="PERMANENT" init_modes_allowed="4" init_range="min..max" global_assert="unsupported" assert_range="unsupported"/>
      </function>
      <function name="Rte_Prm_FordMsg459BusHiSpd_FordMsg459BusHiSpdTrlrRcvrHitchAgVldThd_Val" comment="" line="165" main_generator_called="disabled" attributes="extern">
         <scalar name="return" comment="" line="165" base_type="uint16" complete_type="uint16" init_mode="PERMANENT" init_modes_allowed="4" init_range="min..max" global_assert="unsupported" assert_range="unsupported"/>
      </function>
      <function name="Rte_Prm_FordMsg459BusHiSpd_FordMsg459BusHiSpdTrlrRcvrHitchRateVldThd_Val" comment="" line="166" main_generator_called="disabled" attributes="extern">
         <scalar name="return" comment="" line="166" base_type="uint16" complete_type="uint16" init_mode="PERMANENT" init_modes_allowed="4" init_range="min..max" global_assert="unsupported" assert_range="unsupported"/>
      </function>
      <function name="Rte_Prm_FordMsg459BusHiSpd_FordMsg459BusHiSpdTrlrRcvrTarVldThd_Val" comment="" line="167" main_generator_called="disabled" attributes="extern">
         <scalar name="return" comment="" line="167" base_type="uint16" complete_type="uint16" init_mode="PERMANENT" init_modes_allowed="4" init_range="min..max" global_assert="unsupported" assert_range="unsupported"/>
      </function>
      <function name="Rte_Prm_FordMsg459BusHiSpd_FordMsg459BusHiSpdTrlrRcvrTrackStVldThd_Val" comment="" line="168" main_generator_called="disabled" attributes="extern">
         <scalar name="return" comment="" line="168" base_type="uint16" complete_type="uint16" init_mode="PERMANENT" init_modes_allowed="4" init_range="min..max" global_assert="unsupported" assert_range="unsupported"/>
      </function>
      <function name="Rte_Prm_FordMsg459BusHiSpd_FordMsg459BusHiSpdTrlrTarVldMissMsgThd_Val" comment="" line="169" main_generator_called="disabled" attributes="extern">
         <scalar name="return" comment="" line="169" base_type="uint16" complete_type="uint16" init_mode="PERMANENT" init_modes_allowed="4" init_range="min..max" global_assert="unsupported" assert_range="unsupported"/>
      </function>
      <function name="Rte_Prm_FordMsg459BusHiSpd_FordMsg459BusHiSpdTrlrTrackStVldInvldMsgThd_Val" comment="" line="170" main_generator_called="disabled" attributes="extern">
         <scalar name="return" comment="" line="170" base_type="uint16" complete_type="uint16" init_mode="PERMANENT" init_modes_allowed="4" init_range="min..max" global_assert="unsupported" assert_range="unsupported"/>
      </function>
      <function name="Rte_Read_FordMsg459BusHiSpd_ClrDiagcFlgProxy_Val" comment="" line="125" main_generator_called="disabled" attributes="extern">
         <pointer name="arg1" comment="" line="125" complete_type="uint8 *" init_mode="disabled" initialize_pointer="disabled" number_allocated="disabled" init_pointed="MULTI">
            <scalar comment="" line="125" base_type="uint8" complete_type="uint8" init_mode="PERMANENT" init_modes_allowed="4" init_range="min..max" global_assert="unsupported" assert_range="unsupported"/>
         </pointer>
         <scalar name="return" comment="" line="125" base_type="uint8" complete_type="uint8" init_mode="PERMANENT" init_modes_allowed="4" init_range="min..max" global_assert="unsupported" assert_range="unsupported"/>
      </function>
      <function name="Rte_Read_FordMsg459BusHiSpd_FordCanDtcInhb_Logl" comment="" line="126" main_generator_called="disabled" attributes="extern">
         <pointer name="arg1" comment="" line="126" complete_type="uint8 *" init_mode="disabled" initialize_pointer="disabled" number_allocated="disabled" init_pointed="MULTI">
            <scalar comment="" line="126" base_type="uint8" complete_type="uint8" init_mode="PERMANENT" init_modes_allowed="4" init_range="min..max" global_assert="unsupported" assert_range="unsupported"/>
         </pointer>
         <scalar name="return" comment="" line="126" base_type="uint8" complete_type="uint8" init_mode="PERMANENT" init_modes_allowed="4" init_range="min..max" global_assert="unsupported" assert_range="unsupported"/>
      </function>
      <function name="Rte_Read_FordMsg459BusHiSpd_FordEpsLifeCycMod_Val" comment="" line="127" main_generator_called="disabled" attributes="extern">
         <pointer name="arg1" comment="" line="127" complete_type="uint8 *" init_mode="disabled" initialize_pointer="disabled" number_allocated="disabled" init_pointed="MULTI">
            <scalar comment="" line="127" base_type="uint8" complete_type="uint8" init_mode="PERMANENT" init_modes_allowed="4" init_range="min..max" global_assert="unsupported" assert_range="unsupported"/>
         </pointer>
         <scalar name="return" comment="" line="127" base_type="uint8" complete_type="uint8" init_mode="PERMANENT" init_modes_allowed="4" init_range="min..max" global_assert="unsupported" assert_range="unsupported"/>
      </function>
      <function name="Rte_Read_FordMsg459BusHiSpd_FordTrlrBackupAssiEnad_Logl" comment="" line="128" main_generator_called="disabled" attributes="extern">
         <pointer name="arg1" comment="" line="128" complete_type="uint8 *" init_mode="disabled" initialize_pointer="disabled" number_allocated="disabled" init_pointed="MULTI">
            <scalar comment="" line="128" base_type="uint8" complete_type="uint8" init_mode="PERMANENT" init_modes_allowed="4" init_range="min..max" global_assert="unsupported" assert_range="unsupported"/>
         </pointer>
         <scalar name="return" comment="" line="128" base_type="uint8" complete_type="uint8" init_mode="PERMANENT" init_modes_allowed="4" init_range="min..max" global_assert="unsupported" assert_range="unsupported"/>
      </function>
      <function name="Rte_Read_FordMsg459BusHiSpd_Ford_HitchToVehAxle_L_Calc_Ford_HitchToVehAxle_L_Calc" comment="" line="129" main_generator_called="disabled" attributes="extern">
         <pointer name="arg1" comment="" line="129" complete_type="uint8 *" init_mode="disabled" initialize_pointer="disabled" number_allocated="disabled" init_pointed="MULTI">
            <scalar comment="" line="129" base_type="uint8" complete_type="uint8" init_mode="PERMANENT" init_modes_allowed="4" init_range="min..max" global_assert="unsupported" assert_range="unsupported"/>
         </pointer>
         <scalar name="return" comment="" line="129" base_type="uint8" complete_type="uint8" init_mode="PERMANENT" init_modes_allowed="4" init_range="min..max" global_assert="unsupported" assert_range="unsupported"/>
      </function>
      <function name="Rte_Read_FordMsg459BusHiSpd_Ford_TrlrAidTrgtId_No_Actl_Ford_TrlrAidTrgtId_No_Actl" comment="" line="130" main_generator_called="disabled" attributes="extern">
         <pointer name="arg1" comment="" line="130" complete_type="uint8 *" init_mode="disabled" initialize_pointer="disabled" number_allocated="disabled" init_pointed="MULTI">
            <scalar comment="" line="130" base_type="uint8" complete_type="uint8" init_mode="PERMANENT" init_modes_allowed="4" init_range="min..max" global_assert="unsupported" assert_range="unsupported"/>
         </pointer>
         <scalar name="return" comment="" line="130" base_type="uint8" complete_type="uint8" init_mode="PERMANENT" init_modes_allowed="4" init_range="min..max" global_assert="unsupported" assert_range="unsupported"/>
      </function>
      <function name="Rte_Read_FordMsg459BusHiSpd_Ford_TrlrAid_An3_Actl_Ford_TrlrAid_An3_Actl" comment="" line="131" main_generator_called="disabled" attributes="extern">
         <pointer name="arg1" comment="" line="131" complete_type="uint16 *" init_mode="disabled" initialize_pointer="disabled" number_allocated="disabled" init_pointed="MULTI">
            <scalar comment="" line="131" base_type="uint16" complete_type="uint16" init_mode="PERMANENT" init_modes_allowed="4" init_range="min..max" global_assert="unsupported" assert_range="unsupported"/>
         </pointer>
         <scalar name="return" comment="" line="131" base_type="uint8" complete_type="uint8" init_mode="PERMANENT" init_modes_allowed="4" init_range="min..max" global_assert="unsupported" assert_range="unsupported"/>
      </function>
      <function name="Rte_Read_FordMsg459BusHiSpd_Ford_TrlrAid_AnRate2_Actl_Ford_TrlrAid_AnRate2_Actl" comment="" line="132" main_generator_called="disabled" attributes="extern">
         <pointer name="arg1" comment="" line="132" complete_type="uint16 *" init_mode="disabled" initialize_pointer="disabled" number_allocated="disabled" init_pointed="MULTI">
            <scalar comment="" line="132" base_type="uint16" complete_type="uint16" init_mode="PERMANENT" init_modes_allowed="4" init_range="min..max" global_assert="unsupported" assert_range="unsupported"/>
         </pointer>
         <scalar name="return" comment="" line="132" base_type="uint8" complete_type="uint8" init_mode="PERMANENT" init_modes_allowed="4" init_range="min..max" global_assert="unsupported" assert_range="unsupported"/>
      </function>
      <function name="Rte_Read_FordMsg459BusHiSpd_Ford_TrlrAid_D2_Stat_Ford_TrlrAid_D2_Stat" comment="" line="133" main_generator_called="disabled" attributes="extern">
         <pointer name="arg1" comment="" line="133" complete_type="uint8 *" init_mode="disabled" initialize_pointer="disabled" number_allocated="disabled" init_pointed="MULTI">
            <scalar comment="" line="133" base_type="uint8" complete_type="uint8" init_mode="PERMANENT" init_modes_allowed="4" init_range="min..max" global_assert="unsupported" assert_range="unsupported"/>
         </pointer>
         <scalar name="return" comment="" line="133" base_type="uint8" complete_type="uint8" init_mode="PERMANENT" init_modes_allowed="4" init_range="min..max" global_assert="unsupported" assert_range="unsupported"/>
      </function>
      <function name="Rte_Read_FordMsg459BusHiSpd_Ford_TrlrRvrse_D_Stat_Ford_TrlrRvrse_D_Stat" comment="" line="134" main_generator_called="disabled" attributes="extern">
         <pointer name="arg1" comment="" line="134" complete_type="uint8 *" init_mode="disabled" initialize_pointer="disabled" number_allocated="disabled" init_pointed="MULTI">
            <scalar comment="" line="134" base_type="uint8" complete_type="uint8" init_mode="PERMANENT" init_modes_allowed="4" init_range="min..max" global_assert="unsupported" assert_range="unsupported"/>
         </pointer>
         <scalar name="return" comment="" line="134" base_type="uint8" complete_type="uint8" init_mode="PERMANENT" init_modes_allowed="4" init_range="min..max" global_assert="unsupported" assert_range="unsupported"/>
      </function>
      <function name="Rte_Read_FordMsg459BusHiSpd_Ford_TrlrTrgtAcquire_D_Stat_Ford_TrlrTrgtAcquire_D_Stat" comment="" line="135" main_generator_called="disabled" attributes="extern">
         <pointer name="arg1" comment="" line="135" complete_type="uint8 *" init_mode="disabled" initialize_pointer="disabled" number_allocated="disabled" init_pointed="MULTI">
            <scalar comment="" line="135" base_type="uint8" complete_type="uint8" init_mode="PERMANENT" init_modes_allowed="4" init_range="min..max" global_assert="unsupported" assert_range="unsupported"/>
         </pointer>
         <scalar name="return" comment="" line="135" base_type="uint8" complete_type="uint8" init_mode="PERMANENT" init_modes_allowed="4" init_range="min..max" global_assert="unsupported" assert_range="unsupported"/>
      </function>
      <function name="Rte_Write_FordMsg459BusHiSpd_FordVehTrlrAidAcqSts_Val" comment="" line="136" main_generator_called="disabled" attributes="extern">
         <scalar name="arg1" comment="" line="136" base_type="uint8" complete_type="uint8" init_mode="disabled" init_range="disabled" global_assert="unsupported" assert_range="unsupported"/>
         <scalar name="return" comment="" line="136" base_type="uint8" complete_type="uint8" init_mode="PERMANENT" init_modes_allowed="4" init_range="min..max" global_assert="unsupported" assert_range="unsupported"/>
      </function>
      <function name="Rte_Write_FordMsg459BusHiSpd_FordVehTrlrAidHitchAgRate_Val" comment="" line="138" main_generator_called="disabled" attributes="extern">
         <scalar name="arg1" comment="" line="138" base_type="uint16" complete_type="uint16" init_mode="disabled" init_range="disabled" global_assert="unsupported" assert_range="unsupported"/>
         <scalar name="return" comment="" line="138" base_type="uint8" complete_type="uint8" init_mode="PERMANENT" init_modes_allowed="4" init_range="min..max" global_assert="unsupported" assert_range="unsupported"/>
      </function>
      <function name="Rte_Write_FordMsg459BusHiSpd_FordVehTrlrAidHitchAg_Val" comment="" line="137" main_generator_called="disabled" attributes="extern">
         <scalar name="arg1" comment="" line="137" base_type="uint16" complete_type="uint16" init_mode="disabled" init_range="disabled" global_assert="unsupported" assert_range="unsupported"/>
         <scalar name="return" comment="" line="137" base_type="uint8" complete_type="uint8" init_mode="PERMANENT" init_modes_allowed="4" init_range="min..max" global_assert="unsupported" assert_range="unsupported"/>
      </function>
      <function name="Rte_Write_FordMsg459BusHiSpd_FordVehTrlrAidIdnVal_Val" comment="" line="139" main_generator_called="disabled" attributes="extern">
         <scalar name="arg1" comment="" line="139" base_type="uint8" complete_type="uint8" init_mode="disabled" init_range="disabled" global_assert="unsupported" assert_range="unsupported"/>
         <scalar name="return" comment="" line="139" base_type="uint8" complete_type="uint8" init_mode="PERMANENT" init_modes_allowed="4" init_range="min..max" global_assert="unsupported" assert_range="unsupported"/>
      </function>
      <function name="Rte_Write_FordMsg459BusHiSpd_FordVehTrlrAidTrakgStVld_Logl" comment="" line="141" main_generator_called="disabled" attributes="extern">
         <scalar name="arg1" comment="" line="141" base_type="uint8" complete_type="uint8" init_mode="disabled" init_range="disabled" global_assert="unsupported" assert_range="unsupported"/>
         <scalar name="return" comment="" line="141" base_type="uint8" complete_type="uint8" init_mode="PERMANENT" init_modes_allowed="4" init_range="min..max" global_assert="unsupported" assert_range="unsupported"/>
      </function>
      <function name="Rte_Write_FordMsg459BusHiSpd_FordVehTrlrAidTrakgSt_Val" comment="" line="140" main_generator_called="disabled" attributes="extern">
         <scalar name="arg1" comment="" line="140" base_type="uint8" complete_type="uint8" init_mode="disabled" init_range="disabled" global_assert="unsupported" assert_range="unsupported"/>
         <scalar name="return" comment="" line="140" base_type="uint8" complete_type="uint8" init_mode="PERMANENT" init_modes_allowed="4" init_range="min..max" global_assert="unsupported" assert_range="unsupported"/>
      </function>
      <function name="Rte_Write_FordMsg459BusHiSpd_FordVehTrlrAidTrlrRvsGuidcSts_Val" comment="" line="142" main_generator_called="disabled" attributes="extern">
         <scalar name="arg1" comment="" line="142" base_type="uint8" complete_type="uint8" init_mode="disabled" init_range="disabled" global_assert="unsupported" assert_range="unsupported"/>
         <scalar name="return" comment="" line="142" base_type="uint8" complete_type="uint8" init_mode="PERMANENT" init_modes_allowed="4" init_range="min..max" global_assert="unsupported" assert_range="unsupported"/>
      </function>
      <function name="Rte_Write_FordMsg459BusHiSpd_FordVehTrlrBallToAxle_Val" comment="" line="143" main_generator_called="disabled" attributes="extern">
         <scalar name="arg1" comment="" line="143" base_type="uint8" complete_type="uint8" init_mode="disabled" init_range="disabled" global_assert="unsupported" assert_range="unsupported"/>
         <scalar name="return" comment="" line="143" base_type="uint8" complete_type="uint8" init_mode="PERMANENT" init_modes_allowed="4" init_range="min..max" global_assert="unsupported" assert_range="unsupported"/>
      </function>
      <function name="Rte_Write_FordMsg459BusHiSpd_FordVehTrlrHitchAgVld_Logl" comment="" line="144" main_generator_called="disabled" attributes="extern">
         <scalar name="arg1" comment="" line="144" base_type="uint8" complete_type="uint8" init_mode="disabled" init_range="disabled" global_assert="unsupported" assert_range="unsupported"/>
         <scalar name="return" comment="" line="144" base_type="uint8" complete_type="uint8" init_mode="PERMANENT" init_modes_allowed="4" init_range="min..max" global_assert="unsupported" assert_range="unsupported"/>
      </function>
      <function name="Rte_Write_FordMsg459BusHiSpd_FordVehTrlrHitchRateVld_Logl" comment="" line="145" main_generator_called="disabled" attributes="extern">
         <scalar name="arg1" comment="" line="145" base_type="uint8" complete_type="uint8" init_mode="disabled" init_range="disabled" global_assert="unsupported" assert_range="unsupported"/>
         <scalar name="return" comment="" line="145" base_type="uint8" complete_type="uint8" init_mode="PERMANENT" init_modes_allowed="4" init_range="min..max" global_assert="unsupported" assert_range="unsupported"/>
      </function>
      <function name="Rte_Write_FordMsg459BusHiSpd_FordVehTrlrTarVld_Logl" comment="" line="146" main_generator_called="disabled" attributes="extern">
         <scalar name="arg1" comment="" line="146" base_type="uint8" complete_type="uint8" init_mode="disabled" init_range="disabled" global_assert="unsupported" assert_range="unsupported"/>
         <scalar name="return" comment="" line="146" base_type="uint8" complete_type="uint8" init_mode="PERMANENT" init_modes_allowed="4" init_range="min..max" global_assert="unsupported" assert_range="unsupported"/>
      </function>
      <function name="Rte_Write_FordMsg459BusHiSpd_TrlrAidStsThreePrsntInt_Logl" comment="" line="147" main_generator_called="disabled" attributes="extern">
         <scalar name="arg1" comment="" line="147" base_type="uint8" complete_type="uint8" init_mode="disabled" init_range="disabled" global_assert="unsupported" assert_range="unsupported"/>
         <scalar name="return" comment="" line="147" base_type="uint8" complete_type="uint8" init_mode="PERMANENT" init_modes_allowed="4" init_range="min..max" global_assert="unsupported" assert_range="unsupported"/>
      </function>
   </file>
   <file name="C:\\Users\\NZ5334\\Documents\\Synergy\\Working\\ses_dev_ea4\\MM090A_FordMsg459BusHiSpd_Impl\\tools\\local\\generate\\Rte_Stubs.c" comment="">
      <function name="Rte_Call_FordMsg459BusHiSpd_GetRefTmr100MicroSec32bit_Oper" comment="" line="18" main_generator_called="MAIN_GENERATOR">
         <pointer name="arg1" comment="" line="18" complete_type="uint32 *" init_mode="MAIN_GENERATOR" init_modes_allowed="10" initialize_pointer="May-be NULL" number_allocated="max" init_pointed="MAIN_GENERATOR">
            <scalar comment="" line="18" base_type="uint32" complete_type="uint32" init_mode="MAIN_GENERATOR" init_modes_allowed="10" init_range="min..max" global_assert="unsupported" assert_range="unsupported"/>
         </pointer>
         <scalar name="return" comment="" line="18" base_type="uint8" complete_type="uint8" init_mode="disabled" init_range="disabled" global_assert="unsupported" assert_range="unsupported"/>
      </function>
      <function name="Rte_Call_FordMsg459BusHiSpd_GetTiSpan100MicroSec32bit_Oper" comment="" line="24" main_generator_called="MAIN_GENERATOR">
         <scalar name="arg1" comment="" line="24" base_type="uint32" complete_type="uint32" init_mode="MAIN_GENERATOR" init_modes_allowed="10" init_range="min..max" global_assert="unsupported" assert_range="unsupported"/>
         <pointer name="arg2" comment="" line="24" complete_type="uint32 *" init_mode="MAIN_GENERATOR" init_modes_allowed="10" initialize_pointer="May-be NULL" number_allocated="max" init_pointed="MAIN_GENERATOR">
            <scalar comment="" line="24" base_type="uint32" complete_type="uint32" init_mode="MAIN_GENERATOR" init_modes_allowed="10" init_range="min..max" global_assert="unsupported" assert_range="unsupported"/>
         </pointer>
         <scalar name="return" comment="" line="24" base_type="uint8" complete_type="uint8" init_mode="disabled" init_range="disabled" global_assert="unsupported" assert_range="unsupported"/>
      </function>
      <function name="Rte_Call_FordMsg459BusHiSpd_SetNtcSts_Oper" comment="" line="31" main_generator_called="MAIN_GENERATOR">
         <scalar name="arg1" comment="" line="31" base_type="uint16" complete_type="uint16" init_mode="MAIN_GENERATOR" init_modes_allowed="10" init_range="min..max" global_assert="unsupported" assert_range="unsupported"/>
         <scalar name="arg2" comment="" line="31" base_type="uint8" complete_type="uint8" init_mode="MAIN_GENERATOR" init_modes_allowed="10" init_range="min..max" global_assert="unsupported" assert_range="unsupported"/>
         <scalar name="arg3" comment="" line="31" base_type="uint8" complete_type="uint8" init_mode="MAIN_GENERATOR" init_modes_allowed="10" init_range="min..max" global_assert="unsupported" assert_range="unsupported"/>
         <scalar name="arg4" comment="" line="31" base_type="uint16" complete_type="uint16" init_mode="MAIN_GENERATOR" init_modes_allowed="10" init_range="min..max" global_assert="unsupported" assert_range="unsupported"/>
         <scalar name="return" comment="" line="31" base_type="uint8" complete_type="uint8" init_mode="disabled" init_range="disabled" global_assert="unsupported" assert_range="unsupported"/>
      </function>
      <function name="Rte_Stub" comment="" line="43" main_generator_called="MAIN_GENERATOR" attributes="unused"/>
   </file>
   <file name="C:\\Users\\NZ5334\\Documents\\Synergy\\Working\\ses_dev_ea4\\MM090A_FordMsg459BusHiSpd_Impl\\tools\\local\\generate\\Rte_Stubs.h" comment="">
      <scalar name="FordMsg459BusHiSpd_Srv_GetRefTmr100MicroSec32bit_RefTmr" comment="" line="74" base_type="uint32" attributes="extern" complete_type="uint32" init_mode="PERMANENT" init_modes_allowed="6" init_range="0..4294967295" global_assert="NO" assert_range=""/>
      <scalar name="FordMsg459BusHiSpd_Srv_GetTiSpan100MicroSec32bit_RefTmr" comment="" line="75" base_type="uint32" attributes="extern" complete_type="uint32" init_mode="PERMANENT" init_modes_allowed="6" init_range="0..4294967295" global_assert="NO" assert_range=""/>
      <scalar name="FordMsg459BusHiSpd_Srv_GetTiSpan100MicroSec32bit_TiSpan" comment="" line="76" base_type="uint32" attributes="extern" complete_type="uint32" init_mode="PERMANENT" init_modes_allowed="6" init_range="0..4294967295" global_assert="NO" assert_range=""/>
      <scalar name="FordMsg459BusHiSpd_Srv_SetNtcSts_DebStep" comment="" line="80" base_type="uint16" attributes="extern" complete_type="uint16" init_mode="PERMANENT" init_modes_allowed="6" init_range="0..65535" global_assert="NO" assert_range=""/>
      <scalar name="FordMsg459BusHiSpd_Srv_SetNtcSts_NtcNr" comment="" line="77" base_type="uint16" attributes="extern" complete_type="uint16" init_mode="PERMANENT" init_modes_allowed="6" init_range="1..511" global_assert="NO" assert_range=""/>
      <scalar name="FordMsg459BusHiSpd_Srv_SetNtcSts_NtcStInfo" comment="" line="78" base_type="uint8" attributes="extern" complete_type="uint8" init_mode="PERMANENT" init_modes_allowed="6" init_range="0..255" global_assert="NO" assert_range=""/>
      <scalar name="FordMsg459BusHiSpd_Srv_SetNtcSts_NtcSts" comment="" line="79" base_type="uint8" attributes="extern" complete_type="uint8" init_mode="PERMANENT" init_modes_allowed="6" init_range="0..3" global_assert="NO" assert_range=""/>
      <scalar name="FordMsg459BusHiSpd_Srv_SetNtcSts_Return" comment="" line="81" base_type="uint8" attributes="extern" complete_type="uint8" init_mode="PERMANENT" init_modes_allowed="6" init_range="0..1" global_assert="NO" assert_range=""/>
   </file>
   <scalar name="FordMsg459BusHiSpd_Cal_FordMsg459BusHiSpdDiagMsgMissTmrThd" comment="" init_mode="PERMANENT" init_range="0..6000" global_assert="NO" assert_range="min..max" non_applicable="1"/>
   <scalar name="FordMsg459BusHiSpd_Cal_FordMsg459BusHiSpdHitchAgInvldFaildThd" comment="" init_mode="PERMANENT" init_range="0..6000" global_assert="NO" assert_range="min..max" non_applicable="1"/>
   <scalar name="FordMsg459BusHiSpd_Cal_FordMsg459BusHiSpdHitchAgInvldPassdThd" comment="" init_mode="PERMANENT" init_range="0..6000" global_assert="NO" assert_range="min..max" non_applicable="1"/>
   <scalar name="FordMsg459BusHiSpd_Cal_FordMsg459BusHiSpdHitchAgRateInvldFaildThd" comment="" init_mode="PERMANENT" init_range="0..6000" global_assert="NO" assert_range="min..max" non_applicable="1"/>
   <scalar name="FordMsg459BusHiSpd_Cal_FordMsg459BusHiSpdHitchAgRateInvldPassdThd" comment="" init_mode="PERMANENT" init_range="0..6000" global_assert="NO" assert_range="min..max" non_applicable="1"/>
   <scalar name="FordMsg459BusHiSpd_Cal_FordMsg459BusHiSpdPrsntFlgMsgMissTmrThd" comment="" init_mode="PERMANENT" init_range="0..6000" global_assert="NO" assert_range="min..max" non_applicable="1"/>
   <scalar name="FordMsg459BusHiSpd_Cal_FordMsg459BusHiSpdRcvrDiagMsgMissTmrThd" comment="" init_mode="PERMANENT" init_range="0..6000" global_assert="NO" assert_range="min..max" non_applicable="1"/>
   <scalar name="FordMsg459BusHiSpd_Cal_FordMsg459BusHiSpdRcvrPrsntFlgTmrThd" comment="" init_mode="PERMANENT" init_range="0..6000" global_assert="NO" assert_range="min..max" non_applicable="1"/>
   <scalar name="FordMsg459BusHiSpd_Cal_FordMsg459BusHiSpdTrackStInvldFaildThd" comment="" init_mode="PERMANENT" init_range="0..6000" global_assert="NO" assert_range="min..max" non_applicable="1"/>
   <scalar name="FordMsg459BusHiSpd_Cal_FordMsg459BusHiSpdTrackStInvldPassdThd" comment="" init_mode="PERMANENT" init_range="0..6000" global_assert="NO" assert_range="min..max" non_applicable="1"/>
   <scalar name="FordMsg459BusHiSpd_Cal_FordMsg459BusHiSpdTrlrHitchAgVldInvldMsgThd" comment="" init_mode="PERMANENT" init_range="0..6000" global_assert="NO" assert_range="min..max" non_applicable="1"/>
   <scalar name="FordMsg459BusHiSpd_Cal_FordMsg459BusHiSpdTrlrHitchAgVldMissMsgThd" comment="" init_mode="PERMANENT" init_range="0..6000" global_assert="NO" assert_range="min..max" non_applicable="1"/>
   <scalar name="FordMsg459BusHiSpd_Cal_FordMsg459BusHiSpdTrlrHitchRateVldInvldMsgThd" comment="" init_mode="PERMANENT" init_range="0..6000" global_assert="NO" assert_range="min..max" non_applicable="1"/>
   <scalar name="FordMsg459BusHiSpd_Cal_FordMsg459BusHiSpdTrlrHitchRateVldMissMsgThd" comment="" init_mode="PERMANENT" init_range="0..6000" global_assert="NO" assert_range="min..max" non_applicable="1"/>
   <scalar name="FordMsg459BusHiSpd_Cal_FordMsg459BusHiSpdTrlrRcvrHitchAgVldThd" comment="" init_mode="PERMANENT" init_range="0..6000" global_assert="NO" assert_range="min..max" non_applicable="1"/>
   <scalar name="FordMsg459BusHiSpd_Cal_FordMsg459BusHiSpdTrlrRcvrHitchRateVldThd" comment="" init_mode="PERMANENT" init_range="0..6000" global_assert="NO" assert_range="min..max" non_applicable="1"/>
   <scalar name="FordMsg459BusHiSpd_Cal_FordMsg459BusHiSpdTrlrRcvrTarVldThd" comment="" init_mode="PERMANENT" init_range="0..6000" global_assert="NO" assert_range="min..max" non_applicable="1"/>
   <scalar name="FordMsg459BusHiSpd_Cal_FordMsg459BusHiSpdTrlrRcvrTrackStVldThd" comment="" init_mode="PERMANENT" init_range="0..6000" global_assert="NO" assert_range="min..max" non_applicable="1"/>
   <scalar name="FordMsg459BusHiSpd_Cal_FordMsg459BusHiSpdTrlrTarVldMissMsgThd" comment="" init_mode="PERMANENT" init_range="0..6000" global_assert="NO" assert_range="min..max" non_applicable="1"/>
   <scalar name="FordMsg459BusHiSpd_Cal_FordMsg459BusHiSpdTrlrTrackStVldInvldMsgThd" comment="" init_mode="PERMANENT" init_range="0..6000" global_assert="NO" assert_range="min..max" non_applicable="1"/>
   <scalar name="FordMsg459BusHiSpd_Cal_FordMsg459BusHiSpdTrlrTrackStVldMissMsgThd" comment="" init_mode="PERMANENT" init_range="0..6000" global_assert="NO" assert_range="min..max" non_applicable="1"/>
   <scalar name="FordMsg459BusHiSpd_Ip_ClrDiagcFlgProxy" comment="" init_mode="PERMANENT" init_range="0..1" global_assert="NO" assert_range="min..max" non_applicable="1"/>
   <scalar name="FordMsg459BusHiSpd_Ip_FordCanDtcInhb" comment="" init_mode="PERMANENT" init_range="0..1" global_assert="NO" assert_range="min..max" non_applicable="1"/>
   <scalar name="FordMsg459BusHiSpd_Ip_FordEpsLifeCycMod" comment="" init_mode="PERMANENT" init_range="0..1" global_assert="NO" assert_range="min..max" non_applicable="1"/>
   <scalar name="FordMsg459BusHiSpd_Ip_FordTrlrBackupAssiEnad" comment="" init_mode="PERMANENT" init_range="0..1" global_assert="NO" assert_range="min..max" non_applicable="1"/>
   <scalar name="FordMsg459BusHiSpd_Ip_Ford_HitchToVehAxle_L_Calc" comment="" init_mode="PERMANENT" init_range="0..255" global_assert="NO" assert_range="min..max" non_applicable="1"/>
   <scalar name="FordMsg459BusHiSpd_Ip_Ford_TrlrAidTrgtId_No_Actl" comment="" init_mode="PERMANENT" init_range="0..31" global_assert="NO" assert_range="min..max" non_applicable="1"/>
   <scalar name="FordMsg459BusHiSpd_Ip_Ford_TrlrAid_An3_Actl" comment="" init_mode="PERMANENT" init_range="0..2047" global_assert="NO" assert_range="min..max" non_applicable="1"/>
   <scalar name="FordMsg459BusHiSpd_Ip_Ford_TrlrAid_AnRate2_Actl" comment="" init_mode="PERMANENT" init_range="0..1023" global_assert="NO" assert_range="min..max" non_applicable="1"/>
   <scalar name="FordMsg459BusHiSpd_Ip_Ford_TrlrAid_D2_Stat1" comment="" init_mode="PERMANENT" init_range="min..max" global_assert="NO" assert_range="min..max" non_applicable="1"/>
   <scalar name="FordMsg459BusHiSpd_Ip_Ford_TrlrRvrse_D_Stat1" comment="" init_mode="PERMANENT" init_range="min..max" global_assert="NO" assert_range="min..max" non_applicable="1"/>
   <scalar name="FordMsg459BusHiSpd_Ip_Ford_TrlrTrgtAcquire_D_Stat1" comment="" init_mode="PERMANENT" init_range="min..max" global_assert="NO" assert_range="min..max" non_applicable="1"/>
   <scalar name="FordMsg459BusHiSpd_Op_FordVehTrlrAidAcqSts" comment="" init_mode="PERMANENT" init_range="min..max" global_assert="NO" assert_range="min..max" non_applicable="1"/>
   <scalar name="FordMsg459BusHiSpd_Op_FordVehTrlrAidHitchAg" comment="" init_mode="PERMANENT" init_range="0..2047" global_assert="NO" assert_range="min..max" non_applicable="1"/>
   <scalar name="FordMsg459BusHiSpd_Op_FordVehTrlrAidHitchAgRate" comment="" init_mode="PERMANENT" init_range="0..1023" global_assert="NO" assert_range="min..max" non_applicable="1"/>
   <scalar name="FordMsg459BusHiSpd_Op_FordVehTrlrAidIdnVal" comment="" init_mode="PERMANENT" init_range="0..31" global_assert="NO" assert_range="min..max" non_applicable="1"/>
   <scalar name="FordMsg459BusHiSpd_Op_FordVehTrlrAidTrakgSt" comment="" init_mode="PERMANENT" init_range="min..max" global_assert="NO" assert_range="min..max" non_applicable="1"/>
   <scalar name="FordMsg459BusHiSpd_Op_FordVehTrlrAidTrlrRvsGuidcSts" comment="" init_mode="PERMANENT" init_range="min..max" global_assert="NO" assert_range="min..max" non_applicable="1"/>
   <scalar name="FordMsg459BusHiSpd_Op_FordVehTrlrBallToAxle" comment="" init_mode="PERMANENT" init_range="0..255" global_assert="NO" assert_range="min..max" non_applicable="1"/>
   <scalar name="FordMsg459BusHiSpd_Op_FordVehTrlrHitchAgVld" comment="" init_mode="PERMANENT" init_range="0..1" global_assert="NO" assert_range="min..max" non_applicable="1"/>
   <scalar name="FordMsg459BusHiSpd_Op_FordVehTrlrHitchRateVld" comment="" init_mode="PERMANENT" init_range="0..1" global_assert="NO" assert_range="min..max" non_applicable="1"/>
   <scalar name="FordMsg459BusHiSpd_Op_FordVehTrlrTarVld" comment="" init_mode="PERMANENT" init_range="0..1" global_assert="NO" assert_range="min..max" non_applicable="1"/>
   <scalar name="FordMsg459BusHiSpd_Op_FordVehTrlrTrakgStVld" comment="" init_mode="PERMANENT" init_range="0..1" global_assert="NO" assert_range="min..max" non_applicable="1"/>
   <scalar name="FordMsg459BusHiSpd_Op_TrlrAidStsThreePrsntInt" comment="" init_mode="PERMANENT" init_range="0..1" global_assert="NO" assert_range="min..max" non_applicable="1"/>
   <scalar name="FordMsg459BusHiSpd_Pim_ClrDiagcFlgProxyPrev" comment="" init_mode="PERMANENT" init_range="0..1" global_assert="NO" assert_range="min..max" non_applicable="1"/>
   <scalar name="FordMsg459BusHiSpd_Pim_FirstTranVldFlg" comment="" init_mode="PERMANENT" init_range="0..1" global_assert="NO" assert_range="min..max" non_applicable="1"/>
   <scalar name="FordMsg459BusHiSpd_Pim_FordVehMsg459Miss" comment="" init_mode="PERMANENT" init_range="0..1" global_assert="NO" assert_range="min..max" non_applicable="1"/>
   <scalar name="FordMsg459BusHiSpd_Pim_FordVehMsg459MissTmr" comment="" init_mode="PERMANENT" init_range="0..4294967295" global_assert="NO" assert_range="min..max" non_applicable="1"/>
   <scalar name="FordMsg459BusHiSpd_Pim_FordVehMsg459RxdTmr" comment="" init_mode="PERMANENT" init_range="0..4294967295" global_assert="NO" assert_range="min..max" non_applicable="1"/>
   <scalar name="FordMsg459BusHiSpd_Pim_FordVehTrlrAidAcqStsPrev" comment="" init_mode="PERMANENT" init_range="min..max" global_assert="NO" assert_range="min..max" non_applicable="1"/>
   <scalar name="FordMsg459BusHiSpd_Pim_FordVehTrlrAidGuidcRevsStsPrev" comment="" init_mode="PERMANENT" init_range="min..max" global_assert="NO" assert_range="min..max" non_applicable="1"/>
   <scalar name="FordMsg459BusHiSpd_Pim_FordVehTrlrAidHitchAgPrev" comment="" init_mode="PERMANENT" init_range="0..2047" global_assert="NO" assert_range="min..max" non_applicable="1"/>
   <scalar name="FordMsg459BusHiSpd_Pim_FordVehTrlrAidHitchAgRatePrev" comment="" init_mode="PERMANENT" init_range="0..1023" global_assert="NO" assert_range="min..max" non_applicable="1"/>
   <scalar name="FordMsg459BusHiSpd_Pim_FordVehTrlrAidIdnValPrev" comment="" init_mode="PERMANENT" init_range="0..31" global_assert="NO" assert_range="min..max" non_applicable="1"/>
   <scalar name="FordMsg459BusHiSpd_Pim_FordVehTrlrAidTrackStFaildTmr" comment="" init_mode="PERMANENT" init_range="0..4294967295" global_assert="NO" assert_range="min..max" non_applicable="1"/>
   <scalar name="FordMsg459BusHiSpd_Pim_FordVehTrlrAidTrackStPassdTmr" comment="" init_mode="PERMANENT" init_range="0..4294967295" global_assert="NO" assert_range="min..max" non_applicable="1"/>
   <scalar name="FordMsg459BusHiSpd_Pim_FordVehTrlrAidTrackStPrev" comment="" init_mode="PERMANENT" init_range="min..max" global_assert="NO" assert_range="min..max" non_applicable="1"/>
   <scalar name="FordMsg459BusHiSpd_Pim_FordVehTrlrBallToAxlePrev" comment="" init_mode="PERMANENT" init_range="0..255" global_assert="NO" assert_range="min..max" non_applicable="1"/>
   <scalar name="FordMsg459BusHiSpd_Pim_FordVehTrlrHitchAgFaildTmr" comment="" init_mode="PERMANENT" init_range="0..4294967295" global_assert="NO" assert_range="min..max" non_applicable="1"/>
   <scalar name="FordMsg459BusHiSpd_Pim_FordVehTrlrHitchAgPassdTmr" comment="" init_mode="PERMANENT" init_range="0..4294967295" global_assert="NO" assert_range="min..max" non_applicable="1"/>
   <scalar name="FordMsg459BusHiSpd_Pim_FordVehTrlrHitchAgRateFaildTmr" comment="" init_mode="PERMANENT" init_range="0..4294967295" global_assert="NO" assert_range="min..max" non_applicable="1"/>
   <scalar name="FordMsg459BusHiSpd_Pim_FordVehTrlrHitchAgRatePassdTmr" comment="" init_mode="PERMANENT" init_range="0..4294967295" global_assert="NO" assert_range="min..max" non_applicable="1"/>
   <scalar name="FordMsg459BusHiSpd_Pim_FordVehTrlrHitchAgVldPrev" comment="" init_mode="PERMANENT" init_range="0..1" global_assert="NO" assert_range="min..max" non_applicable="1"/>
   <scalar name="FordMsg459BusHiSpd_Pim_FordVehTrlrHitchRateVldPrev" comment="" init_mode="PERMANENT" init_range="0..1" global_assert="NO" assert_range="min..max" non_applicable="1"/>
   <scalar name="FordMsg459BusHiSpd_Pim_FordVehTrlrTarVldPrev" comment="" init_mode="PERMANENT" init_range="0..1" global_assert="NO" assert_range="min..max" non_applicable="1"/>
   <scalar name="FordMsg459BusHiSpd_Pim_FordVehTrlrTrackStVldPrev" comment="" init_mode="PERMANENT" init_range="0..1" global_assert="NO" assert_range="min..max" non_applicable="1"/>
   <scalar name="FordMsg459BusHiSpd_Pim_TrlrAidStsThreePrsntIntPrev" comment="" init_mode="PERMANENT" init_range="0..1" global_assert="NO" assert_range="min..max" non_applicable="1"/>
   <function name="atan2f" comment="" main_generator_called="MAIN_GENERATOR" non_applicable="1">
      <scalar name="return" comment="" init_mode="PERMANENT" init_range="-3.1412..3.1412" global_assert="NO" assert_range="min..max" non_applicable="1"/>
   </function>
   <function name="cosf" comment="" main_generator_called="MAIN_GENERATOR" non_applicable="1">
      <scalar name="return" comment="" init_mode="PERMANENT" init_range="-1..1" global_assert="NO" assert_range="min..max" non_applicable="1"/>
   </function>
   <function name="expf" comment="" main_generator_called="MAIN_GENERATOR" non_applicable="1">
      <scalar name="return" comment="" init_mode="PERMANENT" init_range="0..max" global_assert="NO" assert_range="min..max" non_applicable="1"/>
   </function>
   <function name="fmodf" comment="" main_generator_called="MAIN_GENERATOR" non_applicable="1">
      <scalar name="return" comment="" init_mode="PERMANENT" init_range="0..max" global_assert="NO" assert_range="min..max" non_applicable="1"/>
   </function>
   <function name="sinf" comment="" main_generator_called="MAIN_GENERATOR" non_applicable="1">
      <scalar name="return" comment="" init_mode="PERMANENT" init_range="-1..1" global_assert="NO" assert_range="min..max" non_applicable="1"/>
   </function>
   <function name="sqrtf" comment="" main_generator_called="MAIN_GENERATOR" non_applicable="1">
      <scalar name="return" comment="" init_mode="PERMANENT" init_range="0..max" global_assert="NO" assert_range="min..max" non_applicable="1"/>
   </function>
</global>
