<?xml version="1.0" encoding="UTF-8"?>

<MISRA-C-Report version="1.3">


<CodeStruct Name="" File="C:\Component\CM690D_HwTq8Meas_Impl\src\CDD_HwTq8Meas.c" Line="0" Column="0">

<Rule Name="19.1" Mode="advisory" Report="warning" Id="1">
<Loc File="C:\Component\CM690D_HwTq8Meas_Impl\src\CDD_HwTq8Meas.c" Line="722" Column="0">
</Loc>
<Message>
#include statements in a file shall only be preceded by other preprocessor directives or comments.
</Message>
</Rule>

<Rule Name="19.1" Mode="advisory" Report="warning" Id="2">
<Loc File="C:\Component\CM690D_HwTq8Meas_Impl\src\CDD_HwTq8Meas.c" Line="1480" Column="0">
</Loc>
<Message>
#include statements in a file shall only be preceded by other preprocessor directives or comments.
</Message>
</Rule>

<Rule Name="19.1" Mode="advisory" Report="warning" Id="3">
<Loc File="C:\Component\CM690D_HwTq8Meas_Impl\src\CDD_HwTq8Meas.c" Line="1488" Column="0">
</Loc>
<Message>
#include statements in a file shall only be preceded by other preprocessor directives or comments.
</Message>
</Rule>

<Rule Name="19.1" Mode="advisory" Report="warning" Id="4">
<Loc File="C:\Component\CM690D_HwTq8Meas_Impl\src\CDD_HwTq8Meas.c" Line="1606" Column="0">
</Loc>
<Message>
#include statements in a file shall only be preceded by other preprocessor directives or comments.
</Message>
</Rule>

</CodeStruct>

</MISRA-C-Report>
