<?xml version="1.0" encoding="UTF-8"?>

<MISRA-C-Report version="1.3">


<CodeStruct Name="" File="C:\Component\SF059A_SysPrfmncSts_Impl\src\SysPrfmncSts.c" Line="0" Column="0">

<Rule Name="19.1" Mode="advisory" Report="warning" Id="1">
<Loc File="C:\Component\SF059A_SysPrfmncSts_Impl\src\SysPrfmncSts.c" Line="718" Column="0">
</Loc>
<Message>
#include statements in a file shall only be preceded by other preprocessor directives or comments.
</Message>
</Rule>

<Rule Name="19.1" Mode="advisory" Report="warning" Id="2">
<Loc File="C:\Component\SF059A_SysPrfmncSts_Impl\src\SysPrfmncSts.c" Line="901" Column="0">
</Loc>
<Message>
#include statements in a file shall only be preceded by other preprocessor directives or comments.
</Message>
</Rule>

<Rule Name="5.1" Mode="required" Report="warning" Id="3">
<Loc File="C:\Component\SF059A_SysPrfmncSts_Impl\src\SysPrfmncSts.c" Line="918" Column="106">
</Loc>
<Message>
Identifiers "ThermDutyCycProtnTDptLim_MotNwtMtr_T_f32" (SysPrfmncSts.c line 918 column 106) and "ThermDutyCycProtnTDptLim_MotNwtMtr_T_f32" (SysPrfmncSts.c line 122 column 106) have the same first 40 characters.
</Message>
</Rule>

<Rule Name="5.1" Mode="required" Report="warning" Id="4">
<Loc File="C:\Component\SF059A_SysPrfmncSts_Impl\src\SysPrfmncSts.c" Line="919" Column="106">
</Loc>
<Message>
Identifiers "ThermDutyCycProtnLoadDptLim_MotNwtMtr_T_f32" (SysPrfmncSts.c line 919 column 106) and "ThermDutyCycProtnLoadDptLim_MotNwtMtr_T_f32" (SysPrfmncSts.c line 123 column 106) have the same first 43 characters.
</Message>
</Rule>

<Rule Name="5.1" Mode="required" Report="warning" Id="5">
<Loc File="C:\Component\SF059A_SysPrfmncSts_Impl\src\SysPrfmncSts.c" Line="963" Column="32">
</Loc>
<Message>
Identifiers "DutyCycThermProtnMaxOutp_Uls_T_u16" (SysPrfmncSts.c line 963 column 32) and "DutyCycThermProtnMaxOutp_Uls_T_u16" (SysPrfmncSts.c line 127 column 32) have the same first 34 characters.
</Message>
</Rule>

</CodeStruct>

<CodeStruct Name="PrfmncSysSt1" File="C:\Component\SF059A_SysPrfmncSts_Impl\src\SysPrfmncSts.c" Line="917" Column="12">

<Rule Name="9.1" Mode="required" Report="warning" Id="6">
<Loc File="C:\Component\SF059A_SysPrfmncSts_Impl\src\SysPrfmncSts.c" Line="932" Column="12">
</Loc>
<Message>
All automatic variables shall have been assigned a value before being used.
</Message>
</Rule>

</CodeStruct>

<CodeStruct Name="SysPrfmncStsPer1" File="C:\Component\SF059A_SysPrfmncSts_Impl\src\SysPrfmncSts.c" Line="787" Column="5">

<Rule Name="5.1" Mode="required" Report="warning" Id="7">
<Loc File="C:\Component\SF059A_SysPrfmncSts_Impl\src\SysPrfmncSts.c" Line="798" Column="9">
</Loc>
<Message>
Identifiers "ThermDutyCycProtnLoadDptLim_MotNwtMtr_T_f32" (SysPrfmncSts.c line 123 column 106) and "ThermDutyCycProtnLoadDptLim_MotNwtMtr_T_f32" (SysPrfmncSts.c line 798 column 9) have the same first 43 characters.
</Message>
</Rule>

<Rule Name="5.1" Mode="required" Report="warning" Id="8">
<Loc File="C:\Component\SF059A_SysPrfmncSts_Impl\src\SysPrfmncSts.c" Line="799" Column="9">
</Loc>
<Message>
Identifiers "ThermDutyCycProtnTDptLim_MotNwtMtr_T_f32" (SysPrfmncSts.c line 122 column 106) and "ThermDutyCycProtnTDptLim_MotNwtMtr_T_f32" (SysPrfmncSts.c line 799 column 9) have the same first 40 characters.
</Message>
</Rule>

<Rule Name="5.1" Mode="required" Report="warning" Id="9">
<Loc File="C:\Component\SF059A_SysPrfmncSts_Impl\src\SysPrfmncSts.c" Line="801" Column="8">
</Loc>
<Message>
Identifiers "DutyCycThermProtnMaxOutp_Uls_T_u16" (SysPrfmncSts.c line 127 column 32) and "DutyCycThermProtnMaxOutp_Uls_T_u16" (SysPrfmncSts.c line 801 column 8) have the same first 34 characters.
</Message>
</Rule>

<Rule Name="9.1" Mode="required" Report="warning" Id="10">
<Loc File="C:\Component\SF059A_SysPrfmncSts_Impl\src\SysPrfmncSts.c" Line="829" Column="46">
</Loc>
<Message>
All automatic variables shall have been assigned a value before being used.
</Message>
</Rule>

<Rule Name="21.1" Mode="required" Report="warning" Id="11">
<Loc File="C:\Component\SF059A_SysPrfmncSts_Impl\src\SysPrfmncSts.c" Line="829" Column="89">
</Loc>
<Message>
Minimisation of run-time failures.
</Message>
</Rule>

<Rule Name="9.1" Mode="required" Report="warning" Id="12">
<Loc File="C:\Component\SF059A_SysPrfmncSts_Impl\src\SysPrfmncSts.c" Line="832" Column="4">
</Loc>
<Message>
All automatic variables shall have been assigned a value before being used.
</Message>
</Rule>

<Rule Name="9.1" Mode="required" Report="warning" Id="13">
<Loc File="C:\Component\SF059A_SysPrfmncSts_Impl\src\SysPrfmncSts.c" Line="838" Column="9">
</Loc>
<Message>
All automatic variables shall have been assigned a value before being used.
</Message>
</Rule>

<Rule Name="9.1" Mode="required" Report="warning" Id="14">
<Loc File="C:\Component\SF059A_SysPrfmncSts_Impl\src\SysPrfmncSts.c" Line="876" Column="14">
</Loc>
<Message>
All automatic variables shall have been assigned a value before being used.
</Message>
</Rule>

<Rule Name="9.1" Mode="required" Report="warning" Id="15">
<Loc File="C:\Component\SF059A_SysPrfmncSts_Impl\src\SysPrfmncSts.c" Line="877" Column="26">
</Loc>
<Message>
All automatic variables shall have been assigned a value before being used.
</Message>
</Rule>

<Rule Name="9.1" Mode="required" Report="warning" Id="16">
<Loc File="C:\Component\SF059A_SysPrfmncSts_Impl\src\SysPrfmncSts.c" Line="878" Column="26">
</Loc>
<Message>
All automatic variables shall have been assigned a value before being used.
</Message>
</Rule>

<Rule Name="9.1" Mode="required" Report="warning" Id="17">
<Loc File="C:\Component\SF059A_SysPrfmncSts_Impl\src\SysPrfmncSts.c" Line="879" Column="26">
</Loc>
<Message>
All automatic variables shall have been assigned a value before being used.
</Message>
</Rule>

<Rule Name="9.1" Mode="required" Report="warning" Id="18">
<Loc File="C:\Component\SF059A_SysPrfmncSts_Impl\src\SysPrfmncSts.c" Line="882" Column="13">
</Loc>
<Message>
All automatic variables shall have been assigned a value before being used.
</Message>
</Rule>

<Rule Name="9.1" Mode="required" Report="warning" Id="19">
<Loc File="C:\Component\SF059A_SysPrfmncSts_Impl\src\SysPrfmncSts.c" Line="883" Column="25">
</Loc>
<Message>
All automatic variables shall have been assigned a value before being used.
</Message>
</Rule>

<Rule Name="9.1" Mode="required" Report="warning" Id="20">
<Loc File="C:\Component\SF059A_SysPrfmncSts_Impl\src\SysPrfmncSts.c" Line="884" Column="25">
</Loc>
<Message>
All automatic variables shall have been assigned a value before being used.
</Message>
</Rule>

<Rule Name="9.1" Mode="required" Report="warning" Id="21">
<Loc File="C:\Component\SF059A_SysPrfmncSts_Impl\src\SysPrfmncSts.c" Line="885" Column="25">
</Loc>
<Message>
All automatic variables shall have been assigned a value before being used.
</Message>
</Rule>

<Rule Name="5.1" Mode="required" Report="warning" Id="22">
<Loc File="C:\Component\SF059A_SysPrfmncSts_Impl\src\SysPrfmncSts.c" Line="918" Column="106">
</Loc>
<Message>
Identifiers "ThermDutyCycProtnTDptLim_MotNwtMtr_T_f32" (SysPrfmncSts.c line 918 column 106) and "ThermDutyCycProtnTDptLim_MotNwtMtr_T_f32" (SysPrfmncSts.c line 799 column 9) have the same first 40 characters.
</Message>
</Rule>

<Rule Name="5.1" Mode="required" Report="warning" Id="23">
<Loc File="C:\Component\SF059A_SysPrfmncSts_Impl\src\SysPrfmncSts.c" Line="919" Column="106">
</Loc>
<Message>
Identifiers "ThermDutyCycProtnLoadDptLim_MotNwtMtr_T_f32" (SysPrfmncSts.c line 919 column 106) and "ThermDutyCycProtnLoadDptLim_MotNwtMtr_T_f32" (SysPrfmncSts.c line 798 column 9) have the same first 43 characters.
</Message>
</Rule>

<Rule Name="5.1" Mode="required" Report="warning" Id="24">
<Loc File="C:\Component\SF059A_SysPrfmncSts_Impl\src\SysPrfmncSts.c" Line="963" Column="32">
</Loc>
<Message>
Identifiers "DutyCycThermProtnMaxOutp_Uls_T_u16" (SysPrfmncSts.c line 963 column 32) and "DutyCycThermProtnMaxOutp_Uls_T_u16" (SysPrfmncSts.c line 801 column 8) have the same first 34 characters.
</Message>
</Rule>

</CodeStruct>

<CodeStruct Name="SysPrfmncStsInit1" File="C:\Component\SF059A_SysPrfmncSts_Impl\src\SysPrfmncSts.c" Line="730" Column="5">

<Rule Name="21.1" Mode="required" Report="warning" Id="25">
<Loc File="C:\Component\SF059A_SysPrfmncSts_Impl\src\SysPrfmncSts.c" Line="738" Column="112">
</Loc>
<Message>
Minimisation of run-time failures.
</Message>
</Rule>

</CodeStruct>

<CodeStruct Name="PrfmncSysSt2" File="C:\Component\SF059A_SysPrfmncSts_Impl\src\SysPrfmncSts.c" Line="963" Column="12">

<Rule Name="9.1" Mode="required" Report="warning" Id="26">
<Loc File="C:\Component\SF059A_SysPrfmncSts_Impl\src\SysPrfmncSts.c" Line="973" Column="12">
</Loc>
<Message>
All automatic variables shall have been assigned a value before being used.
</Message>
</Rule>

</CodeStruct>

</MISRA-C-Report>
