<?xml version="1.0" encoding="UTF-8"?>
<MISRA-C-Report-Summary>
<File Mode="advisory" Error="0" Warning="2" Total="2">
<Name>
C:\_Synergy_Projects\Working\SF045A_HwAgSysArbn_Impl\src\HwAgSysArbn.c</Name>
</File>
<File Mode="required" Error="0" Warning="10" Total="10">
<Name>
C:\_Synergy_Projects\Working\SF045A_HwAgSysArbn_Impl\src\HwAgSysArbn.c</Name>
</File>
<Rule Name="12.4" Count="4" Mode="required" Severity="warning">
<Message>
The right hand operand of a logical &amp;&amp; or || operator shall not contain side effects.</Message>
</Rule>
<Rule Name="21.1" Count="3" Mode="required" Severity="warning">
<Message>
Minimisation of run-time failures.</Message>
</Rule>
<Rule Name="5.1" Count="3" Mode="required" Severity="warning">
<Message>
</Message>
</Rule>
<Rule Name="19.1" Count="2" Mode="advisory" Severity="warning">
<Message>
#include statements in a file shall only be preceded by other preprocessor directives or comments.</Message>
</Rule>
</MISRA-C-Report-Summary>
