<?xml version="1.0" encoding="UTF-8"?>

<MISRA-C-Report version="1.3">


<CodeStruct Name="" File="C:\_Synergy_Projects\Working\SF045A_HwAgSysArbn_Impl\src\HwAgSysArbn.c" Line="0" Column="0">

<Rule Name="19.1" Mode="advisory" Report="warning" Id="1">
<Loc File="C:\_Synergy_Projects\Working\SF045A_HwAgSysArbn_Impl\src\HwAgSysArbn.c" Line="757" Column="0">
</Loc>
<Message>
#include statements in a file shall only be preceded by other preprocessor directives or comments.
</Message>
</Rule>

<Rule Name="19.1" Mode="advisory" Report="warning" Id="2">
<Loc File="C:\_Synergy_Projects\Working\SF045A_HwAgSysArbn_Impl\src\HwAgSysArbn.c" Line="1099" Column="0">
</Loc>
<Message>
#include statements in a file shall only be preceded by other preprocessor directives or comments.
</Message>
</Rule>

<Rule Name="5.1" Mode="required" Report="warning" Id="3">
<Loc File="C:\_Synergy_Projects\Working\SF045A_HwAgSysArbn_Impl\src\HwAgSysArbn.c" Line="1155" Column="116">
</Loc>
<Message>
Identifiers "HwVelToSerlCom_HwRadPerSec_T_f32" (HwAgSysArbn.c line 1155 column 116) and "HwVelToSerlCom_HwRadPerSec_T_f32" (HwAgSysArbn.c line 141 column 116) have the same first 32 characters.
</Message>
</Rule>

</CodeStruct>

<CodeStruct Name="HwAgSysArbnPer1" File="C:\_Synergy_Projects\Working\SF045A_HwAgSysArbn_Impl\src\HwAgSysArbn.c" Line="877" Column="5">

<Rule Name="5.1" Mode="required" Report="warning" Id="4">
<Loc File="C:\_Synergy_Projects\Working\SF045A_HwAgSysArbn_Impl\src\HwAgSysArbn.c" Line="897" Column="16">
</Loc>
<Message>
Identifiers "HwVelToSerlCom_HwRadPerSec_T_f32" (HwAgSysArbn.c line 141 column 116) and "HwVelToSerlCom_HwRadPerSec_T_f32" (HwAgSysArbn.c line 897 column 16) have the same first 32 characters.
</Message>
</Rule>

<Rule Name="12.4" Mode="required" Report="warning" Id="5">
<Loc File="C:\_Synergy_Projects\Working\SF045A_HwAgSysArbn_Impl\src\HwAgSysArbn.c" Line="961" Column="57">
</Loc>
<Message>
The right hand operand of a logical &amp;&amp; or || operator shall not contain side effects.
</Message>
</Rule>

<Rule Name="5.1" Mode="required" Report="warning" Id="6">
<Loc File="C:\_Synergy_Projects\Working\SF045A_HwAgSysArbn_Impl\src\HwAgSysArbn.c" Line="1155" Column="116">
</Loc>
<Message>
Identifiers "HwVelToSerlCom_HwRadPerSec_T_f32" (HwAgSysArbn.c line 1155 column 116) and "HwVelToSerlCom_HwRadPerSec_T_f32" (HwAgSysArbn.c line 897 column 16) have the same first 32 characters.
</Message>
</Rule>

</CodeStruct>

<CodeStruct Name="CalcPinionVel" File="C:\_Synergy_Projects\Working\SF045A_HwAgSysArbn_Impl\src\HwAgSysArbn.c" Line="1244" Column="15">

<Rule Name="21.1" Mode="required" Report="warning" Id="10">
<Loc File="C:\_Synergy_Projects\Working\SF045A_HwAgSysArbn_Impl\src\HwAgSysArbn.c" Line="1263" Column="68">
</Loc>
<Message>
Minimisation of run-time failures.
</Message>
</Rule>

<Rule Name="21.1" Mode="required" Report="warning" Id="11">
<Loc File="C:\_Synergy_Projects\Working\SF045A_HwAgSysArbn_Impl\src\HwAgSysArbn.c" Line="1265" Column="59">
</Loc>
<Message>
Minimisation of run-time failures.
</Message>
</Rule>

<Rule Name="21.1" Mode="required" Report="warning" Id="12">
<Loc File="C:\_Synergy_Projects\Working\SF045A_HwAgSysArbn_Impl\src\HwAgSysArbn.c" Line="1281" Column="59">
</Loc>
<Message>
Minimisation of run-time failures.
</Message>
</Rule>

</CodeStruct>

<CodeStruct Name="HwAgVelSerlCom" File="C:\_Synergy_Projects\Working\SF045A_HwAgSysArbn_Impl\src\HwAgSysArbn.c" Line="1148" Column="15">

<Rule Name="12.4" Mode="required" Report="warning" Id="7">
<Loc File="C:\_Synergy_Projects\Working\SF045A_HwAgSysArbn_Impl\src\HwAgSysArbn.c" Line="1162" Column="65">
</Loc>
<Message>
The right hand operand of a logical &amp;&amp; or || operator shall not contain side effects.
</Message>
</Rule>

<Rule Name="12.4" Mode="required" Report="warning" Id="8">
<Loc File="C:\_Synergy_Projects\Working\SF045A_HwAgSysArbn_Impl\src\HwAgSysArbn.c" Line="1183" Column="74">
</Loc>
<Message>
The right hand operand of a logical &amp;&amp; or || operator shall not contain side effects.
</Message>
</Rule>

<Rule Name="12.4" Mode="required" Report="warning" Id="9">
<Loc File="C:\_Synergy_Projects\Working\SF045A_HwAgSysArbn_Impl\src\HwAgSysArbn.c" Line="1195" Column="74">
</Loc>
<Message>
The right hand operand of a logical &amp;&amp; or || operator shall not contain side effects.
</Message>
</Rule>

</CodeStruct>

</MISRA-C-Report>
