<?xml version="1.0" encoding="UTF-8"?>
<!--EDRS Version 1.0-->
<global>
   <file name="C:\\_EA4SynWrkgCpy\\AR100A_NxtrMath_Impl\\include\\NxtrMath.h" comment="">
      <function name="Abslt_f32_f32" comment="" line="233" main_generator_called="MAIN_GENERATOR" attributes="static">
         <scalar name="arg1" comment="" line="233" base_type="float32" attributes="static" complete_type="float32" init_mode="MAIN_GENERATOR" init_modes_allowed="10" init_range="min..max" global_assert="unsupported" assert_range="unsupported"/>
         <scalar name="return" comment="" line="233" base_type="float32" attributes="static" complete_type="float32" init_mode="disabled" init_range="disabled" global_assert="unsupported" assert_range="unsupported"/>
      </function>
      <function name="Arctan2_f32" comment="" line="575" main_generator_called="MAIN_GENERATOR" attributes="static">
         <scalar name="arg1" comment="" line="575" base_type="float32" attributes="static" complete_type="float32" init_mode="MAIN_GENERATOR" init_modes_allowed="10" init_range="min..max" global_assert="unsupported" assert_range="unsupported"/>
         <scalar name="arg2" comment="" line="575" base_type="float32" attributes="static" complete_type="float32" init_mode="MAIN_GENERATOR" init_modes_allowed="10" init_range="min..max" global_assert="unsupported" assert_range="unsupported"/>
         <scalar name="return" comment="" line="575" base_type="float32" attributes="static" complete_type="float32" init_mode="disabled" init_range="disabled" global_assert="unsupported" assert_range="unsupported"/>
      </function>
      <function name="Exp_f32" comment="" line="612" main_generator_called="MAIN_GENERATOR" attributes="static">
         <scalar name="arg1" comment="" line="612" base_type="float32" attributes="static" complete_type="float32" init_mode="MAIN_GENERATOR" init_modes_allowed="10" init_range="min..max" global_assert="unsupported" assert_range="unsupported"/>
         <scalar name="return" comment="" line="612" base_type="float32" attributes="static" complete_type="float32" init_mode="disabled" init_range="disabled" global_assert="unsupported" assert_range="unsupported"/>
      </function>
      <function name="Lim_f32" comment="" line="560" main_generator_called="MAIN_GENERATOR" attributes="static">
         <scalar name="arg1" comment="" line="560" base_type="float32" attributes="static" complete_type="float32" init_mode="MAIN_GENERATOR" init_modes_allowed="10" init_range="min..max" global_assert="unsupported" assert_range="unsupported"/>
         <scalar name="arg2" comment="" line="560" base_type="float32" attributes="static" complete_type="float32" init_mode="MAIN_GENERATOR" init_modes_allowed="10" init_range="min..max" global_assert="unsupported" assert_range="unsupported"/>
         <scalar name="arg3" comment="" line="560" base_type="float32" attributes="static" complete_type="float32" init_mode="MAIN_GENERATOR" init_modes_allowed="10" init_range="min..max" global_assert="unsupported" assert_range="unsupported"/>
         <scalar name="return" comment="" line="560" base_type="float32" attributes="static" complete_type="float32" init_mode="disabled" init_range="disabled" global_assert="unsupported" assert_range="unsupported"/>
      </function>
      <function name="SinCos_f32" comment="" line="653" main_generator_called="MAIN_GENERATOR" attributes="static">
         <scalar name="arg1" comment="" line="653" base_type="float32" attributes="static" complete_type="float32" init_mode="MAIN_GENERATOR" init_modes_allowed="10" init_range="min..max" global_assert="unsupported" assert_range="unsupported"/>
         <pointer name="arg2" comment="" line="653" attributes="static" complete_type="float32 *" init_mode="MAIN_GENERATOR" init_modes_allowed="10" initialize_pointer="May-be NULL" number_allocated="max" init_pointed="MAIN_GENERATOR">
            <scalar comment="" line="653" base_type="float32" attributes="static" complete_type="float32" init_mode="MAIN_GENERATOR" init_modes_allowed="10" init_range="min..max" global_assert="unsupported" assert_range="unsupported"/>
         </pointer>
         <pointer name="arg3" comment="" line="653" attributes="static" complete_type="float32 *" init_mode="MAIN_GENERATOR" init_modes_allowed="10" initialize_pointer="May-be NULL" number_allocated="max" init_pointed="MAIN_GENERATOR">
            <scalar comment="" line="653" base_type="float32" attributes="static" complete_type="float32" init_mode="MAIN_GENERATOR" init_modes_allowed="10" init_range="min..max" global_assert="unsupported" assert_range="unsupported"/>
         </pointer>
      </function>
   </file>
   <file name="C:\\_EA4SynWrkgCpy\\AR103A_NxtrFixdPt_Impl\\include\\NxtrFixdPt.h" comment="">
      <function name="FixdToFloat_f32_s16" comment="" line="303" main_generator_called="MAIN_GENERATOR" attributes="static">
         <scalar name="arg1" comment="" line="303" base_type="int16" attributes="static" complete_type="int16" init_mode="MAIN_GENERATOR" init_modes_allowed="10" init_range="min..max" global_assert="unsupported" assert_range="unsupported"/>
         <scalar name="arg2" comment="" line="303" base_type="float32" attributes="static" complete_type="float32" init_mode="MAIN_GENERATOR" init_modes_allowed="10" init_range="min..max" global_assert="unsupported" assert_range="unsupported"/>
         <scalar name="return" comment="" line="303" base_type="float32" attributes="static" complete_type="float32" init_mode="disabled" init_range="disabled" global_assert="unsupported" assert_range="unsupported"/>
      </function>
      <function name="FixdToFloat_f32_u16" comment="" line="331" main_generator_called="MAIN_GENERATOR" attributes="static">
         <scalar name="arg1" comment="" line="331" base_type="uint16" attributes="static" complete_type="uint16" init_mode="MAIN_GENERATOR" init_modes_allowed="10" init_range="min..max" global_assert="unsupported" assert_range="unsupported"/>
         <scalar name="arg2" comment="" line="331" base_type="float32" attributes="static" complete_type="float32" init_mode="MAIN_GENERATOR" init_modes_allowed="10" init_range="min..max" global_assert="unsupported" assert_range="unsupported"/>
         <scalar name="return" comment="" line="331" base_type="float32" attributes="static" complete_type="float32" init_mode="disabled" init_range="disabled" global_assert="unsupported" assert_range="unsupported"/>
      </function>
      <function name="FloatToFixd_s16_f32" comment="" line="247" main_generator_called="MAIN_GENERATOR" attributes="static">
         <scalar name="arg1" comment="" line="247" base_type="float32" attributes="static" complete_type="float32" init_mode="MAIN_GENERATOR" init_modes_allowed="10" init_range="min..max" global_assert="unsupported" assert_range="unsupported"/>
         <scalar name="arg2" comment="" line="247" base_type="float32" attributes="static" complete_type="float32" init_mode="MAIN_GENERATOR" init_modes_allowed="10" init_range="min..max" global_assert="unsupported" assert_range="unsupported"/>
         <scalar name="return" comment="" line="247" base_type="int16" attributes="static" complete_type="int16" init_mode="disabled" init_range="disabled" global_assert="unsupported" assert_range="unsupported"/>
      </function>
      <function name="FloatToFixd_u16_f32" comment="" line="275" main_generator_called="MAIN_GENERATOR" attributes="static">
         <scalar name="arg1" comment="" line="275" base_type="float32" attributes="static" complete_type="float32" init_mode="MAIN_GENERATOR" init_modes_allowed="10" init_range="min..max" global_assert="unsupported" assert_range="unsupported"/>
         <scalar name="arg2" comment="" line="275" base_type="float32" attributes="static" complete_type="float32" init_mode="MAIN_GENERATOR" init_modes_allowed="10" init_range="min..max" global_assert="unsupported" assert_range="unsupported"/>
         <scalar name="return" comment="" line="275" base_type="uint16" attributes="static" complete_type="uint16" init_mode="disabled" init_range="disabled" global_assert="unsupported" assert_range="unsupported"/>
      </function>
   </file>
   <file name="C:\\_EA4SynWrkgCpy\\AR104A_NxtrFil_Impl\\include\\NxtrFil.h" comment="">
      <function name="FilLpInit" comment="" line="125" main_generator_called="MAIN_GENERATOR" attributes="static">
         <scalar name="arg1" comment="" line="125" base_type="float32" attributes="static" complete_type="float32" init_mode="MAIN_GENERATOR" init_modes_allowed="10" init_range="min..max" global_assert="unsupported" assert_range="unsupported"/>
         <scalar name="arg2" comment="" line="125" base_type="float32" attributes="static" complete_type="float32" init_mode="MAIN_GENERATOR" init_modes_allowed="10" init_range="min..max" global_assert="unsupported" assert_range="unsupported"/>
         <scalar name="arg3" comment="" line="125" base_type="float32" attributes="static" complete_type="float32" init_mode="MAIN_GENERATOR" init_modes_allowed="10" init_range="min..max" global_assert="unsupported" assert_range="unsupported"/>
         <pointer name="arg4" comment="" line="125" attributes="static" complete_type="struct  *" init_mode="MAIN_GENERATOR" init_modes_allowed="10" initialize_pointer="May-be NULL" number_allocated="max" init_pointed="MAIN_GENERATOR">
            <struct comment="" line="125" attributes="static">
               <scalar name="FilGain" comment="" line="125" base_type="float32" attributes="static" complete_type="float32" init_mode="MAIN_GENERATOR" init_modes_allowed="10" init_range="min..max" global_assert="unsupported" assert_range="unsupported"/>
               <scalar name="FilSt" comment="" line="125" base_type="float32" attributes="static" complete_type="float32" init_mode="MAIN_GENERATOR" init_modes_allowed="10" init_range="min..max" global_assert="unsupported" assert_range="unsupported"/>
            </struct>
         </pointer>
      </function>
      <function name="FilLpUpdGain" comment="" line="82" main_generator_called="MAIN_GENERATOR" attributes="static">
         <scalar name="arg1" comment="" line="82" base_type="float32" attributes="static" complete_type="float32" init_mode="MAIN_GENERATOR" init_modes_allowed="10" init_range="min..max" global_assert="unsupported" assert_range="unsupported"/>
         <scalar name="arg2" comment="" line="82" base_type="float32" attributes="static" complete_type="float32" init_mode="MAIN_GENERATOR" init_modes_allowed="10" init_range="min..max" global_assert="unsupported" assert_range="unsupported"/>
         <pointer name="arg3" comment="" line="82" attributes="static" complete_type="struct  *" init_mode="MAIN_GENERATOR" init_modes_allowed="10" initialize_pointer="May-be NULL" number_allocated="max" init_pointed="MAIN_GENERATOR">
            <struct comment="" line="82" attributes="static">
               <scalar name="FilGain" comment="" line="82" base_type="float32" attributes="static" complete_type="float32" init_mode="MAIN_GENERATOR" init_modes_allowed="10" init_range="min..max" global_assert="unsupported" assert_range="unsupported"/>
               <scalar name="FilSt" comment="" line="82" base_type="float32" attributes="static" complete_type="float32" init_mode="MAIN_GENERATOR" init_modes_allowed="10" init_range="min..max" global_assert="unsupported" assert_range="unsupported"/>
            </struct>
         </pointer>
      </function>
      <function name="FilLpUpdOutp_f32" comment="" line="103" main_generator_called="MAIN_GENERATOR" attributes="static">
         <scalar name="arg1" comment="" line="103" base_type="float32" attributes="static" complete_type="float32" init_mode="MAIN_GENERATOR" init_modes_allowed="10" init_range="min..max" global_assert="unsupported" assert_range="unsupported"/>
         <pointer name="arg2" comment="" line="103" attributes="static" complete_type="struct  *" init_mode="MAIN_GENERATOR" init_modes_allowed="10" initialize_pointer="May-be NULL" number_allocated="max" init_pointed="MAIN_GENERATOR">
            <struct comment="" line="103" attributes="static">
               <scalar name="FilGain" comment="" line="103" base_type="float32" attributes="static" complete_type="float32" init_mode="MAIN_GENERATOR" init_modes_allowed="10" init_range="min..max" global_assert="unsupported" assert_range="unsupported"/>
               <scalar name="FilSt" comment="" line="103" base_type="float32" attributes="static" complete_type="float32" init_mode="MAIN_GENERATOR" init_modes_allowed="10" init_range="min..max" global_assert="unsupported" assert_range="unsupported"/>
            </struct>
         </pointer>
         <scalar name="return" comment="" line="103" base_type="float32" attributes="static" complete_type="float32" init_mode="disabled" init_range="disabled" global_assert="unsupported" assert_range="unsupported"/>
      </function>
   </file>
   <file name="C:\\_EA4SynWrkgCpy\\ES242A_MotAg5Meas_Impl\\src\\CDD_MotAg5Meas.c" comment="">
      <function name="MotAg5EolPrmRead_Oper" comment="" line="830" main_generator_called="MAIN_GENERATOR">
         <pointer name="arg1" comment="" line="830" complete_type="struct  *" init_mode="MAIN_GENERATOR" init_modes_allowed="10" initialize_pointer="May-be NULL" number_allocated="max" init_pointed="MAIN_GENERATOR">
            <struct comment="" line="830">
               <scalar name="CosAmpRecpr" comment="" line="830" base_type="uint16" complete_type="uint16" init_mode="MAIN_GENERATOR" init_modes_allowed="10" init_range="min..max" global_assert="unsupported" assert_range="unsupported"/>
               <scalar name="CosDeltaRecpr" comment="" line="830" base_type="uint16" complete_type="uint16" init_mode="MAIN_GENERATOR" init_modes_allowed="10" init_range="min..max" global_assert="unsupported" assert_range="unsupported"/>
               <scalar name="CosGainCorrd" comment="" line="830" base_type="uint16" complete_type="uint16" init_mode="MAIN_GENERATOR" init_modes_allowed="10" init_range="min..max" global_assert="unsupported" assert_range="unsupported"/>
               <array name="CosHrmncTbl" comment="" line="830" complete_type="int8 [144]">
                  <scalar comment="" line="830" base_type="int8" complete_type="int8" init_mode="MAIN_GENERATOR" init_modes_allowed="10" init_range="min..max" global_assert="unsupported" assert_range="unsupported"/>
               </array>
               <scalar name="CosOffs" comment="" line="830" base_type="uint16" complete_type="uint16" init_mode="MAIN_GENERATOR" init_modes_allowed="10" init_range="min..max" global_assert="unsupported" assert_range="unsupported"/>
               <scalar name="CosOffsCorrd" comment="" line="830" base_type="int16" complete_type="int16" init_mode="MAIN_GENERATOR" init_modes_allowed="10" init_range="min..max" global_assert="unsupported" assert_range="unsupported"/>
               <scalar name="SinAmpRecpr" comment="" line="830" base_type="uint16" complete_type="uint16" init_mode="MAIN_GENERATOR" init_modes_allowed="10" init_range="min..max" global_assert="unsupported" assert_range="unsupported"/>
               <scalar name="SinDelta" comment="" line="830" base_type="int16" complete_type="int16" init_mode="MAIN_GENERATOR" init_modes_allowed="10" init_range="min..max" global_assert="unsupported" assert_range="unsupported"/>
               <scalar name="SinGainCorrd" comment="" line="830" base_type="uint16" complete_type="uint16" init_mode="MAIN_GENERATOR" init_modes_allowed="10" init_range="min..max" global_assert="unsupported" assert_range="unsupported"/>
               <array name="SinHrmncTbl" comment="" line="830" complete_type="int8 [144]">
                  <scalar comment="" line="830" base_type="int8" complete_type="int8" init_mode="MAIN_GENERATOR" init_modes_allowed="10" init_range="min..max" global_assert="unsupported" assert_range="unsupported"/>
               </array>
               <scalar name="SinOffs" comment="" line="830" base_type="uint16" complete_type="uint16" init_mode="MAIN_GENERATOR" init_modes_allowed="10" init_range="min..max" global_assert="unsupported" assert_range="unsupported"/>
               <scalar name="SinOffsCorrd" comment="" line="830" base_type="int16" complete_type="int16" init_mode="MAIN_GENERATOR" init_modes_allowed="10" init_range="min..max" global_assert="unsupported" assert_range="unsupported"/>
            </struct>
         </pointer>
      </function>
      <function name="MotAg5EolPrmWr_Oper" comment="" line="896" main_generator_called="MAIN_GENERATOR">
         <pointer name="arg1" comment="" line="896" complete_type="const struct  *" init_mode="MAIN_GENERATOR" init_modes_allowed="10" initialize_pointer="May-be NULL" number_allocated="max" init_pointed="MAIN_GENERATOR">
            <struct comment="" line="896" attributes="const">
               <scalar name="CosAmpRecpr" comment="" line="896" base_type="uint16" attributes="const" complete_type="uint16" init_mode="MAIN_GENERATOR" init_modes_allowed="10" init_range="min..max" global_assert="unsupported" assert_range="unsupported"/>
               <scalar name="CosDeltaRecpr" comment="" line="896" base_type="uint16" attributes="const" complete_type="uint16" init_mode="MAIN_GENERATOR" init_modes_allowed="10" init_range="min..max" global_assert="unsupported" assert_range="unsupported"/>
               <scalar name="CosGainCorrd" comment="" line="896" base_type="uint16" attributes="const" complete_type="uint16" init_mode="MAIN_GENERATOR" init_modes_allowed="10" init_range="min..max" global_assert="unsupported" assert_range="unsupported"/>
               <array name="CosHrmncTbl" comment="" line="896" complete_type="int8 [144]" attributes="const">
                  <scalar comment="" line="896" base_type="int8" attributes="const" complete_type="int8" init_mode="MAIN_GENERATOR" init_modes_allowed="10" init_range="min..max" global_assert="unsupported" assert_range="unsupported"/>
               </array>
               <scalar name="CosOffs" comment="" line="896" base_type="uint16" attributes="const" complete_type="uint16" init_mode="MAIN_GENERATOR" init_modes_allowed="10" init_range="min..max" global_assert="unsupported" assert_range="unsupported"/>
               <scalar name="CosOffsCorrd" comment="" line="896" base_type="int16" attributes="const" complete_type="int16" init_mode="MAIN_GENERATOR" init_modes_allowed="10" init_range="min..max" global_assert="unsupported" assert_range="unsupported"/>
               <scalar name="SinAmpRecpr" comment="" line="896" base_type="uint16" attributes="const" complete_type="uint16" init_mode="MAIN_GENERATOR" init_modes_allowed="10" init_range="min..max" global_assert="unsupported" assert_range="unsupported"/>
               <scalar name="SinDelta" comment="" line="896" base_type="int16" attributes="const" complete_type="int16" init_mode="MAIN_GENERATOR" init_modes_allowed="10" init_range="min..max" global_assert="unsupported" assert_range="unsupported"/>
               <scalar name="SinGainCorrd" comment="" line="896" base_type="uint16" attributes="const" complete_type="uint16" init_mode="MAIN_GENERATOR" init_modes_allowed="10" init_range="min..max" global_assert="unsupported" assert_range="unsupported"/>
               <array name="SinHrmncTbl" comment="" line="896" complete_type="int8 [144]" attributes="const">
                  <scalar comment="" line="896" base_type="int8" attributes="const" complete_type="int8" init_mode="MAIN_GENERATOR" init_modes_allowed="10" init_range="min..max" global_assert="unsupported" assert_range="unsupported"/>
               </array>
               <scalar name="SinOffs" comment="" line="896" base_type="uint16" attributes="const" complete_type="uint16" init_mode="MAIN_GENERATOR" init_modes_allowed="10" init_range="min..max" global_assert="unsupported" assert_range="unsupported"/>
               <scalar name="SinOffsCorrd" comment="" line="896" base_type="int16" attributes="const" complete_type="int16" init_mode="MAIN_GENERATOR" init_modes_allowed="10" init_range="min..max" global_assert="unsupported" assert_range="unsupported"/>
            </struct>
         </pointer>
      </function>
      <function name="MotAg5MeasInit1" comment="" line="959" main_generator_called="MAIN_GENERATOR"/>
      <function name="MotAg5MeasPer1" comment="" line="1201" main_generator_called="MAIN_GENERATOR"/>
      <function name="MotAg5MeasPer3" comment="" line="1394" main_generator_called="MAIN_GENERATOR"/>
   </file>
   <file name="C:\\_EA4SynWrkgCpy\\ES242A_MotAg5Meas_Impl\\src\\CDD_MotAg5Meas_MotCtrl.c" comment="">
      <function name="MotAg5MeasPer2" comment="" line="68" main_generator_called="MAIN_GENERATOR"/>
   </file>
   <file name="C:\\_EA4SynWrkgCpy\\ES242A_MotAg5Meas_Impl\\tools\\local\\generate\\Rte_Stubs.c" comment="">
      <function name="Rte_Call_CDD_MotAg5Meas_CnvSnpshtData_f32_Oper" comment="" line="31" main_generator_called="MAIN_GENERATOR">
         <pointer name="arg1" comment="" line="31" complete_type="uint32 *" init_mode="MAIN_GENERATOR" init_modes_allowed="10" initialize_pointer="May-be NULL" number_allocated="max" init_pointed="MAIN_GENERATOR">
            <scalar comment="" line="31" base_type="uint32" complete_type="uint32" init_mode="MAIN_GENERATOR" init_modes_allowed="10" init_range="min..max" global_assert="unsupported" assert_range="unsupported"/>
         </pointer>
         <scalar name="arg2" comment="" line="31" base_type="float32" complete_type="float32" init_mode="MAIN_GENERATOR" init_modes_allowed="10" init_range="min..max" global_assert="unsupported" assert_range="unsupported"/>
         <scalar name="return" comment="" line="31" base_type="uint8" complete_type="uint8" init_mode="disabled" init_range="disabled" global_assert="unsupported" assert_range="unsupported"/>
      </function>
      <function name="Rte_Call_CDD_MotAg5Meas_CnvSnpshtData_logl_Oper" comment="" line="38" main_generator_called="MAIN_GENERATOR">
         <pointer name="arg1" comment="" line="38" complete_type="uint32 *" init_mode="MAIN_GENERATOR" init_modes_allowed="10" initialize_pointer="May-be NULL" number_allocated="max" init_pointed="MAIN_GENERATOR">
            <scalar comment="" line="38" base_type="uint32" complete_type="uint32" init_mode="MAIN_GENERATOR" init_modes_allowed="10" init_range="min..max" global_assert="unsupported" assert_range="unsupported"/>
         </pointer>
         <scalar name="arg2" comment="" line="38" base_type="uint8" complete_type="uint8" init_mode="MAIN_GENERATOR" init_modes_allowed="10" init_range="min..max" global_assert="unsupported" assert_range="unsupported"/>
         <scalar name="return" comment="" line="38" base_type="uint8" complete_type="uint8" init_mode="disabled" init_range="disabled" global_assert="unsupported" assert_range="unsupported"/>
      </function>
      <function name="Rte_Call_CDD_MotAg5Meas_GetNtcQlfrSts_Oper" comment="" line="45" main_generator_called="MAIN_GENERATOR">
         <scalar name="arg1" comment="" line="45" base_type="uint16" complete_type="uint16" init_mode="MAIN_GENERATOR" init_modes_allowed="10" init_range="min..max" global_assert="unsupported" assert_range="unsupported"/>
         <pointer name="arg2" comment="" line="45" complete_type="uint8 *" init_mode="MAIN_GENERATOR" init_modes_allowed="10" initialize_pointer="May-be NULL" number_allocated="max" init_pointed="MAIN_GENERATOR">
            <scalar comment="" line="45" base_type="uint8" complete_type="uint8" init_mode="MAIN_GENERATOR" init_modes_allowed="10" init_range="min..max" global_assert="unsupported" assert_range="unsupported"/>
         </pointer>
         <scalar name="return" comment="" line="45" base_type="uint8" complete_type="uint8" init_mode="disabled" init_range="disabled" global_assert="unsupported" assert_range="unsupported"/>
      </function>
      <function name="Rte_Call_CDD_MotAg5Meas_MotAg5EolPrm_GetErrorStatus" comment="" line="52" main_generator_called="MAIN_GENERATOR">
         <pointer name="arg1" comment="" line="52" complete_type="uint8 *" init_mode="MAIN_GENERATOR" init_modes_allowed="10" initialize_pointer="May-be NULL" number_allocated="max" init_pointed="MAIN_GENERATOR">
            <scalar comment="" line="52" base_type="uint8" complete_type="uint8" init_mode="MAIN_GENERATOR" init_modes_allowed="10" init_range="min..max" global_assert="unsupported" assert_range="unsupported"/>
         </pointer>
         <scalar name="return" comment="" line="52" base_type="uint8" complete_type="uint8" init_mode="disabled" init_range="disabled" global_assert="unsupported" assert_range="unsupported"/>
      </function>
      <function name="Rte_Call_CDD_MotAg5Meas_MotAg5EolPrm_SetRamBlockStatus" comment="" line="58" main_generator_called="MAIN_GENERATOR">
         <scalar name="arg1" comment="" line="58" base_type="uint8" complete_type="uint8" init_mode="MAIN_GENERATOR" init_modes_allowed="10" init_range="min..max" global_assert="unsupported" assert_range="unsupported"/>
         <scalar name="return" comment="" line="58" base_type="uint8" complete_type="uint8" init_mode="disabled" init_range="disabled" global_assert="unsupported" assert_range="unsupported"/>
      </function>
      <function name="Rte_Call_CDD_MotAg5Meas_MotAg5StVari_GetErrorStatus" comment="" line="64" main_generator_called="MAIN_GENERATOR">
         <pointer name="arg1" comment="" line="64" complete_type="uint8 *" init_mode="MAIN_GENERATOR" init_modes_allowed="10" initialize_pointer="May-be NULL" number_allocated="max" init_pointed="MAIN_GENERATOR">
            <scalar comment="" line="64" base_type="uint8" complete_type="uint8" init_mode="MAIN_GENERATOR" init_modes_allowed="10" init_range="min..max" global_assert="unsupported" assert_range="unsupported"/>
         </pointer>
         <scalar name="return" comment="" line="64" base_type="uint8" complete_type="uint8" init_mode="disabled" init_range="disabled" global_assert="unsupported" assert_range="unsupported"/>
      </function>
      <function name="Rte_Call_CDD_MotAg5Meas_MotAg5StVari_SetRamBlockStatus" comment="" line="70" main_generator_called="MAIN_GENERATOR">
         <scalar name="arg1" comment="" line="70" base_type="uint8" complete_type="uint8" init_mode="MAIN_GENERATOR" init_modes_allowed="10" init_range="min..max" global_assert="unsupported" assert_range="unsupported"/>
         <scalar name="return" comment="" line="70" base_type="uint8" complete_type="uint8" init_mode="disabled" init_range="disabled" global_assert="unsupported" assert_range="unsupported"/>
      </function>
      <function name="Rte_Call_CDD_MotAg5Meas_SetNtcStsAndSnpshtData_Oper" comment="" line="76" main_generator_called="MAIN_GENERATOR">
         <scalar name="arg1" comment="" line="76" base_type="uint16" complete_type="uint16" init_mode="MAIN_GENERATOR" init_modes_allowed="10" init_range="min..max" global_assert="unsupported" assert_range="unsupported"/>
         <scalar name="arg2" comment="" line="76" base_type="uint8" complete_type="uint8" init_mode="MAIN_GENERATOR" init_modes_allowed="10" init_range="min..max" global_assert="unsupported" assert_range="unsupported"/>
         <scalar name="arg3" comment="" line="76" base_type="uint8" complete_type="uint8" init_mode="MAIN_GENERATOR" init_modes_allowed="10" init_range="min..max" global_assert="unsupported" assert_range="unsupported"/>
         <scalar name="arg4" comment="" line="76" base_type="uint16" complete_type="uint16" init_mode="MAIN_GENERATOR" init_modes_allowed="10" init_range="min..max" global_assert="unsupported" assert_range="unsupported"/>
         <scalar name="arg5" comment="" line="76" base_type="uint32" complete_type="uint32" init_mode="MAIN_GENERATOR" init_modes_allowed="10" init_range="min..max" global_assert="unsupported" assert_range="unsupported"/>
         <scalar name="arg6" comment="" line="76" base_type="uint32" complete_type="uint32" init_mode="MAIN_GENERATOR" init_modes_allowed="10" init_range="min..max" global_assert="unsupported" assert_range="unsupported"/>
         <scalar name="arg7" comment="" line="76" base_type="uint32" complete_type="uint32" init_mode="MAIN_GENERATOR" init_modes_allowed="10" init_range="min..max" global_assert="unsupported" assert_range="unsupported"/>
         <scalar name="return" comment="" line="76" base_type="uint8" complete_type="uint8" init_mode="disabled" init_range="disabled" global_assert="unsupported" assert_range="unsupported"/>
      </function>
      <function name="Rte_Stub" comment="" line="91" main_generator_called="MAIN_GENERATOR" attributes="unused"/>
      <function name="Rte_Stub_MemCpy" comment="" line="18" main_generator_called="MAIN_GENERATOR">
         <pointer name="arg1" comment="" line="18" complete_type="void *" init_mode="MAIN_GENERATOR" init_modes_allowed="10" initialize_pointer="May-be NULL" number_allocated="max" init_pointed="MAIN_GENERATOR"/>
         <pointer name="arg2" comment="" line="18" complete_type="const void *" init_mode="MAIN_GENERATOR" init_modes_allowed="10" initialize_pointer="May-be NULL" number_allocated="max" init_pointed="MAIN_GENERATOR"/>
         <scalar name="arg3" comment="" line="18" base_type="uint16" complete_type="uint16" init_mode="MAIN_GENERATOR" init_modes_allowed="10" init_range="min..max" global_assert="unsupported" assert_range="unsupported"/>
      </function>
   </file>
   <file name="C:\\_EA4SynWrkgCpy\\ES242A_MotAg5Meas_Impl\\tools\\local\\generate\\Rte_Stubs.h" comment="">
      <scalar name="MotAg5Meas_Cal_MotAg5MeasAmpSqdMaxThd" comment="" line="37" base_type="float32" attributes="extern const" complete_type="float32" init_mode="PERMANENT" init_modes_allowed="6" init_range="1e-06..6.25" global_assert="NO" assert_range=""/>
      <scalar name="MotAg5Meas_Cal_MotAg5MeasAmpSqdMinThd" comment="" line="38" base_type="float32" attributes="extern const" complete_type="float32" init_mode="PERMANENT" init_modes_allowed="6" init_range="1e-06..6.25" global_assert="NO" assert_range=""/>
      <scalar name="MotAg5Meas_Cal_MotAg5MeasLpFilFrq" comment="" line="39" base_type="float32" attributes="extern const" complete_type="float32" init_mode="PERMANENT" init_modes_allowed="6" init_range="0..10" global_assert="NO" assert_range=""/>
      <scalar name="MotAg5Meas_Cal_MotAg5MeasOffs" comment="" line="40" base_type="uint16" attributes="extern const" complete_type="uint16" init_mode="PERMANENT" init_modes_allowed="6" init_range="0..65534" global_assert="NO" assert_range=""/>
      <scalar name="MotAg5Meas_Cal_MotAg5MeasRtAmpRecprLim" comment="" line="41" base_type="float32" attributes="extern const" complete_type="float32" init_mode="PERMANENT" init_modes_allowed="6" init_range="0..0.25" global_assert="NO" assert_range=""/>
      <scalar name="MotAg5Meas_Cal_MotAg5MeasRtFilEnaThd" comment="" line="42" base_type="float32" attributes="extern const" complete_type="float32" init_mode="PERMANENT" init_modes_allowed="6" init_range="0.8..1" global_assert="NO" assert_range=""/>
      <scalar name="MotAg5Meas_Cal_MotAg5MeasRtMotVelFilEnaThd" comment="" line="43" base_type="float32" attributes="extern const" complete_type="float32" init_mode="PERMANENT" init_modes_allowed="6" init_range="0..1000" global_assert="NO" assert_range=""/>
      <scalar name="MotAg5Meas_Cal_MotAg5MeasRtOffsLim" comment="" line="44" base_type="float32" attributes="extern const" complete_type="float32" init_mode="PERMANENT" init_modes_allowed="6" init_range="0..0.5" global_assert="NO" assert_range=""/>
      <scalar name="MotAg5Meas_Cal_MotAg5MeasRtToNomRatLim" comment="" line="45" base_type="float32" attributes="extern const" complete_type="float32" init_mode="PERMANENT" init_modes_allowed="6" init_range="0..0.2" global_assert="NO" assert_range=""/>
      <struct name="MotAg5Meas_Cli_MotAg5EolPrmRead_MotAg5EolPrmData" comment="" line="88" attributes="extern">
         <scalar name="CosAmpRecpr" comment="" line="88" base_type="uint16" attributes="extern" complete_type="uint16" init_mode="PERMANENT" init_modes_allowed="6" init_range="3276..32768" global_assert="NO" assert_range=""/>
         <scalar name="CosDeltaRecpr" comment="" line="88" base_type="uint16" attributes="extern" complete_type="uint16" init_mode="PERMANENT" init_modes_allowed="6" init_range="0..8192" global_assert="NO" assert_range=""/>
         <scalar name="CosGainCorrd" comment="" line="88" base_type="uint16" attributes="extern" complete_type="uint16" init_mode="PERMANENT" init_modes_allowed="6" init_range="26214..39321" global_assert="NO" assert_range=""/>
         <array name="CosHrmncTbl" comment="" line="88" complete_type="int8 [144]" attributes="extern">
            <scalar comment="" line="88" base_type="int8" attributes="extern" complete_type="int8" init_mode="PERMANENT" init_modes_allowed="6" init_range="-128..127" global_assert="NO" assert_range=""/>
         </array>
         <scalar name="CosOffs" comment="" line="88" base_type="uint16" attributes="extern" complete_type="uint16" init_mode="PERMANENT" init_modes_allowed="6" init_range="8192..24576" global_assert="NO" assert_range=""/>
         <scalar name="CosOffsCorrd" comment="" line="88" base_type="int16" attributes="extern" complete_type="int16" init_mode="PERMANENT" init_modes_allowed="6" init_range="-2048..2048" global_assert="NO" assert_range=""/>
         <scalar name="SinAmpRecpr" comment="" line="88" base_type="uint16" attributes="extern" complete_type="uint16" init_mode="PERMANENT" init_modes_allowed="6" init_range="3276..32768" global_assert="NO" assert_range=""/>
         <scalar name="SinDelta" comment="" line="88" base_type="int16" attributes="extern" complete_type="int16" init_mode="PERMANENT" init_modes_allowed="6" init_range="-1422..1422" global_assert="NO" assert_range=""/>
         <scalar name="SinGainCorrd" comment="" line="88" base_type="uint16" attributes="extern" complete_type="uint16" init_mode="PERMANENT" init_modes_allowed="6" init_range="26214..39321" global_assert="NO" assert_range=""/>
         <array name="SinHrmncTbl" comment="" line="88" complete_type="int8 [144]" attributes="extern">
            <scalar comment="" line="88" base_type="int8" attributes="extern" complete_type="int8" init_mode="PERMANENT" init_modes_allowed="6" init_range="-128..127" global_assert="NO" assert_range=""/>
         </array>
         <scalar name="SinOffs" comment="" line="88" base_type="uint16" attributes="extern" complete_type="uint16" init_mode="PERMANENT" init_modes_allowed="6" init_range="8192..24576" global_assert="NO" assert_range=""/>
         <scalar name="SinOffsCorrd" comment="" line="88" base_type="int16" attributes="extern" complete_type="int16" init_mode="PERMANENT" init_modes_allowed="6" init_range="-2048..2048" global_assert="NO" assert_range=""/>
      </struct>
      <struct name="MotAg5Meas_Cli_MotAg5EolPrmWr_MotAg5EolPrmData" comment="" line="89" attributes="extern">
         <scalar name="CosAmpRecpr" comment="" line="89" base_type="uint16" attributes="extern" complete_type="uint16" init_mode="PERMANENT" init_modes_allowed="6" init_range="3276..32768" global_assert="NO" assert_range=""/>
         <scalar name="CosDeltaRecpr" comment="" line="89" base_type="uint16" attributes="extern" complete_type="uint16" init_mode="PERMANENT" init_modes_allowed="6" init_range="0..8192" global_assert="NO" assert_range=""/>
         <scalar name="CosGainCorrd" comment="" line="89" base_type="uint16" attributes="extern" complete_type="uint16" init_mode="PERMANENT" init_modes_allowed="6" init_range="26214..39321" global_assert="NO" assert_range=""/>
         <array name="CosHrmncTbl" comment="" line="89" complete_type="int8 [144]" attributes="extern">
            <scalar comment="" line="89" base_type="int8" attributes="extern" complete_type="int8" init_mode="PERMANENT" init_modes_allowed="6" init_range="-128..127" global_assert="NO" assert_range=""/>
         </array>
         <scalar name="CosOffs" comment="" line="89" base_type="uint16" attributes="extern" complete_type="uint16" init_mode="PERMANENT" init_modes_allowed="6" init_range="8192..24576" global_assert="NO" assert_range=""/>
         <scalar name="CosOffsCorrd" comment="" line="89" base_type="int16" attributes="extern" complete_type="int16" init_mode="PERMANENT" init_modes_allowed="6" init_range="-2048..2048" global_assert="NO" assert_range=""/>
         <scalar name="SinAmpRecpr" comment="" line="89" base_type="uint16" attributes="extern" complete_type="uint16" init_mode="PERMANENT" init_modes_allowed="6" init_range="3276..32768" global_assert="NO" assert_range=""/>
         <scalar name="SinDelta" comment="" line="89" base_type="int16" attributes="extern" complete_type="int16" init_mode="PERMANENT" init_modes_allowed="6" init_range="-1422..1422" global_assert="NO" assert_range=""/>
         <scalar name="SinGainCorrd" comment="" line="89" base_type="uint16" attributes="extern" complete_type="uint16" init_mode="PERMANENT" init_modes_allowed="6" init_range="26214..39321" global_assert="NO" assert_range=""/>
         <array name="SinHrmncTbl" comment="" line="89" complete_type="int8 [144]" attributes="extern">
            <scalar comment="" line="89" base_type="int8" attributes="extern" complete_type="int8" init_mode="PERMANENT" init_modes_allowed="6" init_range="-128..127" global_assert="NO" assert_range=""/>
         </array>
         <scalar name="SinOffs" comment="" line="89" base_type="uint16" attributes="extern" complete_type="uint16" init_mode="PERMANENT" init_modes_allowed="6" init_range="8192..24576" global_assert="NO" assert_range=""/>
         <scalar name="SinOffsCorrd" comment="" line="89" base_type="int16" attributes="extern" complete_type="int16" init_mode="PERMANENT" init_modes_allowed="6" init_range="-2048..2048" global_assert="NO" assert_range=""/>
      </struct>
      <scalar name="MotAg5Meas_Ip_MotAg5Cos" comment="" line="21" base_type="float32" attributes="extern" complete_type="float32" init_mode="PERMANENT" init_modes_allowed="6" init_range="0..5" global_assert="NO" assert_range=""/>
      <scalar name="MotAg5Meas_Ip_MotAg5CosAdcFaild" comment="" line="22" base_type="uint8" attributes="extern" complete_type="uint8" init_mode="PERMANENT" init_modes_allowed="6" init_range="0..1" global_assert="NO" assert_range=""/>
      <scalar name="MotAg5Meas_Ip_MotAg5RawMecl" comment="" line="23" base_type="uint16" attributes="extern" complete_type="uint16" init_mode="PERMANENT" init_modes_allowed="6" init_range="0..65534" global_assert="NO" assert_range=""/>
      <scalar name="MotAg5Meas_Ip_MotAg5Sin" comment="" line="24" base_type="float32" attributes="extern" complete_type="float32" init_mode="PERMANENT" init_modes_allowed="6" init_range="0..5" global_assert="NO" assert_range=""/>
      <scalar name="MotAg5Meas_Ip_MotAg5SinAdcFaild" comment="" line="25" base_type="uint8" attributes="extern" complete_type="uint8" init_mode="PERMANENT" init_modes_allowed="6" init_range="0..1" global_assert="NO" assert_range=""/>
      <scalar name="MotAg5Meas_Ip_MotVelMrf" comment="" line="26" base_type="float32" attributes="extern" complete_type="float32" init_mode="PERMANENT" init_modes_allowed="6" init_range="-1350..1350" global_assert="NO" assert_range=""/>
      <scalar name="MotAg5Meas_Irv_MotAg5PrtclOk" comment="" line="61" base_type="uint8" attributes="extern" complete_type="uint8" init_mode="PERMANENT" init_modes_allowed="6" init_range="0..1" global_assert="NO" assert_range=""/>
      <array name="MotAg5Meas_Irv_MotAg5RtVari" comment="" line="62" complete_type="struct  [1]" attributes="extern">
         <struct comment="" line="62" attributes="extern">
            <scalar name="CosGainCorrd" comment="" line="62" base_type="float32" attributes="extern" complete_type="float32" init_mode="PERMANENT" init_modes_allowed="6" init_range="0.8..1.2" global_assert="NO" assert_range=""/>
            <scalar name="CosOffsCorrd" comment="" line="62" base_type="float32" attributes="extern" complete_type="float32" init_mode="PERMANENT" init_modes_allowed="6" init_range="-0.25..0.25" global_assert="NO" assert_range=""/>
            <scalar name="CosRtAmpRecpr" comment="" line="62" base_type="float32" attributes="extern" complete_type="float32" init_mode="PERMANENT" init_modes_allowed="6" init_range="0.32..5.1" global_assert="NO" assert_range=""/>
            <scalar name="CosRtOffs" comment="" line="62" base_type="float32" attributes="extern" complete_type="float32" init_mode="PERMANENT" init_modes_allowed="6" init_range="0.25..3.75" global_assert="NO" assert_range=""/>
            <scalar name="CosSinNomRatio" comment="" line="62" base_type="float32" attributes="extern" complete_type="float32" init_mode="PERMANENT" init_modes_allowed="6" init_range="0.1..10" global_assert="NO" assert_range=""/>
            <scalar name="PrevCosRtOffs" comment="" line="62" base_type="float32" attributes="extern" complete_type="float32" init_mode="PERMANENT" init_modes_allowed="6" init_range="0.25..3.75" global_assert="NO" assert_range=""/>
            <scalar name="PrevSinRtOffs" comment="" line="62" base_type="float32" attributes="extern" complete_type="float32" init_mode="PERMANENT" init_modes_allowed="6" init_range="0.25..3.75" global_assert="NO" assert_range=""/>
            <scalar name="RtToNomRatioHiLim" comment="" line="62" base_type="float32" attributes="extern" complete_type="float32" init_mode="PERMANENT" init_modes_allowed="6" init_range="1..1.2" global_assert="NO" assert_range=""/>
            <scalar name="RtToNomRatioLoLim" comment="" line="62" base_type="float32" attributes="extern" complete_type="float32" init_mode="PERMANENT" init_modes_allowed="6" init_range="0.8..1" global_assert="NO" assert_range=""/>
            <scalar name="SinCosNomRatio" comment="" line="62" base_type="float32" attributes="extern" complete_type="float32" init_mode="PERMANENT" init_modes_allowed="6" init_range="0.1..10" global_assert="NO" assert_range=""/>
            <scalar name="SinGainCorrd" comment="" line="62" base_type="float32" attributes="extern" complete_type="float32" init_mode="PERMANENT" init_modes_allowed="6" init_range="0.8..1.2" global_assert="NO" assert_range=""/>
            <scalar name="SinOffsCorrd" comment="" line="62" base_type="float32" attributes="extern" complete_type="float32" init_mode="PERMANENT" init_modes_allowed="6" init_range="-0.25..0.25" global_assert="NO" assert_range=""/>
            <scalar name="SinRtAmpRecpr" comment="" line="62" base_type="float32" attributes="extern" complete_type="float32" init_mode="PERMANENT" init_modes_allowed="6" init_range="0.32..5.1" global_assert="NO" assert_range=""/>
            <scalar name="SinRtOffs" comment="" line="62" base_type="float32" attributes="extern" complete_type="float32" init_mode="PERMANENT" init_modes_allowed="6" init_range="0.25..3.75" global_assert="NO" assert_range=""/>
         </struct>
      </array>
      <scalar name="MotAg5Meas_Op_MotAg5CosRtAmpRecpr" comment="" line="29" base_type="float32" attributes="extern" complete_type="float32" init_mode="PERMANENT" init_modes_allowed="6" init_range="0.32..5.1" global_assert="NO" assert_range=""/>
      <scalar name="MotAg5Meas_Op_MotAg5CosRtOffs" comment="" line="30" base_type="float32" attributes="extern" complete_type="float32" init_mode="PERMANENT" init_modes_allowed="6" init_range="0.25..3.75" global_assert="NO" assert_range=""/>
      <scalar name="MotAg5Meas_Op_MotAg5MeclQlfr" comment="" line="31" base_type="uint8" attributes="extern" complete_type="uint8" init_mode="PERMANENT" init_modes_allowed="6" init_range="0..2" global_assert="NO" assert_range=""/>
      <scalar name="MotAg5Meas_Op_MotAg5MeclRollgCntr" comment="" line="32" base_type="uint8" attributes="extern" complete_type="uint8" init_mode="PERMANENT" init_modes_allowed="6" init_range="0..255" global_assert="NO" assert_range=""/>
      <scalar name="MotAg5Meas_Op_MotAg5SinRtAmpRecpr" comment="" line="33" base_type="float32" attributes="extern" complete_type="float32" init_mode="PERMANENT" init_modes_allowed="6" init_range="0.32..5.1" global_assert="NO" assert_range=""/>
      <scalar name="MotAg5Meas_Op_MotAg5SinRtOffs" comment="" line="34" base_type="float32" attributes="extern" complete_type="float32" init_mode="PERMANENT" init_modes_allowed="6" init_range="0.25..3.75" global_assert="NO" assert_range=""/>
      <struct name="MotAg5Meas_Pim_MotAg5CosMaxLpFil" comment="" line="51" attributes="extern">
         <scalar name="FilGain" comment="" line="51" base_type="float32" attributes="extern" complete_type="float32" init_mode="PERMANENT" init_modes_allowed="6" init_range="0..1" global_assert="NO" assert_range=""/>
         <scalar name="FilSt" comment="" line="51" base_type="float32" attributes="extern" complete_type="float32" init_mode="PERMANENT" init_modes_allowed="6" init_range="0..2.5" global_assert="NO" assert_range=""/>
      </struct>
      <struct name="MotAg5Meas_Pim_MotAg5CosMinLpFil" comment="" line="52" attributes="extern">
         <scalar name="FilGain" comment="" line="52" base_type="float32" attributes="extern" complete_type="float32" init_mode="PERMANENT" init_modes_allowed="6" init_range="0..1" global_assert="NO" assert_range=""/>
         <scalar name="FilSt" comment="" line="52" base_type="float32" attributes="extern" complete_type="float32" init_mode="PERMANENT" init_modes_allowed="6" init_range="-2.5..0" global_assert="NO" assert_range=""/>
      </struct>
      <struct name="MotAg5Meas_Pim_MotAg5EolPrm" comment="" line="48" attributes="extern">
         <scalar name="CosAmpRecpr" comment="" line="48" base_type="uint16" attributes="extern" complete_type="uint16" init_mode="PERMANENT" init_modes_allowed="6" init_range="3276..32768" global_assert="NO" assert_range=""/>
         <scalar name="CosDeltaRecpr" comment="" line="48" base_type="uint16" attributes="extern" complete_type="uint16" init_mode="PERMANENT" init_modes_allowed="6" init_range="0..8192" global_assert="NO" assert_range=""/>
         <scalar name="CosGainCorrd" comment="" line="48" base_type="uint16" attributes="extern" complete_type="uint16" init_mode="PERMANENT" init_modes_allowed="6" init_range="26214..39321" global_assert="NO" assert_range=""/>
         <array name="CosHrmncTbl" comment="" line="48" complete_type="int8 [144]" attributes="extern">
            <scalar comment="" line="48" base_type="int8" attributes="extern" complete_type="int8" init_mode="PERMANENT" init_modes_allowed="6" init_range="-128..127" global_assert="NO" assert_range=""/>
         </array>
         <scalar name="CosOffs" comment="" line="48" base_type="uint16" attributes="extern" complete_type="uint16" init_mode="PERMANENT" init_modes_allowed="6" init_range="8192..16384" global_assert="NO" assert_range=""/>
         <scalar name="CosOffsCorrd" comment="" line="48" base_type="int16" attributes="extern" complete_type="int16" init_mode="PERMANENT" init_modes_allowed="6" init_range="-2048..2048" global_assert="NO" assert_range=""/>
         <scalar name="SinAmpRecpr" comment="" line="48" base_type="uint16" attributes="extern" complete_type="uint16" init_mode="PERMANENT" init_modes_allowed="6" init_range="3276..32768" global_assert="NO" assert_range=""/>
         <scalar name="SinDelta" comment="" line="48" base_type="int16" attributes="extern" complete_type="int16" init_mode="PERMANENT" init_modes_allowed="6" init_range="-1422..1422" global_assert="NO" assert_range=""/>
         <scalar name="SinGainCorrd" comment="" line="48" base_type="uint16" attributes="extern" complete_type="uint16" init_mode="PERMANENT" init_modes_allowed="6" init_range="26214..39321" global_assert="NO" assert_range=""/>
         <array name="SinHrmncTbl" comment="" line="48" complete_type="int8 [144]" attributes="extern">
            <scalar comment="" line="48" base_type="int8" attributes="extern" complete_type="int8" init_mode="PERMANENT" init_modes_allowed="6" init_range="-128..127" global_assert="NO" assert_range=""/>
         </array>
         <scalar name="SinOffs" comment="" line="48" base_type="uint16" attributes="extern" complete_type="uint16" init_mode="PERMANENT" init_modes_allowed="6" init_range="8192..24576" global_assert="NO" assert_range=""/>
         <scalar name="SinOffsCorrd" comment="" line="48" base_type="int16" attributes="extern" complete_type="int16" init_mode="PERMANENT" init_modes_allowed="6" init_range="-2048..2048" global_assert="NO" assert_range=""/>
      </struct>
      <scalar name="MotAg5Meas_Pim_MotAg5NvmFltEna" comment="" line="53" base_type="uint8" attributes="extern" complete_type="uint8" init_mode="PERMANENT" init_modes_allowed="6" init_range="0..1" global_assert="NO" assert_range=""/>
      <scalar name="MotAg5Meas_Pim_MotAg5PrevRollgCntr" comment="" line="54" base_type="uint8" attributes="extern" complete_type="uint8" init_mode="PERMANENT" init_modes_allowed="6" init_range="0..255" global_assert="NO" assert_range=""/>
      <struct name="MotAg5Meas_Pim_MotAg5RtPrm" comment="" line="55" attributes="extern">
         <scalar name="CosGainCorrd" comment="" line="55" base_type="float32" attributes="extern" complete_type="float32" init_mode="PERMANENT" init_modes_allowed="6" init_range="0.8..1.2" global_assert="NO" assert_range=""/>
         <scalar name="CosOffsCorrd" comment="" line="55" base_type="float32" attributes="extern" complete_type="float32" init_mode="PERMANENT" init_modes_allowed="6" init_range="-0.25..0.25" global_assert="NO" assert_range=""/>
         <scalar name="CosRtAmpRecpr" comment="" line="55" base_type="float32" attributes="extern" complete_type="float32" init_mode="PERMANENT" init_modes_allowed="6" init_range="0.32..4" global_assert="NO" assert_range=""/>
         <scalar name="CosRtOffs" comment="" line="55" base_type="float32" attributes="extern" complete_type="float32" init_mode="PERMANENT" init_modes_allowed="6" init_range="1..3" global_assert="NO" assert_range=""/>
         <scalar name="CosSinNomRatio" comment="" line="55" base_type="float32" attributes="extern" complete_type="float32" init_mode="PERMANENT" init_modes_allowed="6" init_range="0.1..10" global_assert="NO" assert_range=""/>
         <scalar name="PrevCosRtOffs" comment="" line="55" base_type="float32" attributes="extern" complete_type="float32" init_mode="PERMANENT" init_modes_allowed="6" init_range="1..3" global_assert="NO" assert_range=""/>
         <scalar name="PrevSinRtOffs" comment="" line="55" base_type="float32" attributes="extern" complete_type="float32" init_mode="PERMANENT" init_modes_allowed="6" init_range="1..3" global_assert="NO" assert_range=""/>
         <scalar name="RtToNomRatioHiLim" comment="" line="55" base_type="float32" attributes="extern" complete_type="float32" init_mode="PERMANENT" init_modes_allowed="6" init_range="1..1.2" global_assert="NO" assert_range=""/>
         <scalar name="RtToNomRatioLoLim" comment="" line="55" base_type="float32" attributes="extern" complete_type="float32" init_mode="PERMANENT" init_modes_allowed="6" init_range="0.8..1" global_assert="NO" assert_range=""/>
         <scalar name="SinCosNomRatio" comment="" line="55" base_type="float32" attributes="extern" complete_type="float32" init_mode="PERMANENT" init_modes_allowed="6" init_range="0.1..10" global_assert="NO" assert_range=""/>
         <scalar name="SinGainCorrd" comment="" line="55" base_type="float32" attributes="extern" complete_type="float32" init_mode="PERMANENT" init_modes_allowed="6" init_range="0.8..1.2" global_assert="NO" assert_range=""/>
         <scalar name="SinOffsCorrd" comment="" line="55" base_type="float32" attributes="extern" complete_type="float32" init_mode="PERMANENT" init_modes_allowed="6" init_range="-0.25..0.25" global_assert="NO" assert_range=""/>
         <scalar name="SinRtAmpRecpr" comment="" line="55" base_type="float32" attributes="extern" complete_type="float32" init_mode="PERMANENT" init_modes_allowed="6" init_range="0.32..4" global_assert="NO" assert_range=""/>
         <scalar name="SinRtOffs" comment="" line="55" base_type="float32" attributes="extern" complete_type="float32" init_mode="PERMANENT" init_modes_allowed="6" init_range="1..3" global_assert="NO" assert_range=""/>
      </struct>
      <struct name="MotAg5Meas_Pim_MotAg5SinMaxLpFil" comment="" line="56" attributes="extern">
         <scalar name="FilGain" comment="" line="56" base_type="float32" attributes="extern" complete_type="float32" init_mode="PERMANENT" init_modes_allowed="6" init_range="0..1" global_assert="NO" assert_range=""/>
         <scalar name="FilSt" comment="" line="56" base_type="float32" attributes="extern" complete_type="float32" init_mode="PERMANENT" init_modes_allowed="6" init_range="0..2.5" global_assert="NO" assert_range=""/>
      </struct>
      <struct name="MotAg5Meas_Pim_MotAg5SinMinLpFil" comment="" line="57" attributes="extern">
         <scalar name="FilGain" comment="" line="57" base_type="float32" attributes="extern" complete_type="float32" init_mode="PERMANENT" init_modes_allowed="6" init_range="0..1" global_assert="NO" assert_range=""/>
         <scalar name="FilSt" comment="" line="57" base_type="float32" attributes="extern" complete_type="float32" init_mode="PERMANENT" init_modes_allowed="6" init_range="-2.5..0" global_assert="NO" assert_range=""/>
      </struct>
      <struct name="MotAg5Meas_Pim_MotAg5StVari" comment="" line="49" attributes="extern">
         <scalar name="MotAgCosMax" comment="" line="49" base_type="float32" attributes="extern" complete_type="float32" init_mode="PERMANENT" init_modes_allowed="6" init_range="0.25..2.5" global_assert="NO" assert_range=""/>
         <scalar name="MotAgCosMin" comment="" line="49" base_type="float32" attributes="extern" complete_type="float32" init_mode="PERMANENT" init_modes_allowed="6" init_range="-2.5..-0.25" global_assert="NO" assert_range=""/>
         <scalar name="MotAgSinMax" comment="" line="49" base_type="float32" attributes="extern" complete_type="float32" init_mode="PERMANENT" init_modes_allowed="6" init_range="0.25..2.5" global_assert="NO" assert_range=""/>
         <scalar name="MotAgSinMin" comment="" line="49" base_type="float32" attributes="extern" complete_type="float32" init_mode="PERMANENT" init_modes_allowed="6" init_range="-2.5..-0.25" global_assert="NO" assert_range=""/>
      </struct>
      <scalar name="MotAg5Meas_Pim_PrevMotAg5Mecl" comment="" line="58" base_type="uint16" attributes="extern" complete_type="uint16" init_mode="PERMANENT" init_modes_allowed="6" init_range="0..65534" global_assert="NO" assert_range=""/>
      <scalar name="MotAg5Meas_Pim_dMotAg5MeasAmpVal" comment="" line="50" base_type="float32" attributes="extern" complete_type="float32" init_mode="PERMANENT" init_modes_allowed="6" init_range="0..5.76" global_assert="NO" assert_range=""/>
      <scalar name="MotAg5Meas_Srv_CnvSnpshtData_f32_SnpshtData" comment="" line="66" base_type="float32" attributes="extern" complete_type="float32" init_mode="PERMANENT" init_modes_allowed="6" init_range="-3.402823466e+38..3.402823466e+38" global_assert="NO" assert_range=""/>
      <scalar name="MotAg5Meas_Srv_CnvSnpshtData_f32_SnpshtDataCnvd" comment="" line="65" base_type="uint32" attributes="extern" complete_type="uint32" init_mode="PERMANENT" init_modes_allowed="6" init_range="0..4294967295" global_assert="NO" assert_range=""/>
      <scalar name="MotAg5Meas_Srv_CnvSnpshtData_logl_SnpshtData" comment="" line="68" base_type="uint8" attributes="extern" complete_type="uint8" init_mode="PERMANENT" init_modes_allowed="6" init_range="0..1" global_assert="NO" assert_range=""/>
      <scalar name="MotAg5Meas_Srv_CnvSnpshtData_logl_SnpshtDataCnvd" comment="" line="67" base_type="uint32" attributes="extern" complete_type="uint32" init_mode="PERMANENT" init_modes_allowed="6" init_range="0..1" global_assert="NO" assert_range=""/>
      <scalar name="MotAg5Meas_Srv_GetNtcQlfrSts_NtcNr" comment="" line="69" base_type="uint16" attributes="extern" complete_type="uint16" init_mode="PERMANENT" init_modes_allowed="6" init_range="1..511" global_assert="NO" assert_range=""/>
      <scalar name="MotAg5Meas_Srv_GetNtcQlfrSts_NtcQlfr" comment="" line="70" base_type="uint8" attributes="extern" complete_type="uint8" init_mode="PERMANENT" init_modes_allowed="6" init_range="0..2" global_assert="NO" assert_range=""/>
      <scalar name="MotAg5Meas_Srv_GetNtcQlfrSts_Return" comment="" line="71" base_type="uint8" attributes="extern" complete_type="uint8" init_mode="PERMANENT" init_modes_allowed="6" init_range="0..1" global_assert="NO" assert_range=""/>
      <scalar name="MotAg5Meas_Srv_MotAg5EolPrm_GetErrorStatus_RequestResultPtr" comment="" line="72" base_type="uint8" attributes="extern" complete_type="uint8" init_mode="PERMANENT" init_modes_allowed="6" init_range="0..255" global_assert="NO" assert_range=""/>
      <scalar name="MotAg5Meas_Srv_MotAg5EolPrm_GetErrorStatus_Return" comment="" line="73" base_type="uint8" attributes="extern" complete_type="uint8" init_mode="PERMANENT" init_modes_allowed="6" init_range="0..1" global_assert="NO" assert_range=""/>
      <scalar name="MotAg5Meas_Srv_MotAg5EolPrm_SetRamBlockStatus_BlockChanged" comment="" line="74" base_type="uint8" attributes="extern" complete_type="uint8" init_mode="PERMANENT" init_modes_allowed="6" init_range="0..1" global_assert="NO" assert_range=""/>
      <scalar name="MotAg5Meas_Srv_MotAg5EolPrm_SetRamBlockStatus_Return" comment="" line="75" base_type="uint8" attributes="extern" complete_type="uint8" init_mode="PERMANENT" init_modes_allowed="6" init_range="0..1" global_assert="NO" assert_range=""/>
      <scalar name="MotAg5Meas_Srv_MotAg5StVari_GetErrorStatus_RequestResultPtr" comment="" line="76" base_type="uint8" attributes="extern" complete_type="uint8" init_mode="PERMANENT" init_modes_allowed="6" init_range="0..255" global_assert="NO" assert_range=""/>
      <scalar name="MotAg5Meas_Srv_MotAg5StVari_GetErrorStatus_Return" comment="" line="77" base_type="uint8" attributes="extern" complete_type="uint8" init_mode="PERMANENT" init_modes_allowed="6" init_range="0..1" global_assert="NO" assert_range=""/>
      <scalar name="MotAg5Meas_Srv_MotAg5StVari_SetRamBlockStatus_BlockChanged" comment="" line="78" base_type="uint8" attributes="extern" complete_type="uint8" init_mode="PERMANENT" init_modes_allowed="6" init_range="0..1" global_assert="NO" assert_range=""/>
      <scalar name="MotAg5Meas_Srv_MotAg5StVari_SetRamBlockStatus_Return" comment="" line="79" base_type="uint8" attributes="extern" complete_type="uint8" init_mode="PERMANENT" init_modes_allowed="6" init_range="0..1" global_assert="NO" assert_range=""/>
      <scalar name="MotAg5Meas_Srv_SetNtcStsAndSnpshtData_DebStep" comment="" line="83" base_type="uint16" attributes="extern" complete_type="uint16" init_mode="PERMANENT" init_modes_allowed="6" init_range="0..65535" global_assert="NO" assert_range=""/>
      <scalar name="MotAg5Meas_Srv_SetNtcStsAndSnpshtData_NtcNr" comment="" line="80" base_type="uint16" attributes="extern" complete_type="uint16" init_mode="PERMANENT" init_modes_allowed="6" init_range="1..511" global_assert="NO" assert_range=""/>
      <scalar name="MotAg5Meas_Srv_SetNtcStsAndSnpshtData_NtcStInfo" comment="" line="81" base_type="uint8" attributes="extern" complete_type="uint8" init_mode="PERMANENT" init_modes_allowed="6" init_range="0..255" global_assert="NO" assert_range=""/>
      <scalar name="MotAg5Meas_Srv_SetNtcStsAndSnpshtData_NtcSts" comment="" line="82" base_type="uint8" attributes="extern" complete_type="uint8" init_mode="PERMANENT" init_modes_allowed="6" init_range="0..3" global_assert="NO" assert_range=""/>
      <scalar name="MotAg5Meas_Srv_SetNtcStsAndSnpshtData_Return" comment="" line="87" base_type="uint8" attributes="extern" complete_type="uint8" init_mode="PERMANENT" init_modes_allowed="6" init_range="0..1" global_assert="NO" assert_range=""/>
      <scalar name="MotAg5Meas_Srv_SetNtcStsAndSnpshtData_SpclSnpshtData0" comment="" line="84" base_type="uint32" attributes="extern" complete_type="uint32" init_mode="PERMANENT" init_modes_allowed="6" init_range="0..4294967295" global_assert="NO" assert_range=""/>
      <scalar name="MotAg5Meas_Srv_SetNtcStsAndSnpshtData_SpclSnpshtData1" comment="" line="85" base_type="uint32" attributes="extern" complete_type="uint32" init_mode="PERMANENT" init_modes_allowed="6" init_range="0..4294967295" global_assert="NO" assert_range=""/>
      <scalar name="MotAg5Meas_Srv_SetNtcStsAndSnpshtData_SpclSnpshtData2" comment="" line="86" base_type="uint32" attributes="extern" complete_type="uint32" init_mode="PERMANENT" init_modes_allowed="6" init_range="0..4294967295" global_assert="NO" assert_range=""/>
   </file>
   <file name="C:\\_EA4SynWrkgCpy\\ES242A_MotAg5Meas_Impl\\tools\\local\\include\\CDD_MotCtrlMgr_Data.h" comment="">
      <scalar name="MOTCTRLMGR_MotCtrlMotAg5Cos" comment="" line="7" base_type="float32" attributes="extern" complete_type="float32" init_mode="PERMANENT" init_modes_allowed="6" init_range="0..5" global_assert="NO" assert_range=""/>
      <scalar name="MOTCTRLMGR_MotCtrlMotAg5CosRtAmpRecpr" comment="" line="8" base_type="float32" attributes="extern" complete_type="float32" init_mode="PERMANENT" init_modes_allowed="6" init_range="0.32..5.1" global_assert="NO" assert_range=""/>
      <scalar name="MOTCTRLMGR_MotCtrlMotAg5CosRtOffs" comment="" line="9" base_type="float32" attributes="extern" complete_type="float32" init_mode="PERMANENT" init_modes_allowed="6" init_range="0.25..3.75" global_assert="NO" assert_range=""/>
      <scalar name="MOTCTRLMGR_MotCtrlMotAg5Mecl" comment="" line="17" base_type="uint16" attributes="extern" complete_type="uint16" init_mode="PERMANENT" init_modes_allowed="6" init_range="0..65534" global_assert="NO" assert_range=""/>
      <scalar name="MOTCTRLMGR_MotCtrlMotAg5Polarity" comment="" line="10" base_type="int8" attributes="extern" complete_type="int8" init_mode="PERMANENT" init_modes_allowed="6" init_range="-1..1" global_assert="NO" assert_range=""/>
      <scalar name="MOTCTRLMGR_MotCtrlMotAg5RawMecl" comment="" line="18" base_type="uint16" attributes="extern" complete_type="uint16" init_mode="PERMANENT" init_modes_allowed="6" init_range="0..65534" global_assert="NO" assert_range=""/>
      <scalar name="MOTCTRLMGR_MotCtrlMotAg5Sin" comment="" line="11" base_type="float32" attributes="extern" complete_type="float32" init_mode="PERMANENT" init_modes_allowed="6" init_range="0..5" global_assert="NO" assert_range=""/>
      <scalar name="MOTCTRLMGR_MotCtrlMotAg5SinRtAmpRecpr" comment="" line="12" base_type="float32" attributes="extern" complete_type="float32" init_mode="PERMANENT" init_modes_allowed="6" init_range="0.32..5.1" global_assert="NO" assert_range=""/>
      <scalar name="MOTCTRLMGR_MotCtrlMotAg5SinRtOffs" comment="" line="13" base_type="float32" attributes="extern" complete_type="float32" init_mode="PERMANENT" init_modes_allowed="6" init_range="0.25..3.75" global_assert="NO" assert_range=""/>
      <scalar name="MOTCTRLMGR_MotCtrlMotAgMeasTi" comment="" line="16" base_type="uint32" attributes="extern" complete_type="uint32" init_mode="PERMANENT" init_modes_allowed="6" init_range="0..4294967295" global_assert="NO" assert_range=""/>
   </file>
   <file name="C:\\_EA4SynWrkgCpy\\ES242A_MotAg5Meas_Impl\\tools\\local\\include\\CDD_NxtrTi.h" comment="">
      <function name="GetRefTmr1MicroSec32bit_Oper" comment="" line="2" main_generator_called="disabled" attributes="extern">
         <pointer name="arg1" comment="" line="2" complete_type="uint32 *" init_mode="disabled" initialize_pointer="disabled" number_allocated="disabled" init_pointed="MULTI">
            <scalar comment="" line="2" base_type="uint32" complete_type="uint32" init_mode="PERMANENT" init_modes_allowed="4" init_range="min..max" global_assert="unsupported" assert_range="unsupported"/>
         </pointer>
      </function>
   </file>
   <file name="C:\\_EA4SynWrkgCpy\\TL103A_CplrSuprt\\include\\2013.5.5\\ansi\\math.h" comment="">
      <function name="atan2f" comment="" line="724" main_generator_called="disabled" attributes="extern">
         <scalar name="arg1" comment="" line="724" base_type="float32" complete_type="float32" init_mode="disabled" init_range="disabled" global_assert="unsupported" assert_range="unsupported"/>
         <scalar name="arg2" comment="" line="724" base_type="float32" complete_type="float32" init_mode="disabled" init_range="disabled" global_assert="unsupported" assert_range="unsupported"/>
         <scalar name="return" comment="" line="724" base_type="float32" complete_type="float32" init_mode="PERMANENT" init_modes_allowed="4" init_range="-3.1412..3.1412" global_assert="unsupported" assert_range="unsupported"/>
      </function>
      <function name="expf" comment="" line="731" main_generator_called="disabled" attributes="extern">
         <scalar name="arg1" comment="" line="731" base_type="float32" complete_type="float32" init_mode="disabled" init_range="disabled" global_assert="unsupported" assert_range="unsupported"/>
         <scalar name="return" comment="" line="731" base_type="float32" complete_type="float32" init_mode="PERMANENT" init_modes_allowed="4" init_range="0..max" global_assert="unsupported" assert_range="unsupported"/>
      </function>
      <function name="fabsf" comment="" line="742" main_generator_called="disabled" attributes="extern">
         <scalar name="arg1" comment="" line="742" base_type="float32" complete_type="float32" init_mode="disabled" init_range="disabled" global_assert="unsupported" assert_range="unsupported"/>
         <scalar name="return" comment="" line="742" base_type="float32" complete_type="float32" init_mode="PERMANENT" init_modes_allowed="4" init_range="0..max" global_assert="unsupported" assert_range="unsupported"/>
      </function>
   </file>
   <function name="cosf" comment="" main_generator_called="MAIN_GENERATOR" non_applicable="1">
      <scalar name="return" comment="" init_mode="PERMANENT" init_range="-1..1" global_assert="NO" assert_range="min..max" non_applicable="1"/>
   </function>
   <function name="fmodf" comment="" main_generator_called="MAIN_GENERATOR" non_applicable="1">
      <scalar name="return" comment="" init_mode="PERMANENT" init_range="0..max" global_assert="NO" assert_range="min..max" non_applicable="1"/>
   </function>
   <function name="sinf" comment="" main_generator_called="MAIN_GENERATOR" non_applicable="1">
      <scalar name="return" comment="" init_mode="PERMANENT" init_range="-1..1" global_assert="NO" assert_range="min..max" non_applicable="1"/>
   </function>
   <function name="sqrtf" comment="" main_generator_called="MAIN_GENERATOR" non_applicable="1">
      <scalar name="return" comment="" init_mode="PERMANENT" init_range="0..max" global_assert="NO" assert_range="min..max" non_applicable="1"/>
   </function>
</global>
