<?xml version="1.0" encoding="UTF-8"?>

<project name="Polyspace" files="3" includes="27" ap_cg_cycle="0" ap_cg_direct_cycle="0" pshv="0" unpshv="0">
<file name="E:\EA4NewTemplate\CM111A_VrfyCritReg_Impl\tools\local\generate\Rte_Stubs.c" total_lines="49" lines_without_cmt="27" comf="15" fco="1">
<function name="Rte_Stub" path="1" goto="0" vg="1" calling="0" calls="4" param="0" stmt="4" level="1" return="0" vocf="1.9" flin="4" fxln="4" ncalls="4">
</function>
<function name="Rte_Call_CDD_VrfyCritReg_SetNtcSts_Oper" path="1" goto="0" vg="1" calling="3" calls="0" param="4" stmt="5" level="1" return="1" vocf="1.6" flin="5" fxln="5" ncalls="0">
</function>
<function name="Rte_Call_CDD_VrfyCritReg_MCalWrVrfyRegFltInfoStorg_SetRamBlockStatus" path="1" goto="0" vg="1" calling="2" calls="0" param="1" stmt="2" level="1" return="1" vocf="1.2" flin="2" fxln="2" ncalls="0">
</function>
<function name="Rte_Call_CDD_VrfyCritReg_MCalWrVrfyRegFltInfoStorg_GetErrorStatus" path="1" goto="0" vg="1" calling="1" calls="0" param="1" stmt="2" level="1" return="1" vocf="1.2" flin="2" fxln="2" ncalls="0">
</function>
</file>
<file name="E:\EA4NewTemplate\CM111A_VrfyCritReg_Impl\tools\local\generate\CDD_VrfyCritReg_Cfg.c" total_lines="395" lines_without_cmt="265" comf="38" fco="3">
<function name="SysCritRegicctrlPerChk" path="2" goto="0" vg="2" calling="1" calls="1" param="1" stmt="6" level="1" return="0" vocf="2.5" flin="13" fxln="6" ncalls="1">
</function>
<function name="SysCritRegiccfgIninChk" path="3" goto="0" vg="3" calling="1" calls="1" param="1" stmt="7" level="2" return="0" vocf="2.6" flin="13" fxln="7" ncalls="1">
</function>
<function name="SysCritRegmpmIninChk" path="3" goto="0" vg="3" calling="1" calls="1" param="1" stmt="7" level="2" return="0" vocf="2.6" flin="13" fxln="7" ncalls="1">
</function>
<function name="SysCritRegfpcfgIninChk" path="2" goto="0" vg="2" calling="1" calls="1" param="1" stmt="6" level="1" return="0" vocf="2.5" flin="13" fxln="6" ncalls="1">
</function>
<function name="SysCritRegIninChk" path="1" goto="0" vg="1" calling="1" calls="3" param="0" stmt="5" level="1" return="1" vocf="2.2" flin="7" fxln="4" ncalls="3">
</function>
<function name="SysCritRegPerChk" path="1" goto="0" vg="1" calling="1" calls="1" param="0" stmt="3" level="1" return="1" vocf="1.6" flin="5" fxln="2" ncalls="1">
</function>
</file>
<file name="E:\EA4NewTemplate\CM111A_VrfyCritReg_Impl\src\CDD_VrfyCritReg.c" total_lines="1135" lines_without_cmt="225" comf="31" fco="7">
<function name="CritRegInitChk" path="81" goto="0" vg="9" calling="1" calls="1" param="0" stmt="35" level="2" return="1" vocf="8.2" flin="75" fxln="36" ncalls="1">
</function>
<function name="CritRegPerChk" path="81" goto="0" vg="9" calling="1" calls="1" param="0" stmt="35" level="2" return="1" vocf="8.2" flin="77" fxln="36" ncalls="1">
</function>
<function name="VrfyCritRegPer2" path="2" goto="0" vg="2" calling="1" calls="2" param="0" stmt="3" level="1" return="0" vocf="2.3" flin="13" fxln="3" ncalls="2">
</function>
<function name="VrfyCritRegPer1" path="2" goto="0" vg="2" calling="1" calls="2" param="0" stmt="4" level="1" return="0" vocf="3.5" flin="19" fxln="5" ncalls="3">
</function>
<function name="VrfyCritRegInit1" path="4" goto="0" vg="3" calling="1" calls="4" param="0" stmt="8" level="1" return="0" vocf="3.3" flin="28" fxln="9" ncalls="5">
</function>
<function name="MCalReadVrfyFailFltInfo_Oper" path="1" goto="0" vg="1" calling="1" calls="0" param="2" stmt="2" level="1" return="0" vocf="2.1" flin="11" fxln="2" ncalls="0">
</function>
</file>
</project>
