<?xml version="1.0" encoding="UTF-8"?>
<MISRA-C-Report-Summary>
<File Mode="advisory" Error="0" Warning="7" Total="7">
<Name>
E:\EA4NewTemplate\CM111A_VrfyCritReg_Impl\src\CDD_VrfyCritReg.c</Name>
</File>
<File Mode="required" Error="0" Warning="10" Total="10">
<Name>
E:\EA4NewTemplate\CM111A_VrfyCritReg_Impl\src\CDD_VrfyCritReg.c</Name>
</File>
<File Mode="advisory" Error="0" Warning="3" Total="3">
<Name>
E:\EA4NewTemplate\CM111A_VrfyCritReg_Impl\tools\local\generate\CDD_VrfyCritReg_Cfg.c</Name>
</File>
<File Mode="required" Error="0" Warning="4" Total="4">
<Name>
E:\EA4NewTemplate\CM111A_VrfyCritReg_Impl\tools\local\generate\CDD_VrfyCritReg_Cfg.c</Name>
</File>
<Rule Name="21.1" Count="10" Mode="required" Severity="warning">
<Message>
Minimisation of run-time failures.</Message>
</Rule>
<Rule Name="11.3" Count="6" Mode="advisory" Severity="warning">
<Message>
A cast should not be performed between a pointer type and an integral type.</Message>
</Rule>
<Rule Name="1.1" Count="4" Mode="required" Severity="warning">
<Message>
All code shall conform to ISO 9899:1990 Programming languages  C,</Message>
</Rule>
<Rule Name="19.1" Count="4" Mode="advisory" Severity="warning">
<Message>
#include statements in a file shall only be preceded by other preprocessor directives or comments.</Message>
</Rule>
</MISRA-C-Report-Summary>
