<?pst parser version="1.0" encoding="UTF-8"?>
<DiffFile>
<Header>
--
-- File created by Polyspace / Comments Diff
-- Copyright 1999-2018 MathWorks, Inc.
--
</Header>

<File Name="" NewName="None">
    <Added/>

    <CodeStruct NewName="?extern.Rte_Call_HwTq10Meas_GetNtcQlfrSts_Oper" NewFile="None" NewLine="0" NewCol="0">
        <Added/>
    </CodeStruct>

    <CodeStruct NewName="?extern.Rte_Call_HwTq10Meas_HwTq10Offs_SetRamBlockStatus" NewFile="None" NewLine="0" NewCol="0">
        <Added/>
    </CodeStruct>

    <CodeStruct NewName="?extern.Rte_Call_HwTq10Meas_GtmGetSent1Data_Oper" NewFile="None" NewLine="0" NewCol="0">
        <Added/>
    </CodeStruct>

    <CodeStruct NewName="?extern.Rte_Call_HwTq10Meas_SetNtcSts_Oper" NewFile="None" NewLine="0" NewCol="0">
        <Added/>
    </CodeStruct>

    <CodeStruct NewName="?extern.Rte_Call_HwTq10Meas_SetNtcStsAndSnpshtData_Oper" NewFile="None" NewLine="0" NewCol="0">
        <Added/>
    </CodeStruct>

    <CodeStruct NewName="?extern.Rte_Call_HwTq10Meas_HwTq10Offs_GetErrorStatus" NewFile="None" NewLine="0" NewCol="0">
        <Added/>
    </CodeStruct>
</File>

<File Name="Rte_Stubs.c" NewName="">
    <Removed/>

    <CodeStruct Name="Rte_Stubs.Rte_Call_HwTq10Meas_SetNtcSts_Oper" File="Rte_Stubs.c" Line="41" Col="15">
        <Removed/>
    </CodeStruct>

    <CodeStruct Name="Rte_Stubs.Rte_Stub" File="Rte_Stubs.c" Line="71" Col="5">
        <Removed/>
    </CodeStruct>

    <CodeStruct Name="Rte_Stubs.Rte_Call_HwTq10Meas_HwTq10Offs_GetErrorStatus" File="Rte_Stubs.c" Line="62" Col="15">
        <Removed/>
    </CodeStruct>

    <CodeStruct Name="Rte_Stubs.Rte_Call_HwTq10Meas_SetNtcStsAndSnpshtData_Oper" File="Rte_Stubs.c" Line="50" Col="15">
        <Removed/>
    </CodeStruct>

    <CodeStruct Name="Rte_Stubs.Rte_Call_HwTq10Meas_GetNtcQlfrSts_Oper" File="Rte_Stubs.c" Line="18" Col="15">
        <Removed/>
    </CodeStruct>

    <CodeStruct Name="Rte_Stubs.Rte_Call_HwTq10Meas_GtmGetSent1Data_Oper" File="Rte_Stubs.c" Line="25" Col="15">
        <Removed/>
    </CodeStruct>

    <CodeStruct Name="Rte_Stubs.Rte_Call_HwTq10Meas_HwTq10Offs_SetRamBlockStatus" File="Rte_Stubs.c" Line="35" Col="15">
        <Removed/>
    </CodeStruct>
</File>

<File Name="HwTq10Meas.c" NewName="HwTq10Meas.c">
</File>
</DiffFile>
