<?xml version="1.0" encoding="UTF-8"?>

<project name="Polyspace" files="1" includes="23" ap_cg_cycle="0" ap_cg_direct_cycle="0" pshv="0" unpshv="0">
<file name="C:\Component\AR202A_MicroCtrlrSuprt_Impl\tools\contract\P1XC\R7F701373A\NxtrMcuSuprtLib_TestHarness.c" total_lines="32" lines_without_cmt="28" comf="0" fco="1">
<function name="Test_NxtrSwRstFromExcpn" path="1" goto="0" vg="1" calling="0" calls="1" param="2" stmt="1" level="1" return="0" vocf="1.4" flin="1" fxln="1" ncalls="1">
</function>
<function name="Test_NxtrSwRst" path="1" goto="0" vg="1" calling="0" calls="1" param="2" stmt="1" level="1" return="0" vocf="1.4" flin="1" fxln="1" ncalls="1">
</function>
<function name="Test_WrProtdRegFlmd_u32" path="1" goto="0" vg="1" calling="0" calls="1" param="2" stmt="1" level="1" return="0" vocf="1.4" flin="1" fxln="1" ncalls="1">
</function>
<function name="Test_WrProtdRegEcm0_u32" path="1" goto="0" vg="1" calling="0" calls="1" param="2" stmt="1" level="1" return="0" vocf="1.4" flin="1" fxln="1" ncalls="1">
</function>
<function name="Test_WrProtdRegEcmc0_u32" path="1" goto="0" vg="1" calling="0" calls="1" param="2" stmt="1" level="1" return="0" vocf="1.4" flin="1" fxln="1" ncalls="1">
</function>
<function name="Test_WrProtdRegEcmm0_u32" path="1" goto="0" vg="1" calling="0" calls="1" param="2" stmt="1" level="1" return="0" vocf="1.4" flin="1" fxln="1" ncalls="1">
</function>
<function name="NxtrSwRstFromExcpn" path="6" goto="0" vg="4" calling="1" calls="6" param="2" stmt="13" level="2" return="0" vocf="3.2" flin="0" fxln="0" ncalls="9">
</function>
<function name="NxtrSwRst" path="2" goto="0" vg="2" calling="1" calls="2" param="2" stmt="4" level="1" return="0" vocf="1.6" flin="0" fxln="0" ncalls="2">
</function>
<function name="WrProtdRegFlmd_u32" path="3" goto="0" vg="3" calling="1" calls="4" param="2" stmt="18" level="2" return="0" vocf="3.7" flin="0" fxln="0" ncalls="4">
</function>
<function name="WrProtdRegEcm0_u32" path="3" goto="0" vg="3" calling="2" calls="4" param="2" stmt="18" level="2" return="0" vocf="3.7" flin="0" fxln="0" ncalls="4">
</function>
<function name="WrProtdRegEcmc0_u32" path="3" goto="0" vg="3" calling="2" calls="4" param="2" stmt="18" level="2" return="0" vocf="3.7" flin="0" fxln="0" ncalls="4">
</function>
<function name="WrProtdRegEcmm0_u32" path="3" goto="0" vg="3" calling="2" calls="4" param="2" stmt="18" level="2" return="0" vocf="4.8" flin="0" fxln="0" ncalls="4">
</function>
</file>
</project>
