<?xml version="1.0" encoding="UTF-8"?>
<MISRA-C-Report-Summary>
<File Mode="advisory" Error="0" Warning="2" Total="2">
<Name>
C:\_Synergy_Projects\Working\SF007A_SysFricLrng_Impl\src\SysFricLrng.c</Name>
</File>
<File Mode="required" Error="0" Warning="16" Total="16">
<Name>
C:\_Synergy_Projects\Working\SF007A_SysFricLrng_Impl\src\SysFricLrng.c</Name>
</File>
<File Mode="advisory" Error="0" Warning="1" Total="1">
<Name>
C:\_Synergy_Projects\Working\SF007A_SysFricLrng_Impl\src\SysFricLrngNonRte.c</Name>
</File>
<Rule Name="11.5" Count="8" Mode="required" Severity="warning">
<Message>
A cast shall not be performed that removes any const or volatile qualification</Message>
</Rule>
<Rule Name="12.12" Count="6" Mode="required" Severity="warning">
<Message>
The underlying bit representations of floating-point values shall not be used.</Message>
</Rule>
<Rule Name="19.1" Count="3" Mode="advisory" Severity="warning">
<Message>
#include statements in a file shall only be preceded by other preprocessor directives or comments.</Message>
</Rule>
<Rule Name="12.4" Count="1" Mode="required" Severity="warning">
<Message>
The right hand operand of a logical &amp;&amp; or || operator shall not contain side effects.</Message>
</Rule>
<Rule Name="21.1" Count="1" Mode="required" Severity="warning">
<Message>
Minimisation of run-time failures.</Message>
</Rule>
</MISRA-C-Report-Summary>
