<?pst parser version="1.0" encoding="UTF-8"?>
<DiffFile>
<Header>
--
-- File created by Polyspace / Comments Diff
-- Copyright 1999-2017 MathWorks, Inc.
--
</Header>

<File Name="CDD_MotCurrRegVltgLimr_MotCtrl.c" NewName="CDD_MotCurrRegVltgLimr_MotCtrl.c">

        <Rule Name="10.2" RuleID="18" File="CDD_MotCurrRegVltgLimr_MotCtrl.c" Line="199" Col="37">
            <IsViolated/>
            <Diff Reason="NO_MATCH_FOUND" File="CDD_MotCurrRegVltgLimr_MotCtrl.c" Line="199">
            </Diff>
        </Rule>
</File>
</DiffFile>
