<?xml version="1.0" encoding="UTF-8"?>

<project name="Polyspace" files="3" includes="23" ap_cg_cycle="0" ap_cg_direct_cycle="0" pshv="0" unpshv="0">
<file name="C:\Users\NZ5334\Documents\Synergy\Working\ses_dev_ea4\MM066A_FordMsg230BusHiSpd_Impl\tools\local\generate\Rte_Stubs.c" total_lines="48" lines_without_cmt="26" comf="17" fco="-1">
<function name="Rte_Stub" path="1" goto="0" vg="1" calling="0" calls="2" param="0" stmt="2" level="1" return="0" vocf="1.7" flin="2" fxln="2" ncalls="2">
</function>
<function name="Rte_Call_FordMsg230BusHiSpd_SetNtcSts_Oper" path="1" goto="0" vg="1" calling="2" calls="0" param="4" stmt="5" level="1" return="1" vocf="1.6" flin="5" fxln="5" ncalls="0">
</function>
<function name="Rte_Call_FordMsg230BusHiSpd_GetTiSpan100MicroSec32bit_Oper" path="1" goto="0" vg="1" calling="3" calls="0" param="2" stmt="3" level="1" return="1" vocf="1.6" flin="3" fxln="3" ncalls="0">
</function>
<function name="Rte_Call_FordMsg230BusHiSpd_GetRefTmr100MicroSec32bit_Oper" path="1" goto="0" vg="1" calling="4" calls="0" param="1" stmt="2" level="1" return="1" vocf="1.4" flin="2" fxln="2" ncalls="0">
</function>
<function name="fabsf" path="2" goto="0" vg="2" calling="0" calls="0" param="1" stmt="3" level="1" return="1" vocf="2.3" flin="0" fxln="0" ncalls="0">
</function>
</file>
<file name="C:\Users\NZ5334\Documents\Synergy\Working\ses_dev_ea4\MM066A_FordMsg230BusHiSpd_Impl\src\FordMsg230BusHiSpdNonRte.c" total_lines="82" lines_without_cmt="16" comf="100" fco="-1">
<function name="ComTimeoutNotification_GearLvrPos_D_Actl_Oper" path="1" goto="0" vg="1" calling="0" calls="0" param="0" stmt="1" level="1" return="0" vocf="1.2" flin="10" fxln="1" ncalls="0">
</function>
<function name="ComIPduCallout_TransGearData_FD1_Oper" path="1" goto="0" vg="1" calling="0" calls="0" param="2" stmt="2" level="1" return="1" vocf="1.2" flin="12" fxln="2" ncalls="0">
</function>
<function name="fabsf" path="2" goto="0" vg="2" calling="0" calls="0" param="1" stmt="3" level="1" return="1" vocf="2.3" flin="0" fxln="0" ncalls="0">
</function>
</file>
<file name="C:\Users\NZ5334\Documents\Synergy\Working\ses_dev_ea4\MM066A_FordMsg230BusHiSpd_Impl\src\FordMsg230BusHiSpd.c" total_lines="1311" lines_without_cmt="295" comf="52" fco="52">
<function name="ElpdTi" path="4" goto="0" vg="3" calling="1" calls="3" param="2" stmt="8" level="1" return="0" vocf="4.0" flin="23" fxln="10" ncalls="4">
</function>
<function name="OutpProcg" path="10" goto="0" vg="6" calling="1" calls="2" param="4" stmt="17" level="3" return="0" vocf="5.5" flin="60" fxln="26" ncalls="3">
</function>
<function name="MsgPrsnt" path="18" goto="0" vg="7" calling="1" calls="5" param="4" stmt="22" level="3" return="0" vocf="9.2" flin="61" fxln="25" ncalls="18">
</function>
<function name="MissMsg" path="12" goto="0" vg="5" calling="1" calls="4" param="5" stmt="19" level="2" return="0" vocf="6.3" flin="52" fxln="22" ncalls="13">
</function>
<function name="DiagEna" path="4" goto="0" vg="3" calling="1" calls="0" param="5" stmt="7" level="1" return="0" vocf="3.1" flin="20" fxln="10" ncalls="0">
</function>
<function name="FordMsg230BusHiSpdPer1" path="4" goto="0" vg="3" calling="1" calls="13" param="0" stmt="19" level="1" return="0" vocf="4.7" flin="86" fxln="35" ncalls="13">
</function>
<function name="FordMsg230BusHiSpdInit1" path="1" goto="0" vg="1" calling="1" calls="1" param="0" stmt="9" level="1" return="0" vocf="4.8" flin="18" fxln="9" ncalls="7">
</function>
<function name="fabsf" path="2" goto="0" vg="2" calling="0" calls="0" param="1" stmt="3" level="1" return="1" vocf="2.3" flin="0" fxln="0" ncalls="0">
</function>
</file>
</project>
