<?pst parser version="1.0" encoding="UTF-8"?>
<DiffFile>
<Header>
--
-- File created by Polyspace / Comments Diff
-- Copyright 1999-2017 MathWorks, Inc.
--
</Header>

<File Name="" NewName="Rte_Stubs.c">
    <Added/>

    <CodeStruct NewName="Rte_Stubs.Rte_Call_CDD_CurrMeas_SetNtcSts_Oper" NewFile="Rte_Stubs.c" NewLine="49" NewCol="15">
        <Added/>
    </CodeStruct>

    <CodeStruct NewName="Rte_Stubs.Rte_Stub" NewFile="Rte_Stubs.c" NewLine="61" NewCol="5">
        <Added/>
    </CodeStruct>

    <CodeStruct NewName="Rte_Stubs.Rte_Call_CDD_CurrMeas_CurrMeasEolGainCalSetABC_GetErrorStatus" NewFile="Rte_Stubs.c" NewLine="18" NewCol="15">
        <Added/>
    </CodeStruct>

    <CodeStruct NewName="Rte_Stubs.Rte_Call_CDD_CurrMeas_GetNtcQlfrSts_Oper" NewFile="Rte_Stubs.c" NewLine="42" NewCol="15">
        <Added/>
    </CodeStruct>

    <CodeStruct NewName="Rte_Stubs.Rte_Call_CDD_CurrMeas_CurrMeasEolGainCalSetABC_SetRamBlockStatus" NewFile="Rte_Stubs.c" NewLine="24" NewCol="15">
        <Added/>
    </CodeStruct>

    <CodeStruct NewName="Rte_Stubs.Rte_Call_CDD_CurrMeas_CurrMeasEolOffsCalSetABC_GetErrorStatus" NewFile="Rte_Stubs.c" NewLine="30" NewCol="15">
        <Added/>
    </CodeStruct>

    <CodeStruct NewName="Rte_Stubs.Rte_Call_CDD_CurrMeas_CurrMeasEolOffsCalSetABC_SetRamBlockStatus" NewFile="Rte_Stubs.c" NewLine="36" NewCol="15">
        <Added/>
    </CodeStruct>
</File>

<File Name="CDD_CurrMeas.c" NewName="CDD_CurrMeas.c">
</File>

<File Name="CDD_CurrMeas_MotCtrl.c" NewName="CDD_CurrMeas_MotCtrl.c">
</File>

<File Name="None" NewName="None">

    <CodeStruct Name="?extern.Rte_Prm_CDD_CurrMeas_CurrMeasMotAgCompuDly_Val" File="None" Line="0" Col="0" NewFile="None" NewLine="0">
        <Removed/>
    </CodeStruct>

    <CodeStruct Name="?extern.Rte_Read_CDD_CurrMeas_VehSpdVld_Logl" File="None" Line="0" Col="0" NewFile="None" NewLine="0">
        <Removed/>
    </CodeStruct>

    <CodeStruct Name="?extern.Rte_Prm_CDD_CurrMeas_CurrMeasNtc0x05DPassStep_Val" File="None" Line="0" Col="0" NewFile="None" NewLine="0">
        <Removed/>
    </CodeStruct>

    <CodeStruct Name="?extern.Rte_Prm_CDD_CurrMeas_CurrMeasEolOffsHiCmuOffs_Val" File="None" Line="0" Col="0" NewFile="None" NewLine="0">
        <Removed/>
    </CodeStruct>

    <CodeStruct Name="?extern.Rte_Prm_CDD_CurrMeas_CurrMeasEolOffsHiBrdgVltgMin_Val" File="None" Line="0" Col="0" NewFile="None" NewLine="0">
        <Removed/>
    </CodeStruct>

    <CodeStruct Name="?extern.Rte_Prm_CDD_CurrMeas_SysGlbPrmMotPoleCnt_Val" File="None" Line="0" Col="0" NewFile="None" NewLine="0">
        <Removed/>
    </CodeStruct>

    <CodeStruct Name="?extern.Rte_Call_CDD_CurrMeas_CurrMeasEolGainCalSetABC_SetRamBlockStatus" File="None" Line="0" Col="0" NewFile="None" NewLine="0">
        <Removed/>
    </CodeStruct>

    <CodeStruct Name="?extern.Rte_Prm_CDD_CurrMeas_CurrMeasEolOffsLoCmuOffs_Val" File="None" Line="0" Col="0" NewFile="None" NewLine="0">
        <Removed/>
    </CodeStruct>

    <CodeStruct Name="?extern.Rte_Call_CDD_CurrMeas_CurrMeasEolOffsCalSetABC_SetRamBlockStatus" File="None" Line="0" Col="0" NewFile="None" NewLine="0">
        <Removed/>
    </CodeStruct>

    <CodeStruct Name="?extern.Rte_Read_CDD_CurrMeas_StrtUpSt_Val" File="None" Line="0" Col="0" NewFile="None" NewLine="0">
        <Removed/>
    </CodeStruct>

    <CodeStruct Name="?extern.Rte_Read_CDD_CurrMeas_MotVelMrf_Val" File="None" Line="0" Col="0" NewFile="None" NewLine="0">
        <Removed/>
    </CodeStruct>

    <CodeStruct Name="?extern.Rte_Prm_CDD_CurrMeas_CurrMeasMotCurrAdcVlyWrmIninMin_Val" File="None" Line="0" Col="0" NewFile="None" NewLine="0">
        <Removed/>
    </CodeStruct>

    <CodeStruct Name="?extern.Rte_Read_CDD_CurrMeas_MotCurrAdcVlyB_Val" File="None" Line="0" Col="0" NewFile="None" NewLine="0">
        <Removed/>
    </CodeStruct>

    <CodeStruct Name="?extern.Rte_Read_CDD_CurrMeas_SysSt_Val" File="None" Line="0" Col="0" NewFile="None" NewLine="0">
        <Removed/>
    </CodeStruct>

    <CodeStruct Name="?extern.Rte_Write_CDD_CurrMeas_CurrMeasWrmIninTestCmpl_Logl" File="None" Line="0" Col="0" NewFile="None" NewLine="0">
        <Removed/>
    </CodeStruct>

    <CodeStruct Name="?extern.FltInj_u08_Oper" File="None" Line="0" Col="0" NewFile="None" NewLine="0">
        <Removed/>
    </CodeStruct>

    <CodeStruct Name="?extern.Rte_Read_CDD_CurrMeas_DiagcStsIvtr1Inactv_Logl" File="None" Line="0" Col="0" NewFile="None" NewLine="0">
        <Removed/>
    </CodeStruct>

    <CodeStruct Name="?extern.Rte_Prm_CDD_CurrMeas_CurrMeasEolTranCntrThd_Val" File="None" Line="0" Col="0" NewFile="None" NewLine="0">
        <Removed/>
    </CodeStruct>

    <CodeStruct Name="?extern.Rte_Prm_CDD_CurrMeas_CurrMeasEolMaxMotVel_Val" File="None" Line="0" Col="0" NewFile="None" NewLine="0">
        <Removed/>
    </CodeStruct>

    <CodeStruct Name="?extern.Rte_Prm_CDD_CurrMeas_CurrMeasEolGainNrOfSample_Val" File="None" Line="0" Col="0" NewFile="None" NewLine="0">
        <Removed/>
    </CodeStruct>

    <CodeStruct Name="?extern.Rte_Read_CDD_CurrMeas_MotCurrAdcVlyA_Val" File="None" Line="0" Col="0" NewFile="None" NewLine="0">
        <Removed/>
    </CodeStruct>

    <CodeStruct Name="?extern.Rte_Prm_CDD_CurrMeas_CurrMeasEolOffsNrOfSample_Val" File="None" Line="0" Col="0" NewFile="None" NewLine="0">
        <Removed/>
    </CodeStruct>

    <CodeStruct Name="?extern.Rte_Read_CDD_CurrMeas_Ntc5DErrCnt_Val" File="None" Line="0" Col="0" NewFile="None" NewLine="0">
        <Removed/>
    </CodeStruct>

    <CodeStruct Name="?extern.Rte_Prm_CDD_CurrMeas_CurrMeasEolGainMin_Val" File="None" Line="0" Col="0" NewFile="None" NewLine="0">
        <Removed/>
    </CodeStruct>

    <CodeStruct Name="?extern.Rte_Prm_CDD_CurrMeas_CurrMeasEolGainMax_Val" File="None" Line="0" Col="0" NewFile="None" NewLine="0">
        <Removed/>
    </CodeStruct>

    <CodeStruct Name="?extern.Rte_Read_CDD_CurrMeas_BrdgVltg_Val" File="None" Line="0" Col="0" NewFile="None" NewLine="0">
        <Removed/>
    </CodeStruct>

    <CodeStruct Name="?extern.Rte_Call_CDD_CurrMeas_SetNtcSts_Oper" File="None" Line="0" Col="0" NewFile="None" NewLine="0">
        <Removed/>
    </CodeStruct>

    <CodeStruct Name="?extern.Rte_Prm_CDD_CurrMeas_CurrMeasEolOffsMin_Val" File="None" Line="0" Col="0" NewFile="None" NewLine="0">
        <Removed/>
    </CodeStruct>

    <CodeStruct Name="?extern.Rte_Prm_CDD_CurrMeas_CurrMeasEolOffsMax_Val" File="None" Line="0" Col="0" NewFile="None" NewLine="0">
        <Removed/>
    </CodeStruct>

    <CodeStruct Name="?extern.Rte_Prm_CDD_CurrMeas_CurrMeasMotCurrAdcVlyWrmIninMax_Val" File="None" Line="0" Col="0" NewFile="None" NewLine="0">
        <Removed/>
    </CodeStruct>

    <CodeStruct Name="?extern.Rte_Prm_CDD_CurrMeas_CurrMeasEolGainNom_Val" File="None" Line="0" Col="0" NewFile="None" NewLine="0">
        <Removed/>
    </CodeStruct>

    <CodeStruct Name="?extern.Rte_Call_CDD_CurrMeas_CurrMeasEolGainCalSetABC_GetErrorStatus" File="None" Line="0" Col="0" NewFile="None" NewLine="0">
        <Removed/>
    </CodeStruct>

    <CodeStruct Name="?extern.Rte_Call_CDD_CurrMeas_CurrMeasEolOffsCalSetABC_GetErrorStatus" File="None" Line="0" Col="0" NewFile="None" NewLine="0">
        <Removed/>
    </CodeStruct>

    <CodeStruct Name="?extern.Rte_Read_CDD_CurrMeas_VehSpd_Val" File="None" Line="0" Col="0" NewFile="None" NewLine="0">
        <Removed/>
    </CodeStruct>

    <CodeStruct Name="?extern.Rte_Prm_CDD_CurrMeas_CurrMeasEolOffsNom_Val" File="None" Line="0" Col="0" NewFile="None" NewLine="0">
        <Removed/>
    </CodeStruct>

    <CodeStruct Name="?extern.Rte_Call_CDD_CurrMeas_GetNtcQlfrSts_Oper" File="None" Line="0" Col="0" NewFile="None" NewLine="0">
        <Removed/>
    </CodeStruct>

    <CodeStruct Name="?extern.FltInj_f32_Oper" File="None" Line="0" Col="0" NewFile="None" NewLine="0">
        <Removed/>
    </CodeStruct>

    <CodeStruct Name="?extern.Rte_Prm_CDD_CurrMeas_CurrMeasNtc0x05DFailStep_Val" File="None" Line="0" Col="0" NewFile="None" NewLine="0">
        <Removed/>
    </CodeStruct>

    <CodeStruct Name="?extern.Rte_Prm_CDD_CurrMeas_CurrMeasEolGainNumer_Val" File="None" Line="0" Col="0" NewFile="None" NewLine="0">
        <Removed/>
    </CodeStruct>

    <CodeStruct Name="?extern.Rte_Prm_CDD_CurrMeas_CurrMeasMinRqrdPhaOnTi_Val" File="None" Line="0" Col="0" NewFile="None" NewLine="0">
        <Removed/>
    </CodeStruct>

    <CodeStruct Name="?extern.Rte_Read_CDD_CurrMeas_MotCurrAdcVlyC_Val" File="None" Line="0" Col="0" NewFile="None" NewLine="0">
        <Removed/>
    </CodeStruct>
</File>
</DiffFile>
