<?xml version="1.0" encoding="UTF-8"?>
<MISRA-C-Report-Summary>
<File Mode="advisory" Error="0" Warning="1" Total="1">
<Name>
C:\_Synergy_Projects\Working\ses_dev_ea4\ES210A_EcuTMeas_Impl\src\EcuTMeas.c</Name>
</File>
<File Mode="advisory" Error="0" Warning="1" Total="1">
<Name>
C:\_Synergy_Projects\Working\ses_dev_ea4\ES210A_EcuTMeas_Impl\tools\local\generate\EcuTMeas_Cfg_private.c</Name>
</File>
<Rule Name="19.1" Count="2" Mode="advisory" Severity="warning">
<Message>
#include statements in a file shall only be preceded by other preprocessor directives or comments.</Message>
</Rule>
</MISRA-C-Report-Summary>
