<?xml version="1.0" encoding="UTF-8"?>

<project name="Polyspace" files="3" includes="20" ap_cg_cycle="0" ap_cg_direct_cycle="0" pshv="0" unpshv="0">
<file name="C:\Component\ES400A_TunSelnMngt_Impl-cz7lt6\ES400A_TunSelnMngt_Impl\src\TunSelnMngt_private.c" total_lines="47" lines_without_cmt="7" comf="100" fco="1">
</file>
<file name="C:\Component\ES400A_TunSelnMngt_Impl-cz7lt6\ES400A_TunSelnMngt_Impl\tools\contract\TunSelnMngt_Cfg_private.c" total_lines="145" lines_without_cmt="83" comf="57" fco="0">
<function name="TunSelnMngt_ChkXcpWrAcs" path="2" goto="0" vg="2" calling="1" calls="0" param="1" stmt="4" level="1" return="1" vocf="2.3" flin="15" fxln="3" ncalls="0">
</function>
</file>
<file name="C:\Component\ES400A_TunSelnMngt_Impl-cz7lt6\ES400A_TunSelnMngt_Impl\src\TunSelnMngt.c" total_lines="1854" lines_without_cmt="590" comf="55" fco="36">
<function name="SegModAdrMpg" path="27" goto="0" vg="8" calling="1" calls="0" param="5" stmt="29" level="2" return="1" vocf="4.6" flin="61" fxln="32" ncalls="0">
</function>
<function name="SegModStdInfo" path="3" goto="0" vg="3" calling="1" calls="0" param="3" stmt="12" level="2" return="1" vocf="2.8" flin="22" fxln="12" ncalls="0">
</function>
<function name="SegModAdrInfo" path="6" goto="0" vg="4" calling="1" calls="0" param="4" stmt="19" level="1" return="1" vocf="3.6" flin="37" fxln="21" ncalls="0">
</function>
<function name="MemCopy8Bit" path="2" goto="0" vg="2" calling="1" calls="0" param="3" stmt="4" level="1" return="1" vocf="2.3" flin="10" fxln="3" ncalls="0">
</function>
<function name="MemCopy32Bit" path="2" goto="0" vg="2" calling="3" calls="0" param="3" stmt="4" level="1" return="1" vocf="2.3" flin="10" fxln="3" ncalls="0">
</function>
<function name="IdxChgMngt" path="393" goto="0" vg="17" calling="2" calls="3" param="3" stmt="33" level="6" return="1" vocf="9.3" flin="125" fxln="44" ncalls="9">
</function>
<function name="SwtCalIdx" path="1" goto="0" vg="1" calling="2" calls="1" param="0" stmt="7" level="1" return="1" vocf="3.6" flin="21" fxln="8" ncalls="1">
</function>
<function name="TunSelnMngtPer1" path="32" goto="0" vg="8" calling="0" calls="10" param="0" stmt="28" level="3" return="1" vocf="5.8" flin="111" fxln="37" ncalls="13">
</function>
<function name="TunSelnMngtInit1" path="36" goto="0" vg="7" calling="0" calls="9" param="0" stmt="39" level="2" return="1" vocf="7.0" flin="113" fxln="44" ncalls="18">
</function>
<function name="SetCalPageReq_Oper" path="4" goto="0" vg="4" calling="0" calls="2" param="3" stmt="8" level="3" return="1" vocf="3.6" flin="36" fxln="12" ncalls="2">
</function>
<function name="OnlineTunRamAdrMpg_Oper" path="11" goto="0" vg="9" calling="0" calls="1" param="3" stmt="26" level="4" return="1" vocf="5.7" flin="91" fxln="34" ncalls="1">
</function>
<function name="GetSegInfoReq_Oper" path="5" goto="0" vg="5" calling="0" calls="3" param="7" stmt="12" level="2" return="1" vocf="3.5" flin="36" fxln="17" ncalls="3">
</function>
<function name="GetCalPageReq_Oper" path="5" goto="0" vg="5" calling="0" calls="0" param="4" stmt="14" level="4" return="1" vocf="3.3" flin="50" fxln="18" ncalls="0">
</function>
<function name="CopyCalPageReq_Oper" path="2" goto="0" vg="2" calling="0" calls="2" param="1" stmt="10" level="1" return="1" vocf="3.2" flin="28" fxln="10" ncalls="2">
</function>
</file>
</project>
