<?xml version="1.0" encoding="UTF-8"?>
<MISRA-C-Report-Summary>
<File Mode="advisory" Error="0" Warning="15" Total="15">
<Name>
C:\Component\ES400A_TunSelnMngt_Impl-cz7lt6\ES400A_TunSelnMngt_Impl\src\TunSelnMngt.c</Name>
</File>
<File Mode="required" Error="0" Warning="12" Total="12">
<Name>
C:\Component\ES400A_TunSelnMngt_Impl-cz7lt6\ES400A_TunSelnMngt_Impl\src\TunSelnMngt.c</Name>
</File>
<File Mode="advisory" Error="0" Warning="1" Total="1">
<Name>
C:\Component\ES400A_TunSelnMngt_Impl-cz7lt6\ES400A_TunSelnMngt_Impl\src\TunSelnMngt_private.c</Name>
</File>
<File Mode="required" Error="0" Warning="1" Total="1">
<Name>
C:\Component\ES400A_TunSelnMngt_Impl-cz7lt6\ES400A_TunSelnMngt_Impl\src\TunSelnMngt_private.c</Name>
</File>
<Rule Name="8.10" Count="8" Mode="required" Severity="warning">
<Message>
</Message>
</Rule>
<Rule Name="11.3" Count="7" Mode="advisory" Severity="warning">
<Message>
A cast should not be performed between a pointer type and an integral type.</Message>
</Rule>
<Rule Name="11.4" Count="6" Mode="advisory" Severity="warning">
<Message>
A cast should not be performed between a pointer to object type and a different</Message>
</Rule>
<Rule Name="10.1" Count="4" Mode="required" Severity="warning">
<Message>
Implicit conversion of the expression of underlying type 'unsigned int' to the</Message>
</Rule>
<Rule Name="19.1" Count="3" Mode="advisory" Severity="warning">
<Message>
#include statements in a file shall only be preceded by other preprocessor directives or comments.</Message>
</Rule>
<Rule Name="11.5" Count="1" Mode="required" Severity="warning">
<Message>
A cast shall not be performed that removes any const or volatile qualification</Message>
</Rule>
</MISRA-C-Report-Summary>
