<?xml version="1.0" encoding="UTF-8"?>

<MISRA-C-Report version="1.3">


<CodeStruct Name="" File="C:\_Synergy_Projects\Working\ES259B_BattVltgCorrln_Impl\src\BattVltgCorrln.c" Line="0" Column="0">

<Rule Name="5.1" Mode="required" Report="warning" Id="1">
<Loc File="C:\_Synergy_Projects\Working\ES259B_BattVltgCorrln_Impl\src\BattVltgCorrln.c" Line="131" Column="37">
</Loc>
<Message>
Identifiers "BattVltgAndSwd1NotFailed_Cnt_T_logl" (BattVltgCorrln.c line 129 column 68) and "BattVltgAndSwd1NotFailed_Cnt_T_logl" (BattVltgCorrln.c line 131 column 37) have the same first 35 characters.
</Message>
</Rule>

<Rule Name="19.1" Mode="advisory" Report="warning" Id="2">
<Loc File="C:\_Synergy_Projects\Working\ES259B_BattVltgCorrln_Impl\src\BattVltgCorrln.c" Line="729" Column="0">
</Loc>
<Message>
#include statements in a file shall only be preceded by other preprocessor directives or comments.
</Message>
</Rule>

<Rule Name="19.1" Mode="advisory" Report="warning" Id="3">
<Loc File="C:\_Synergy_Projects\Working\ES259B_BattVltgCorrln_Impl\src\BattVltgCorrln.c" Line="943" Column="0">
</Loc>
<Message>
#include statements in a file shall only be preceded by other preprocessor directives or comments.
</Message>
</Rule>

<Rule Name="5.1" Mode="required" Report="warning" Id="4">
<Loc File="C:\_Synergy_Projects\Working\ES259B_BattVltgCorrln_Impl\src\BattVltgCorrln.c" Line="1120" Column="68">
</Loc>
<Message>
Identifiers "BattVltgAndSwd1NotFailed_Cnt_T_logl" (BattVltgCorrln.c line 1120 column 68) and "BattVltgAndSwd1NotFailed_Cnt_T_logl" (BattVltgCorrln.c line 131 column 37) have the same first 35 characters.
Identifiers "BattVltgAndSwd1NotFailed_Cnt_T_logl" (BattVltgCorrln.c line 1120 column 68) and "BattVltgAndSwd1NotFailed_Cnt_T_logl" (BattVltgCorrln.c line 129 column 68) have the same first 35 characters.
</Message>
</Rule>

<Rule Name="5.1" Mode="required" Report="warning" Id="6">
<Loc File="C:\_Synergy_Projects\Working\ES259B_BattVltgCorrln_Impl\src\BattVltgCorrln.c" Line="1154" Column="37">
</Loc>
<Message>
Identifiers "BattVltgAndSwd1NotFailed_Cnt_T_logl" (BattVltgCorrln.c line 1154 column 37) and "BattVltgAndSwd1NotFailed_Cnt_T_logl" (BattVltgCorrln.c line 131 column 37) have the same first 35 characters.
Identifiers "BattVltgAndSwd1NotFailed_Cnt_T_logl" (BattVltgCorrln.c line 1154 column 37) and "BattVltgAndSwd1NotFailed_Cnt_T_logl" (BattVltgCorrln.c line 129 column 68) have the same first 35 characters.
Identifiers "BattVltgAndSwd1NotFailed_Cnt_T_logl" (BattVltgCorrln.c line 1120 column 68) and "BattVltgAndSwd1NotFailed_Cnt_T_logl" (BattVltgCorrln.c line 1154 column 37) have the same first 35 characters.
</Message>
</Rule>

</CodeStruct>

<CodeStruct Name="DetIdptSig" File="C:\_Synergy_Projects\Working\ES259B_BattVltgCorrln_Impl\src\BattVltgCorrln.c" Line="1118" Column="16">

<Rule Name="5.1" Mode="required" Report="warning" Id="9">
<Loc File="C:\_Synergy_Projects\Working\ES259B_BattVltgCorrln_Impl\src\BattVltgCorrln.c" Line="1122" Column="16">
</Loc>
<Message>
Identifiers "BattVltgCorrlnIdptSig_Cnt_T_u08" (BattVltgCorrln.c line 835 column 12) and "BattVltgCorrlnIdptSig_Cnt_T_u08" (BattVltgCorrln.c line 1122 column 16) have the same first 31 characters.
</Message>
</Rule>

</CodeStruct>

<CodeStruct Name="BattVltgCorrlnPer1" File="C:\_Synergy_Projects\Working\ES259B_BattVltgCorrln_Impl\src\BattVltgCorrln.c" Line="817" Column="5">

<Rule Name="5.1" Mode="required" Report="warning" Id="10">
<Loc File="C:\_Synergy_Projects\Working\ES259B_BattVltgCorrln_Impl\src\BattVltgCorrln.c" Line="840" Column="12">
</Loc>
<Message>
Identifiers "BattVltgAndSwd1NotFailed_Cnt_T_logl" (BattVltgCorrln.c line 129 column 68) and "BattVltgAndSwd1NotFailed_Cnt_T_logl" (BattVltgCorrln.c line 840 column 12) have the same first 35 characters.
Identifiers "BattVltgAndSwd1NotFailed_Cnt_T_logl" (BattVltgCorrln.c line 131 column 37) and "BattVltgAndSwd1NotFailed_Cnt_T_logl" (BattVltgCorrln.c line 840 column 12) have the same first 35 characters.
</Message>
</Rule>

<Rule Name="5.1" Mode="required" Report="warning" Id="12">
<Loc File="C:\_Synergy_Projects\Working\ES259B_BattVltgCorrln_Impl\src\BattVltgCorrln.c" Line="1120" Column="68">
</Loc>
<Message>
Identifiers "BattVltgAndSwd1NotFailed_Cnt_T_logl" (BattVltgCorrln.c line 1120 column 68) and "BattVltgAndSwd1NotFailed_Cnt_T_logl" (BattVltgCorrln.c line 840 column 12) have the same first 35 characters.
</Message>
</Rule>

<Rule Name="5.1" Mode="required" Report="warning" Id="13">
<Loc File="C:\_Synergy_Projects\Working\ES259B_BattVltgCorrln_Impl\src\BattVltgCorrln.c" Line="1154" Column="37">
</Loc>
<Message>
Identifiers "BattVltgAndSwd1NotFailed_Cnt_T_logl" (BattVltgCorrln.c line 1154 column 37) and "BattVltgAndSwd1NotFailed_Cnt_T_logl" (BattVltgCorrln.c line 840 column 12) have the same first 35 characters.
</Message>
</Rule>

</CodeStruct>

</MISRA-C-Report>
