<?xml version="1.0" encoding="UTF-8"?>

<project name="Polyspace" files="3" includes="25" ap_cg_cycle="0" ap_cg_direct_cycle="0" pshv="0" unpshv="0">
<file name="C:\Users\NZ5334\Documents\Synergy\Working\ses_dev_ea4\MM124A_FordMsg077BusHiSpd_Impl\tools\local\generate\Rte_Stubs.c" total_lines="48" lines_without_cmt="26" comf="100" fco="1">
</file>
<file name="C:\Users\NZ5334\Documents\Synergy\Working\ses_dev_ea4\MM124A_FordMsg077BusHiSpd_Impl\src\FordMsg077BusHiSpdNonRte.c" total_lines="80" lines_without_cmt="16" comf="100" fco="-1">
<function name="ComTimeoutNotification_VehLatComp_A_Actl_Oper" path="1" goto="0" vg="1" calling="0" calls="0" param="0" stmt="1" level="1" return="0" vocf="1.2" flin="1" fxln="1" ncalls="0">
</function>
<function name="ComIPduCallout_BrakeSnData_3_FD1_Oper" path="1" goto="0" vg="1" calling="0" calls="0" param="2" stmt="2" level="1" return="1" vocf="1.2" flin="3" fxln="2" ncalls="0">
</function>
</file>
<file name="C:\Users\NZ5334\Documents\Synergy\Working\ses_dev_ea4\MM124A_FordMsg077BusHiSpd_Impl\src\FordMsg077BusHiSpd.c" total_lines="2263" lines_without_cmt="1079" comf="8" fco="131">
<function name="IsFeatActv" path="2" goto="0" vg="2" calling="1" calls="0" param="1" stmt="4" level="1" return="1" vocf="2.0" flin="12" fxln="5" ncalls="0">
</function>
<function name="FordVehSpdOverGndInvldNtc" path="5" goto="0" vg="5" calling="1" calls="4" param="3" stmt="14" level="3" return="0" vocf="6.4" flin="31" fxln="16" ncalls="9">
</function>
<function name="FordVehLatACmpdInvldDiagEnaPass" path="5" goto="0" vg="5" calling="1" calls="4" param="3" stmt="14" level="3" return="0" vocf="6.4" flin="31" fxln="16" ncalls="9">
</function>
<function name="FordVehLgtACmpdInvldNtc" path="5" goto="0" vg="5" calling="1" calls="4" param="3" stmt="14" level="3" return="0" vocf="6.4" flin="31" fxln="16" ncalls="9">
</function>
<function name="MissMsgNtcPass" path="17" goto="0" vg="7" calling="1" calls="5" param="4" stmt="25" level="3" return="0" vocf="9.1" flin="51" fxln="28" ncalls="14">
</function>
<function name="VehSpdOverGndVld" path="4" goto="0" vg="4" calling="1" calls="1" param="4" stmt="9" level="2" return="0" vocf="3.9" flin="24" fxln="12" ncalls="2">
</function>
<function name="VehYawRateVld" path="4" goto="0" vg="4" calling="1" calls="1" param="4" stmt="9" level="2" return="0" vocf="3.9" flin="24" fxln="12" ncalls="2">
</function>
<function name="VehLgtAVld" path="4" goto="0" vg="4" calling="1" calls="1" param="4" stmt="9" level="2" return="0" vocf="3.9" flin="24" fxln="12" ncalls="2">
</function>
<function name="VehLatAVld" path="4" goto="0" vg="4" calling="1" calls="1" param="4" stmt="9" level="2" return="0" vocf="3.9" flin="24" fxln="12" ncalls="2">
</function>
<function name="VehSpdOverGndVldElpdTi" path="4" goto="0" vg="3" calling="1" calls="3" param="2" stmt="8" level="1" return="0" vocf="4.0" flin="21" fxln="10" ncalls="4">
</function>
<function name="VehYawRateVldElpdTi" path="4" goto="0" vg="3" calling="1" calls="3" param="2" stmt="8" level="1" return="0" vocf="4.0" flin="21" fxln="10" ncalls="4">
</function>
<function name="VehLgtVldElpdTi" path="4" goto="0" vg="3" calling="1" calls="3" param="2" stmt="8" level="1" return="0" vocf="4.0" flin="21" fxln="10" ncalls="4">
</function>
<function name="VehLatVldElpdTi" path="4" goto="0" vg="3" calling="1" calls="3" param="2" stmt="8" level="1" return="0" vocf="4.0" flin="21" fxln="10" ncalls="4">
</function>
<function name="VldElpdTi" path="1" goto="0" vg="1" calling="1" calls="4" param="8" stmt="4" level="1" return="0" vocf="2.9" flin="13" fxln="8" ncalls="4">
</function>
<function name="OutProcg" path="32" goto="0" vg="6" calling="1" calls="6" param="20" stmt="31" level="1" return="0" vocf="6.3" flin="97" fxln="55" ncalls="9">
</function>
<function name="MissMsg" path="48" goto="0" vg="7" calling="1" calls="6" param="14" stmt="52" level="2" return="0" vocf="8.4" flin="95" fxln="58" ncalls="17">
</function>
<function name="CalSeln" path="2" goto="0" vg="2" calling="1" calls="5" param="6" stmt="11" level="1" return="0" vocf="4.5" flin="16" fxln="12" ncalls="5">
</function>
<function name="DiagEna" path="96" goto="0" vg="8" calling="1" calls="4" param="14" stmt="37" level="2" return="0" vocf="7.6" flin="104" fxln="59" ncalls="9">
</function>
<function name="FordMsg077BusHiSpdPer1" path="2" goto="0" vg="2" calling="0" calls="37" param="0" stmt="58" level="1" return="0" vocf="6.2" flin="195" fxln="118" ncalls="40">
</function>
<function name="FordMsg077BusHiSpdInit1" path="1" goto="0" vg="1" calling="0" calls="1" param="0" stmt="32" level="1" return="0" vocf="6.1" flin="43" fxln="32" ncalls="1">
</function>
<function name="FixdToFloat_f32_u32" path="1" goto="0" vg="1" calling="0" calls="0" param="2" stmt="1" level="1" return="1" vocf="1.9" flin="0" fxln="0" ncalls="0">
</function>
<function name="FixdToFloat_f32_u16" path="1" goto="0" vg="1" calling="1" calls="0" param="2" stmt="1" level="1" return="1" vocf="1.9" flin="0" fxln="0" ncalls="0">
</function>
<function name="FixdToFloat_f32_s32" path="1" goto="0" vg="1" calling="0" calls="0" param="2" stmt="1" level="1" return="1" vocf="1.9" flin="0" fxln="0" ncalls="0">
</function>
<function name="FixdToFloat_f32_s16" path="1" goto="0" vg="1" calling="0" calls="0" param="2" stmt="1" level="1" return="1" vocf="1.9" flin="0" fxln="0" ncalls="0">
</function>
<function name="FloatToFixd_u32_f32" path="1" goto="0" vg="1" calling="0" calls="0" param="2" stmt="1" level="1" return="1" vocf="2.1" flin="0" fxln="0" ncalls="0">
</function>
<function name="FloatToFixd_u16_f32" path="1" goto="0" vg="1" calling="0" calls="0" param="2" stmt="1" level="1" return="1" vocf="2.0" flin="0" fxln="0" ncalls="0">
</function>
<function name="FloatToFixd_s32_f32" path="1" goto="0" vg="1" calling="0" calls="0" param="2" stmt="1" level="1" return="1" vocf="1.9" flin="0" fxln="0" ncalls="0">
</function>
<function name="FloatToFixd_s16_f32" path="1" goto="0" vg="1" calling="0" calls="0" param="2" stmt="1" level="1" return="1" vocf="2.0" flin="0" fxln="0" ncalls="0">
</function>
<function name="FloatToFixdWithRound_u32_f32" path="1" goto="0" vg="1" calling="0" calls="0" param="2" stmt="1" level="1" return="1" vocf="1.9" flin="0" fxln="0" ncalls="0">
</function>
<function name="FloatToFixdWithRound_u16_f32" path="1" goto="0" vg="1" calling="0" calls="0" param="2" stmt="1" level="1" return="1" vocf="2.0" flin="0" fxln="0" ncalls="0">
</function>
<function name="FloatToFixdWithRound_s32_f32" path="1" goto="0" vg="2" calling="0" calls="0" param="2" stmt="1" level="1" return="1" vocf="2.8" flin="0" fxln="0" ncalls="0">
</function>
<function name="FloatToFixdWithRound_s16_f32" path="1" goto="0" vg="2" calling="0" calls="0" param="2" stmt="1" level="1" return="1" vocf="5.6" flin="0" fxln="0" ncalls="0">
</function>
<function name="SinLookup" path="8" goto="0" vg="4" calling="0" calls="0" param="1" stmt="14" level="1" return="1" vocf="3.6" flin="0" fxln="0" ncalls="0">
</function>
<function name="SinCos_f32" path="16" goto="0" vg="17" calling="0" calls="0" param="3" stmt="56" level="1" return="0" vocf="10.9" flin="0" fxln="0" ncalls="0">
</function>
<function name="Mod_f32" path="1" goto="0" vg="1" calling="0" calls="1" param="2" stmt="1" level="1" return="1" vocf="1.7" flin="0" fxln="0" ncalls="1">
</function>
<function name="Sqrt_f32" path="1" goto="0" vg="1" calling="0" calls="1" param="1" stmt="1" level="1" return="1" vocf="1.5" flin="0" fxln="0" ncalls="1">
</function>
<function name="Exp_f32" path="1" goto="0" vg="1" calling="0" calls="1" param="1" stmt="1" level="1" return="1" vocf="1.5" flin="0" fxln="0" ncalls="1">
</function>
<function name="Cos_f32" path="1" goto="0" vg="1" calling="0" calls="1" param="1" stmt="1" level="1" return="1" vocf="1.5" flin="0" fxln="0" ncalls="1">
</function>
<function name="Sin_f32" path="1" goto="0" vg="1" calling="0" calls="1" param="1" stmt="1" level="1" return="1" vocf="1.5" flin="0" fxln="0" ncalls="1">
</function>
<function name="Arctan2_f32" path="1" goto="0" vg="1" calling="0" calls="1" param="2" stmt="1" level="1" return="1" vocf="1.7" flin="0" fxln="0" ncalls="1">
</function>
<function name="Lim_f32" path="1" goto="0" vg="3" calling="1" calls="0" param="3" stmt="1" level="1" return="1" vocf="3.1" flin="0" fxln="0" ncalls="0">
</function>
<function name="Lim_u32" path="1" goto="0" vg="3" calling="0" calls="0" param="3" stmt="1" level="1" return="1" vocf="3.1" flin="0" fxln="0" ncalls="0">
</function>
<function name="Lim_s32" path="1" goto="0" vg="3" calling="0" calls="0" param="3" stmt="1" level="1" return="1" vocf="3.1" flin="0" fxln="0" ncalls="0">
</function>
<function name="Lim_u16" path="1" goto="0" vg="3" calling="0" calls="0" param="3" stmt="1" level="1" return="1" vocf="3.1" flin="0" fxln="0" ncalls="0">
</function>
<function name="Lim_s16" path="1" goto="0" vg="3" calling="0" calls="0" param="3" stmt="1" level="1" return="1" vocf="3.1" flin="0" fxln="0" ncalls="0">
</function>
<function name="Lim_u08" path="1" goto="0" vg="3" calling="0" calls="0" param="3" stmt="1" level="1" return="1" vocf="3.1" flin="0" fxln="0" ncalls="0">
</function>
<function name="Lim_s08" path="1" goto="0" vg="3" calling="0" calls="0" param="3" stmt="1" level="1" return="1" vocf="3.1" flin="0" fxln="0" ncalls="0">
</function>
<function name="Max_f32" path="1" goto="0" vg="2" calling="0" calls="0" param="2" stmt="1" level="1" return="1" vocf="2.2" flin="0" fxln="0" ncalls="0">
</function>
<function name="Max_u32" path="1" goto="0" vg="2" calling="0" calls="0" param="2" stmt="1" level="1" return="1" vocf="2.2" flin="0" fxln="0" ncalls="0">
</function>
<function name="Max_s32" path="1" goto="0" vg="2" calling="0" calls="0" param="2" stmt="1" level="1" return="1" vocf="2.2" flin="0" fxln="0" ncalls="0">
</function>
<function name="Max_u16" path="1" goto="0" vg="2" calling="0" calls="0" param="2" stmt="1" level="1" return="1" vocf="2.2" flin="0" fxln="0" ncalls="0">
</function>
<function name="Max_s16" path="1" goto="0" vg="2" calling="0" calls="0" param="2" stmt="1" level="1" return="1" vocf="2.2" flin="0" fxln="0" ncalls="0">
</function>
<function name="Max_u08" path="1" goto="0" vg="2" calling="0" calls="0" param="2" stmt="1" level="1" return="1" vocf="2.2" flin="0" fxln="0" ncalls="0">
</function>
<function name="Max_s08" path="1" goto="0" vg="2" calling="0" calls="0" param="2" stmt="1" level="1" return="1" vocf="2.2" flin="0" fxln="0" ncalls="0">
</function>
<function name="Min_f32" path="1" goto="0" vg="2" calling="0" calls="0" param="2" stmt="1" level="1" return="1" vocf="2.2" flin="0" fxln="0" ncalls="0">
</function>
<function name="Min_u32" path="1" goto="0" vg="2" calling="0" calls="0" param="2" stmt="1" level="1" return="1" vocf="2.2" flin="0" fxln="0" ncalls="0">
</function>
<function name="Min_s32" path="1" goto="0" vg="2" calling="0" calls="0" param="2" stmt="1" level="1" return="1" vocf="2.2" flin="0" fxln="0" ncalls="0">
</function>
<function name="Min_u16" path="1" goto="0" vg="2" calling="0" calls="0" param="2" stmt="1" level="1" return="1" vocf="2.2" flin="0" fxln="0" ncalls="0">
</function>
<function name="Min_s16" path="1" goto="0" vg="2" calling="0" calls="0" param="2" stmt="1" level="1" return="1" vocf="2.2" flin="0" fxln="0" ncalls="0">
</function>
<function name="Min_u08" path="1" goto="0" vg="2" calling="0" calls="0" param="2" stmt="1" level="1" return="1" vocf="2.2" flin="0" fxln="0" ncalls="0">
</function>
<function name="Min_s08" path="1" goto="0" vg="2" calling="0" calls="0" param="2" stmt="1" level="1" return="1" vocf="2.2" flin="0" fxln="0" ncalls="0">
</function>
<function name="Sign_s08_f32" path="1" goto="0" vg="2" calling="0" calls="0" param="1" stmt="1" level="1" return="1" vocf="2.2" flin="0" fxln="0" ncalls="0">
</function>
<function name="Sign_s08_s32" path="1" goto="0" vg="2" calling="0" calls="0" param="1" stmt="1" level="1" return="1" vocf="2.2" flin="0" fxln="0" ncalls="0">
</function>
<function name="Sign_s08_s16" path="1" goto="0" vg="2" calling="0" calls="0" param="1" stmt="1" level="1" return="1" vocf="2.2" flin="0" fxln="0" ncalls="0">
</function>
<function name="Sign_s08_s08" path="1" goto="0" vg="2" calling="0" calls="0" param="1" stmt="1" level="1" return="1" vocf="2.3" flin="0" fxln="0" ncalls="0">
</function>
<function name="Abslt_f32_f32" path="1" goto="0" vg="1" calling="0" calls="1" param="1" stmt="1" level="1" return="1" vocf="1.5" flin="0" fxln="0" ncalls="1">
</function>
<function name="Abslt_u32_s32" path="1" goto="0" vg="2" calling="0" calls="0" param="1" stmt="1" level="1" return="1" vocf="2.8" flin="0" fxln="0" ncalls="0">
</function>
<function name="Abslt_u16_s16" path="1" goto="0" vg="2" calling="0" calls="0" param="1" stmt="1" level="1" return="1" vocf="2.8" flin="0" fxln="0" ncalls="0">
</function>
<function name="Abslt_u08_s08" path="1" goto="0" vg="2" calling="0" calls="0" param="1" stmt="1" level="1" return="1" vocf="2.8" flin="0" fxln="0" ncalls="0">
</function>
<function name="Blnd_f32" path="1" goto="0" vg="1" calling="0" calls="0" param="3" stmt="1" level="1" return="1" vocf="6.0" flin="0" fxln="0" ncalls="0">
</function>
</file>
</project>
