<?xml version="1.0" encoding="UTF-8"?>
<MISRA-C-Report-Summary>
<File Mode="advisory" Error="0" Warning="2" Total="2">
<Name>
C:\Users\NZ5334\Documents\Synergy\Working\ses_dev_ea4\MM124A_FordMsg077BusHiSpd_Impl\src\FordMsg077BusHiSpd.c</Name>
</File>
<File Mode="required" Error="0" Warning="155" Total="155">
<Name>
C:\Users\NZ5334\Documents\Synergy\Working\ses_dev_ea4\MM124A_FordMsg077BusHiSpd_Impl\src\FordMsg077BusHiSpd.c</Name>
</File>
<File Mode="advisory" Error="0" Warning="1" Total="1">
<Name>
C:\Users\NZ5334\Documents\Synergy\Working\ses_dev_ea4\MM124A_FordMsg077BusHiSpd_Impl\src\FordMsg077BusHiSpdNonRte.c</Name>
</File>
<File Mode="required" Error="0" Warning="2" Total="2">
<Name>
C:\Users\NZ5334\Documents\Synergy\Working\ses_dev_ea4\MM124A_FordMsg077BusHiSpd_Impl\src\FordMsg077BusHiSpdNonRte.c</Name>
</File>
<Rule Name="5.1" Count="153" Mode="required" Severity="warning">
<Message>
</Message>
</Rule>
<Rule Name="8.10" Count="4" Mode="required" Severity="warning">
<Message>
</Message>
</Rule>
<Rule Name="19.1" Count="3" Mode="advisory" Severity="warning">
<Message>
#include statements in a file shall only be preceded by other preprocessor directives or comments.</Message>
</Rule>
</MISRA-C-Report-Summary>
