<?xml version="1.0" encoding="UTF-8"?>

<MISRA-C-Report version="1.3">


<CodeStruct Name="" File="C:\Component\ES400A_TunSelnMngt_Impl-cz7lt6\ES400A_TunSelnMngt_Impl\src\TunSelnMngt.c" Line="0" Column="0">

<Rule Name="19.1" Mode="advisory" Report="warning" Id="2">
<Loc File="C:\Component\ES400A_TunSelnMngt_Impl-cz7lt6\ES400A_TunSelnMngt_Impl\src\TunSelnMngt.c" Line="712" Column="0">
</Loc>
<Message>
#include statements in a file shall only be preceded by other preprocessor directives or comments.
</Message>
</Rule>

<Rule Name="19.1" Mode="advisory" Report="warning" Id="3">
<Loc File="C:\Component\ES400A_TunSelnMngt_Impl-cz7lt6\ES400A_TunSelnMngt_Impl\src\TunSelnMngt.c" Line="1398" Column="0">
</Loc>
<Message>
#include statements in a file shall only be preceded by other preprocessor directives or comments.
</Message>
</Rule>

</CodeStruct>

<CodeStruct Name="" File="C:\Component\ES400A_TunSelnMngt_Impl-cz7lt6\ES400A_TunSelnMngt_Impl\src\TunSelnMngt_private.c" Line="0" Column="0">

<Rule Name="19.1" Mode="advisory" Report="warning" Id="1">
<Loc File="C:\Component\ES400A_TunSelnMngt_Impl-cz7lt6\ES400A_TunSelnMngt_Impl\src\TunSelnMngt_private.c" Line="43" Column="0">
</Loc>
<Message>
#include statements in a file shall only be preceded by other preprocessor directives or comments.
</Message>
</Rule>

</CodeStruct>

<CodeStruct Name="SegModAdrMpg" File="C:\Component\ES400A_TunSelnMngt_Impl-cz7lt6\ES400A_TunSelnMngt_Impl\src\TunSelnMngt.c" Line="1769" Column="13">

<Rule Name="11.3" Mode="advisory" Report="warning" Id="4">
<Loc File="C:\Component\ES400A_TunSelnMngt_Impl-cz7lt6\ES400A_TunSelnMngt_Impl\src\TunSelnMngt.c" Line="1800" Column="33">
</Loc>
<Message>
A cast should not be performed between a pointer type and an integral type.
</Message>
</Rule>

<Rule Name="21.1" Mode="required" Report="warning" Id="5">
<Loc File="C:\Component\ES400A_TunSelnMngt_Impl-cz7lt6\ES400A_TunSelnMngt_Impl\src\TunSelnMngt.c" Line="1800" Column="60">
</Loc>
<Message>
Minimisation of run-time failures.
</Message>
</Rule>

<Rule Name="11.3" Mode="advisory" Report="warning" Id="6">
<Loc File="C:\Component\ES400A_TunSelnMngt_Impl-cz7lt6\ES400A_TunSelnMngt_Impl\src\TunSelnMngt.c" Line="1804" Column="33">
</Loc>
<Message>
A cast should not be performed between a pointer type and an integral type.
</Message>
</Rule>

<Rule Name="21.1" Mode="required" Report="warning" Id="7">
<Loc File="C:\Component\ES400A_TunSelnMngt_Impl-cz7lt6\ES400A_TunSelnMngt_Impl\src\TunSelnMngt.c" Line="1818" Column="20">
</Loc>
<Message>
Minimisation of run-time failures.
</Message>
</Rule>

<Rule Name="21.1" Mode="required" Report="warning" Id="8">
<Loc File="C:\Component\ES400A_TunSelnMngt_Impl-cz7lt6\ES400A_TunSelnMngt_Impl\src\TunSelnMngt.c" Line="1835" Column="12">
</Loc>
<Message>
Minimisation of run-time failures.
</Message>
</Rule>

</CodeStruct>

<CodeStruct Name="MemCopy32Bit" File="C:\Component\ES400A_TunSelnMngt_Impl-cz7lt6\ES400A_TunSelnMngt_Impl\src\TunSelnMngt.c" Line="1601" Column="12">

<Rule Name="21.1" Mode="required" Report="warning" Id="16">
<Loc File="C:\Component\ES400A_TunSelnMngt_Impl-cz7lt6\ES400A_TunSelnMngt_Impl\src\TunSelnMngt.c" Line="1611" Column="34">
</Loc>
<Message>
Minimisation of run-time failures.
</Message>
</Rule>

<Rule Name="21.1" Mode="required" Report="warning" Id="17">
<Loc File="C:\Component\ES400A_TunSelnMngt_Impl-cz7lt6\ES400A_TunSelnMngt_Impl\src\TunSelnMngt.c" Line="1611" Column="68">
</Loc>
<Message>
Minimisation of run-time failures.
</Message>
</Rule>

</CodeStruct>

<CodeStruct Name="GetCalPageReq_Oper" File="C:\Component\ES400A_TunSelnMngt_Impl-cz7lt6\ES400A_TunSelnMngt_Impl\src\TunSelnMngt.c" Line="793" Column="5">

<Rule Name="21.1" Mode="required" Report="warning" Id="9">
<Loc File="C:\Component\ES400A_TunSelnMngt_Impl-cz7lt6\ES400A_TunSelnMngt_Impl\src\TunSelnMngt.c" Line="812" Column="32">
</Loc>
<Message>
Minimisation of run-time failures.
</Message>
</Rule>

<Rule Name="21.1" Mode="required" Report="warning" Id="10">
<Loc File="C:\Component\ES400A_TunSelnMngt_Impl-cz7lt6\ES400A_TunSelnMngt_Impl\src\TunSelnMngt.c" Line="812" Column="54">
</Loc>
<Message>
Minimisation of run-time failures.
</Message>
</Rule>

<Rule Name="21.1" Mode="required" Report="warning" Id="11">
<Loc File="C:\Component\ES400A_TunSelnMngt_Impl-cz7lt6\ES400A_TunSelnMngt_Impl\src\TunSelnMngt.c" Line="814" Column="20">
</Loc>
<Message>
Minimisation of run-time failures.
</Message>
</Rule>

<Rule Name="21.1" Mode="required" Report="warning" Id="12">
<Loc File="C:\Component\ES400A_TunSelnMngt_Impl-cz7lt6\ES400A_TunSelnMngt_Impl\src\TunSelnMngt.c" Line="815" Column="20">
</Loc>
<Message>
Minimisation of run-time failures.
</Message>
</Rule>

<Rule Name="21.1" Mode="required" Report="warning" Id="13">
<Loc File="C:\Component\ES400A_TunSelnMngt_Impl-cz7lt6\ES400A_TunSelnMngt_Impl\src\TunSelnMngt.c" Line="821" Column="20">
</Loc>
<Message>
Minimisation of run-time failures.
</Message>
</Rule>

<Rule Name="21.1" Mode="required" Report="warning" Id="14">
<Loc File="C:\Component\ES400A_TunSelnMngt_Impl-cz7lt6\ES400A_TunSelnMngt_Impl\src\TunSelnMngt.c" Line="831" Column="12">
</Loc>
<Message>
Minimisation of run-time failures.
</Message>
</Rule>

<Rule Name="21.1" Mode="required" Report="warning" Id="15">
<Loc File="C:\Component\ES400A_TunSelnMngt_Impl-cz7lt6\ES400A_TunSelnMngt_Impl\src\TunSelnMngt.c" Line="837" Column="8">
</Loc>
<Message>
Minimisation of run-time failures.
</Message>
</Rule>

</CodeStruct>

<CodeStruct Name="TunSelnMngtInit1" File="C:\Component\ES400A_TunSelnMngt_Impl-cz7lt6\ES400A_TunSelnMngt_Impl\src\TunSelnMngt.c" Line="1123" Column="5">

<Rule Name="21.1" Mode="required" Report="warning" Id="18">
<Loc File="C:\Component\ES400A_TunSelnMngt_Impl-cz7lt6\ES400A_TunSelnMngt_Impl\src\TunSelnMngt.c" Line="1140" Column="4">
</Loc>
<Message>
Minimisation of run-time failures.
</Message>
</Rule>

<Rule Name="21.1" Mode="required" Report="warning" Id="19">
<Loc File="C:\Component\ES400A_TunSelnMngt_Impl-cz7lt6\ES400A_TunSelnMngt_Impl\src\TunSelnMngt.c" Line="1140" Column="26">
</Loc>
<Message>
Minimisation of run-time failures.
</Message>
</Rule>

<Rule Name="21.1" Mode="required" Report="warning" Id="20">
<Loc File="C:\Component\ES400A_TunSelnMngt_Impl-cz7lt6\ES400A_TunSelnMngt_Impl\src\TunSelnMngt.c" Line="1141" Column="4">
</Loc>
<Message>
Minimisation of run-time failures.
</Message>
</Rule>

<Rule Name="21.1" Mode="required" Report="warning" Id="21">
<Loc File="C:\Component\ES400A_TunSelnMngt_Impl-cz7lt6\ES400A_TunSelnMngt_Impl\src\TunSelnMngt.c" Line="1142" Column="4">
</Loc>
<Message>
Minimisation of run-time failures.
</Message>
</Rule>

<Rule Name="21.1" Mode="required" Report="warning" Id="22">
<Loc File="C:\Component\ES400A_TunSelnMngt_Impl-cz7lt6\ES400A_TunSelnMngt_Impl\src\TunSelnMngt.c" Line="1145" Column="5">
</Loc>
<Message>
Minimisation of run-time failures.
</Message>
</Rule>

<Rule Name="21.1" Mode="required" Report="warning" Id="23">
<Loc File="C:\Component\ES400A_TunSelnMngt_Impl-cz7lt6\ES400A_TunSelnMngt_Impl\src\TunSelnMngt.c" Line="1146" Column="5">
</Loc>
<Message>
Minimisation of run-time failures.
</Message>
</Rule>

<Rule Name="21.1" Mode="required" Report="warning" Id="24">
<Loc File="C:\Component\ES400A_TunSelnMngt_Impl-cz7lt6\ES400A_TunSelnMngt_Impl\src\TunSelnMngt.c" Line="1147" Column="5">
</Loc>
<Message>
Minimisation of run-time failures.
</Message>
</Rule>

<Rule Name="21.1" Mode="required" Report="warning" Id="25">
<Loc File="C:\Component\ES400A_TunSelnMngt_Impl-cz7lt6\ES400A_TunSelnMngt_Impl\src\TunSelnMngt.c" Line="1148" Column="5">
</Loc>
<Message>
Minimisation of run-time failures.
</Message>
</Rule>

<Rule Name="21.1" Mode="required" Report="warning" Id="26">
<Loc File="C:\Component\ES400A_TunSelnMngt_Impl-cz7lt6\ES400A_TunSelnMngt_Impl\src\TunSelnMngt.c" Line="1151" Column="9">
</Loc>
<Message>
Minimisation of run-time failures.
</Message>
</Rule>

<Rule Name="21.1" Mode="required" Report="warning" Id="27">
<Loc File="C:\Component\ES400A_TunSelnMngt_Impl-cz7lt6\ES400A_TunSelnMngt_Impl\src\TunSelnMngt.c" Line="1152" Column="9">
</Loc>
<Message>
Minimisation of run-time failures.
</Message>
</Rule>

<Rule Name="10.1" Mode="required" Report="warning" Id="28">
<Loc File="C:\Component\ES400A_TunSelnMngt_Impl-cz7lt6\ES400A_TunSelnMngt_Impl\src\TunSelnMngt.c" Line="1157" Column="69">
</Loc>
<Message>
Implicit conversion of the expression of underlying type 'unsigned int' to the
type 'unsigned short' that is not a wider integer type of the same signedness.
</Message>
</Rule>

<Rule Name="10.1" Mode="required" Report="warning" Id="29">
<Loc File="C:\Component\ES400A_TunSelnMngt_Impl-cz7lt6\ES400A_TunSelnMngt_Impl\src\TunSelnMngt.c" Line="1158" Column="69">
</Loc>
<Message>
Implicit conversion of the expression of underlying type 'unsigned int' to the
type 'unsigned short' that is not a wider integer type of the same signedness.
</Message>
</Rule>

<Rule Name="11.5" Mode="required" Report="warning" Id="30">
<Loc File="C:\Component\ES400A_TunSelnMngt_Impl-cz7lt6\ES400A_TunSelnMngt_Impl\src\TunSelnMngt.c" Line="1164" Column="54">
</Loc>
<Message>
A cast shall not be performed that removes any const or volatile qualification
from the type addressed by a pointer.
</Message>
</Rule>

<Rule Name="11.4" Mode="advisory" Report="warning" Id="31">
<Loc File="C:\Component\ES400A_TunSelnMngt_Impl-cz7lt6\ES400A_TunSelnMngt_Impl\src\TunSelnMngt.c" Line="1164" Column="84">
</Loc>
<Message>
A cast should not be performed between a pointer to object type and a different
pointer to object type.
</Message>
</Rule>

<Rule Name="9.1" Mode="required" Report="warning" Id="32">
<Loc File="C:\Component\ES400A_TunSelnMngt_Impl-cz7lt6\ES400A_TunSelnMngt_Impl\src\TunSelnMngt.c" Line="1171" Column="7">
</Loc>
<Message>
All automatic variables shall have been assigned a value before being used.
</Message>
</Rule>

<Rule Name="21.1" Mode="required" Report="warning" Id="33">
<Loc File="C:\Component\ES400A_TunSelnMngt_Impl-cz7lt6\ES400A_TunSelnMngt_Impl\src\TunSelnMngt.c" Line="1171" Column="31">
</Loc>
<Message>
Minimisation of run-time failures.
</Message>
</Rule>

<Rule Name="9.1" Mode="required" Report="warning" Id="34">
<Loc File="C:\Component\ES400A_TunSelnMngt_Impl-cz7lt6\ES400A_TunSelnMngt_Impl\src\TunSelnMngt.c" Line="1200" Column="7">
</Loc>
<Message>
All automatic variables shall have been assigned a value before being used.
</Message>
</Rule>

<Rule Name="21.1" Mode="required" Report="warning" Id="35">
<Loc File="C:\Component\ES400A_TunSelnMngt_Impl-cz7lt6\ES400A_TunSelnMngt_Impl\src\TunSelnMngt.c" Line="1200" Column="29">
</Loc>
<Message>
Minimisation of run-time failures.
</Message>
</Rule>

</CodeStruct>

<CodeStruct Name="GetSegInfoReq_Oper" File="C:\Component\ES400A_TunSelnMngt_Impl-cz7lt6\ES400A_TunSelnMngt_Impl\src\TunSelnMngt.c" Line="864" Column="5">

<Rule Name="21.1" Mode="required" Report="warning" Id="36">
<Loc File="C:\Component\ES400A_TunSelnMngt_Impl-cz7lt6\ES400A_TunSelnMngt_Impl\src\TunSelnMngt.c" Line="876" Column="16">
</Loc>
<Message>
Minimisation of run-time failures.
</Message>
</Rule>

<Rule Name="21.1" Mode="required" Report="warning" Id="37">
<Loc File="C:\Component\ES400A_TunSelnMngt_Impl-cz7lt6\ES400A_TunSelnMngt_Impl\src\TunSelnMngt.c" Line="879" Column="16">
</Loc>
<Message>
Minimisation of run-time failures.
</Message>
</Rule>

<Rule Name="21.1" Mode="required" Report="warning" Id="38">
<Loc File="C:\Component\ES400A_TunSelnMngt_Impl-cz7lt6\ES400A_TunSelnMngt_Impl\src\TunSelnMngt.c" Line="884" Column="16">
</Loc>
<Message>
Minimisation of run-time failures.
</Message>
</Rule>

<Rule Name="21.1" Mode="required" Report="warning" Id="39">
<Loc File="C:\Component\ES400A_TunSelnMngt_Impl-cz7lt6\ES400A_TunSelnMngt_Impl\src\TunSelnMngt.c" Line="887" Column="16">
</Loc>
<Message>
Minimisation of run-time failures.
</Message>
</Rule>

<Rule Name="21.1" Mode="required" Report="warning" Id="40">
<Loc File="C:\Component\ES400A_TunSelnMngt_Impl-cz7lt6\ES400A_TunSelnMngt_Impl\src\TunSelnMngt.c" Line="894" Column="8">
</Loc>
<Message>
Minimisation of run-time failures.
</Message>
</Rule>

</CodeStruct>

<CodeStruct Name="SetCalPageReq_Oper" File="C:\Component\ES400A_TunSelnMngt_Impl-cz7lt6\ES400A_TunSelnMngt_Impl\src\TunSelnMngt.c" Line="1046" Column="5">

<Rule Name="21.1" Mode="required" Report="warning" Id="41">
<Loc File="C:\Component\ES400A_TunSelnMngt_Impl-cz7lt6\ES400A_TunSelnMngt_Impl\src\TunSelnMngt.c" Line="1061" Column="12">
</Loc>
<Message>
Minimisation of run-time failures.
</Message>
</Rule>

<Rule Name="21.1" Mode="required" Report="warning" Id="42">
<Loc File="C:\Component\ES400A_TunSelnMngt_Impl-cz7lt6\ES400A_TunSelnMngt_Impl\src\TunSelnMngt.c" Line="1061" Column="34">
</Loc>
<Message>
Minimisation of run-time failures.
</Message>
</Rule>

<Rule Name="21.1" Mode="required" Report="warning" Id="43">
<Loc File="C:\Component\ES400A_TunSelnMngt_Impl-cz7lt6\ES400A_TunSelnMngt_Impl\src\TunSelnMngt.c" Line="1068" Column="17">
</Loc>
<Message>
Minimisation of run-time failures.
</Message>
</Rule>

<Rule Name="21.1" Mode="required" Report="warning" Id="44">
<Loc File="C:\Component\ES400A_TunSelnMngt_Impl-cz7lt6\ES400A_TunSelnMngt_Impl\src\TunSelnMngt.c" Line="1068" Column="39">
</Loc>
<Message>
Minimisation of run-time failures.
</Message>
</Rule>

<Rule Name="21.1" Mode="required" Report="warning" Id="45">
<Loc File="C:\Component\ES400A_TunSelnMngt_Impl-cz7lt6\ES400A_TunSelnMngt_Impl\src\TunSelnMngt.c" Line="1073" Column="17">
</Loc>
<Message>
Minimisation of run-time failures.
</Message>
</Rule>

<Rule Name="21.1" Mode="required" Report="warning" Id="46">
<Loc File="C:\Component\ES400A_TunSelnMngt_Impl-cz7lt6\ES400A_TunSelnMngt_Impl\src\TunSelnMngt.c" Line="1073" Column="39">
</Loc>
<Message>
Minimisation of run-time failures.
</Message>
</Rule>

</CodeStruct>

<CodeStruct Name="SegModAdrInfo" File="C:\Component\ES400A_TunSelnMngt_Impl-cz7lt6\ES400A_TunSelnMngt_Impl\src\TunSelnMngt.c" Line="1663" Column="13">

<Rule Name="11.3" Mode="advisory" Report="warning" Id="47">
<Loc File="C:\Component\ES400A_TunSelnMngt_Impl-cz7lt6\ES400A_TunSelnMngt_Impl\src\TunSelnMngt.c" Line="1674" Column="29">
</Loc>
<Message>
A cast should not be performed between a pointer type and an integral type.
</Message>
</Rule>

<Rule Name="21.1" Mode="required" Report="warning" Id="48">
<Loc File="C:\Component\ES400A_TunSelnMngt_Impl-cz7lt6\ES400A_TunSelnMngt_Impl\src\TunSelnMngt.c" Line="1689" Column="16">
</Loc>
<Message>
Minimisation of run-time failures.
</Message>
</Rule>

<Rule Name="21.1" Mode="required" Report="warning" Id="49">
<Loc File="C:\Component\ES400A_TunSelnMngt_Impl-cz7lt6\ES400A_TunSelnMngt_Impl\src\TunSelnMngt.c" Line="1706" Column="8">
</Loc>
<Message>
Minimisation of run-time failures.
</Message>
</Rule>

</CodeStruct>

<CodeStruct Name="SegModStdInfo" File="C:\Component\ES400A_TunSelnMngt_Impl-cz7lt6\ES400A_TunSelnMngt_Impl\src\TunSelnMngt.c" Line="1725" Column="13">

<Rule Name="21.1" Mode="required" Report="warning" Id="77">
<Loc File="C:\Component\ES400A_TunSelnMngt_Impl-cz7lt6\ES400A_TunSelnMngt_Impl\src\TunSelnMngt.c" Line="1731" Column="12">
</Loc>
<Message>
Minimisation of run-time failures.
</Message>
</Rule>

<Rule Name="21.1" Mode="required" Report="warning" Id="78">
<Loc File="C:\Component\ES400A_TunSelnMngt_Impl-cz7lt6\ES400A_TunSelnMngt_Impl\src\TunSelnMngt.c" Line="1747" Column="4">
</Loc>
<Message>
Minimisation of run-time failures.
</Message>
</Rule>

</CodeStruct>

<CodeStruct Name="IdxChgMngt" File="C:\Component\ES400A_TunSelnMngt_Impl-cz7lt6\ES400A_TunSelnMngt_Impl\src\TunSelnMngt.c" Line="1457" Column="15">

<Rule Name="21.1" Mode="required" Report="warning" Id="64">
<Loc File="C:\Component\ES400A_TunSelnMngt_Impl-cz7lt6\ES400A_TunSelnMngt_Impl\src\TunSelnMngt.c" Line="1469" Column="21">
</Loc>
<Message>
Minimisation of run-time failures.
</Message>
</Rule>

<Rule Name="11.4" Mode="advisory" Report="warning" Id="65">
<Loc File="C:\Component\ES400A_TunSelnMngt_Impl-cz7lt6\ES400A_TunSelnMngt_Impl\src\TunSelnMngt.c" Line="1474" Column="92">
</Loc>
<Message>
A cast should not be performed between a pointer to object type and a different
pointer to object type.
</Message>
</Rule>

<Rule Name="9.1" Mode="required" Report="warning" Id="66">
<Loc File="C:\Component\ES400A_TunSelnMngt_Impl-cz7lt6\ES400A_TunSelnMngt_Impl\src\TunSelnMngt.c" Line="1479" Column="9">
</Loc>
<Message>
All automatic variables shall have been assigned a value before being used.
</Message>
</Rule>

<Rule Name="21.1" Mode="required" Report="warning" Id="67">
<Loc File="C:\Component\ES400A_TunSelnMngt_Impl-cz7lt6\ES400A_TunSelnMngt_Impl\src\TunSelnMngt.c" Line="1479" Column="45">
</Loc>
<Message>
Minimisation of run-time failures.
</Message>
</Rule>

<Rule Name="21.1" Mode="required" Report="warning" Id="68">
<Loc File="C:\Component\ES400A_TunSelnMngt_Impl-cz7lt6\ES400A_TunSelnMngt_Impl\src\TunSelnMngt.c" Line="1487" Column="60">
</Loc>
<Message>
Minimisation of run-time failures.
</Message>
</Rule>

<Rule Name="21.1" Mode="required" Report="warning" Id="69">
<Loc File="C:\Component\ES400A_TunSelnMngt_Impl-cz7lt6\ES400A_TunSelnMngt_Impl\src\TunSelnMngt.c" Line="1487" Column="62">
</Loc>
<Message>
Minimisation of run-time failures.
</Message>
</Rule>

<Rule Name="21.1" Mode="required" Report="warning" Id="70">
<Loc File="C:\Component\ES400A_TunSelnMngt_Impl-cz7lt6\ES400A_TunSelnMngt_Impl\src\TunSelnMngt.c" Line="1494" Column="137">
</Loc>
<Message>
Minimisation of run-time failures.
</Message>
</Rule>

<Rule Name="11.4" Mode="advisory" Report="warning" Id="71">
<Loc File="C:\Component\ES400A_TunSelnMngt_Impl-cz7lt6\ES400A_TunSelnMngt_Impl\src\TunSelnMngt.c" Line="1507" Column="114">
</Loc>
<Message>
A cast should not be performed between a pointer to object type and a different
pointer to object type.
</Message>
</Rule>

<Rule Name="10.1" Mode="required" Report="warning" Id="72">
<Loc File="C:\Component\ES400A_TunSelnMngt_Impl-cz7lt6\ES400A_TunSelnMngt_Impl\src\TunSelnMngt.c" Line="1514" Column="93">
</Loc>
<Message>
Implicit conversion of the expression of underlying type 'unsigned int' to the
type 'unsigned short' that is not a wider integer type of the same signedness.
</Message>
</Rule>

<Rule Name="11.4" Mode="advisory" Report="warning" Id="73">
<Loc File="C:\Component\ES400A_TunSelnMngt_Impl-cz7lt6\ES400A_TunSelnMngt_Impl\src\TunSelnMngt.c" Line="1547" Column="106">
</Loc>
<Message>
A cast should not be performed between a pointer to object type and a different
pointer to object type.
</Message>
</Rule>

<Rule Name="21.1" Mode="required" Report="warning" Id="74">
<Loc File="C:\Component\ES400A_TunSelnMngt_Impl-cz7lt6\ES400A_TunSelnMngt_Impl\src\TunSelnMngt.c" Line="1554" Column="64">
</Loc>
<Message>
Minimisation of run-time failures.
</Message>
</Rule>

<Rule Name="21.1" Mode="required" Report="warning" Id="75">
<Loc File="C:\Component\ES400A_TunSelnMngt_Impl-cz7lt6\ES400A_TunSelnMngt_Impl\src\TunSelnMngt.c" Line="1555" Column="64">
</Loc>
<Message>
Minimisation of run-time failures.
</Message>
</Rule>

<Rule Name="11.4" Mode="advisory" Report="warning" Id="76">
<Loc File="C:\Component\ES400A_TunSelnMngt_Impl-cz7lt6\ES400A_TunSelnMngt_Impl\src\TunSelnMngt.c" Line="1577" Column="100">
</Loc>
<Message>
A cast should not be performed between a pointer to object type and a different
pointer to object type.
</Message>
</Rule>

</CodeStruct>

<CodeStruct Name="SwtCalIdx" File="C:\Component\ES400A_TunSelnMngt_Impl-cz7lt6\ES400A_TunSelnMngt_Impl\src\TunSelnMngt.c" Line="1417" Column="12">

<Rule Name="21.1" Mode="required" Report="warning" Id="57">
<Loc File="C:\Component\ES400A_TunSelnMngt_Impl-cz7lt6\ES400A_TunSelnMngt_Impl\src\TunSelnMngt.c" Line="1421" Column="21">
</Loc>
<Message>
Minimisation of run-time failures.
</Message>
</Rule>

<Rule Name="10.1" Mode="required" Report="warning" Id="58">
<Loc File="C:\Component\ES400A_TunSelnMngt_Impl-cz7lt6\ES400A_TunSelnMngt_Impl\src\TunSelnMngt.c" Line="1428" Column="62">
</Loc>
<Message>
Implicit conversion of the expression of underlying type 'unsigned int' to the
type 'unsigned short' that is not a wider integer type of the same signedness.
</Message>
</Rule>

<Rule Name="21.1" Mode="required" Report="warning" Id="59">
<Loc File="C:\Component\ES400A_TunSelnMngt_Impl-cz7lt6\ES400A_TunSelnMngt_Impl\src\TunSelnMngt.c" Line="1431" Column="16">
</Loc>
<Message>
Minimisation of run-time failures.
</Message>
</Rule>

<Rule Name="21.1" Mode="required" Report="warning" Id="60">
<Loc File="C:\Component\ES400A_TunSelnMngt_Impl-cz7lt6\ES400A_TunSelnMngt_Impl\src\TunSelnMngt.c" Line="1431" Column="85">
</Loc>
<Message>
Minimisation of run-time failures.
</Message>
</Rule>

<Rule Name="21.1" Mode="required" Report="warning" Id="61">
<Loc File="C:\Component\ES400A_TunSelnMngt_Impl-cz7lt6\ES400A_TunSelnMngt_Impl\src\TunSelnMngt.c" Line="1434" Column="4">
</Loc>
<Message>
Minimisation of run-time failures.
</Message>
</Rule>

<Rule Name="21.1" Mode="required" Report="warning" Id="62">
<Loc File="C:\Component\ES400A_TunSelnMngt_Impl-cz7lt6\ES400A_TunSelnMngt_Impl\src\TunSelnMngt.c" Line="1434" Column="97">
</Loc>
<Message>
Minimisation of run-time failures.
</Message>
</Rule>

<Rule Name="21.1" Mode="required" Report="warning" Id="63">
<Loc File="C:\Component\ES400A_TunSelnMngt_Impl-cz7lt6\ES400A_TunSelnMngt_Impl\src\TunSelnMngt.c" Line="1434" Column="99">
</Loc>
<Message>
Minimisation of run-time failures.
</Message>
</Rule>

</CodeStruct>

<CodeStruct Name="CopyCalPageReq_Oper" File="C:\Component\ES400A_TunSelnMngt_Impl-cz7lt6\ES400A_TunSelnMngt_Impl\src\TunSelnMngt.c" Line="744" Column="15">

<Rule Name="21.1" Mode="required" Report="warning" Id="50">
<Loc File="C:\Component\ES400A_TunSelnMngt_Impl-cz7lt6\ES400A_TunSelnMngt_Impl\src\TunSelnMngt.c" Line="757" Column="9">
</Loc>
<Message>
Minimisation of run-time failures.
</Message>
</Rule>

<Rule Name="21.1" Mode="required" Report="warning" Id="51">
<Loc File="C:\Component\ES400A_TunSelnMngt_Impl-cz7lt6\ES400A_TunSelnMngt_Impl\src\TunSelnMngt.c" Line="757" Column="31">
</Loc>
<Message>
Minimisation of run-time failures.
</Message>
</Rule>

<Rule Name="21.1" Mode="required" Report="warning" Id="52">
<Loc File="C:\Component\ES400A_TunSelnMngt_Impl-cz7lt6\ES400A_TunSelnMngt_Impl\src\TunSelnMngt.c" Line="758" Column="9">
</Loc>
<Message>
Minimisation of run-time failures.
</Message>
</Rule>

<Rule Name="21.1" Mode="required" Report="warning" Id="53">
<Loc File="C:\Component\ES400A_TunSelnMngt_Impl-cz7lt6\ES400A_TunSelnMngt_Impl\src\TunSelnMngt.c" Line="758" Column="63">
</Loc>
<Message>
Minimisation of run-time failures.
</Message>
</Rule>

<Rule Name="21.1" Mode="required" Report="warning" Id="54">
<Loc File="C:\Component\ES400A_TunSelnMngt_Impl-cz7lt6\ES400A_TunSelnMngt_Impl\src\TunSelnMngt.c" Line="759" Column="9">
</Loc>
<Message>
Minimisation of run-time failures.
</Message>
</Rule>

<Rule Name="21.1" Mode="required" Report="warning" Id="55">
<Loc File="C:\Component\ES400A_TunSelnMngt_Impl-cz7lt6\ES400A_TunSelnMngt_Impl\src\TunSelnMngt.c" Line="759" Column="61">
</Loc>
<Message>
Minimisation of run-time failures.
</Message>
</Rule>

<Rule Name="21.1" Mode="required" Report="warning" Id="56">
<Loc File="C:\Component\ES400A_TunSelnMngt_Impl-cz7lt6\ES400A_TunSelnMngt_Impl\src\TunSelnMngt.c" Line="760" Column="9">
</Loc>
<Message>
Minimisation of run-time failures.
</Message>
</Rule>

</CodeStruct>

<CodeStruct Name="TunSelnMngtPer1" File="C:\Component\ES400A_TunSelnMngt_Impl-cz7lt6\ES400A_TunSelnMngt_Impl\src\TunSelnMngt.c" Line="1281" Column="5">

<Rule Name="21.1" Mode="required" Report="warning" Id="79">
<Loc File="C:\Component\ES400A_TunSelnMngt_Impl-cz7lt6\ES400A_TunSelnMngt_Impl\src\TunSelnMngt.c" Line="1300" Column="78">
</Loc>
<Message>
Minimisation of run-time failures.
</Message>
</Rule>

<Rule Name="21.1" Mode="required" Report="warning" Id="80">
<Loc File="C:\Component\ES400A_TunSelnMngt_Impl-cz7lt6\ES400A_TunSelnMngt_Impl\src\TunSelnMngt.c" Line="1300" Column="100">
</Loc>
<Message>
Minimisation of run-time failures.
</Message>
</Rule>

<Rule Name="11.4" Mode="advisory" Report="warning" Id="81">
<Loc File="C:\Component\ES400A_TunSelnMngt_Impl-cz7lt6\ES400A_TunSelnMngt_Impl\src\TunSelnMngt.c" Line="1300" Column="117">
</Loc>
<Message>
A cast should not be performed between a pointer to object type and a different
pointer to object type.
</Message>
</Rule>

<Rule Name="9.1" Mode="required" Report="warning" Id="82">
<Loc File="C:\Component\ES400A_TunSelnMngt_Impl-cz7lt6\ES400A_TunSelnMngt_Impl\src\TunSelnMngt.c" Line="1305" Column="8">
</Loc>
<Message>
All automatic variables shall have been assigned a value before being used.
</Message>
</Rule>

<Rule Name="21.1" Mode="required" Report="warning" Id="83">
<Loc File="C:\Component\ES400A_TunSelnMngt_Impl-cz7lt6\ES400A_TunSelnMngt_Impl\src\TunSelnMngt.c" Line="1305" Column="40">
</Loc>
<Message>
Minimisation of run-time failures.
</Message>
</Rule>

<Rule Name="21.1" Mode="required" Report="warning" Id="84">
<Loc File="C:\Component\ES400A_TunSelnMngt_Impl-cz7lt6\ES400A_TunSelnMngt_Impl\src\TunSelnMngt.c" Line="1321" Column="9">
</Loc>
<Message>
Minimisation of run-time failures.
</Message>
</Rule>

<Rule Name="21.1" Mode="required" Report="warning" Id="85">
<Loc File="C:\Component\ES400A_TunSelnMngt_Impl-cz7lt6\ES400A_TunSelnMngt_Impl\src\TunSelnMngt.c" Line="1331" Column="97">
</Loc>
<Message>
Minimisation of run-time failures.
</Message>
</Rule>

<Rule Name="21.1" Mode="required" Report="warning" Id="86">
<Loc File="C:\Component\ES400A_TunSelnMngt_Impl-cz7lt6\ES400A_TunSelnMngt_Impl\src\TunSelnMngt.c" Line="1348" Column="16">
</Loc>
<Message>
Minimisation of run-time failures.
</Message>
</Rule>

<Rule Name="9.1" Mode="required" Report="warning" Id="87">
<Loc File="C:\Component\ES400A_TunSelnMngt_Impl-cz7lt6\ES400A_TunSelnMngt_Impl\src\TunSelnMngt.c" Line="1348" Column="62">
</Loc>
<Message>
All automatic variables shall have been assigned a value before being used.
</Message>
</Rule>

<Rule Name="21.1" Mode="required" Report="warning" Id="88">
<Loc File="C:\Component\ES400A_TunSelnMngt_Impl-cz7lt6\ES400A_TunSelnMngt_Impl\src\TunSelnMngt.c" Line="1349" Column="64">
</Loc>
<Message>
Minimisation of run-time failures.
</Message>
</Rule>

<Rule Name="21.1" Mode="required" Report="warning" Id="89">
<Loc File="C:\Component\ES400A_TunSelnMngt_Impl-cz7lt6\ES400A_TunSelnMngt_Impl\src\TunSelnMngt.c" Line="1349" Column="66">
</Loc>
<Message>
Minimisation of run-time failures.
</Message>
</Rule>

<Rule Name="21.1" Mode="required" Report="warning" Id="90">
<Loc File="C:\Component\ES400A_TunSelnMngt_Impl-cz7lt6\ES400A_TunSelnMngt_Impl\src\TunSelnMngt.c" Line="1349" Column="140">
</Loc>
<Message>
Minimisation of run-time failures.
</Message>
</Rule>

<Rule Name="9.1" Mode="required" Report="warning" Id="91">
<Loc File="C:\Component\ES400A_TunSelnMngt_Impl-cz7lt6\ES400A_TunSelnMngt_Impl\src\TunSelnMngt.c" Line="1353" Column="47">
</Loc>
<Message>
All automatic variables shall have been assigned a value before being used.
</Message>
</Rule>

<Rule Name="21.1" Mode="required" Report="warning" Id="92">
<Loc File="C:\Component\ES400A_TunSelnMngt_Impl-cz7lt6\ES400A_TunSelnMngt_Impl\src\TunSelnMngt.c" Line="1367" Column="16">
</Loc>
<Message>
Minimisation of run-time failures.
</Message>
</Rule>

<Rule Name="21.1" Mode="required" Report="warning" Id="93">
<Loc File="C:\Component\ES400A_TunSelnMngt_Impl-cz7lt6\ES400A_TunSelnMngt_Impl\src\TunSelnMngt.c" Line="1386" Column="47">
</Loc>
<Message>
Minimisation of run-time failures.
</Message>
</Rule>

</CodeStruct>

<CodeStruct Name="MemCopy8Bit" File="C:\Component\ES400A_TunSelnMngt_Impl-cz7lt6\ES400A_TunSelnMngt_Impl\src\TunSelnMngt.c" Line="1630" Column="12">

<Rule Name="21.1" Mode="required" Report="warning" Id="94">
<Loc File="C:\Component\ES400A_TunSelnMngt_Impl-cz7lt6\ES400A_TunSelnMngt_Impl\src\TunSelnMngt.c" Line="1640" Column="33">
</Loc>
<Message>
Minimisation of run-time failures.
</Message>
</Rule>

<Rule Name="21.1" Mode="required" Report="warning" Id="95">
<Loc File="C:\Component\ES400A_TunSelnMngt_Impl-cz7lt6\ES400A_TunSelnMngt_Impl\src\TunSelnMngt.c" Line="1640" Column="67">
</Loc>
<Message>
Minimisation of run-time failures.
</Message>
</Rule>

</CodeStruct>

<CodeStruct Name="OnlineTunRamAdrMpg_Oper" File="C:\Component\ES400A_TunSelnMngt_Impl-cz7lt6\ES400A_TunSelnMngt_Impl\src\TunSelnMngt.c" Line="927" Column="15">

<Rule Name="21.1" Mode="required" Report="warning" Id="96">
<Loc File="C:\Component\ES400A_TunSelnMngt_Impl-cz7lt6\ES400A_TunSelnMngt_Impl\src\TunSelnMngt.c" Line="940" Column="4">
</Loc>
<Message>
Minimisation of run-time failures.
</Message>
</Rule>

<Rule Name="21.1" Mode="required" Report="warning" Id="97">
<Loc File="C:\Component\ES400A_TunSelnMngt_Impl-cz7lt6\ES400A_TunSelnMngt_Impl\src\TunSelnMngt.c" Line="945" Column="36">
</Loc>
<Message>
Minimisation of run-time failures.
</Message>
</Rule>

<Rule Name="21.1" Mode="required" Report="warning" Id="98">
<Loc File="C:\Component\ES400A_TunSelnMngt_Impl-cz7lt6\ES400A_TunSelnMngt_Impl\src\TunSelnMngt.c" Line="945" Column="60">
</Loc>
<Message>
Minimisation of run-time failures.
</Message>
</Rule>

<Rule Name="21.1" Mode="required" Report="warning" Id="99">
<Loc File="C:\Component\ES400A_TunSelnMngt_Impl-cz7lt6\ES400A_TunSelnMngt_Impl\src\TunSelnMngt.c" Line="945" Column="62">
</Loc>
<Message>
Minimisation of run-time failures.
</Message>
</Rule>

<Rule Name="11.3" Mode="advisory" Report="warning" Id="100">
<Loc File="C:\Component\ES400A_TunSelnMngt_Impl-cz7lt6\ES400A_TunSelnMngt_Impl\src\TunSelnMngt.c" Line="952" Column="37">
</Loc>
<Message>
A cast should not be performed between a pointer type and an integral type.
</Message>
</Rule>

<Rule Name="21.1" Mode="required" Report="warning" Id="101">
<Loc File="C:\Component\ES400A_TunSelnMngt_Impl-cz7lt6\ES400A_TunSelnMngt_Impl\src\TunSelnMngt.c" Line="952" Column="64">
</Loc>
<Message>
Minimisation of run-time failures.
</Message>
</Rule>

<Rule Name="11.3" Mode="advisory" Report="warning" Id="102">
<Loc File="C:\Component\ES400A_TunSelnMngt_Impl-cz7lt6\ES400A_TunSelnMngt_Impl\src\TunSelnMngt.c" Line="953" Column="37">
</Loc>
<Message>
A cast should not be performed between a pointer type and an integral type.
</Message>
</Rule>

<Rule Name="11.3" Mode="advisory" Report="warning" Id="103">
<Loc File="C:\Component\ES400A_TunSelnMngt_Impl-cz7lt6\ES400A_TunSelnMngt_Impl\src\TunSelnMngt.c" Line="957" Column="53">
</Loc>
<Message>
A cast should not be performed between a pointer type and an integral type.
</Message>
</Rule>

<Rule Name="11.3" Mode="advisory" Report="warning" Id="104">
<Loc File="C:\Component\ES400A_TunSelnMngt_Impl-cz7lt6\ES400A_TunSelnMngt_Impl\src\TunSelnMngt.c" Line="958" Column="36">
</Loc>
<Message>
A cast should not be performed between a pointer type and an integral type.
</Message>
</Rule>

</CodeStruct>

</MISRA-C-Report>
