<?xml version="1.0" encoding="UTF-8"?>

<MISRA-C-Report version="1.3">


<CodeStruct Name="" File="C:\Component\ES008A_PwrSply_Impl\src\PwrSply.c" Line="0" Column="0">

<Rule Name="19.1" Mode="advisory" Report="warning" Id="1">
<Loc File="C:\Component\ES008A_PwrSply_Impl\src\PwrSply.c" Line="677" Column="0">
</Loc>
<Message>
#include statements in a file shall only be preceded by other preprocessor directives or comments.
</Message>
</Rule>

<Rule Name="19.1" Mode="advisory" Report="warning" Id="2">
<Loc File="C:\Component\ES008A_PwrSply_Impl\src\PwrSply.c" Line="955" Column="0">
</Loc>
<Message>
#include statements in a file shall only be preceded by other preprocessor directives or comments.
</Message>
</Rule>

<Rule Name="19.1" Mode="advisory" Report="warning" Id="3">
<Loc File="C:\Component\ES008A_PwrSply_Impl\src\PwrSply.c" Line="962" Column="0">
</Loc>
<Message>
#include statements in a file shall only be preceded by other preprocessor directives or comments.
</Message>
</Rule>

<Rule Name="1.1" Mode="required" Report="warning" Id="4">
<Loc File="C:\Component\ES008A_PwrSply_Impl\src\PwrSply.c" Line="971" Column="21">
</Loc>
<Message>
All code shall conform to ISO 9899:1990 Programming languages  C,
amended and corrected by ISO/IEC 9899/COR1:1995, ISO/IEC 9899/AMD1:1995,
and ISO/IEC 9899/COR2:1996.
Keyword 'inline' should not be used.
</Message>
</Rule>

<Rule Name="19.1" Mode="advisory" Report="warning" Id="5">
<Loc File="C:\Component\ES008A_PwrSply_Impl\src\PwrSply.c" Line="985" Column="0">
</Loc>
<Message>
#include statements in a file shall only be preceded by other preprocessor directives or comments.
</Message>
</Rule>

</CodeStruct>

<CodeStruct Name="PwrSplyPer1" File="C:\Component\ES008A_PwrSply_Impl\src\PwrSply.c" Line="732" Column="5">

<Rule Name="9.1" Mode="required" Report="warning" Id="6">
<Loc File="C:\Component\ES008A_PwrSply_Impl\src\PwrSply.c" Line="758" Column="14">
</Loc>
<Message>
All automatic variables shall have been assigned a value before being used.
</Message>
</Rule>

<Rule Name="21.1" Mode="required" Report="warning" Id="7">
<Loc File="C:\Component\ES008A_PwrSply_Impl\src\PwrSply.c" Line="759" Column="13">
</Loc>
<Message>
Minimisation of run-time failures.
</Message>
</Rule>

<Rule Name="21.1" Mode="required" Report="warning" Id="8">
<Loc File="C:\Component\ES008A_PwrSply_Impl\src\PwrSply.c" Line="759" Column="31">
</Loc>
<Message>
Minimisation of run-time failures.
</Message>
</Rule>

<Rule Name="21.1" Mode="required" Report="warning" Id="9">
<Loc File="C:\Component\ES008A_PwrSply_Impl\src\PwrSply.c" Line="761" Column="20">
</Loc>
<Message>
Minimisation of run-time failures.
</Message>
</Rule>

<Rule Name="21.1" Mode="required" Report="warning" Id="10">
<Loc File="C:\Component\ES008A_PwrSply_Impl\src\PwrSply.c" Line="761" Column="38">
</Loc>
<Message>
Minimisation of run-time failures.
</Message>
</Rule>

<Rule Name="12.4" Mode="required" Report="warning" Id="11">
<Loc File="C:\Component\ES008A_PwrSply_Impl\src\PwrSply.c" Line="764" Column="38">
</Loc>
<Message>
The right hand operand of a logical &amp;&amp; or || operator shall not contain side effects.
</Message>
</Rule>

<Rule Name="21.1" Mode="required" Report="warning" Id="12">
<Loc File="C:\Component\ES008A_PwrSply_Impl\src\PwrSply.c" Line="778" Column="74">
</Loc>
<Message>
Minimisation of run-time failures.
</Message>
</Rule>

<Rule Name="12.4" Mode="required" Report="warning" Id="13">
<Loc File="C:\Component\ES008A_PwrSply_Impl\src\PwrSply.c" Line="785" Column="38">
</Loc>
<Message>
The right hand operand of a logical &amp;&amp; or || operator shall not contain side effects.
</Message>
</Rule>

<Rule Name="9.1" Mode="required" Report="warning" Id="14">
<Loc File="C:\Component\ES008A_PwrSply_Impl\src\PwrSply.c" Line="790" Column="37">
</Loc>
<Message>
All automatic variables shall have been assigned a value before being used.
</Message>
</Rule>

<Rule Name="9.1" Mode="required" Report="warning" Id="15">
<Loc File="C:\Component\ES008A_PwrSply_Impl\src\PwrSply.c" Line="800" Column="37">
</Loc>
<Message>
All automatic variables shall have been assigned a value before being used.
</Message>
</Rule>

<Rule Name="21.1" Mode="required" Report="warning" Id="16">
<Loc File="C:\Component\ES008A_PwrSply_Impl\src\PwrSply.c" Line="815" Column="74">
</Loc>
<Message>
Minimisation of run-time failures.
</Message>
</Rule>

<Rule Name="21.1" Mode="required" Report="warning" Id="17">
<Loc File="C:\Component\ES008A_PwrSply_Impl\src\PwrSply.c" Line="829" Column="13">
</Loc>
<Message>
Minimisation of run-time failures.
</Message>
</Rule>

<Rule Name="21.1" Mode="required" Report="warning" Id="18">
<Loc File="C:\Component\ES008A_PwrSply_Impl\src\PwrSply.c" Line="829" Column="31">
</Loc>
<Message>
Minimisation of run-time failures.
</Message>
</Rule>

<Rule Name="21.1" Mode="required" Report="warning" Id="19">
<Loc File="C:\Component\ES008A_PwrSply_Impl\src\PwrSply.c" Line="831" Column="20">
</Loc>
<Message>
Minimisation of run-time failures.
</Message>
</Rule>

<Rule Name="12.4" Mode="required" Report="warning" Id="20">
<Loc File="C:\Component\ES008A_PwrSply_Impl\src\PwrSply.c" Line="834" Column="38">
</Loc>
<Message>
The right hand operand of a logical &amp;&amp; or || operator shall not contain side effects.
</Message>
</Rule>

<Rule Name="12.4" Mode="required" Report="warning" Id="21">
<Loc File="C:\Component\ES008A_PwrSply_Impl\src\PwrSply.c" Line="835" Column="38">
</Loc>
<Message>
The right hand operand of a logical &amp;&amp; or || operator shall not contain side effects.
</Message>
</Rule>

<Rule Name="21.1" Mode="required" Report="warning" Id="22">
<Loc File="C:\Component\ES008A_PwrSply_Impl\src\PwrSply.c" Line="849" Column="74">
</Loc>
<Message>
Minimisation of run-time failures.
</Message>
</Rule>

<Rule Name="12.4" Mode="required" Report="warning" Id="23">
<Loc File="C:\Component\ES008A_PwrSply_Impl\src\PwrSply.c" Line="856" Column="38">
</Loc>
<Message>
The right hand operand of a logical &amp;&amp; or || operator shall not contain side effects.
</Message>
</Rule>

<Rule Name="12.4" Mode="required" Report="warning" Id="24">
<Loc File="C:\Component\ES008A_PwrSply_Impl\src\PwrSply.c" Line="857" Column="38">
</Loc>
<Message>
The right hand operand of a logical &amp;&amp; or || operator shall not contain side effects.
</Message>
</Rule>

<Rule Name="9.1" Mode="required" Report="warning" Id="25">
<Loc File="C:\Component\ES008A_PwrSply_Impl\src\PwrSply.c" Line="867" Column="37">
</Loc>
<Message>
All automatic variables shall have been assigned a value before being used.
</Message>
</Rule>

<Rule Name="9.1" Mode="required" Report="warning" Id="26">
<Loc File="C:\Component\ES008A_PwrSply_Impl\src\PwrSply.c" Line="893" Column="68">
</Loc>
<Message>
All automatic variables shall have been assigned a value before being used.
</Message>
</Rule>

<Rule Name="9.1" Mode="required" Report="warning" Id="27">
<Loc File="C:\Component\ES008A_PwrSply_Impl\src\PwrSply.c" Line="918" Column="68">
</Loc>
<Message>
All automatic variables shall have been assigned a value before being used.
</Message>
</Rule>

<Rule Name="21.1" Mode="required" Report="warning" Id="28">
<Loc File="C:\Component\ES008A_PwrSply_Impl\src\PwrSply.c" Line="937" Column="74">
</Loc>
<Message>
Minimisation of run-time failures.
</Message>
</Rule>

</CodeStruct>

<CodeStruct Name="PwrSplyInit1" File="C:\Component\ES008A_PwrSply_Impl\src\PwrSply.c" Line="689" Column="5">

<Rule Name="21.1" Mode="required" Report="warning" Id="29">
<Loc File="C:\Component\ES008A_PwrSply_Impl\src\PwrSply.c" Line="696" Column="8">
</Loc>
<Message>
Minimisation of run-time failures.
</Message>
</Rule>

<Rule Name="21.1" Mode="required" Report="warning" Id="30">
<Loc File="C:\Component\ES008A_PwrSply_Impl\src\PwrSply.c" Line="696" Column="26">
</Loc>
<Message>
Minimisation of run-time failures.
</Message>
</Rule>

<Rule Name="21.1" Mode="required" Report="warning" Id="31">
<Loc File="C:\Component\ES008A_PwrSply_Impl\src\PwrSply.c" Line="697" Column="8">
</Loc>
<Message>
Minimisation of run-time failures.
</Message>
</Rule>

<Rule Name="21.1" Mode="required" Report="warning" Id="32">
<Loc File="C:\Component\ES008A_PwrSply_Impl\src\PwrSply.c" Line="698" Column="8">
</Loc>
<Message>
Minimisation of run-time failures.
</Message>
</Rule>

</CodeStruct>

</MISRA-C-Report>
