<?xml version="1.0" encoding="UTF-8"?>

<MISRA-C-Report version="1.3">


<CodeStruct Name="" File="C:\Users\nz3541\Documents\SynergyWorkingEA4\ES209B_CurrMeasCorrln_Impl\src\CurrMeasCorrln.c" Line="0" Column="0">

<Rule Name="19.1" Mode="advisory" Report="warning" Id="1">
<Loc File="C:\Users\nz3541\Documents\SynergyWorkingEA4\ES209B_CurrMeasCorrln_Impl\src\CurrMeasCorrln.c" Line="713" Column="0">
</Loc>
<Message>
#include statements in a file shall only be preceded by other preprocessor directives or comments.
</Message>
</Rule>

<Rule Name="19.1" Mode="advisory" Report="warning" Id="2">
<Loc File="C:\Users\nz3541\Documents\SynergyWorkingEA4\ES209B_CurrMeasCorrln_Impl\src\CurrMeasCorrln.c" Line="925" Column="0">
</Loc>
<Message>
#include statements in a file shall only be preceded by other preprocessor directives or comments.
</Message>
</Rule>

<Rule Name="5.1" Mode="required" Report="warning" Id="3">
<Loc File="C:\Users\nz3541\Documents\SynergyWorkingEA4\ES209B_CurrMeasCorrln_Impl\src\CurrMeasCorrln.c" Line="994" Column="35">
</Loc>
<Message>
Identifiers "CurrMeasLongTermCorrlnStsVldABC_Cnt_T_logl" (CurrMeasCorrln.c line 994 column 35) and "CurrMeasLongTermCorrlnStsVldABC_Cnt_T_logl" (CurrMeasCorrln.c line 126 column 35) have the same first 42 characters.
</Message>
</Rule>

</CodeStruct>

<CodeStruct Name="CurrMeasCorrlnPer1" File="C:\Users\nz3541\Documents\SynergyWorkingEA4\ES209B_CurrMeasCorrln_Impl\src\CurrMeasCorrln.c" Line="802" Column="5">

<Rule Name="5.1" Mode="required" Report="warning" Id="4">
<Loc File="C:\Users\nz3541\Documents\SynergyWorkingEA4\ES209B_CurrMeasCorrln_Impl\src\CurrMeasCorrln.c" Line="826" Column="24">
</Loc>
<Message>
Identifiers "CurrMeasLongTermCorrlnStsVldABC_Cnt_T_logl" (CurrMeasCorrln.c line 126 column 35) and "CurrMeasLongTermCorrlnStsVldABC_Cnt_T_logl" (CurrMeasCorrln.c line 826 column 24) have the same first 42 characters.
</Message>
</Rule>

<Rule Name="5.1" Mode="required" Report="warning" Id="5">
<Loc File="C:\Users\nz3541\Documents\SynergyWorkingEA4\ES209B_CurrMeasCorrln_Impl\src\CurrMeasCorrln.c" Line="994" Column="35">
</Loc>
<Message>
Identifiers "CurrMeasLongTermCorrlnStsVldABC_Cnt_T_logl" (CurrMeasCorrln.c line 994 column 35) and "CurrMeasLongTermCorrlnStsVldABC_Cnt_T_logl" (CurrMeasCorrln.c line 826 column 24) have the same first 42 characters.
</Message>
</Rule>

</CodeStruct>

<CodeStruct Name="CurrMeasCorrlnChk" File="C:\Users\nz3541\Documents\SynergyWorkingEA4\ES209B_CurrMeasCorrln_Impl\src\CurrMeasCorrln.c" Line="990" Column="16">

<Rule Name="5.1" Mode="required" Report="warning" Id="6">
<Loc File="C:\Users\nz3541\Documents\SynergyWorkingEA4\ES209B_CurrMeasCorrln_Impl\src\CurrMeasCorrln.c" Line="997" Column="16">
</Loc>
<Message>
Identifiers "CurrMeasImdtCorrlnStsVldABC_Cnt_T_logl" (CurrMeasCorrln.c line 825 column 24) and "CurrMeasImdtCorrlnStsVldABC_Cnt_T_logl" (CurrMeasCorrln.c line 997 column 16) have the same first 38 characters.
</Message>
</Rule>

</CodeStruct>

</MISRA-C-Report>
