<?xml version="1.0" encoding="UTF-8"?>
<MISRA-C-Report-Summary>
<File Mode="advisory" Error="0" Warning="2" Total="2">
<Name>
C:\Users\nz3541\Documents\SynergyWorkingEA4\ES209B_CurrMeasCorrln_Impl\src\CurrMeasCorrln.c</Name>
</File>
<File Mode="required" Error="0" Warning="4" Total="4">
<Name>
C:\Users\nz3541\Documents\SynergyWorkingEA4\ES209B_CurrMeasCorrln_Impl\src\CurrMeasCorrln.c</Name>
</File>
<Rule Name="5.1" Count="4" Mode="required" Severity="warning">
<Message>
</Message>
</Rule>
<Rule Name="19.1" Count="2" Mode="advisory" Severity="warning">
<Message>
#include statements in a file shall only be preceded by other preprocessor directives or comments.</Message>
</Rule>
</MISRA-C-Report-Summary>
