<?xml version="1.0" encoding="UTF-8"?>

<project name="Polyspace" files="3" includes="21" ap_cg_cycle="0" ap_cg_direct_cycle="0" pshv="0" unpshv="0">
<file name="C:\_Synergy_Projects\Working\MM072A_FordMsg3B3BusHiSpd_Impl\tools\local\generate\Rte_Stubs.c" total_lines="48" lines_without_cmt="26" comf="17" fco="-1">
<function name="Rte_Stub" path="1" goto="0" vg="1" calling="0" calls="2" param="0" stmt="2" level="1" return="0" vocf="1.7" flin="2" fxln="2" ncalls="2">
</function>
<function name="Rte_Call_FordMsg3B3BusHiSpd_SetNtcSts_Oper" path="1" goto="0" vg="1" calling="2" calls="0" param="4" stmt="5" level="1" return="1" vocf="1.6" flin="5" fxln="5" ncalls="0">
</function>
<function name="Rte_Call_FordMsg3B3BusHiSpd_GetTiSpan100MicroSec32bit_Oper" path="1" goto="0" vg="1" calling="3" calls="0" param="2" stmt="3" level="1" return="1" vocf="1.6" flin="3" fxln="3" ncalls="0">
</function>
<function name="Rte_Call_FordMsg3B3BusHiSpd_GetRefTmr100MicroSec32bit_Oper" path="1" goto="0" vg="1" calling="4" calls="0" param="1" stmt="2" level="1" return="1" vocf="1.4" flin="2" fxln="2" ncalls="0">
</function>
</file>
<file name="C:\_Synergy_Projects\Working\MM072A_FordMsg3B3BusHiSpd_Impl\src\FordMsg3B3BusHiSpdNonRte.c" total_lines="75" lines_without_cmt="18" comf="100" fco="-1">
<function name="ComTimeoutNotification_Ignition_Status_Oper" path="1" goto="0" vg="1" calling="0" calls="0" param="0" stmt="2" level="1" return="0" vocf="1.6" flin="10" fxln="2" ncalls="0">
</function>
<function name="ComIPduCallout_BodyInfo_3_HS2_Oper" path="1" goto="0" vg="1" calling="0" calls="0" param="2" stmt="3" level="1" return="1" vocf="1.5" flin="12" fxln="3" ncalls="0">
</function>
</file>
<file name="C:\_Synergy_Projects\Working\MM072A_FordMsg3B3BusHiSpd_Impl\src\FordMsg3B3BusHiSpd.c" total_lines="1266" lines_without_cmt="342" comf="38" fco="41">
<function name="ElpdTi" path="4" goto="0" vg="3" calling="1" calls="1" param="2" stmt="8" level="1" return="0" vocf="4.0" flin="22" fxln="10" ncalls="2">
</function>
<function name="OutpProcg" path="10" goto="0" vg="6" calling="1" calls="2" param="6" stmt="18" level="3" return="0" vocf="5.3" flin="59" fxln="25" ncalls="3">
</function>
<function name="MsgPrsnt" path="15" goto="0" vg="7" calling="1" calls="4" param="8" stmt="24" level="3" return="0" vocf="7.7" flin="60" fxln="32" ncalls="17">
</function>
<function name="MissMsgDetermination" path="6" goto="0" vg="4" calling="1" calls="3" param="5" stmt="18" level="2" return="0" vocf="5.5" flin="41" fxln="20" ncalls="11">
</function>
<function name="DiagEna" path="4" goto="0" vg="3" calling="1" calls="0" param="8" stmt="7" level="1" return="0" vocf="5.1" flin="30" fxln="17" ncalls="0">
</function>
<function name="FordMsg3B3BusHiSpdPer1" path="6" goto="0" vg="4" calling="1" calls="7" param="0" stmt="30" level="2" return="0" vocf="6.1" flin="106" fxln="49" ncalls="7">
</function>
<function name="FordMsg3B3BusHiSpdInit1" path="1" goto="0" vg="1" calling="1" calls="1" param="0" stmt="8" level="1" return="0" vocf="4.6" flin="17" fxln="8" ncalls="7">
</function>
</file>
</project>
