<?xml version="1.0" encoding="UTF-8"?>
<!--EDRS Version 2.0-->
<global>
   <file name="C:\\Component\\AR100A_NxtrMath_Impl\\include\\NxtrMath.h" comment="">
      <function name="Exp_f32" comment="" line="609" main_generator_called="MAIN_GENERATOR" attributes="static">
         <scalar name="arg1" comment="" line="609" base_type="float32" attributes="static" complete_type="float32" init_mode="MAIN_GENERATOR" init_modes_allowed="10" init_range="" global_assert="unsupported" assert_range="unsupported"/>
         <scalar name="return" comment="" line="609" base_type="float32" attributes="static" complete_type="float32" init_mode="disabled" init_range="disabled" global_assert="unsupported" assert_range="unsupported"/>
      </function>
      <function name="Lim_f32" comment="" line="557" main_generator_called="MAIN_GENERATOR" attributes="static">
         <scalar name="arg1" comment="" line="557" base_type="float32" attributes="static" complete_type="float32" init_mode="MAIN_GENERATOR" init_modes_allowed="10" init_range="" global_assert="unsupported" assert_range="unsupported"/>
         <scalar name="arg2" comment="" line="557" base_type="float32" attributes="static" complete_type="float32" init_mode="MAIN_GENERATOR" init_modes_allowed="10" init_range="" global_assert="unsupported" assert_range="unsupported"/>
         <scalar name="arg3" comment="" line="557" base_type="float32" attributes="static" complete_type="float32" init_mode="MAIN_GENERATOR" init_modes_allowed="10" init_range="" global_assert="unsupported" assert_range="unsupported"/>
         <scalar name="return" comment="" line="557" base_type="float32" attributes="static" complete_type="float32" init_mode="disabled" init_range="disabled" global_assert="unsupported" assert_range="unsupported"/>
      </function>
      <function name="Sqrt_f32" comment="" line="621" main_generator_called="MAIN_GENERATOR" attributes="static">
         <scalar name="arg1" comment="" line="621" base_type="float32" attributes="static" complete_type="float32" init_mode="MAIN_GENERATOR" init_modes_allowed="10" init_range="" global_assert="unsupported" assert_range="unsupported"/>
         <scalar name="return" comment="" line="621" base_type="float32" attributes="static" complete_type="float32" init_mode="disabled" init_range="disabled" global_assert="unsupported" assert_range="unsupported"/>
      </function>
   </file>
   <file name="C:\\Component\\AR104A_NxtrFil_Impl\\include\\NxtrFil.h" comment="">
      <function name="FilHpUpdGain" comment="" line="150" main_generator_called="MAIN_GENERATOR" attributes="static">
         <scalar name="arg1" comment="" line="150" base_type="float32" attributes="static" complete_type="float32" init_mode="MAIN_GENERATOR" init_modes_allowed="10" init_range="" global_assert="unsupported" assert_range="unsupported"/>
         <scalar name="arg2" comment="" line="150" base_type="float32" attributes="static" complete_type="float32" init_mode="MAIN_GENERATOR" init_modes_allowed="10" init_range="" global_assert="unsupported" assert_range="unsupported"/>
      </function>
      <function name="FilLpInit" comment="" line="125" main_generator_called="MAIN_GENERATOR" attributes="static">
         <scalar name="arg1" comment="" line="125" base_type="float32" attributes="static" complete_type="float32" init_mode="MAIN_GENERATOR" init_modes_allowed="10" init_range="" global_assert="unsupported" assert_range="unsupported"/>
         <scalar name="arg2" comment="" line="125" base_type="float32" attributes="static" complete_type="float32" init_mode="MAIN_GENERATOR" init_modes_allowed="10" init_range="" global_assert="unsupported" assert_range="unsupported"/>
         <scalar name="arg3" comment="" line="125" base_type="float32" attributes="static" complete_type="float32" init_mode="MAIN_GENERATOR" init_modes_allowed="10" init_range="" global_assert="unsupported" assert_range="unsupported"/>
      </function>
      <function name="FilLpUpdGain" comment="" line="82" main_generator_called="MAIN_GENERATOR" attributes="static">
         <scalar name="arg1" comment="" line="82" base_type="float32" attributes="static" complete_type="float32" init_mode="MAIN_GENERATOR" init_modes_allowed="10" init_range="" global_assert="unsupported" assert_range="unsupported"/>
         <scalar name="arg2" comment="" line="82" base_type="float32" attributes="static" complete_type="float32" init_mode="MAIN_GENERATOR" init_modes_allowed="10" init_range="" global_assert="unsupported" assert_range="unsupported"/>
      </function>
      <function name="FilLpUpdOutp_f32" comment="" line="103" main_generator_called="MAIN_GENERATOR" attributes="static">
         <scalar name="arg1" comment="" line="103" base_type="float32" attributes="static" complete_type="float32" init_mode="MAIN_GENERATOR" init_modes_allowed="10" init_range="" global_assert="unsupported" assert_range="unsupported"/>
         <scalar name="return" comment="" line="103" base_type="float32" attributes="static" complete_type="float32" init_mode="disabled" init_range="disabled" global_assert="unsupported" assert_range="unsupported"/>
      </function>
   </file>
   <file name="C:\\Component\\SF108A_MotCurrPeakEstimn_Impl\\src\\MotCurrPeakEstimn.c" comment="">
      <function name="MotCurrPeakEstimnInit1" comment="" line="132" main_generator_called="MAIN_GENERATOR"/>
      <function name="MotCurrPeakEstimnPer1" comment="" line="193" main_generator_called="MAIN_GENERATOR"/>
      <function name="MotCurrPeakEstimnPer2" comment="" line="322" main_generator_called="MAIN_GENERATOR"/>
   </file>
   <file name="C:\\Component\\SF108A_MotCurrPeakEstimn_Impl\\tools\\local\\generate\\Rte_MotCurrPeakEstimn.h" comment="">
      <pointer name="Rte_Inst_MotCurrPeakEstimn" comment="" line="64" attributes="extern const" complete_type="const struct Rte_CDS_MotCurrPeakEstimn *" init_mode="MAIN_GENERATOR" init_modes_allowed="2" initialize_pointer="Not NULL" number_allocated="max" init_pointed="MULTI"/>
      <function name="Rte_IrvRead_MotCurrPeakEstimn_MotCurrPeakEstimnPer2_MotCurrEstimd" comment="" line="103" main_generator_called="disabled" attributes="extern">
         <scalar name="return" comment="" line="103" base_type="float32" complete_type="float32" init_mode="PERMANENT" init_modes_allowed="4" init_range="min..max" global_assert="unsupported" assert_range="unsupported"/>
      </function>
      <function name="Rte_IrvWrite_MotCurrPeakEstimn_MotCurrPeakEstimnPer1_MotCurrEstimd" comment="" line="102" main_generator_called="disabled" attributes="extern">
         <scalar name="arg1" comment="" line="102" base_type="float32" complete_type="float32" init_mode="disabled" init_range="disabled" global_assert="unsupported" assert_range="unsupported"/>
      </function>
      <function name="Rte_Prm_MotCurrPeakEstimn_MotCurrPeakEstimnCurrFilFrq_Val" comment="" line="100" main_generator_called="disabled" attributes="extern">
         <scalar name="return" comment="" line="100" base_type="float32" complete_type="float32" init_mode="PERMANENT" init_modes_allowed="4" init_range="min..max" global_assert="unsupported" assert_range="unsupported"/>
      </function>
      <function name="Rte_Prm_MotCurrPeakEstimn_MotCurrPeakEstimnCurrPeakEstimdFilFrq_Val" comment="" line="101" main_generator_called="disabled" attributes="extern">
         <scalar name="return" comment="" line="101" base_type="float32" complete_type="float32" init_mode="PERMANENT" init_modes_allowed="4" init_range="min..max" global_assert="unsupported" assert_range="unsupported"/>
      </function>
      <function name="Rte_Read_MotCurrPeakEstimn_DualEcuMotCtrlMtgtnEna_Logl" comment="" line="92" main_generator_called="disabled" attributes="extern">
         <scalar name="return" comment="" line="92" base_type="uint8" complete_type="uint8" init_mode="PERMANENT" init_modes_allowed="4" init_range="min..max" global_assert="unsupported" assert_range="unsupported"/>
      </function>
      <function name="Rte_Read_MotCurrPeakEstimn_MotAndThermProtnLoaMod_Val" comment="" line="93" main_generator_called="disabled" attributes="extern">
         <scalar name="return" comment="" line="93" base_type="uint8" complete_type="uint8" init_mode="PERMANENT" init_modes_allowed="4" init_range="min..max" global_assert="unsupported" assert_range="unsupported"/>
      </function>
      <function name="Rte_Read_MotCurrPeakEstimn_MotCurrDaxCmd_Val" comment="" line="95" main_generator_called="disabled" attributes="extern">
         <scalar name="return" comment="" line="95" base_type="uint8" complete_type="uint8" init_mode="PERMANENT" init_modes_allowed="4" init_range="min..max" global_assert="unsupported" assert_range="unsupported"/>
      </function>
      <function name="Rte_Read_MotCurrPeakEstimn_MotCurrDax_Val" comment="" line="94" main_generator_called="disabled" attributes="extern">
         <scalar name="return" comment="" line="94" base_type="uint8" complete_type="uint8" init_mode="PERMANENT" init_modes_allowed="4" init_range="min..max" global_assert="unsupported" assert_range="unsupported"/>
      </function>
      <function name="Rte_Read_MotCurrPeakEstimn_MotCurrQaxCmd_Val" comment="" line="97" main_generator_called="disabled" attributes="extern">
         <scalar name="return" comment="" line="97" base_type="uint8" complete_type="uint8" init_mode="PERMANENT" init_modes_allowed="4" init_range="min..max" global_assert="unsupported" assert_range="unsupported"/>
      </function>
      <function name="Rte_Read_MotCurrPeakEstimn_MotCurrQax_Val" comment="" line="96" main_generator_called="disabled" attributes="extern">
         <scalar name="return" comment="" line="96" base_type="uint8" complete_type="uint8" init_mode="PERMANENT" init_modes_allowed="4" init_range="min..max" global_assert="unsupported" assert_range="unsupported"/>
      </function>
      <function name="Rte_Write_MotCurrPeakEstimn_MotCurrPeakEstimdFild_Val" comment="" line="99" main_generator_called="disabled" attributes="extern">
         <scalar name="arg1" comment="" line="99" base_type="float32" complete_type="float32" init_mode="disabled" init_range="disabled" global_assert="unsupported" assert_range="unsupported"/>
         <scalar name="return" comment="" line="99" base_type="uint8" complete_type="uint8" init_mode="PERMANENT" init_modes_allowed="4" init_range="min..max" global_assert="unsupported" assert_range="unsupported"/>
      </function>
      <function name="Rte_Write_MotCurrPeakEstimn_MotCurrPeakEstimd_Val" comment="" line="98" main_generator_called="disabled" attributes="extern">
         <scalar name="arg1" comment="" line="98" base_type="float32" complete_type="float32" init_mode="disabled" init_range="disabled" global_assert="unsupported" assert_range="unsupported"/>
         <scalar name="return" comment="" line="98" base_type="uint8" complete_type="uint8" init_mode="PERMANENT" init_modes_allowed="4" init_range="min..max" global_assert="unsupported" assert_range="unsupported"/>
      </function>
   </file>
   <file name="C:\\Component\\TL103A_CplrSuprt\\include\\2013.5.5\\ansi\\math.h" comment="">
      <function name="expf" comment="" line="731" main_generator_called="disabled" attributes="extern">
         <scalar name="arg1" comment="" line="731" base_type="float32" complete_type="float32" init_mode="disabled" init_range="disabled" global_assert="unsupported" assert_range="unsupported"/>
         <scalar name="return" comment="" line="731" base_type="float32" complete_type="float32" init_mode="PERMANENT" init_modes_allowed="4" init_range="min..max" global_assert="unsupported" assert_range="unsupported"/>
      </function>
      <function name="sqrtf" comment="" line="741" main_generator_called="disabled" attributes="extern">
         <scalar name="arg1" comment="" line="741" base_type="float32" complete_type="float32" init_mode="disabled" init_range="disabled" global_assert="unsupported" assert_range="unsupported"/>
         <scalar name="return" comment="" line="741" base_type="float32" complete_type="float32" init_mode="PERMANENT" init_modes_allowed="4" init_range="min..max" global_assert="unsupported" assert_range="unsupported"/>
      </function>
   </file>
</global>
