<?xml version="1.0" encoding="UTF-8"?>
<Navig version="1.0">
<Files>
<F id="1" n="C:\Program Files\MATLAB\R2013b\polyspace\verifier\cxx\cinclude\stdarg.h"/>
<F id="2" n="C:\_EA4SynWrkgCpy\AR201A_ArCplrSuprt_Impl\include\ASR4.0.3\Platform_Types.h"/>
<F id="3" n="C:\_EA4SynWrkgCpy\AR200A_ArSuprt_Impl\include\ASR4.0.3\Std_Types.h"/>
<F id="4" n="C:\_EA4SynWrkgCpy\ES248A_MotAgArbn_Impl\tools\local\generate\Rte_CDD_MotAgArbn.h"/>
<F id="5" n="C:\_EA4SynWrkgCpy\ES248A_MotAgArbn_Impl\src\CDD_MotAgArbn.c"/>
<F id="6" n="C:\_EA4SynWrkgCpy\ES248A_MotAgArbn_Impl\tools\local\include\CDD_MotCtrlMgr_Data.h"/>
<F id="7" n="C:\_EA4SynWrkgCpy\ES248A_MotAgArbn_Impl\tools\local\generate\Rte_Stubs.h"/>
<F id="8" n="C:\_EA4SynWrkgCpy\ES248A_MotAgArbn_Impl\src\CDD_MotAgArbn_MotCtrl.c"/>
<F id="9" n="C:\_EA4SynWrkgCpy\ES248A_MotAgArbn_Impl\tools\local\generate\Rte_Stubs.c"/>
<F id="10" n="C-STUBS\__polyspace__stdstubs.c"/>
<F id="11" n="C:\_EA4SynWrkgCpy\ES248A_MotAgArbn_Impl\tools\Polyspace\~CodeProver\C-ALL\C-STUBS\pst_stub_types.h"/>
<F id="12" n="C-STUBS\pst_stubs_1.c"/>
<F id="13" n="C-STUBS\pst_stubs_0.c"/>
<F id="14" n="C-STUBS\__polyspace_main.c"/>
<F id="15" n="C:\_EA4SynWrkgCpy\TL103A_CplrSuprt\include\2013.5.5\ansi\float.h"/>
<F id="16" n="C:\_EA4SynWrkgCpy\ES248A_MotAgArbn_Impl\include\CDD_MotAgArbn.h"/>
<F id="17" n="C:\_EA4SynWrkgCpy\ES248A_MotAgArbn_Impl\include\CDD_MotAgArbn_MotCtrl_MemMap.h"/>
<F id="18" n="C:\Program Files\MATLAB\R2013b\polyspace\verifier\cxx\cinclude\__polyspace__std_decls.h"/>
<F id="19" n="C:\Program Files\MATLAB\R2013b\polyspace\verifier\cxx\cinclude\assert.h"/>
<F id="20" n="C:\Program Files\MATLAB\R2013b\polyspace\verifier\cxx\cinclude\__polyspace__libc_defs.h"/>
<F id="21" n="C:\_EA4SynWrkgCpy\ES248A_MotAgArbn_Impl\tools\local\generate\Rte_CDD_MotAgArbn_Type.h"/>
<F id="22" n="C:\_EA4SynWrkgCpy\ES248A_MotAgArbn_Impl\tools\local\generate\Rte_Type.h"/>
<F id="23" n="C:\_EA4SynWrkgCpy\ES248A_MotAgArbn_Impl\tools\local\generate\Rte.h"/>
<F id="24" n="C:\_EA4SynWrkgCpy\AR201A_ArCplrSuprt_Impl\include\ASR4.0.3\Compiler.h"/>
<F id="25" n="C:\_EA4SynWrkgCpy\AR201A_ArCplrSuprt_Impl\tools\contract\Compiler_Cfg.h"/>
<F id="26" n="C:\_EA4SynWrkgCpy\AR201A_ArCplrSuprt_Impl\tools\contract\Renesas_Compiler.h"/>
<F id="27" n="C:\_EA4SynWrkgCpy\ES248A_MotAgArbn_Impl\tools\local\generate\Rte_DataHandleType.h"/>
<F id="28" n="C:\_EA4SynWrkgCpy\AR200A_ArSuprt_Impl\tools\contract\MemMap.h"/>
<F id="29" n="C:\_EA4SynWrkgCpy\ES248A_MotAgArbn_Impl\tools\local\generate\CDD_MotAgArbn_MemMap.h"/>
</Files>
<Definitions>
<D id="1" f="12" l="101" c="24" n="MOTCTRLMGR_MotCtrlMotAgMeclCorrlnSts" t="1" d="0"/>
<D id="2" f="12" l="111" c="24" n="MOTCTRLMGR_MotCtrlMotAgAMeclRollgCntr" t="1" d="0"/>
<D id="3" f="10" l="430" c="23" n="_polyspace_random_uchar" t="5" d="1"/>
<D id="4" f="12" l="121" c="24" n="MOTCTRLMGR_MotCtrlMotAgBMeclRollgCntr" t="1" d="0"/>
<D id="5" f="10" l="422" c="14" n="_polyspace_random_char" t="5" d="1"/>
<D id="6" f="12" l="109" c="12" n="_main_gen_init_sym_MOTCTRLMGR_MotCtrlMotAgAMeclRollgCntr" t="5" d="1"/>
<D id="7" f="10" l="440" c="24" n="random" t="4" d="1"/>
<D id="8" f="12" l="131" c="25" n="MOTCTRLMGR_MotCtrlMotAgAMecl" t="1" d="0"/>
<D id="9" f="12" l="151" c="24" n="MOTCTRLMGR_MotCtrlMotAgAMeclQlfr" t="1" d="0"/>
<D id="10" f="12" l="119" c="12" n="_main_gen_init_sym_MOTCTRLMGR_MotCtrlMotAgBMeclRollgCntr" t="5" d="1"/>
<D id="11" f="12" l="141" c="25" n="MOTCTRLMGR_MotCtrlMotAgBMecl" t="1" d="0"/>
<D id="12" f="12" l="161" c="24" n="MOTCTRLMGR_MotCtrlMotAgBMeclQlfr" t="1" d="0"/>
<D id="13" f="12" l="129" c="12" n="_main_gen_init_sym_MOTCTRLMGR_MotCtrlMotAgAMecl" t="5" d="1"/>
<D id="14" f="12" l="139" c="12" n="_main_gen_init_sym_MOTCTRLMGR_MotCtrlMotAgBMecl" t="5" d="1"/>
<D id="15" f="10" l="432" c="34" n="random" t="4" d="1"/>
<D id="16" f="12" l="149" c="12" n="_main_gen_init_sym_MOTCTRLMGR_MotCtrlMotAgAMeclQlfr" t="5" d="1"/>
<D id="17" f="10" l="454" c="23" n="_polyspace_random_ulong" t="5" d="1"/>
<D id="18" f="10" l="424" c="25" n="random" t="4" d="1"/>
<D id="19" f="12" l="159" c="12" n="_main_gen_init_sym_MOTCTRLMGR_MotCtrlMotAgBMeclQlfr" t="5" d="1"/>
<D id="20" f="10" l="461" c="16" n="_polyspace_random_double" t="5" d="1"/>
<D id="21" f="10" l="438" c="13" n="_polyspace_random_int" t="5" d="1"/>
<D id="22" f="10" l="446" c="14" n="_polyspace_random_long" t="5" d="1"/>
<D id="23" f="10" l="3508" c="4" n="__polyspace_nb_varargs" t="1" d="1"/>
<D id="24" f="10" l="456" c="34" n="random" t="4" d="1"/>
<D id="25" f="10" l="463" c="27" n="random" t="4" d="1"/>
<D id="26" f="10" l="448" c="25" n="random" t="4" d="1"/>
<D id="27" f="10" l="3507" c="7" n="__polyspace_vararg" t="1" d="1"/>
<D id="28" f="10" l="6853" c="14" n="_polyspace_compare_function_type" t="7" d="1"/>
<D id="29" f="4" l="50" c="7" n="Rte_CDS_CDD_MotAgArbn" t="6" d="1"/>
<D id="30" f="9" l="18" c="5" n="Rte_Stub" t="2" d="1"/>
<D id="31" f="6" l="7" c="17" n="SigQlfr1" t="7" d="1"/>
<D id="32" f="8" l="57" c="5" n="MotAgArbnPer1" t="2" d="1"/>
<D id="33" f="10" l="11313" c="21" n="HUGE_VAL" t="1" d="1"/>
<D id="34" f="10" l="11314" c="21" n="HUGE_VALF" t="1" d="1"/>
<D id="35" f="10" l="11315" c="21" n="HUGE_VALL" t="1" d="1"/>
<D id="36" f="10" l="11295" c="12" n="_polyspace_random_long_double" t="2" d="1"/>
<D id="37" f="10" l="12157" c="16" n="__polyspace_absolute_address" t="1" d="1"/>
<D id="38" f="10" l="11297" c="23" n="random" t="4" d="1"/>
<D id="39" f="11" l="3" c="20" n="__PST__SINT8" t="7" d="1"/>
<D id="40" f="11" l="5" c="19" n="__PST__SINT32" t="7" d="1"/>
<D id="41" f="4" l="53" c="9" n="Pim_MotAgARollgCntPrev" t="9" d="1"/>
<D id="42" f="11" l="1" c="13" n="__PST__CHAR" t="7" d="1"/>
<D id="43" f="4" l="54" c="9" n="Pim_MotAgAStallCntPrev" t="9" d="1"/>
<D id="44" f="11" l="2" c="13" n="__PST__VOID" t="7" d="1"/>
<D id="45" f="11" l="4" c="21" n="__PST__SINT16" t="7" d="1"/>
<D id="46" f="4" l="55" c="9" n="Pim_MotAgBRollgCntPrev" t="9" d="1"/>
<D id="47" f="3" l="141" c="2" n="Std_VersionInfoType" t="7" d="1"/>
<D id="48" f="4" l="56" c="9" n="Pim_MotAgBStallCntPrev" t="9" d="1"/>
<D id="49" f="7" l="21" c="13" n="MotAgArbn_Pim_MotAgARollgCntPrev" t="1" d="0"/>
<D id="50" f="8" l="60" c="12" n="MotCtrlMotAgAMecl_MotRev_T_u0p16" t="4" d="1"/>
<D id="51" f="8" l="62" c="11" n="MotCtrlMotAgMeclCorrlnSts_Cnt_T_u08" t="4" d="1"/>
<D id="52" f="7" l="22" c="13" n="MotAgArbn_Pim_MotAgAStallCntPrev" t="1" d="0"/>
<D id="53" f="8" l="61" c="12" n="MotCtrlMotAgBMecl_MotRev_T_u0p16" t="4" d="1"/>
<D id="54" f="5" l="111" c="5" n="MotAgArbnInit1" t="2" d="1"/>
<D id="55" f="8" l="63" c="11" n="MotCtrlMotAgAMeclRollgCntr_Cnt_T_u08" t="4" d="1"/>
<D id="56" f="7" l="23" c="13" n="MotAgArbn_Pim_MotAgBRollgCntPrev" t="1" d="0"/>
<D id="57" f="7" l="20" c="15" n="MotAgArbn_Pim_dMotAgArbnBAvl" t="1" d="0"/>
<D id="58" f="11" l="7" c="22" n="__PST__UINT8" t="7" d="1"/>
<D id="59" f="8" l="64" c="11" n="MotCtrlMotAgBMeclRollgCntr_Cnt_T_u08" t="4" d="1"/>
<D id="60" f="11" l="9" c="21" n="__PST__UINT32" t="7" d="1"/>
<D id="61" f="7" l="24" c="13" n="MotAgArbn_Pim_MotAgBStallCntPrev" t="1" d="0"/>
<D id="62" f="4" l="57" c="11" n="Pim_dMotAgArbnAAvl" t="9" d="1"/>
<D id="63" f="8" l="72" c="13" n="MotAgASigAvl_Cnt_T_logl" t="4" d="1"/>
<D id="64" f="4" l="58" c="11" n="Pim_dMotAgArbnBAvl" t="9" d="1"/>
<D id="65" f="14" l="42" c="5" n="main" t="2" d="1"/>
<D id="66" f="11" l="8" c="23" n="__PST__UINT16" t="7" d="1"/>
<D id="67" f="1" l="45" c="14" n="__va_list" t="7" d="1"/>
<D id="68" f="8" l="73" c="13" n="MotAgBSigAvl_Cnt_T_logl" t="4" d="1"/>
<D id="69" f="6" l="32" c="16" n="MOTCTRLMGR_MotCtrlMotAgMecl" t="1" d="0"/>
<D id="70" f="11" l="6" c="25" n="__PST__SINT64" t="7" d="1"/>
<D id="71" f="6" l="23" c="16" n="MOTCTRLMGR_MotCtrlMotAgMeclCorrlnSts" t="1" d="0"/>
<D id="72" f="6" l="24" c="16" n="MOTCTRLMGR_MotCtrlMotAgAMeclRollgCntr" t="1" d="0"/>
<D id="73" f="4" l="70" c="44" n="Rte_Instance" t="7" d="1"/>
<D id="74" f="1" l="50" c="18" n="__gnuc_va_list" t="7" d="1"/>
<D id="75" f="13" l="45" c="5" n="__PST__MAIN__ENTRY__POINT__" t="2" d="1"/>
<D id="76" f="6" l="25" c="16" n="MOTCTRLMGR_MotCtrlMotAgBMeclRollgCntr" t="1" d="0"/>
<D id="77" f="8" l="65" c="14" n="MotCtrlMotAgAMeclQlfr_T_enum" t="4" d="1"/>
<D id="78" f="8" l="69" c="12" n="MotCtrlMotAgMecl_MotRev_T_u0p16" t="4" d="1"/>
<D id="79" f="6" l="26" c="16" n="MOTCTRLMGR_MotCtrlMotAgAMecl" t="1" d="0"/>
<D id="80" f="8" l="66" c="14" n="MotCtrlMotAgBMeclQlfr_T_enum" t="4" d="1"/>
<D id="81" f="7" l="19" c="15" n="MotAgArbn_Pim_dMotAgArbnAAvl" t="1" d="0"/>
<D id="82" f="6" l="27" c="16" n="MOTCTRLMGR_MotCtrlMotAgBMecl" t="1" d="0"/>
<D id="83" f="6" l="28" c="16" n="MOTCTRLMGR_MotCtrlMotAgAMeclQlfr" t="1" d="0"/>
<D id="84" f="6" l="29" c="16" n="MOTCTRLMGR_MotCtrlMotAgBMeclQlfr" t="1" d="0"/>
<D id="85" f="1" l="49" c="18" n="va_list" t="7" d="1"/>
<D id="86" f="11" l="20" c="20" n="__PST__g__22" t="7" d="1"/>
<D id="87" f="3" l="140" c="10" n="sw_patch_version" t="9" d="1"/>
<D id="88" f="11" l="30" c="30" n="__PST__g__37" t="7" d="1"/>
<D id="89" f="10" l="30" c="12" n="ptrdiff_t" t="7" d="1"/>
<D id="90" f="11" l="12" c="21" n="__PST__g__11" t="7" d="1"/>
<D id="91" f="2" l="110" c="31" n="uint32" t="7" d="1"/>
<D id="92" f="11" l="14" c="20" n="__PST__g__15" t="7" d="1"/>
<D id="93" f="11" l="31" c="21" n="__PST__g__38" t="7" d="1"/>
<D id="94" f="11" l="22" c="21" n="__PST__g__24" t="7" d="1"/>
<D id="95" f="11" l="21" c="22" n="__PST__g__23" t="7" d="1"/>
<D id="96" f="11" l="32" c="30" n="__PST__g__39" t="7" d="1"/>
<D id="97" f="10" l="33" c="21" n="wchar_t" t="7" d="1"/>
<D id="98" f="2" l="112" c="31" n="sint8_least" t="7" d="1"/>
<D id="99" f="11" l="11" c="14" n="__PST__FLOAT32" t="7" d="1"/>
<D id="100" f="2" l="103" c="31" n="boolean" t="7" d="1"/>
<D id="101" f="12" l="40" c="13" n="_main_gen_init_g6" t="2" d="1"/>
<D id="102" f="12" l="25" c="20" n="pst_random_int" t="3" d="1"/>
<D id="103" f="13" l="25" c="20" n="pst_random_int" t="3" d="1"/>
<D id="104" f="2" l="113" c="31" n="uint8_least" t="7" d="1"/>
<D id="105" f="14" l="25" c="20" n="pst_random_int" t="3" d="1"/>
<D id="106" f="11" l="23" c="22" n="__PST__g__25" t="7" d="1"/>
<D id="107" f="3" l="136" c="10" n="vendorID" t="9" d="1"/>
<D id="108" f="11" l="33" c="22" n="__PST__g__40" t="7" d="1"/>
<D id="109" f="2" l="114" c="31" n="sint16_least" t="7" d="1"/>
<D id="110" f="11" l="24" c="22" n="__PST__g__26" t="7" d="1"/>
<D id="111" f="12" l="27" c="29" n="pst_random_g_6" t="3" d="1"/>
<D id="112" f="2" l="105" c="31" n="sint8" t="7" d="1"/>
<D id="113" f="3" l="137" c="10" n="moduleID" t="9" d="1"/>
<D id="114" f="11" l="34" c="22" n="__PST__g__41" t="7" d="1"/>
<D id="115" f="2" l="115" c="31" n="uint16_least" t="7" d="1"/>
<D id="116" f="11" l="25" c="22" n="__PST__g__27" t="7" d="1"/>
<D id="117" f="2" l="106" c="31" n="uint8" t="7" d="1"/>
<D id="118" f="11" l="16" c="22" n="__PST__g__18" t="7" d="1"/>
<D id="119" f="3" l="138" c="10" n="sw_major_version" t="9" d="1"/>
<D id="120" f="11" l="13" c="15" n="__PST__FLOAT64" t="7" d="1"/>
<D id="121" f="11" l="35" c="31" n="__PST__g__42" t="7" d="1"/>
<D id="122" f="3" l="132" c="14" n="Std_ReturnType" t="7" d="1"/>
<D id="123" f="11" l="15" c="23" n="__PST__g__16" t="7" d="1"/>
<D id="124" f="2" l="116" c="31" n="sint32_least" t="7" d="1"/>
<D id="125" f="11" l="26" c="22" n="__PST__g__28" t="7" d="1"/>
<D id="126" f="10" l="404" c="4" n="errno" t="1" d="1"/>
<D id="127" f="10" l="28" c="21" n="size_t" t="7" d="1"/>
<D id="128" f="2" l="107" c="31" n="sint16" t="7" d="1"/>
<D id="129" f="3" l="125" c="22" n="StatusType" t="7" d="1"/>
<D id="130" f="3" l="139" c="10" n="sw_minor_version" t="9" d="1"/>
<D id="131" f="11" l="19" c="30" n="__PST__g__20" t="7" d="1"/>
<D id="132" f="12" l="28" c="30" n="pst_random_g_7" t="3" d="1"/>
<D id="133" f="8" l="132" c="14" n="SigAvl_Cnt_T_logl" t="4" d="1"/>
<D id="134" f="2" l="117" c="31" n="uint32_least" t="7" d="1"/>
<D id="135" f="11" l="27" c="22" n="__PST__g__29" t="7" d="1"/>
<D id="136" f="2" l="108" c="31" n="uint16" t="7" d="1"/>
<D id="137" f="11" l="10" c="27" n="__PST__UINT64" t="7" d="1"/>
<D id="138" f="11" l="18" c="22" n="__PST__g__21" t="7" d="1"/>
<D id="139" f="11" l="29" c="21" n="__PST__g__36" t="7" d="1"/>
<D id="140" f="11" l="17" c="32" n="__PST__g__19" t="7" d="1"/>
<D id="141" f="2" l="127" c="31" n="sint64" t="7" d="1"/>
<D id="142" f="11" l="28" c="31" n="__PST__g__30" t="7" d="1"/>
<D id="143" f="12" l="61" c="24" n="MotAgArbn_Pim_MotAgARollgCntPrev" t="1" d="0"/>
<D id="144" f="2" l="109" c="31" n="sint32" t="7" d="1"/>
<D id="145" f="12" l="71" c="24" n="MotAgArbn_Pim_MotAgAStallCntPrev" t="1" d="0"/>
<D id="146" f="2" l="128" c="31" n="uint64" t="7" d="1"/>
<D id="147" f="12" l="81" c="24" n="MotAgArbn_Pim_MotAgBRollgCntPrev" t="1" d="0"/>
<D id="148" f="8" l="126" c="32" n="SigCorrChk_Cnt_T_u08" t="4" d="1"/>
<D id="149" f="2" l="138" c="31" n="float32" t="7" d="1"/>
<D id="150" f="12" l="91" c="24" n="MotAgArbn_Pim_MotAgBStallCntPrev" t="1" d="0"/>
<D id="151" f="12" l="59" c="12" n="_main_gen_init_sym_MotAgArbn_Pim_MotAgARollgCntPrev" t="5" d="1"/>
<D id="152" f="2" l="139" c="31" n="float64" t="7" d="1"/>
<D id="153" f="12" l="42" c="17" n="x" t="4" d="1"/>
<D id="154" f="12" l="50" c="18" n="x" t="4" d="1"/>
<D id="155" f="12" l="69" c="12" n="_main_gen_init_sym_MotAgArbn_Pim_MotAgAStallCntPrev" t="5" d="1"/>
<D id="156" f="8" l="126" c="15" n="SigAvlyChk" t="5" d="1"/>
<D id="157" f="12" l="48" c="14" n="_main_gen_init_g7" t="2" d="1"/>
<D id="158" f="8" l="130" c="55" n="StallCnt_Cnt_T_u08" t="4" d="1"/>
<D id="159" f="12" l="79" c="12" n="_main_gen_init_sym_MotAgArbn_Pim_MotAgBRollgCntPrev" t="5" d="1"/>
<D id="160" f="12" l="89" c="12" n="_main_gen_init_sym_MotAgArbn_Pim_MotAgBStallCntPrev" t="5" d="1"/>
<D id="161" f="12" l="23" c="28" n="pst_random_char" t="3" d="1"/>
<D id="162" f="13" l="23" c="28" n="pst_random_char" t="3" d="1"/>
<D id="163" f="12" l="99" c="12" n="_main_gen_init_sym_MOTCTRLMGR_MotCtrlMotAgMeclCorrlnSts" t="5" d="1"/>
<D id="164" f="14" l="23" c="28" n="pst_random_char" t="3" d="1"/>
<D id="165" f="12" l="175" c="5" n="_extern_init" t="2" d="1"/>
<D id="166" f="8" l="127" c="54" n="SigRollgCntr_Cnt_T_u08" t="4" d="1"/>
<D id="167" f="8" l="129" c="55" n="PrevRollgCntr_Cnt_T_u08" t="4" d="1"/>
<D id="168" f="8" l="128" c="57" n="SigQlfr_Cnt_T_enum" t="4" d="1"/>
</Definitions>
<Uses>
<U id="1" f="12" l="101" c="11" d="58" a="0"/>
<U id="2" f="12" l="111" c="11" d="58" a="0"/>
<U id="3" f="12" l="121" c="11" d="58" a="0"/>
<U id="4" f="12" l="131" c="11" d="66" a="0"/>
<U id="5" f="12" l="141" c="11" d="66" a="0"/>
<U id="6" f="12" l="151" c="11" d="58" a="0"/>
<U id="7" f="10" l="441" c="11" d="7" a="0"/>
<U id="8" f="12" l="161" c="11" d="58" a="0"/>
<U id="9" f="10" l="433" c="11" d="15" a="0"/>
<U id="10" f="10" l="425" c="11" d="18" a="0"/>
<U id="11" f="12" l="135" c="39" d="157" a="0"/>
<U id="12" f="12" l="145" c="39" d="157" a="0"/>
<U id="13" f="10" l="464" c="11" d="25" a="0"/>
<U id="14" f="10" l="457" c="11" d="24" a="0"/>
<U id="15" f="10" l="449" c="11" d="26" a="0"/>
<U id="16" f="12" l="155" c="43" d="101" a="0"/>
<U id="17" f="12" l="165" c="43" d="101" a="0"/>
<U id="18" f="12" l="105" c="47" d="101" a="0"/>
<U id="19" f="12" l="115" c="48" d="101" a="0"/>
<U id="20" f="12" l="125" c="48" d="101" a="0"/>
<U id="21" f="9" l="20" c="4" d="54" a="0"/>
<U id="22" f="6" l="7" c="11" d="117" a="0"/>
<U id="23" f="9" l="21" c="4" d="32" a="0"/>
<U id="24" f="4" l="53" c="2" d="117" a="0"/>
<U id="25" f="4" l="54" c="2" d="117" a="0"/>
<U id="26" f="4" l="55" c="2" d="117" a="0"/>
<U id="27" f="7" l="20" c="7" d="100" a="0"/>
<U id="28" f="4" l="56" c="2" d="117" a="0"/>
<U id="29" f="8" l="60" c="5" d="136" a="0"/>
<U id="30" f="7" l="21" c="7" d="117" a="0"/>
<U id="31" f="4" l="57" c="2" d="100" a="0"/>
<U id="32" f="8" l="61" c="5" d="136" a="0"/>
<U id="33" f="8" l="80" c="5" d="77" a="1"/>
<U id="34" f="7" l="22" c="7" d="117" a="0"/>
<U id="35" f="4" l="58" c="2" d="100" a="0"/>
<U id="36" f="8" l="62" c="5" d="117" a="0"/>
<U id="37" f="1" l="50" c="8" d="67" a="0"/>
<U id="38" f="6" l="32" c="7" d="136" a="0"/>
<U id="39" f="6" l="23" c="7" d="117" a="0"/>
<U id="40" f="8" l="81" c="5" d="80" a="1"/>
<U id="41" f="7" l="23" c="7" d="117" a="0"/>
<U id="42" f="8" l="72" c="5" d="100" a="0"/>
<U id="43" f="8" l="63" c="5" d="117" a="0"/>
<U id="44" f="6" l="24" c="7" d="117" a="0"/>
<U id="45" f="7" l="24" c="7" d="117" a="0"/>
<U id="46" f="8" l="73" c="5" d="100" a="0"/>
<U id="47" f="8" l="64" c="5" d="117" a="0"/>
<U id="48" f="8" l="92" c="5" d="68" a="1"/>
<U id="49" f="6" l="25" c="7" d="117" a="0"/>
<U id="50" f="8" l="65" c="5" d="31" a="0"/>
<U id="51" f="6" l="26" c="7" d="136" a="0"/>
<U id="52" f="8" l="84" c="5" d="63" a="1"/>
<U id="53" f="8" l="75" c="5" d="50" a="1"/>
<U id="54" f="8" l="66" c="5" d="31" a="0"/>
<U id="55" f="6" l="27" c="7" d="136" a="0"/>
<U id="56" f="8" l="76" c="5" d="53" a="1"/>
<U id="57" f="1" l="84" c="7" d="85" a="0"/>
<U id="58" f="6" l="28" c="7" d="31" a="0"/>
<U id="59" f="8" l="77" c="5" d="51" a="1"/>
<U id="60" f="7" l="19" c="7" d="100" a="0"/>
<U id="61" f="6" l="29" c="7" d="31" a="0"/>
<U id="62" f="8" l="78" c="5" d="55" a="1"/>
<U id="63" f="8" l="69" c="5" d="136" a="0"/>
<U id="64" f="8" l="79" c="5" d="59" a="1"/>
<U id="65" f="1" l="49" c="8" d="67" a="0"/>
<U id="66" f="8" l="97" c="8" d="57" a="1"/>
<U id="67" f="8" l="89" c="8" d="81" a="1"/>
<U id="68" f="10" l="11298" c="9" d="38" a="0"/>
<U id="69" f="12" l="40" c="0" d="58" a="0"/>
<U id="70" f="3" l="140" c="3" d="117" a="0"/>
<U id="71" f="4" l="70" c="21" d="29" a="0"/>
<U id="72" f="8" l="110" c="5" d="69" a="1"/>
<U id="73" f="12" l="50" c="4" d="66" a="0"/>
<U id="74" f="12" l="42" c="4" d="58" a="0"/>
<U id="75" f="12" l="48" c="0" d="66" a="0"/>
<U id="76" f="1" l="84" c="39" d="85" a="0"/>
<U id="77" f="12" l="52" c="4" d="154" a="1"/>
<U id="78" f="11" l="20" c="8" d="44" a="0"/>
<U id="79" f="12" l="44" c="4" d="153" a="1"/>
<U id="80" f="8" l="132" c="5" d="100" a="0"/>
<U id="81" f="3" l="136" c="3" d="136" a="0"/>
<U id="82" f="11" l="21" c="8" d="58" a="0"/>
<U id="83" f="8" l="92" c="31" d="156" a="0"/>
<U id="84" f="11" l="12" c="8" d="44" a="0"/>
<U id="85" f="11" l="31" c="8" d="58" a="0"/>
<U id="86" f="3" l="137" c="3" d="136" a="0"/>
<U id="87" f="11" l="22" c="8" d="58" a="0"/>
<U id="88" f="8" l="84" c="31" d="156" a="0"/>
<U id="89" f="3" l="138" c="3" d="117" a="0"/>
<U id="90" f="11" l="23" c="8" d="94" a="0"/>
<U id="91" f="13" l="50" c="8" d="65" a="0"/>
<U id="92" f="11" l="14" c="8" d="44" a="0"/>
<U id="93" f="11" l="33" c="8" d="40" a="0"/>
<U id="94" f="3" l="132" c="8" d="117" a="0"/>
<U id="95" f="3" l="139" c="3" d="117" a="0"/>
<U id="96" f="11" l="24" c="8" d="86" a="0"/>
<U id="97" f="11" l="15" c="8" d="120" a="0"/>
<U id="98" f="8" l="93" c="42" d="59" a="0"/>
<U id="99" f="11" l="34" c="8" d="60" a="0"/>
<U id="100" f="12" l="52" c="8" d="132" a="0"/>
<U id="101" f="8" l="97" c="40" d="68" a="0"/>
<U id="102" f="11" l="25" c="8" d="40" a="0"/>
<U id="103" f="8" l="92" c="43" d="51" a="0"/>
<U id="104" f="11" l="16" c="8" d="90" a="0"/>
<U id="105" f="8" l="94" c="42" d="80" a="0"/>
<U id="106" f="8" l="85" c="42" d="55" a="0"/>
<U id="107" f="8" l="35" c="26" d="117" a="0"/>
<U id="108" f="8" l="89" c="40" d="63" a="0"/>
<U id="109" f="4" l="129" c="5" d="54" a="0"/>
<U id="110" f="11" l="26" c="8" d="92" a="0"/>
<U id="111" f="12" l="44" c="8" d="111" a="0"/>
<U id="112" f="8" l="84" c="43" d="51" a="0"/>
<U id="113" f="8" l="86" c="42" d="77" a="0"/>
<U id="114" f="8" l="126" c="7" d="100" a="0"/>
<U id="115" f="11" l="27" c="8" d="116" a="0"/>
<U id="116" f="8" l="80" c="46" d="83" a="0"/>
<U id="117" f="11" l="18" c="8" d="39" a="0"/>
<U id="118" f="8" l="81" c="46" d="84" a="0"/>
<U id="119" f="8" l="92" c="82" d="117" a="0"/>
<U id="120" f="12" l="65" c="8" d="143" a="1"/>
<U id="121" f="8" l="95" c="44" d="56" a="1"/>
<U id="122" f="11" l="29" c="8" d="39" a="0"/>
<U id="123" f="12" l="75" c="8" d="145" a="1"/>
<U id="124" f="8" l="84" c="82" d="117" a="0"/>
<U id="125" f="8" l="96" c="44" d="61" a="1"/>
<U id="126" f="8" l="87" c="44" d="49" a="1"/>
<U id="127" f="12" l="85" c="8" d="147" a="1"/>
<U id="128" f="13" l="48" c="8" d="44" a="0"/>
<U id="129" f="8" l="75" c="46" d="79" a="0"/>
<U id="130" f="8" l="88" c="44" d="52" a="1"/>
<U id="131" f="12" l="95" c="8" d="150" a="1"/>
<U id="132" f="8" l="76" c="46" d="82" a="0"/>
<U id="133" f="8" l="36" c="48" d="117" a="0"/>
<U id="134" f="8" l="168" c="7" d="167" a="0"/>
<U id="135" f="8" l="77" c="46" d="71" a="0"/>
<U id="136" f="8" l="37" c="48" d="31" a="0"/>
<U id="137" f="8" l="78" c="46" d="72" a="0"/>
<U id="138" f="8" l="38" c="48" d="117" a="0"/>
<U id="139" f="8" l="79" c="46" d="76" a="0"/>
<U id="140" f="8" l="39" c="48" d="117" a="0"/>
<U id="141" f="8" l="103" c="9" d="78" a="1"/>
<U id="142" f="8" l="160" c="9" d="133" a="1"/>
<U id="143" f="8" l="100" c="13" d="63" a="0"/>
<U id="144" f="12" l="61" c="11" d="58" a="0"/>
<U id="145" f="8" l="135" c="9" d="166" a="0"/>
<U id="146" f="8" l="108" c="9" d="78" a="1"/>
<U id="147" f="12" l="71" c="11" d="58" a="0"/>
<U id="148" f="8" l="151" c="11" d="158" a="0"/>
<U id="149" f="12" l="211" c="4" d="16" a="0"/>
<U id="150" f="8" l="141" c="39" d="158" a="0"/>
<U id="151" f="14" l="54" c="19" d="44" a="0"/>
<U id="152" f="12" l="202" c="4" d="10" a="0"/>
<U id="153" f="12" l="53" c="11" d="154" a="0"/>
<U id="154" f="11" l="20" c="33" d="40" a="0"/>
<U id="155" f="8" l="164" c="9" d="133" a="1"/>
<U id="156" f="12" l="81" c="11" d="58" a="0"/>
<U id="157" f="12" l="45" c="11" d="153" a="0"/>
<U id="158" f="12" l="91" c="11" d="58" a="0"/>
<U id="159" f="14" l="52" c="12" d="105" a="0"/>
<U id="160" f="8" l="170" c="12" d="133" a="0"/>
<U id="161" f="8" l="157" c="9" d="168" a="0"/>
<U id="162" f="14" l="46" c="11" d="105" a="0"/>
<U id="163" f="12" l="214" c="4" d="19" a="0"/>
<U id="164" f="8" l="158" c="9" d="148" a="0"/>
<U id="165" f="12" l="205" c="4" d="13" a="0"/>
<U id="166" f="11" l="22" c="34" d="58" a="0"/>
<U id="167" f="13" l="48" c="20" d="65" a="0"/>
<U id="168" f="14" l="54" c="31" d="30" a="0"/>
<U id="169" f="11" l="30" c="17" d="39" a="0"/>
<U id="170" f="8" l="110" c="35" d="78" a="0"/>
<U id="171" f="8" l="156" c="11" d="158" a="0"/>
<U id="172" f="11" l="22" c="62" d="58" a="0"/>
<U id="173" f="8" l="103" c="43" d="53" a="0"/>
<U id="174" f="8" l="141" c="15" d="158" a="0"/>
<U id="175" f="14" l="56" c="12" d="30" a="0"/>
<U id="176" f="12" l="23" c="16" d="42" a="0"/>
<U id="177" f="11" l="22" c="90" d="95" a="0"/>
<U id="178" f="12" l="190" c="4" d="159" a="0"/>
<U id="179" f="13" l="23" c="16" d="42" a="0"/>
<U id="180" f="14" l="23" c="16" d="42" a="0"/>
<U id="181" f="11" l="32" c="17" d="58" a="0"/>
<U id="182" f="12" l="208" c="4" d="14" a="0"/>
<U id="183" f="12" l="105" c="8" d="1" a="1"/>
<U id="184" f="12" l="193" c="4" d="160" a="0"/>
<U id="185" f="11" l="35" c="17" d="60" a="0"/>
<U id="186" f="12" l="27" c="16" d="58" a="0"/>
<U id="187" f="12" l="184" c="4" d="151" a="0"/>
<U id="188" f="8" l="138" c="14" d="158" a="0"/>
<U id="189" f="11" l="17" c="17" d="120" a="0"/>
<U id="190" f="8" l="100" c="48" d="68" a="0"/>
<U id="191" f="8" l="108" c="43" d="50" a="0"/>
<U id="192" f="12" l="115" c="8" d="2" a="1"/>
<U id="193" f="12" l="65" c="43" d="101" a="0"/>
<U id="194" f="12" l="28" c="16" d="66" a="0"/>
<U id="195" f="12" l="75" c="43" d="101" a="0"/>
<U id="196" f="12" l="125" c="8" d="4" a="1"/>
<U id="197" f="11" l="22" c="48" d="58" a="0"/>
<U id="198" f="8" l="126" c="26" d="117" a="0"/>
<U id="199" f="11" l="28" c="17" d="40" a="0"/>
<U id="200" f="12" l="85" c="43" d="101" a="0"/>
<U id="201" f="11" l="19" c="17" d="138" a="0"/>
<U id="202" f="12" l="135" c="8" d="8" a="1"/>
<U id="203" f="8" l="156" c="34" d="117" a="0"/>
<U id="204" f="8" l="130" c="48" d="117" a="0"/>
<U id="205" f="11" l="22" c="76" d="95" a="0"/>
<U id="206" f="12" l="95" c="43" d="101" a="0"/>
<U id="207" f="12" l="196" c="4" d="163" a="0"/>
<U id="208" f="12" l="145" c="8" d="11" a="1"/>
<U id="209" f="12" l="187" c="4" d="155" a="0"/>
<U id="210" f="12" l="155" c="8" d="9" a="1"/>
<U id="211" f="8" l="135" c="37" d="167" a="0"/>
<U id="212" f="8" l="168" c="34" d="166" a="0"/>
<U id="213" f="12" l="165" c="8" d="12" a="1"/>
<U id="214" f="12" l="199" c="4" d="6" a="0"/>
<U id="215" f="8" l="127" c="48" d="117" a="0"/>
<U id="216" f="8" l="138" c="38" d="117" a="0"/>
<U id="217" f="8" l="128" c="48" d="31" a="0"/>
<U id="218" f="8" l="129" c="48" d="117" a="0"/>
</Uses>
<Blocks>
<B id="1" t="routine" f="9" l="18" c="5">
<BEGIN l="19" c="0"/>
<END l="22" c="0"/>
</B>
<B id="2" t="ppcif" f="15" l="13" c="0">
<BEGIN l="13" c="16"/>
<END l="133" c="0"/>
</B>
<B id="3" t="ppcrmif" f="15" l="14" c="0">
<BEGIN l="14" c="14"/>
<END l="16" c="0"/>
</B>
<B id="4" t="ppcif" f="15" l="18" c="0">
<BEGIN l="18" c="23"/>
<END l="129" c="0"/>
</B>
<B id="5" t="ppcrmif" f="15" l="25" c="0">
<BEGIN l="25" c="70"/>
<END l="27" c="0"/>
</B>
<B id="6" t="ppcelse" f="15" l="27" c="0">
<BEGIN l="27" c="5"/>
<END l="29" c="0"/>
</B>
<B id="7" t="ppcrmif" f="15" l="31" c="0">
<BEGIN l="31" c="67"/>
<END l="32" c="0"/>
</B>
<B id="8" t="ppcrmelif" f="15" l="32" c="0">
<BEGIN l="32" c="5"/>
<END l="35" c="0"/>
</B>
<B id="9" t="ppcrmelif" f="15" l="35" c="0">
<BEGIN l="35" c="5"/>
<END l="40" c="0"/>
</B>
<B id="10" t="ppcrmelse" f="15" l="40" c="0">
<BEGIN l="40" c="5"/>
<END l="42" c="0"/>
</B>
<B id="11" t="ppcrmif" f="15" l="54" c="0">
<BEGIN l="54" c="23"/>
<END l="55" c="0"/>
</B>
<B id="12" t="ppcrmelif" f="15" l="55" c="0">
<BEGIN l="55" c="5"/>
<END l="76" c="0"/>
</B>
<B id="13" t="ppcrmelse" f="15" l="76" c="0">
<BEGIN l="76" c="26"/>
<END l="123" c="0"/>
</B>
<B id="14" t="ppcrmif" f="15" l="89" c="0">
<BEGIN l="89" c="51"/>
<END l="100" c="0"/>
</B>
<B id="15" t="ppcrmelif" f="15" l="100" c="0">
<BEGIN l="100" c="5"/>
<END l="110" c="0"/>
</B>
<B id="16" t="ppcrmelse" f="15" l="110" c="0">
<BEGIN l="110" c="62"/>
<END l="121" c="0"/>
</B>
<B id="17" t="ppcif" f="15" l="125" c="0">
<BEGIN l="125" c="19"/>
<END l="127" c="0"/>
</B>
<B id="18" t="ppcrmif" f="15" l="130" c="0">
<BEGIN l="130" c="14"/>
<END l="132" c="0"/>
</B>
<B id="19" t="else" f="8" l="105" c="5">
<BEGIN l="106" c="5"/>
<END l="109" c="5"/>
</B>
<B id="20" t="if" f="8" l="100" c="9">
<BEGIN l="101" c="5"/>
<END l="104" c="5"/>
<ELSE d="19"/>
</B>
<B id="21" t="routine" f="8" l="57" c="5">
<BEGIN l="58" c="0"/>
<END l="111" c="0"/>
<SUB d="20"/>
</B>
<B id="22" t="else" f="8" l="162" c="5">
<BEGIN l="163" c="5"/>
<END l="165" c="5"/>
</B>
<B id="23" t="if" f="8" l="156" c="5">
<BEGIN l="159" c="5"/>
<END l="161" c="5"/>
<ELSE d="22"/>
</B>
<B id="24" t="else" f="8" l="143" c="9">
<BEGIN l="144" c="9"/>
<END l="146" c="9"/>
</B>
<B id="25" t="if" f="8" l="138" c="9">
<BEGIN l="139" c="9"/>
<END l="142" c="9"/>
<ELSE d="24"/>
</B>
<B id="26" t="else" f="8" l="148" c="5">
<BEGIN l="149" c="5"/>
<END l="152" c="5"/>
</B>
<B id="27" t="if" f="8" l="135" c="5">
<BEGIN l="136" c="5"/>
<END l="147" c="5"/>
<SUB d="25"/>
<ELSE d="26"/>
</B>
<B id="28" t="routine" f="8" l="126" c="15">
<BEGIN l="131" c="0"/>
<END l="171" c="0"/>
<SUB d="23"/>
<SUB d="27"/>
</B>
<B id="29" t="ppcif" f="16" l="20" c="0">
<BEGIN l="20" c="19"/>
<END l="33" c="0"/>
</B>
<B id="30" t="ppcif" f="6" l="3" c="0">
<BEGIN l="3" c="29"/>
<END l="34" c="0"/>
</B>
<B id="31" t="ppcif" f="6" l="6" c="0">
<BEGIN l="6" c="28"/>
<END l="8" c="0"/>
</B>
<B id="32" t="ppcif" f="6" l="10" c="0">
<BEGIN l="10" c="22"/>
<END l="12" c="0"/>
</B>
<B id="33" t="ppcif" f="6" l="14" c="0">
<BEGIN l="14" c="22"/>
<END l="16" c="0"/>
</B>
<B id="34" t="ppcif" f="6" l="18" c="0">
<BEGIN l="18" c="22"/>
<END l="20" c="0"/>
</B>
<B id="35" t="ppcif" f="17" l="25" c="0">
<BEGIN l="25" c="39"/>
<END l="29" c="0"/>
</B>
<B id="36" t="ppcif" f="17" l="31" c="0">
<BEGIN l="31" c="38"/>
<END l="35" c="0"/>
</B>
<B id="37" t="routine" f="5" l="111" c="5">
<BEGIN l="112" c="0"/>
<END l="124" c="0"/>
</B>
<B id="38" t="ppcif" f="18" l="15" c="0">
<BEGIN l="15" c="27"/>
<END l="330" c="0"/>
</B>
<B id="39" t="ppcif" f="18" l="25" c="0">
<BEGIN l="25" c="19"/>
<END l="155" c="0"/>
</B>
<B id="40" t="ppcrmif" f="18" l="46" c="0">
<BEGIN l="46" c="93"/>
<END l="91" c="0"/>
</B>
<B id="41" t="ppcrmif" f="18" l="94" c="0">
<BEGIN l="94" c="91"/>
<END l="153" c="0"/>
</B>
<B id="42" t="ppcrmelse" f="18" l="155" c="0">
<BEGIN l="155" c="35"/>
<END l="328" c="0"/>
</B>
<B id="43" t="ppcif" f="19" l="11" c="0">
<BEGIN l="11" c="27"/>
<END l="36" c="0"/>
</B>
<B id="44" t="ppcrmif" f="19" l="14" c="0">
<BEGIN l="14" c="19"/>
<END l="29" c="0"/>
</B>
<B id="45" t="ppcelse" f="19" l="29" c="0">
<BEGIN l="29" c="5"/>
<END l="33" c="0"/>
</B>
<B id="46" t="ppcif" f="1" l="22" c="0">
<BEGIN l="22" c="17"/>
<END l="109" c="0"/>
</B>
<B id="47" t="ppcrmif" f="1" l="39" c="0">
<BEGIN l="39" c="66"/>
<END l="43" c="0"/>
</B>
<B id="48" t="ppcelse" f="1" l="43" c="0">
<BEGIN l="43" c="60"/>
<END l="47" c="0"/>
</B>
<B id="49" t="ppcrmif" f="1" l="52" c="0">
<BEGIN l="52" c="18"/>
<END l="58" c="0"/>
</B>
<B id="50" t="ppcrmif" f="1" l="62" c="0">
<BEGIN l="62" c="33"/>
<END l="80" c="0"/>
</B>
<B id="51" t="ppcelse" f="1" l="80" c="0">
<BEGIN l="80" c="31"/>
<END l="93" c="0"/>
</B>
<B id="52" t="ppcrmif" f="1" l="96" c="0">
<BEGIN l="96" c="14"/>
<END l="106" c="0"/>
</B>
<B id="53" t="ppcif" f="20" l="3" c="0">
<BEGIN l="3" c="29"/>
<END l="348" c="0"/>
</B>
<B id="54" t="ppcif" f="20" l="61" c="0">
<BEGIN l="63" c="27"/>
<END l="66" c="0"/>
</B>
<B id="55" t="ppcrmif" f="20" l="165" c="0">
<BEGIN l="165" c="17"/>
<END l="206" c="0"/>
</B>
<B id="56" t="ppcrmif" f="20" l="209" c="0">
<BEGIN l="209" c="37"/>
<END l="211" c="0"/>
</B>
<B id="57" t="ppcrmif" f="20" l="213" c="0">
<BEGIN l="213" c="44"/>
<END l="321" c="0"/>
</B>
<B id="58" t="ppcif" f="20" l="323" c="0">
<BEGIN l="323" c="18"/>
<END l="346" c="0"/>
</B>
<B id="59" t="ppcrmif" f="20" l="326" c="0">
<BEGIN l="326" c="18"/>
<END l="328" c="0"/>
</B>
<B id="60" t="ppcrmif" f="20" l="329" c="0">
<BEGIN l="329" c="63"/>
<END l="331" c="0"/>
</B>
<B id="61" t="ppcrmif" f="20" l="332" c="0">
<BEGIN l="332" c="64"/>
<END l="334" c="0"/>
</B>
<B id="62" t="ppcrmif" f="20" l="335" c="0">
<BEGIN l="335" c="16"/>
<END l="340" c="0"/>
</B>
<B id="63" t="ppcif" f="20" l="343" c="0">
<BEGIN l="343" c="57"/>
<END l="345" c="0"/>
</B>
<B id="64" t="type" f="4" l="50" c="7">
<BEGIN l="50" c="27"/>
<END l="60" c="0"/>
</B>
<B id="65" t="ppcif" f="4" l="24" c="0">
<BEGIN l="24" c="28"/>
<END l="138" c="0"/>
</B>
<B id="66" t="ppcrmif" f="4" l="27" c="0">
<BEGIN l="27" c="35"/>
<END l="29" c="0"/>
</B>
<B id="67" t="ppcif" f="4" l="31" c="0">
<BEGIN l="31" c="38"/>
<END l="33" c="0"/>
</B>
<B id="68" t="ppcrmif" f="4" l="35" c="0">
<BEGIN l="35" c="19"/>
<END l="38" c="0"/>
</B>
<B id="69" t="ppcrmif" f="4" l="134" c="0">
<BEGIN l="134" c="19"/>
<END l="136" c="0"/>
</B>
<B id="70" t="ppcif" f="21" l="24" c="0">
<BEGIN l="24" c="33"/>
<END l="39" c="0"/>
</B>
<B id="71" t="ppcrmif" f="21" l="27" c="0">
<BEGIN l="27" c="19"/>
<END l="30" c="0"/>
</B>
<B id="72" t="ppcrmif" f="21" l="35" c="0">
<BEGIN l="35" c="19"/>
<END l="37" c="0"/>
</B>
<B id="73" t="ppcif" f="22" l="24" c="0">
<BEGIN l="24" c="19"/>
<END l="34" c="0"/>
</B>
<B id="74" t="ppcif" f="23" l="25" c="0">
<BEGIN l="25" c="14"/>
<END l="96" c="0"/>
</B>
<B id="75" t="ppcrmif" f="23" l="41" c="0">
<BEGIN l="41" c="33"/>
<END l="43" c="0"/>
</B>
<B id="76" t="ppcrmif" f="23" l="45" c="0">
<BEGIN l="45" c="46"/>
<END l="47" c="0"/>
</B>
<B id="77" t="ppcrmif" f="23" l="49" c="0">
<BEGIN l="49" c="28"/>
<END l="51" c="0"/>
</B>
<B id="78" t="type" f="3" l="135" c="0">
<BEGIN l="135" c="0"/>
<END l="141" c="0"/>
</B>
<B id="79" t="ppcif" f="3" l="56" c="0">
<BEGIN l="56" c="19"/>
<END l="154" c="0"/>
</B>
<B id="80" t="ppcif" f="3" l="122" c="0">
<BEGIN l="122" c="26"/>
<END l="126" c="0"/>
</B>
<B id="81" t="ppcif" f="2" l="43" c="0">
<BEGIN l="43" c="24"/>
<END l="150" c="0"/>
</B>
<B id="82" t="ppcif" f="2" l="81" c="0">
<BEGIN l="81" c="13"/>
<END l="83" c="0"/>
</B>
<B id="83" t="ppcif" f="2" l="85" c="0">
<BEGIN l="85" c="14"/>
<END l="87" c="0"/>
</B>
<B id="84" t="ppcrmif" f="2" l="119" c="0">
<BEGIN l="119" c="46"/>
<END l="125" c="0"/>
</B>
<B id="85" t="ppcelse" f="2" l="125" c="0">
<BEGIN l="125" c="6"/>
<END l="129" c="0"/>
</B>
<B id="86" t="ppcrmif" f="2" l="131" c="0">
<BEGIN l="131" c="46"/>
<END l="137" c="0"/>
</B>
<B id="87" t="ppcelse" f="2" l="137" c="0">
<BEGIN l="137" c="6"/>
<END l="140" c="0"/>
</B>
<B id="88" t="ppcif" f="24" l="43" c="0">
<BEGIN l="43" c="18"/>
<END l="202" c="0"/>
</B>
<B id="89" t="ppcif" f="24" l="88" c="0">
<BEGIN l="88" c="17"/>
<END l="90" c="0"/>
</B>
<B id="90" t="ppcif" f="25" l="19" c="0">
<BEGIN l="19" c="22"/>
<END l="23" c="0"/>
</B>
<B id="91" t="ppcif" f="26" l="19" c="0">
<BEGIN l="19" c="26"/>
<END l="23" c="0"/>
</B>
<B id="92" t="ppcif" f="27" l="24" c="0">
<BEGIN l="24" c="31"/>
<END l="27" c="0"/>
</B>
<B id="93" t="ppcif" f="28" l="19" c="0">
<BEGIN l="19" c="16"/>
<END l="24" c="0"/>
</B>
<B id="94" t="ppcif" f="29" l="53" c="0">
<BEGIN l="53" c="35"/>
<END l="57" c="0"/>
</B>
<B id="95" t="ppcrmif" f="29" l="67" c="0">
<BEGIN l="67" c="48"/>
<END l="71" c="0"/>
</B>
<B id="96" t="ppcrmif" f="29" l="81" c="0">
<BEGIN l="81" c="53"/>
<END l="85" c="0"/>
</B>
<B id="97" t="ppcrmif" f="29" l="95" c="0">
<BEGIN l="95" c="51"/>
<END l="99" c="0"/>
</B>
<B id="98" t="ppcrmif" f="29" l="109" c="0">
<BEGIN l="109" c="56"/>
<END l="113" c="0"/>
</B>
<B id="99" t="ppcif" f="29" l="125" c="0">
<BEGIN l="125" c="34"/>
<END l="129" c="0"/>
</B>
<B id="100" t="ppcrmif" f="29" l="139" c="0">
<BEGIN l="139" c="47"/>
<END l="143" c="0"/>
</B>
<B id="101" t="ppcrmif" f="29" l="153" c="0">
<BEGIN l="153" c="52"/>
<END l="157" c="0"/>
</B>
<B id="102" t="ppcrmif" f="29" l="167" c="0">
<BEGIN l="167" c="50"/>
<END l="171" c="0"/>
</B>
<B id="103" t="ppcrmif" f="29" l="181" c="0">
<BEGIN l="181" c="55"/>
<END l="185" c="0"/>
</B>
<B id="104" t="ppcif" f="7" l="12" c="0">
<BEGIN l="12" c="19"/>
<END l="67" c="0"/>
</B>
<B id="105" t="ppcif" f="7" l="31" c="0">
<BEGIN l="31" c="29"/>
<END l="33" c="0"/>
</B>
<B id="106" t="ppcif" f="7" l="36" c="0">
<BEGIN l="36" c="29"/>
<END l="38" c="0"/>
</B>
<B id="107" t="ppcif" f="7" l="41" c="0">
<BEGIN l="41" c="33"/>
<END l="43" c="0"/>
</B>
<B id="108" t="ppcif" f="7" l="46" c="0">
<BEGIN l="46" c="33"/>
<END l="48" c="0"/>
</B>
<B id="109" t="ppcif" f="7" l="51" c="0">
<BEGIN l="51" c="33"/>
<END l="53" c="0"/>
</B>
<B id="110" t="ppcif" f="7" l="56" c="0">
<BEGIN l="56" c="33"/>
<END l="58" c="0"/>
</B>
</Blocks>
</Navig>
