<?xml version="1.0" encoding="UTF-8"?>

<project name="Polyspace" files="3" includes="21" ap_cg_cycle="0" ap_cg_direct_cycle="0" pshv="0" unpshv="0">
<file name="C:\_EA4SynWrkgCpy\CM109B_ClkCfgAndMon_Impl\tools\local\generate\Rte_Stubs.c" total_lines="23" lines_without_cmt="7" comf="50" fco="2">
<function name="Rte_Stub" path="1" goto="0" vg="1" calling="0" calls="2" param="0" stmt="2" level="1" return="0" vocf="1.7" flin="2" fxln="2" ncalls="2">
</function>
</file>
<file name="C:\_EA4SynWrkgCpy\CM109B_ClkCfgAndMon_Impl\src\CDD_ClkCfgAndMonNonRte.c" total_lines="75" lines_without_cmt="37" comf="33" fco="4">
<function name="ClkCfgAndMonInit0" path="3" goto="0" vg="3" calling="1" calls="4" param="0" stmt="20" level="2" return="0" vocf="5.5" flin="34" fxln="21" ncalls="4">
</function>
</file>
<file name="C:\_EA4SynWrkgCpy\CM109B_ClkCfgAndMon_Impl\src\CDD_ClkCfgAndMon.c" total_lines="115" lines_without_cmt="8" comf="100" fco="0">
<function name="ClkCfgAndMonInit1" path="1" goto="0" vg="1" calling="1" calls="0" param="0" stmt="0" level="1" return="0" vocf="1.2" flin="10" fxln="0" ncalls="0">
</function>
</file>
</project>
