<?xml version="1.0" encoding="UTF-8"?>
<MISRA-C-Report-Summary>
<File Mode="advisory" Error="0" Warning="3" Total="3">
<Name>
C:\Component\DF002A_Swp_Impl\src\Swp.c</Name>
</File>
<File Mode="required" Error="0" Warning="10" Total="10">
<Name>
C:\Component\DF002A_Swp_Impl\src\Swp.c</Name>
</File>
<Rule Name="9.1" Count="7" Mode="required" Severity="warning">
<Message>
All automatic variables shall have been assigned a value before being used.</Message>
</Rule>
<Rule Name="19.1" Count="3" Mode="advisory" Severity="warning">
<Message>
#include statements in a file shall only be preceded by other preprocessor directives or comments.</Message>
</Rule>
<Rule Name="21.1" Count="3" Mode="required" Severity="warning">
<Message>
Minimisation of run-time failures.</Message>
</Rule>
</MISRA-C-Report-Summary>
