<?xml version="1.0" encoding="UTF-8"?>

<MISRA-C-Report version="1.3">


<CodeStruct Name="" File="C:\Component\DF002A_Swp_Impl\src\Swp.c" Line="0" Column="0">

<Rule Name="19.1" Mode="advisory" Report="warning" Id="1">
<Loc File="C:\Component\DF002A_Swp_Impl\src\Swp.c" Line="91" Column="0">
</Loc>
<Message>
#include statements in a file shall only be preceded by other preprocessor directives or comments.
</Message>
</Rule>

<Rule Name="19.1" Mode="advisory" Report="warning" Id="2">
<Loc File="C:\Component\DF002A_Swp_Impl\src\Swp.c" Line="100" Column="0">
</Loc>
<Message>
#include statements in a file shall only be preceded by other preprocessor directives or comments.
</Message>
</Rule>

<Rule Name="19.1" Mode="advisory" Report="warning" Id="3">
<Loc File="C:\Component\DF002A_Swp_Impl\src\Swp.c" Line="500" Column="0">
</Loc>
<Message>
#include statements in a file shall only be preceded by other preprocessor directives or comments.
</Message>
</Rule>

</CodeStruct>

<CodeStruct Name="SwpPer1" File="C:\Component\DF002A_Swp_Impl\src\Swp.c" Line="168" Column="5">

<Rule Name="9.1" Mode="required" Report="warning" Id="4">
<Loc File="C:\Component\DF002A_Swp_Impl\src\Swp.c" Line="237" Column="35">
</Loc>
<Message>
All automatic variables shall have been assigned a value before being used.
</Message>
</Rule>

<Rule Name="9.1" Mode="required" Report="warning" Id="5">
<Loc File="C:\Component\DF002A_Swp_Impl\src\Swp.c" Line="238" Column="41">
</Loc>
<Message>
All automatic variables shall have been assigned a value before being used.
</Message>
</Rule>

<Rule Name="9.1" Mode="required" Report="warning" Id="6">
<Loc File="C:\Component\DF002A_Swp_Impl\src\Swp.c" Line="256" Column="83">
</Loc>
<Message>
All automatic variables shall have been assigned a value before being used.
</Message>
</Rule>

<Rule Name="21.1" Mode="required" Report="warning" Id="7">
<Loc File="C:\Component\DF002A_Swp_Impl\src\Swp.c" Line="257" Column="101">
</Loc>
<Message>
Minimisation of run-time failures.
</Message>
</Rule>

<Rule Name="21.1" Mode="required" Report="warning" Id="8">
<Loc File="C:\Component\DF002A_Swp_Impl\src\Swp.c" Line="258" Column="94">
</Loc>
<Message>
Minimisation of run-time failures.
</Message>
</Rule>

<Rule Name="9.1" Mode="required" Report="warning" Id="9">
<Loc File="C:\Component\DF002A_Swp_Impl\src\Swp.c" Line="298" Column="83">
</Loc>
<Message>
All automatic variables shall have been assigned a value before being used.
</Message>
</Rule>

<Rule Name="21.1" Mode="required" Report="warning" Id="10">
<Loc File="C:\Component\DF002A_Swp_Impl\src\Swp.c" Line="299" Column="109">
</Loc>
<Message>
Minimisation of run-time failures.
</Message>
</Rule>

<Rule Name="9.1" Mode="required" Report="warning" Id="11">
<Loc File="C:\Component\DF002A_Swp_Impl\src\Swp.c" Line="348" Column="83">
</Loc>
<Message>
All automatic variables shall have been assigned a value before being used.
</Message>
</Rule>

<Rule Name="9.1" Mode="required" Report="warning" Id="12">
<Loc File="C:\Component\DF002A_Swp_Impl\src\Swp.c" Line="399" Column="53">
</Loc>
<Message>
All automatic variables shall have been assigned a value before being used.
</Message>
</Rule>

</CodeStruct>

<CodeStruct Name="SwpPer2" File="C:\Component\DF002A_Swp_Impl\src\Swp.c" Line="457" Column="5">

<Rule Name="9.1" Mode="required" Report="warning" Id="13">
<Loc File="C:\Component\DF002A_Swp_Impl\src\Swp.c" Line="479" Column="60">
</Loc>
<Message>
All automatic variables shall have been assigned a value before being used.
</Message>
</Rule>

</CodeStruct>

</MISRA-C-Report>
