<?xml version="1.0" encoding="UTF-8"?>
<Navig version="1.0">
<Files>
<F id="1" n="C:\Program Files\MATLAB\R2013b\polyspace\verifier\cxx\cinclude\stdarg.h"/>
<F id="2" n="C:\Workspace\_EA4\_Components\AR400A_NxtrStrtUp_Impl-kzdyfh\TL103A_CplrSuprt\include\2013.5.5\ansi\ghs_null.h"/>
<F id="3" n="C:\Workspace\_EA4\_Components\AR400A_NxtrStrtUp_Impl-kzdyfh\AR201A_ArCplrSuprt_Impl\include\ASR4.0.3\Platform_Types.h"/>
<F id="4" n="C:\Workspace\_EA4\_Components\AR400A_NxtrStrtUp_Impl-kzdyfh\AR200A_ArSuprt_Impl\include\ASR4.0.3\Std_Types.h"/>
<F id="5" n="C:\Workspace\_EA4\_Components\AR400A_NxtrStrtUp_Impl-kzdyfh\AR400A_NxtrStrtUp_Impl\include\NxtrStrtUp.h"/>
<F id="6" n="C:\Workspace\_EA4\_Components\AR400A_NxtrStrtUp_Impl-kzdyfh\TL103A_CplrSuprt\include\2013.5.5\ansi\string.h"/>
<F id="7" n="C:\Workspace\_EA4\_Components\AR400A_NxtrStrtUp_Impl-kzdyfh\AR400A_NxtrStrtUp_Impl\src\NxtrStrtUp.c"/>
<F id="8" n="C:\Workspace\_EA4\_Components\AR400A_NxtrStrtUp_Impl-kzdyfh\AR400A_NxtrStrtUp_Impl\tools\local\generate\Rte_Stubs.c"/>
<F id="9" n="C-STUBS\__polyspace__stdstubs.c"/>
<F id="10" n="C:\Workspace\_EA4\_Components\AR400A_NxtrStrtUp_Impl-kzdyfh\AR400A_NxtrStrtUp_Impl\tools\Polyspace\~CodeProver\C-ALL\C-STUBS\pst_stub_types.h"/>
<F id="11" n="C-STUBS\pst_stubs_1.c"/>
<F id="12" n="C-STUBS\pst_stubs_0.c"/>
<F id="13" n="C-STUBS\__polyspace_main.c"/>
<F id="14" n="C:\Workspace\_EA4\_Components\AR400A_NxtrStrtUp_Impl-kzdyfh\TL103A_CplrSuprt\include\2013.5.5\ansi\float.h"/>
<F id="15" n="C:\Workspace\_EA4\_Components\AR400A_NxtrStrtUp_Impl-kzdyfh\AR400A_NxtrStrtUp_Impl\tools\local\generate\Rte_Stubs.h"/>
<F id="16" n="C:\Program Files\MATLAB\R2013b\polyspace\verifier\cxx\cinclude\__polyspace__std_decls.h"/>
<F id="17" n="C:\Program Files\MATLAB\R2013b\polyspace\verifier\cxx\cinclude\assert.h"/>
<F id="18" n="C:\Program Files\MATLAB\R2013b\polyspace\verifier\cxx\cinclude\__polyspace__libc_defs.h"/>
<F id="19" n="C:\Workspace\_EA4\_Components\AR400A_NxtrStrtUp_Impl-kzdyfh\AR201A_ArCplrSuprt_Impl\include\ASR4.0.3\Compiler.h"/>
<F id="20" n="C:\Workspace\_EA4\_Components\AR400A_NxtrStrtUp_Impl-kzdyfh\AR201A_ArCplrSuprt_Impl\tools\contract\Compiler_Cfg.h"/>
<F id="21" n="C:\Workspace\_EA4\_Components\AR400A_NxtrStrtUp_Impl-kzdyfh\AR201A_ArCplrSuprt_Impl\tools\contract\Renesas_Compiler.h"/>
</Files>
<Definitions>
<D id="1" f="11" l="100" c="26" n="_main_gen_tmp_3_0" t="4" d="1"/>
<D id="2" f="9" l="7855" c="9" n="__one_byte__" t="4" d="1"/>
<D id="3" f="9" l="7859" c="9" n="__one_byte__" t="4" d="1"/>
<D id="4" f="9" l="7843" c="14" n="__polyspace_memcpy_ret_t" t="7" d="1"/>
<D id="5" f="9" l="7846" c="12" n="q" t="4" d="1"/>
<D id="6" f="9" l="7843" c="54" n="__polyspace_memcpy_arg0_t" t="7" d="1"/>
<D id="7" f="9" l="7855" c="35" n="__s0__" t="4" d="1"/>
<D id="8" f="9" l="6869" c="14" n="_polyspace_compare_function_type" t="7" d="1"/>
<D id="9" f="9" l="7855" c="90" n="__n0__" t="4" d="1"/>
<D id="10" f="9" l="7859" c="35" n="__s0__" t="4" d="1"/>
<D id="11" f="9" l="7859" c="90" n="__n0__" t="4" d="1"/>
<D id="12" f="9" l="11311" c="12" n="_polyspace_random_long_double" t="2" d="1"/>
<D id="13" f="9" l="11330" c="21" n="HUGE_VALF" t="1" d="1"/>
<D id="14" f="9" l="11331" c="21" n="HUGE_VALL" t="1" d="1"/>
<D id="15" f="9" l="11313" c="23" n="random" t="4" d="1"/>
<D id="16" f="9" l="7843" c="101" n="__polyspace_memcpy_arg1_t" t="7" d="1"/>
<D id="17" f="9" l="7843" c="201" n="memcpy" t="2" d="1"/>
<D id="18" f="9" l="11329" c="21" n="HUGE_VAL" t="1" d="1"/>
<D id="19" f="9" l="7843" c="149" n="__polyspace_memcpy_arg2_t" t="7" d="1"/>
<D id="20" f="9" l="7843" c="312" n="s1" t="4" d="1"/>
<D id="21" f="9" l="12173" c="16" n="__polyspace_absolute_address" t="1" d="1"/>
<D id="22" f="9" l="7843" c="235" n="s1_" t="4" d="1"/>
<D id="23" f="9" l="7843" c="344" n="s2" t="4" d="1"/>
<D id="24" f="9" l="7843" c="266" n="s2_" t="4" d="1"/>
<D id="25" f="9" l="7843" c="376" n="n" t="4" d="1"/>
<D id="26" f="9" l="7843" c="297" n="n_" t="4" d="1"/>
<D id="27" f="5" l="30" c="2" n="RomBlkDftTyp" t="7" d="1"/>
<D id="28" f="8" l="26" c="5" n="Rte_Stub" t="2" d="1"/>
<D id="29" f="7" l="36" c="5" n="nxtr_strt_up" t="2" d="1"/>
<D id="30" f="10" l="3" c="20" n="__PST__SINT8" t="7" d="1"/>
<D id="31" f="10" l="5" c="19" n="__PST__SINT32" t="7" d="1"/>
<D id="32" f="10" l="1" c="13" n="__PST__CHAR" t="7" d="1"/>
<D id="33" f="10" l="2" c="13" n="__PST__VOID" t="7" d="1"/>
<D id="34" f="10" l="4" c="21" n="__PST__SINT16" t="7" d="1"/>
<D id="35" f="4" l="141" c="2" n="Std_VersionInfoType" t="7" d="1"/>
<D id="36" f="5" l="40" c="14" n="clearedRamStart" t="1" d="0"/>
<D id="37" f="10" l="7" c="22" n="__PST__UINT8" t="7" d="1"/>
<D id="38" f="10" l="9" c="21" n="__PST__UINT32" t="7" d="1"/>
<D id="39" f="9" l="420" c="4" n="errno" t="1" d="1"/>
<D id="40" f="5" l="41" c="14" n="clearedRamEnd" t="1" d="0"/>
<D id="41" f="9" l="44" c="21" n="size_t" t="7" d="1"/>
<D id="42" f="5" l="43" c="13" n="__ghsbinfo_copy" t="1" d="0"/>
<D id="43" f="5" l="44" c="13" n="__ghseinfo_copy" t="1" d="0"/>
<D id="44" f="7" l="42" c="23" n="Len_Cnt_T_u32" t="4" d="1"/>
<D id="45" f="10" l="31" c="7" n="__PST__g__33" t="6" d="1"/>
<D id="46" f="13" l="42" c="5" n="main" t="2" d="1"/>
<D id="47" f="10" l="8" c="23" n="__PST__UINT16" t="7" d="1"/>
<D id="48" f="7" l="43" c="23" n="Idx_Cnt_T_u32" t="4" d="1"/>
<D id="49" f="9" l="46" c="12" n="ptrdiff_t" t="7" d="1"/>
<D id="50" f="1" l="45" c="14" n="__va_list" t="7" d="1"/>
<D id="51" f="10" l="6" c="25" n="__PST__SINT64" t="7" d="1"/>
<D id="52" f="2" l="50" c="26" n="size_t" t="7" d="1"/>
<D id="53" f="9" l="49" c="21" n="wchar_t" t="7" d="1"/>
<D id="54" f="7" l="59" c="30" n="BlkPtr_Cnt_T_u32" t="4" d="1"/>
<D id="55" f="12" l="45" c="5" n="__PST__MAIN__ENTRY__POINT__" t="2" d="1"/>
<D id="56" f="1" l="50" c="18" n="__gnuc_va_list" t="7" d="1"/>
<D id="57" f="7" l="57" c="23" n="TblSize_Cnt_T_u16" t="4" d="1"/>
<D id="58" f="8" l="18" c="15" n="main1" t="2" d="1"/>
<D id="59" f="5" l="27" c="16" n="TarPtr_Cnt_u32" t="9" d="1"/>
<D id="60" f="7" l="58" c="23" n="BlkOffs_Cnt_T_u16" t="4" d="1"/>
<D id="61" f="5" l="29" c="15" n="Size_Cnt_u32" t="9" d="1"/>
<D id="62" f="5" l="28" c="16" n="SrcPtr_Cnt_u32" t="9" d="1"/>
<D id="63" f="1" l="49" c="18" n="va_list" t="7" d="1"/>
<D id="64" f="4" l="140" c="10" n="sw_patch_version" t="9" d="1"/>
<D id="65" f="10" l="12" c="21" n="__PST__g__11" t="7" d="1"/>
<D id="66" f="10" l="20" c="22" n="__PST__g__22" t="7" d="1"/>
<D id="67" f="10" l="14" c="20" n="__PST__g__15" t="7" d="1"/>
<D id="68" f="3" l="110" c="31" n="uint32" t="7" d="1"/>
<D id="69" f="10" l="30" c="22" n="__PST__g__32" t="7" d="1"/>
<D id="70" f="10" l="23" c="30" n="__PST__g__24" t="7" d="1"/>
<D id="71" f="10" l="40" c="22" n="__PST__g__37" t="7" d="1"/>
<D id="72" f="10" l="11" c="14" n="__PST__FLOAT32" t="7" d="1"/>
<D id="73" f="10" l="22" c="22" n="__PST__g__25" t="7" d="1"/>
<D id="74" f="10" l="50" c="31" n="__PST__g__51" t="7" d="1"/>
<D id="75" f="11" l="25" c="20" n="pst_random_int" t="3" d="1"/>
<D id="76" f="10" l="21" c="32" n="__PST__g__23" t="7" d="1"/>
<D id="77" f="10" l="44" c="20" n="__PST__g__44" t="7" d="1"/>
<D id="78" f="3" l="112" c="31" n="sint8_least" t="7" d="1"/>
<D id="79" f="12" l="25" c="20" n="pst_random_int" t="3" d="1"/>
<D id="80" f="10" l="15" c="21" n="__PST__g__16" t="7" d="1"/>
<D id="81" f="10" l="41" c="22" n="__PST__g__38" t="7" d="1"/>
<D id="82" f="3" l="103" c="31" n="boolean" t="7" d="1"/>
<D id="83" f="10" l="26" c="20" n="__PST__g__28" t="7" d="1"/>
<D id="84" f="13" l="25" c="20" n="pst_random_int" t="3" d="1"/>
<D id="85" f="10" l="25" c="21" n="__PST__g__27" t="7" d="1"/>
<D id="86" f="10" l="51" c="22" n="__PST__g__52" t="7" d="1"/>
<D id="87" f="3" l="113" c="31" n="uint8_least" t="7" d="1"/>
<D id="88" f="10" l="42" c="22" n="__PST__g__39" t="7" d="1"/>
<D id="89" f="4" l="136" c="10" n="vendorID" t="9" d="1"/>
<D id="90" f="10" l="24" c="22" n="__PST__g__26" t="7" d="1"/>
<D id="91" f="10" l="43" c="31" n="__PST__g__40" t="7" d="1"/>
<D id="92" f="10" l="37" c="29" n="__PST__g__34" t="7" d="1"/>
<D id="93" f="3" l="114" c="31" n="sint16_least" t="7" d="1"/>
<D id="94" f="3" l="105" c="31" n="sint8" t="7" d="1"/>
<D id="95" f="4" l="137" c="10" n="moduleID" t="9" d="1"/>
<D id="96" f="10" l="45" c="21" n="__PST__g__46" t="7" d="1"/>
<D id="97" f="11" l="28" c="29" n="pst_random_g_6" t="3" d="1"/>
<D id="98" f="3" l="115" c="31" n="uint16_least" t="7" d="1"/>
<D id="99" f="10" l="13" c="15" n="__PST__FLOAT64" t="7" d="1"/>
<D id="100" f="10" l="18" c="21" n="__PST__g__17" t="7" d="1"/>
<D id="101" f="11" l="27" c="30" n="pst_random_g_8" t="3" d="1"/>
<D id="102" f="3" l="106" c="31" n="uint8" t="7" d="1"/>
<D id="103" f="10" l="46" c="30" n="__PST__g__47" t="7" d="1"/>
<D id="104" f="4" l="138" c="10" n="sw_major_version" t="9" d="1"/>
<D id="105" f="10" l="17" c="22" n="__PST__g__18" t="7" d="1"/>
<D id="106" f="11" l="41" c="24" n="clearedRamStart" t="1" d="0"/>
<D id="107" f="4" l="132" c="14" n="Std_ReturnType" t="7" d="1"/>
<D id="108" f="3" l="116" c="31" n="sint32_least" t="7" d="1"/>
<D id="109" f="3" l="107" c="31" n="sint16" t="7" d="1"/>
<D id="110" f="4" l="125" c="22" n="StatusType" t="7" d="1"/>
<D id="111" f="10" l="47" c="30" n="__PST__g__48" t="7" d="1"/>
<D id="112" f="4" l="139" c="10" n="sw_minor_version" t="9" d="1"/>
<D id="113" f="10" l="27" c="22" n="__PST__g__29" t="7" d="1"/>
<D id="114" f="10" l="10" c="27" n="__PST__UINT64" t="7" d="1"/>
<D id="115" f="3" l="117" c="31" n="uint32_least" t="7" d="1"/>
<D id="116" f="11" l="93" c="12" n="_main_gen_init_sym___ghseinfo_copy" t="5" d="1"/>
<D id="117" f="3" l="108" c="31" n="uint16" t="7" d="1"/>
<D id="118" f="11" l="75" c="12" n="_main_gen_init_sym___ghsbinfo_copy" t="5" d="1"/>
<D id="119" f="3" l="127" c="31" n="sint64" t="7" d="1"/>
<D id="120" f="11" l="57" c="12" n="_main_gen_init_sym_clearedRamEnd" t="5" d="1"/>
<D id="121" f="3" l="109" c="31" n="sint32" t="7" d="1"/>
<D id="122" f="10" l="38" c="22" n="__PST__g__35" t="7" d="1"/>
<D id="123" f="11" l="39" c="12" n="_main_gen_init_sym_clearedRamStart" t="5" d="1"/>
<D id="124" f="10" l="29" c="22" n="__PST__g__31" t="7" d="1"/>
<D id="125" f="3" l="128" c="31" n="uint64" t="7" d="1"/>
<D id="126" f="10" l="28" c="23" n="__PST__g__30" t="7" d="1"/>
<D id="127" f="10" l="48" c="22" n="__PST__g__49" t="7" d="1"/>
<D id="128" f="10" l="19" c="23" n="__PST__g__20" t="7" d="1"/>
<D id="129" f="10" l="39" c="22" n="__PST__g__36" t="7" d="1"/>
<D id="130" f="9" l="470" c="23" n="_polyspace_random_ulong" t="5" d="1"/>
<D id="131" f="3" l="138" c="31" n="float32" t="7" d="1"/>
<D id="132" f="10" l="33" c="17" n="TarPtr_Cnt_u32" t="9" d="1"/>
<D id="133" f="11" l="117" c="5" n="_extern_init" t="2" d="1"/>
<D id="134" f="10" l="49" c="22" n="__PST__g__50" t="7" d="1"/>
<D id="135" f="9" l="440" c="25" n="random" t="4" d="1"/>
<D id="136" f="9" l="454" c="13" n="_polyspace_random_int" t="5" d="1"/>
<D id="137" f="3" l="139" c="31" n="float64" t="7" d="1"/>
<D id="138" f="10" l="34" c="17" n="SrcPtr_Cnt_u32" t="9" d="1"/>
<D id="139" f="9" l="462" c="14" n="_polyspace_random_long" t="5" d="1"/>
<D id="140" f="10" l="16" c="26" n="__PST__g__19" t="7" d="1"/>
<D id="141" f="11" l="23" c="28" n="pst_random_char" t="3" d="1"/>
<D id="142" f="9" l="3524" c="4" n="__polyspace_nb_varargs" t="1" d="1"/>
<D id="143" f="12" l="23" c="28" n="pst_random_char" t="3" d="1"/>
<D id="144" f="11" l="82" c="26" n="_main_gen_tmp_2_0" t="4" d="1"/>
<D id="145" f="9" l="446" c="23" n="_polyspace_random_uchar" t="5" d="1"/>
<D id="146" f="13" l="23" c="28" n="pst_random_char" t="3" d="1"/>
<D id="147" f="10" l="35" c="18" n="Size_Cnt_u32" t="9" d="1"/>
<D id="148" f="11" l="64" c="26" n="_main_gen_tmp_1_0" t="4" d="1"/>
<D id="149" f="11" l="95" c="24" n="__ghseinfo_copy" t="1" d="0"/>
<D id="150" f="11" l="46" c="26" n="_main_gen_tmp_0_0" t="4" d="1"/>
<D id="151" f="11" l="77" c="24" n="__ghsbinfo_copy" t="1" d="0"/>
<D id="152" f="11" l="59" c="24" n="clearedRamEnd" t="1" d="0"/>
<D id="153" f="9" l="438" c="14" n="_polyspace_random_char" t="5" d="1"/>
<D id="154" f="9" l="472" c="34" n="random" t="4" d="1"/>
<D id="155" f="9" l="456" c="24" n="random" t="4" d="1"/>
<D id="156" f="9" l="464" c="25" n="random" t="4" d="1"/>
<D id="157" f="9" l="3523" c="7" n="__polyspace_vararg" t="1" d="1"/>
<D id="158" f="9" l="448" c="34" n="random" t="4" d="1"/>
<D id="159" f="9" l="477" c="16" n="_polyspace_random_double" t="5" d="1"/>
<D id="160" f="9" l="7845" c="6" n="i" t="4" d="1"/>
<D id="161" f="9" l="479" c="27" n="random" t="4" d="1"/>
<D id="162" f="9" l="7846" c="8" n="p" t="4" d="1"/>
</Definitions>
<Uses>
<U id="1" f="11" l="100" c="12" d="38" a="0"/>
<U id="2" f="11" l="102" c="40" d="1" a="0"/>
<U id="3" f="11" l="102" c="60" d="101" a="0"/>
<U id="4" f="11" l="105" c="32" d="1" a="0"/>
<U id="5" f="11" l="102" c="17" d="1" a="1"/>
<U id="6" f="11" l="105" c="16" d="149" a="1"/>
<U id="7" f="11" l="105" c="53" d="97" a="0"/>
<U id="8" f="11" l="102" c="76" d="1" a="1"/>
<U id="9" f="9" l="7863" c="11" d="162" a="0"/>
<U id="10" f="9" l="7862" c="12" d="160" a="0"/>
<U id="11" f="9" l="7867" c="9" d="4" a="0"/>
<U id="12" f="9" l="7851" c="14" d="23" a="0"/>
<U id="13" f="9" l="7852" c="14" d="20" a="0"/>
<U id="14" f="9" l="7863" c="13" d="160" a="0"/>
<U id="15" f="9" l="7862" c="14" d="25" a="0"/>
<U id="16" f="9" l="7862" c="17" d="160" a="1"/>
<U id="17" f="9" l="7855" c="72" d="5" a="0"/>
<U id="18" f="9" l="7855" c="45" d="25" a="0"/>
<U id="19" f="9" l="7855" c="56" d="2" a="1"/>
<U id="20" f="9" l="7867" c="36" d="20" a="0"/>
<U id="21" f="9" l="7859" c="72" d="162" a="0"/>
<U id="22" f="9" l="7859" c="45" d="25" a="0"/>
<U id="23" f="9" l="7859" c="56" d="3" a="1"/>
<U id="24" f="9" l="11314" c="9" d="15" a="0"/>
<U id="25" f="9" l="7843" c="209" d="6" a="0"/>
<U id="26" f="9" l="7855" c="100" d="25" a="0"/>
<U id="27" f="9" l="7859" c="100" d="25" a="0"/>
<U id="28" f="9" l="7843" c="240" d="16" a="0"/>
<U id="29" f="9" l="7855" c="150" d="7" a="0"/>
<U id="30" f="9" l="7843" c="369" d="41" a="0"/>
<U id="31" f="9" l="7855" c="115" d="25" a="0"/>
<U id="32" f="9" l="7843" c="271" d="19" a="0"/>
<U id="33" f="9" l="7859" c="150" d="10" a="0"/>
<U id="34" f="9" l="7843" c="389" d="26" a="0"/>
<U id="35" f="9" l="7843" c="380" d="41" a="0"/>
<U id="36" f="9" l="7843" c="326" d="22" a="0"/>
<U id="37" f="9" l="7859" c="115" d="25" a="0"/>
<U id="38" f="9" l="7843" c="364" d="24" a="0"/>
<U id="39" f="9" l="7855" c="173" d="9" a="0"/>
<U id="40" f="9" l="7859" c="216" d="10" a="0"/>
<U id="41" f="9" l="7843" c="176" d="4" a="0"/>
<U id="42" f="9" l="7859" c="173" d="11" a="0"/>
<U id="43" f="8" l="18" c="0" d="107" a="0"/>
<U id="44" f="6" l="94" c="0" d="52" a="0"/>
<U id="45" f="5" l="40" c="7" d="68" a="0"/>
<U id="46" f="5" l="41" c="7" d="68" a="0"/>
<U id="47" f="1" l="50" c="8" d="50" a="0"/>
<U id="48" f="6" l="98" c="0" d="52" a="0"/>
<U id="49" f="6" l="99" c="0" d="52" a="0"/>
<U id="50" f="8" l="28" c="4" d="29" a="0"/>
<U id="51" f="5" l="43" c="7" d="102" a="0"/>
<U id="52" f="6" l="82" c="6" d="17" a="0"/>
<U id="53" f="5" l="44" c="7" d="102" a="0"/>
<U id="54" f="1" l="84" c="7" d="63" a="0"/>
<U id="55" f="5" l="27" c="8" d="68" a="0"/>
<U id="56" f="5" l="28" c="8" d="68" a="0"/>
<U id="57" f="5" l="29" c="8" d="68" a="0"/>
<U id="58" f="1" l="49" c="8" d="50" a="0"/>
<U id="59" f="6" l="100" c="0" d="52" a="0"/>
<U id="60" f="4" l="140" c="3" d="102" a="0"/>
<U id="61" f="10" l="33" c="4" d="126" a="0"/>
<U id="62" f="10" l="34" c="4" d="126" a="0"/>
<U id="63" f="1" l="84" c="39" d="63" a="0"/>
<U id="64" f="7" l="64" c="21" d="60" a="1"/>
<U id="65" f="10" l="20" c="8" d="65" a="0"/>
<U id="66" f="10" l="35" c="4" d="38" a="0"/>
<U id="67" f="10" l="30" c="8" d="83" a="0"/>
<U id="68" f="7" l="47" c="21" d="48" a="1"/>
<U id="69" f="10" l="12" c="8" d="33" a="0"/>
<U id="70" f="4" l="136" c="3" d="117" a="0"/>
<U id="71" f="10" l="40" c="8" d="100" a="0"/>
<U id="72" f="7" l="61" c="79" d="42" a="1"/>
<U id="73" f="10" l="22" c="8" d="30" a="0"/>
<U id="74" f="4" l="137" c="3" d="117" a="0"/>
<U id="75" f="10" l="41" c="8" d="126" a="0"/>
<U id="76" f="7" l="46" c="41" d="40" a="1"/>
<U id="77" f="7" l="42" c="16" d="68" a="0"/>
<U id="78" f="12" l="50" c="8" d="46" a="0"/>
<U id="79" f="10" l="14" c="8" d="33" a="0"/>
<U id="80" f="7" l="61" c="16" d="57" a="1"/>
<U id="81" f="10" l="51" c="8" d="77" a="0"/>
<U id="82" f="4" l="138" c="3" d="102" a="0"/>
<U id="83" f="7" l="47" c="41" d="48" a="0"/>
<U id="84" f="7" l="61" c="71" d="68" a="0"/>
<U id="85" f="7" l="66" c="59" d="42" a="1"/>
<U id="86" f="7" l="74" c="14" d="58" a="0"/>
<U id="87" f="10" l="42" c="8" d="113" a="0"/>
<U id="88" f="7" l="43" c="16" d="68" a="0"/>
<U id="89" f="7" l="49" c="40" d="48" a="0"/>
<U id="90" f="7" l="61" c="53" d="43" a="1"/>
<U id="91" f="10" l="24" c="8" d="38" a="0"/>
<U id="92" f="6" l="87" c="49" d="52" a="0"/>
<U id="93" f="6" l="91" c="52" d="52" a="0"/>
<U id="94" f="10" l="15" c="8" d="37" a="0"/>
<U id="95" f="7" l="46" c="33" d="68" a="0"/>
<U id="96" f="4" l="132" c="8" d="102" a="0"/>
<U id="97" f="4" l="139" c="3" d="102" a="0"/>
<U id="98" f="7" l="69" c="49" d="59" a="0"/>
<U id="99" f="10" l="25" c="8" d="37" a="0"/>
<U id="100" f="7" l="69" c="31" d="54" a="0"/>
<U id="101" f="7" l="61" c="45" d="68" a="0"/>
<U id="102" f="10" l="44" c="8" d="33" a="0"/>
<U id="103" f="6" l="89" c="49" d="52" a="0"/>
<U id="104" f="7" l="61" c="36" d="117" a="0"/>
<U id="105" f="7" l="66" c="24" d="54" a="1"/>
<U id="106" f="10" l="26" c="8" d="33" a="0"/>
<U id="107" f="7" l="46" c="16" d="44" a="1"/>
<U id="108" f="10" l="17" c="8" d="140" a="0"/>
<U id="109" f="10" l="45" c="8" d="30" a="0"/>
<U id="110" f="7" l="66" c="43" d="27" a="0"/>
<U id="111" f="7" l="49" c="24" d="36" a="1"/>
<U id="112" f="10" l="27" c="8" d="31" a="0"/>
<U id="113" f="10" l="18" c="8" d="65" a="0"/>
<U id="114" f="7" l="57" c="16" d="117" a="0"/>
<U id="115" f="7" l="64" c="45" d="60" a="0"/>
<U id="116" f="10" l="28" c="8" d="38" a="0"/>
<U id="117" f="7" l="69" c="24" d="17" a="0"/>
<U id="118" f="10" l="19" c="8" d="99" a="0"/>
<U id="119" f="7" l="58" c="16" d="117" a="0"/>
<U id="120" f="6" l="93" c="54" d="52" a="0"/>
<U id="121" f="7" l="47" c="72" d="48" a="1"/>
<U id="122" f="10" l="38" c="8" d="85" a="0"/>
<U id="123" f="10" l="29" c="8" d="90" a="0"/>
<U id="124" f="7" l="59" c="16" d="27" a="0"/>
<U id="125" f="10" l="48" c="8" d="31" a="0"/>
<U id="126" f="10" l="39" c="8" d="37" a="0"/>
<U id="127" f="6" l="83" c="28" d="52" a="0"/>
<U id="128" f="6" l="82" c="47" d="52" a="0"/>
<U id="129" f="7" l="64" c="65" d="57" a="0"/>
<U id="130" f="12" l="48" c="8" d="33" a="0"/>
<U id="131" f="10" l="49" c="8" d="38" a="0"/>
<U id="132" f="7" l="46" c="65" d="36" a="1"/>
<U id="133" f="6" l="79" c="44" d="52" a="0"/>
<U id="134" f="7" l="64" c="84" d="60" a="1"/>
<U id="135" f="6" l="84" c="47" d="52" a="0"/>
<U id="136" f="7" l="46" c="57" d="68" a="0"/>
<U id="137" f="7" l="47" c="57" d="44" a="0"/>
<U id="138" f="7" l="66" c="75" d="60" a="0"/>
<U id="139" f="7" l="69" c="83" d="62" a="0"/>
<U id="140" f="7" l="69" c="65" d="54" a="0"/>
<U id="141" f="11" l="41" c="11" d="90" a="0"/>
<U id="142" f="13" l="54" c="19" d="33" a="0"/>
<U id="143" f="11" l="131" c="4" d="116" a="0"/>
<U id="144" f="11" l="122" c="4" d="123" a="0"/>
<U id="145" f="9" l="441" c="11" d="135" a="0"/>
<U id="146" f="13" l="52" c="12" d="84" a="0"/>
<U id="147" f="7" l="69" c="99" d="117" a="0"/>
<U id="148" f="11" l="51" c="32" d="150" a="0"/>
<U id="149" f="13" l="46" c="11" d="84" a="0"/>
<U id="150" f="11" l="82" c="12" d="38" a="0"/>
<U id="151" f="11" l="64" c="12" d="38" a="0"/>
<U id="152" f="9" l="480" c="11" d="161" a="0"/>
<U id="153" f="11" l="46" c="12" d="38" a="0"/>
<U id="154" f="10" l="16" c="14" d="33" a="0"/>
<U id="155" f="12" l="48" c="20" d="46" a="0"/>
<U id="156" f="13" l="54" c="31" d="28" a="0"/>
<U id="157" f="10" l="21" c="17" d="99" a="0"/>
<U id="158" f="11" l="125" c="4" d="120" a="0"/>
<U id="159" f="11" l="95" c="11" d="85" a="0"/>
<U id="160" f="13" l="56" c="12" d="28" a="0"/>
<U id="161" f="11" l="23" c="16" d="32" a="0"/>
<U id="162" f="11" l="77" c="11" d="85" a="0"/>
<U id="163" f="9" l="473" c="11" d="154" a="0"/>
<U id="164" f="10" l="44" c="33" d="65" a="0"/>
<U id="165" f="12" l="23" c="16" d="32" a="0"/>
<U id="166" f="11" l="51" c="16" d="106" a="1"/>
<U id="167" f="11" l="59" c="11" d="90" a="0"/>
<U id="168" f="11" l="84" c="40" d="144" a="0"/>
<U id="169" f="10" l="50" c="17" d="38" a="0"/>
<U id="170" f="10" l="26" c="33" d="31" a="0"/>
<U id="171" f="13" l="23" c="16" d="32" a="0"/>
<U id="172" f="11" l="66" c="40" d="148" a="0"/>
<U id="173" f="10" l="23" c="17" d="73" a="0"/>
<U id="174" f="11" l="51" c="53" d="101" a="0"/>
<U id="175" f="11" l="48" c="40" d="150" a="0"/>
<U id="176" f="9" l="465" c="11" d="156" a="0"/>
<U id="177" f="7" l="64" c="105" d="117" a="0"/>
<U id="178" f="11" l="69" c="30" d="148" a="0"/>
<U id="179" f="9" l="457" c="11" d="155" a="0"/>
<U id="180" f="10" l="43" c="17" d="31" a="0"/>
<U id="181" f="10" l="37" c="15" d="45" a="0"/>
<U id="182" f="11" l="128" c="4" d="118" a="0"/>
<U id="183" f="11" l="84" c="60" d="101" a="0"/>
<U id="184" f="10" l="18" c="34" d="65" a="0"/>
<U id="185" f="11" l="66" c="60" d="101" a="0"/>
<U id="186" f="9" l="449" c="11" d="158" a="0"/>
<U id="187" f="11" l="27" c="16" d="38" a="0"/>
<U id="188" f="11" l="48" c="60" d="101" a="0"/>
<U id="189" f="10" l="18" c="62" d="38" a="0"/>
<U id="190" f="6" l="100" c="48" d="52" a="0"/>
<U id="191" f="11" l="28" c="16" d="37" a="0"/>
<U id="192" f="11" l="87" c="32" d="144" a="0"/>
<U id="193" f="9" l="7851" c="2" d="162" a="1"/>
<U id="194" f="10" l="46" c="17" d="30" a="0"/>
<U id="195" f="10" l="47" c="17" d="37" a="0"/>
<U id="196" f="11" l="69" c="51" d="101" a="0"/>
<U id="197" f="9" l="7852" c="2" d="5" a="1"/>
<U id="198" f="11" l="84" c="17" d="144" a="1"/>
<U id="199" f="11" l="66" c="17" d="148" a="1"/>
<U id="200" f="10" l="44" c="47" d="38" a="0"/>
<U id="201" f="11" l="48" c="17" d="150" a="1"/>
<U id="202" f="11" l="87" c="16" d="151" a="1"/>
<U id="203" f="7" l="69" c="125" d="61" a="0"/>
<U id="204" f="11" l="69" c="16" d="152" a="1"/>
<U id="205" f="7" l="69" c="107" d="54" a="0"/>
<U id="206" f="11" l="87" c="53" d="97" a="0"/>
<U id="207" f="10" l="18" c="48" d="105" a="0"/>
<U id="208" f="9" l="7863" c="4" d="5" a="0"/>
<U id="209" f="11" l="84" c="76" d="144" a="1"/>
<U id="210" f="11" l="66" c="76" d="148" a="1"/>
<U id="211" f="11" l="48" c="76" d="150" a="1"/>
<U id="212" f="9" l="7863" c="6" d="160" a="0"/>
<U id="213" f="9" l="7862" c="7" d="160" a="1"/>
</Uses>
<Blocks>
<B id="1" t="routine" f="8" l="18" c="15">
<BEGIN l="19" c="0"/>
<END l="21" c="0"/>
</B>
<B id="2" t="routine" f="8" l="26" c="5">
<BEGIN l="27" c="0"/>
<END l="29" c="0"/>
</B>
<B id="3" t="ppcif" f="14" l="13" c="0">
<BEGIN l="13" c="16"/>
<END l="133" c="0"/>
</B>
<B id="4" t="ppcrmif" f="14" l="14" c="0">
<BEGIN l="14" c="14"/>
<END l="16" c="0"/>
</B>
<B id="5" t="ppcif" f="14" l="18" c="0">
<BEGIN l="18" c="23"/>
<END l="129" c="0"/>
</B>
<B id="6" t="ppcrmif" f="14" l="25" c="0">
<BEGIN l="25" c="70"/>
<END l="27" c="0"/>
</B>
<B id="7" t="ppcelse" f="14" l="27" c="0">
<BEGIN l="27" c="5"/>
<END l="29" c="0"/>
</B>
<B id="8" t="ppcrmif" f="14" l="31" c="0">
<BEGIN l="31" c="67"/>
<END l="32" c="0"/>
</B>
<B id="9" t="ppcrmelif" f="14" l="32" c="0">
<BEGIN l="32" c="5"/>
<END l="35" c="0"/>
</B>
<B id="10" t="ppcrmelif" f="14" l="35" c="0">
<BEGIN l="35" c="5"/>
<END l="40" c="0"/>
</B>
<B id="11" t="ppcrmelse" f="14" l="40" c="0">
<BEGIN l="40" c="5"/>
<END l="42" c="0"/>
</B>
<B id="12" t="ppcrmif" f="14" l="54" c="0">
<BEGIN l="54" c="23"/>
<END l="55" c="0"/>
</B>
<B id="13" t="ppcrmelif" f="14" l="55" c="0">
<BEGIN l="55" c="5"/>
<END l="76" c="0"/>
</B>
<B id="14" t="ppcrmelse" f="14" l="76" c="0">
<BEGIN l="76" c="26"/>
<END l="123" c="0"/>
</B>
<B id="15" t="ppcrmif" f="14" l="89" c="0">
<BEGIN l="89" c="51"/>
<END l="100" c="0"/>
</B>
<B id="16" t="ppcrmelif" f="14" l="100" c="0">
<BEGIN l="100" c="5"/>
<END l="110" c="0"/>
</B>
<B id="17" t="ppcrmelse" f="14" l="110" c="0">
<BEGIN l="110" c="62"/>
<END l="121" c="0"/>
</B>
<B id="18" t="ppcif" f="14" l="125" c="0">
<BEGIN l="125" c="19"/>
<END l="127" c="0"/>
</B>
<B id="19" t="ppcrmif" f="14" l="130" c="0">
<BEGIN l="130" c="14"/>
<END l="132" c="0"/>
</B>
<B id="20" t="ppcif" f="15" l="12" c="0">
<BEGIN l="12" c="19"/>
<END l="29" c="0"/>
</B>
<B id="21" t="while" f="7" l="76" c="8">
<BEGIN l="77" c="8"/>
<END l="82" c="8"/>
</B>
<B id="22" t="for" f="7" l="64" c="16">
<BEGIN l="65" c="16"/>
<END l="70" c="16"/>
</B>
<B id="23" t="block" f="7" l="56" c="8">
<BEGIN l="56" c="8"/>
<END l="71" c="8"/>
<SUB d="22"/>
</B>
<B id="24" t="for" f="7" l="47" c="16">
<BEGIN l="48" c="16"/>
<END l="50" c="16"/>
</B>
<B id="25" t="block" f="7" l="41" c="8">
<BEGIN l="41" c="8"/>
<END l="51" c="8"/>
<SUB d="24"/>
</B>
<B id="26" t="routine" f="7" l="36" c="5">
<BEGIN l="37" c="0"/>
<END l="83" c="0"/>
<SUB d="21"/>
<SUB d="23"/>
<SUB d="25"/>
</B>
<B id="27" t="ppcif" f="16" l="15" c="0">
<BEGIN l="15" c="27"/>
<END l="330" c="0"/>
</B>
<B id="28" t="ppcif" f="16" l="25" c="0">
<BEGIN l="25" c="19"/>
<END l="155" c="0"/>
</B>
<B id="29" t="ppcrmif" f="16" l="46" c="0">
<BEGIN l="46" c="93"/>
<END l="91" c="0"/>
</B>
<B id="30" t="ppcrmif" f="16" l="94" c="0">
<BEGIN l="94" c="91"/>
<END l="153" c="0"/>
</B>
<B id="31" t="ppcrmelse" f="16" l="155" c="0">
<BEGIN l="155" c="35"/>
<END l="328" c="0"/>
</B>
<B id="32" t="ppcif" f="17" l="11" c="0">
<BEGIN l="11" c="27"/>
<END l="36" c="0"/>
</B>
<B id="33" t="ppcrmif" f="17" l="14" c="0">
<BEGIN l="14" c="19"/>
<END l="29" c="0"/>
</B>
<B id="34" t="ppcelse" f="17" l="29" c="0">
<BEGIN l="29" c="5"/>
<END l="33" c="0"/>
</B>
<B id="35" t="ppcif" f="1" l="22" c="0">
<BEGIN l="22" c="17"/>
<END l="109" c="0"/>
</B>
<B id="36" t="ppcrmif" f="1" l="39" c="0">
<BEGIN l="39" c="66"/>
<END l="43" c="0"/>
</B>
<B id="37" t="ppcelse" f="1" l="43" c="0">
<BEGIN l="43" c="60"/>
<END l="47" c="0"/>
</B>
<B id="38" t="ppcrmif" f="1" l="52" c="0">
<BEGIN l="52" c="18"/>
<END l="58" c="0"/>
</B>
<B id="39" t="ppcrmif" f="1" l="62" c="0">
<BEGIN l="62" c="33"/>
<END l="80" c="0"/>
</B>
<B id="40" t="ppcelse" f="1" l="80" c="0">
<BEGIN l="80" c="31"/>
<END l="93" c="0"/>
</B>
<B id="41" t="ppcrmif" f="1" l="96" c="0">
<BEGIN l="96" c="14"/>
<END l="106" c="0"/>
</B>
<B id="42" t="ppcif" f="18" l="3" c="0">
<BEGIN l="3" c="29"/>
<END l="348" c="0"/>
</B>
<B id="43" t="ppcif" f="18" l="61" c="0">
<BEGIN l="63" c="27"/>
<END l="66" c="0"/>
</B>
<B id="44" t="ppcrmif" f="18" l="165" c="0">
<BEGIN l="165" c="17"/>
<END l="206" c="0"/>
</B>
<B id="45" t="ppcrmif" f="18" l="209" c="0">
<BEGIN l="209" c="37"/>
<END l="211" c="0"/>
</B>
<B id="46" t="ppcrmif" f="18" l="213" c="0">
<BEGIN l="213" c="44"/>
<END l="321" c="0"/>
</B>
<B id="47" t="ppcif" f="18" l="323" c="0">
<BEGIN l="323" c="18"/>
<END l="346" c="0"/>
</B>
<B id="48" t="ppcrmif" f="18" l="326" c="0">
<BEGIN l="326" c="18"/>
<END l="328" c="0"/>
</B>
<B id="49" t="ppcrmif" f="18" l="329" c="0">
<BEGIN l="329" c="63"/>
<END l="331" c="0"/>
</B>
<B id="50" t="ppcrmif" f="18" l="332" c="0">
<BEGIN l="332" c="64"/>
<END l="334" c="0"/>
</B>
<B id="51" t="ppcrmif" f="18" l="335" c="0">
<BEGIN l="335" c="16"/>
<END l="340" c="0"/>
</B>
<B id="52" t="ppcif" f="18" l="343" c="0">
<BEGIN l="343" c="57"/>
<END l="345" c="0"/>
</B>
<B id="53" t="ppcif" f="6" l="25" c="0">
<BEGIN l="25" c="17"/>
<END l="193" c="0"/>
</B>
<B id="54" t="ppcrmif" f="6" l="26" c="0">
<BEGIN l="26" c="14"/>
<END l="28" c="0"/>
</B>
<B id="55" t="ppcrmif" f="6" l="32" c="0">
<BEGIN l="32" c="18"/>
<END l="34" c="0"/>
</B>
<B id="56" t="ppcif" f="6" l="36" c="0">
<BEGIN l="37" c="23"/>
<END l="39" c="0"/>
</B>
<B id="57" t="ppcrmelse" f="6" l="39" c="0">
<BEGIN l="39" c="5"/>
<END l="41" c="0"/>
</B>
<B id="58" t="ppcrmif" f="6" l="42" c="0">
<BEGIN l="42" c="60"/>
<END l="44" c="0"/>
</B>
<B id="59" t="ppcelse" f="6" l="44" c="0">
<BEGIN l="44" c="5"/>
<END l="46" c="0"/>
</B>
<B id="60" t="ppcrmif" f="6" l="47" c="0">
<BEGIN l="47" c="53"/>
<END l="50" c="0"/>
</B>
<B id="61" t="ppcrmif" f="6" l="52" c="0">
<BEGIN l="52" c="51"/>
<END l="54" c="0"/>
</B>
<B id="62" t="ppcrmif" f="6" l="56" c="0">
<BEGIN l="56" c="18"/>
<END l="74" c="0"/>
</B>
<B id="63" t="ppcelse" f="6" l="74" c="0">
<BEGIN l="74" c="5"/>
<END l="80" c="0"/>
</B>
<B id="64" t="ppcrmif" f="6" l="104" c="0">
<BEGIN l="104" c="24"/>
<END l="110" c="0"/>
</B>
<B id="65" t="ppcrmif" f="6" l="112" c="0">
<BEGIN l="112" c="83"/>
<END l="118" c="0"/>
</B>
<B id="66" t="ppcrmif" f="6" l="119" c="0">
<BEGIN l="119" c="85"/>
<END l="137" c="0"/>
</B>
<B id="67" t="ppcrmif" f="6" l="139" c="0">
<BEGIN l="139" c="24"/>
<END l="142" c="0"/>
</B>
<B id="68" t="ppcrmif" f="6" l="144" c="0">
<BEGIN l="144" c="78"/>
<END l="165" c="0"/>
</B>
<B id="69" t="ppcrmif" f="6" l="167" c="0">
<BEGIN l="167" c="51"/>
<END l="169" c="0"/>
</B>
<B id="70" t="ppcrmif" f="6" l="172" c="0">
<BEGIN l="172" c="18"/>
<END l="174" c="0"/>
</B>
<B id="71" t="ppcrmif" f="6" l="176" c="0">
<BEGIN l="177" c="42"/>
<END l="179" c="0"/>
</B>
<B id="72" t="ppcrmif" f="6" l="181" c="0">
<BEGIN l="182" c="42"/>
<END l="184" c="0"/>
</B>
<B id="73" t="ppcrmif" f="6" l="187" c="0">
<BEGIN l="187" c="42"/>
<END l="189" c="0"/>
</B>
<B id="74" t="ppcrmif" f="6" l="190" c="0">
<BEGIN l="190" c="14"/>
<END l="192" c="0"/>
</B>
<B id="75" t="ppcrmif" f="2" l="12" c="0">
<BEGIN l="12" c="67"/>
<END l="19" c="0"/>
</B>
<B id="76" t="ppcrmif" f="2" l="21" c="0">
<BEGIN l="21" c="14"/>
<END l="23" c="0"/>
</B>
<B id="77" t="ppcrmif" f="2" l="25" c="0">
<BEGIN l="31" c="22"/>
<END l="33" c="0"/>
</B>
<B id="78" t="ppcrmif" f="2" l="35" c="0">
<BEGIN l="35" c="18"/>
<END l="36" c="0"/>
</B>
<B id="79" t="ppcelif" f="2" l="36" c="0">
<BEGIN l="36" c="6"/>
<END l="38" c="0"/>
</B>
<B id="80" t="ppcrmelif" f="2" l="38" c="0">
<BEGIN l="38" c="6"/>
<END l="40" c="0"/>
</B>
<B id="81" t="ppcrmelse" f="2" l="40" c="0">
<BEGIN l="40" c="6"/>
<END l="42" c="0"/>
</B>
<B id="82" t="ppcif" f="2" l="44" c="0">
<BEGIN l="44" c="51"/>
<END l="52" c="0"/>
</B>
<B id="83" t="ppcrmif" f="2" l="47" c="0">
<BEGIN l="47" c="27"/>
<END l="49" c="0"/>
</B>
<B id="84" t="ppcelse" f="2" l="49" c="0">
<BEGIN l="49" c="7"/>
<END l="51" c="0"/>
</B>
<B id="85" t="ppcrmif" f="2" l="54" c="0">
<BEGIN l="54" c="14"/>
<END l="56" c="0"/>
</B>
<B id="86" t="type" f="5" l="26" c="15">
<BEGIN l="26" c="15"/>
<END l="30" c="0"/>
</B>
<B id="87" t="ppcif" f="5" l="20" c="0">
<BEGIN l="20" c="20"/>
<END l="47" c="0"/>
</B>
<B id="88" t="type" f="4" l="135" c="0">
<BEGIN l="135" c="0"/>
<END l="141" c="0"/>
</B>
<B id="89" t="ppcif" f="4" l="56" c="0">
<BEGIN l="56" c="19"/>
<END l="154" c="0"/>
</B>
<B id="90" t="ppcif" f="4" l="122" c="0">
<BEGIN l="122" c="26"/>
<END l="126" c="0"/>
</B>
<B id="91" t="ppcif" f="3" l="43" c="0">
<BEGIN l="43" c="24"/>
<END l="150" c="0"/>
</B>
<B id="92" t="ppcif" f="3" l="81" c="0">
<BEGIN l="81" c="13"/>
<END l="83" c="0"/>
</B>
<B id="93" t="ppcif" f="3" l="85" c="0">
<BEGIN l="85" c="14"/>
<END l="87" c="0"/>
</B>
<B id="94" t="ppcrmif" f="3" l="119" c="0">
<BEGIN l="119" c="46"/>
<END l="125" c="0"/>
</B>
<B id="95" t="ppcelse" f="3" l="125" c="0">
<BEGIN l="125" c="6"/>
<END l="129" c="0"/>
</B>
<B id="96" t="ppcrmif" f="3" l="131" c="0">
<BEGIN l="131" c="46"/>
<END l="137" c="0"/>
</B>
<B id="97" t="ppcelse" f="3" l="137" c="0">
<BEGIN l="137" c="6"/>
<END l="140" c="0"/>
</B>
<B id="98" t="ppcif" f="19" l="43" c="0">
<BEGIN l="43" c="18"/>
<END l="202" c="0"/>
</B>
<B id="99" t="ppcif" f="19" l="88" c="0">
<BEGIN l="88" c="17"/>
<END l="90" c="0"/>
</B>
<B id="100" t="ppcif" f="20" l="19" c="0">
<BEGIN l="19" c="22"/>
<END l="23" c="0"/>
</B>
<B id="101" t="ppcif" f="21" l="19" c="0">
<BEGIN l="19" c="26"/>
<END l="23" c="0"/>
</B>
</Blocks>
</Navig>
