<?xml version="1.0" encoding="UTF-8"?>
<!--EDRS Version 1.0-->
<global>
   <file name="C:\\_Synergy_Projects\\Working\\AR100A_NxtrMath_Impl\\include\\NxtrMath.h" comment="">
      <function name="Abslt_f32_f32" comment="" line="230" main_generator_called="MAIN_GENERATOR" attributes="static">
         <scalar name="arg1" comment="" line="230" base_type="float32" attributes="static" complete_type="float32" init_mode="MAIN_GENERATOR" init_modes_allowed="10" init_range="min..max" global_assert="unsupported" assert_range="unsupported"/>
         <scalar name="return" comment="" line="230" base_type="float32" attributes="static" complete_type="float32" init_mode="disabled" init_range="disabled" global_assert="unsupported" assert_range="unsupported"/>
      </function>
      <function name="Blnd_f32" comment="" line="177" main_generator_called="MAIN_GENERATOR" attributes="static">
         <scalar name="arg1" comment="" line="177" base_type="float32" attributes="static" complete_type="float32" init_mode="MAIN_GENERATOR" init_modes_allowed="10" init_range="min..max" global_assert="unsupported" assert_range="unsupported"/>
         <scalar name="arg2" comment="" line="177" base_type="float32" attributes="static" complete_type="float32" init_mode="MAIN_GENERATOR" init_modes_allowed="10" init_range="min..max" global_assert="unsupported" assert_range="unsupported"/>
         <scalar name="arg3" comment="" line="177" base_type="float32" attributes="static" complete_type="float32" init_mode="MAIN_GENERATOR" init_modes_allowed="10" init_range="min..max" global_assert="unsupported" assert_range="unsupported"/>
         <scalar name="return" comment="" line="177" base_type="float32" attributes="static" complete_type="float32" init_mode="disabled" init_range="disabled" global_assert="unsupported" assert_range="unsupported"/>
      </function>
      <function name="Exp_f32" comment="" line="609" main_generator_called="MAIN_GENERATOR" attributes="static">
         <scalar name="arg1" comment="" line="609" base_type="float32" attributes="static" complete_type="float32" init_mode="MAIN_GENERATOR" init_modes_allowed="10" init_range="min..max" global_assert="unsupported" assert_range="unsupported"/>
         <scalar name="return" comment="" line="609" base_type="float32" attributes="static" complete_type="float32" init_mode="disabled" init_range="disabled" global_assert="unsupported" assert_range="unsupported"/>
      </function>
      <function name="Lim_f32" comment="" line="557" main_generator_called="MAIN_GENERATOR" attributes="static">
         <scalar name="arg1" comment="" line="557" base_type="float32" attributes="static" complete_type="float32" init_mode="MAIN_GENERATOR" init_modes_allowed="10" init_range="min..max" global_assert="unsupported" assert_range="unsupported"/>
         <scalar name="arg2" comment="" line="557" base_type="float32" attributes="static" complete_type="float32" init_mode="MAIN_GENERATOR" init_modes_allowed="10" init_range="min..max" global_assert="unsupported" assert_range="unsupported"/>
         <scalar name="arg3" comment="" line="557" base_type="float32" attributes="static" complete_type="float32" init_mode="MAIN_GENERATOR" init_modes_allowed="10" init_range="min..max" global_assert="unsupported" assert_range="unsupported"/>
         <scalar name="return" comment="" line="557" base_type="float32" attributes="static" complete_type="float32" init_mode="disabled" init_range="disabled" global_assert="unsupported" assert_range="unsupported"/>
      </function>
      <function name="Sqrt_f32" comment="" line="621" main_generator_called="MAIN_GENERATOR" attributes="static">
         <scalar name="arg1" comment="" line="621" base_type="float32" attributes="static" complete_type="float32" init_mode="MAIN_GENERATOR" init_modes_allowed="10" init_range="min..max" global_assert="unsupported" assert_range="unsupported"/>
         <scalar name="return" comment="" line="621" base_type="float32" attributes="static" complete_type="float32" init_mode="disabled" init_range="disabled" global_assert="unsupported" assert_range="unsupported"/>
      </function>
   </file>
   <file name="C:\\_Synergy_Projects\\Working\\AR101A_NxtrIntrpn_Impl\\include\\NxtrIntrpn.h" comment="">
      <function name="LnrIntrpn_u16_u16VariXu16VariY" comment="" line="43" main_generator_called="disabled" attributes="extern">
         <pointer name="arg1" comment="" line="43" complete_type="const uint16 *" init_mode="disabled" initialize_pointer="disabled" number_allocated="disabled" init_pointed="disabled">
            <scalar comment="" line="43" base_type="uint16" attributes="const" complete_type="uint16" init_mode="disabled" init_range="disabled" global_assert="unsupported" assert_range="unsupported"/>
         </pointer>
         <pointer name="arg2" comment="" line="43" complete_type="const uint16 *" init_mode="disabled" initialize_pointer="disabled" number_allocated="disabled" init_pointed="disabled">
            <scalar comment="" line="43" base_type="uint16" attributes="const" complete_type="uint16" init_mode="disabled" init_range="disabled" global_assert="unsupported" assert_range="unsupported"/>
         </pointer>
         <scalar name="arg3" comment="" line="43" base_type="uint16" complete_type="uint16" init_mode="disabled" init_range="disabled" global_assert="unsupported" assert_range="unsupported"/>
         <scalar name="arg4" comment="" line="43" base_type="uint16" complete_type="uint16" init_mode="disabled" init_range="disabled" global_assert="unsupported" assert_range="unsupported"/>
         <scalar name="return" comment="" line="43" base_type="uint16" complete_type="uint16" init_mode="PERMANENT" init_modes_allowed="4" init_range="min..max" global_assert="unsupported" assert_range="unsupported"/>
      </function>
   </file>
   <file name="C:\\_Synergy_Projects\\Working\\AR103A_NxtrFixdPt_Impl\\include\\NxtrFixdPt.h" comment="">
      <function name="FixdToFloat_f32_u16" comment="" line="331" main_generator_called="MAIN_GENERATOR" attributes="static">
         <scalar name="arg1" comment="" line="331" base_type="uint16" attributes="static" complete_type="uint16" init_mode="MAIN_GENERATOR" init_modes_allowed="10" init_range="min..max" global_assert="unsupported" assert_range="unsupported"/>
         <scalar name="arg2" comment="" line="331" base_type="float32" attributes="static" complete_type="float32" init_mode="MAIN_GENERATOR" init_modes_allowed="10" init_range="min..max" global_assert="unsupported" assert_range="unsupported"/>
         <scalar name="return" comment="" line="331" base_type="float32" attributes="static" complete_type="float32" init_mode="disabled" init_range="disabled" global_assert="unsupported" assert_range="unsupported"/>
      </function>
      <function name="FloatToFixd_u16_f32" comment="" line="275" main_generator_called="MAIN_GENERATOR" attributes="static">
         <scalar name="arg1" comment="" line="275" base_type="float32" attributes="static" complete_type="float32" init_mode="MAIN_GENERATOR" init_modes_allowed="10" init_range="min..max" global_assert="unsupported" assert_range="unsupported"/>
         <scalar name="arg2" comment="" line="275" base_type="float32" attributes="static" complete_type="float32" init_mode="MAIN_GENERATOR" init_modes_allowed="10" init_range="min..max" global_assert="unsupported" assert_range="unsupported"/>
         <scalar name="return" comment="" line="275" base_type="uint16" attributes="static" complete_type="uint16" init_mode="disabled" init_range="disabled" global_assert="unsupported" assert_range="unsupported"/>
      </function>
   </file>
   <file name="C:\\_Synergy_Projects\\Working\\AR104A_NxtrFil_Impl\\include\\NxtrFil.h" comment="">
      <function name="FilLpInit" comment="" line="125" main_generator_called="MAIN_GENERATOR" attributes="static">
         <scalar name="arg1" comment="" line="125" base_type="float32" attributes="static" complete_type="float32" init_mode="MAIN_GENERATOR" init_modes_allowed="10" init_range="min..max" global_assert="unsupported" assert_range="unsupported"/>
         <scalar name="arg2" comment="" line="125" base_type="float32" attributes="static" complete_type="float32" init_mode="MAIN_GENERATOR" init_modes_allowed="10" init_range="min..max" global_assert="unsupported" assert_range="unsupported"/>
         <scalar name="arg3" comment="" line="125" base_type="float32" attributes="static" complete_type="float32" init_mode="MAIN_GENERATOR" init_modes_allowed="10" init_range="min..max" global_assert="unsupported" assert_range="unsupported"/>
         <pointer name="arg4" comment="" line="125" attributes="static" complete_type="struct  *" init_mode="MAIN_GENERATOR" init_modes_allowed="10" initialize_pointer="May-be NULL" number_allocated="max" init_pointed="MAIN_GENERATOR">
            <struct comment="" line="125" attributes="static">
               <scalar name="FilGain" comment="" line="125" base_type="float32" attributes="static" complete_type="float32" init_mode="MAIN_GENERATOR" init_modes_allowed="10" init_range="min..max" global_assert="unsupported" assert_range="unsupported"/>
               <scalar name="FilSt" comment="" line="125" base_type="float32" attributes="static" complete_type="float32" init_mode="MAIN_GENERATOR" init_modes_allowed="10" init_range="min..max" global_assert="unsupported" assert_range="unsupported"/>
            </struct>
         </pointer>
      </function>
      <function name="FilLpUpdGain" comment="" line="82" main_generator_called="MAIN_GENERATOR" attributes="static">
         <scalar name="arg1" comment="" line="82" base_type="float32" attributes="static" complete_type="float32" init_mode="MAIN_GENERATOR" init_modes_allowed="10" init_range="min..max" global_assert="unsupported" assert_range="unsupported"/>
         <scalar name="arg2" comment="" line="82" base_type="float32" attributes="static" complete_type="float32" init_mode="MAIN_GENERATOR" init_modes_allowed="10" init_range="min..max" global_assert="unsupported" assert_range="unsupported"/>
         <pointer name="arg3" comment="" line="82" attributes="static" complete_type="struct  *" init_mode="MAIN_GENERATOR" init_modes_allowed="10" initialize_pointer="May-be NULL" number_allocated="max" init_pointed="MAIN_GENERATOR">
            <struct comment="" line="82" attributes="static">
               <scalar name="FilGain" comment="" line="82" base_type="float32" attributes="static" complete_type="float32" init_mode="MAIN_GENERATOR" init_modes_allowed="10" init_range="min..max" global_assert="unsupported" assert_range="unsupported"/>
               <scalar name="FilSt" comment="" line="82" base_type="float32" attributes="static" complete_type="float32" init_mode="MAIN_GENERATOR" init_modes_allowed="10" init_range="min..max" global_assert="unsupported" assert_range="unsupported"/>
            </struct>
         </pointer>
      </function>
      <function name="FilLpUpdOutp_f32" comment="" line="103" main_generator_called="MAIN_GENERATOR" attributes="static">
         <scalar name="arg1" comment="" line="103" base_type="float32" attributes="static" complete_type="float32" init_mode="MAIN_GENERATOR" init_modes_allowed="10" init_range="min..max" global_assert="unsupported" assert_range="unsupported"/>
         <pointer name="arg2" comment="" line="103" attributes="static" complete_type="struct  *" init_mode="MAIN_GENERATOR" init_modes_allowed="10" initialize_pointer="May-be NULL" number_allocated="max" init_pointed="MAIN_GENERATOR">
            <struct comment="" line="103" attributes="static">
               <scalar name="FilGain" comment="" line="103" base_type="float32" attributes="static" complete_type="float32" init_mode="MAIN_GENERATOR" init_modes_allowed="10" init_range="min..max" global_assert="unsupported" assert_range="unsupported"/>
               <scalar name="FilSt" comment="" line="103" base_type="float32" attributes="static" complete_type="float32" init_mode="MAIN_GENERATOR" init_modes_allowed="10" init_range="min..max" global_assert="unsupported" assert_range="unsupported"/>
            </struct>
         </pointer>
         <scalar name="return" comment="" line="103" base_type="float32" attributes="static" complete_type="float32" init_mode="disabled" init_range="disabled" global_assert="unsupported" assert_range="unsupported"/>
      </function>
   </file>
   <file name="C:\\_Synergy_Projects\\Working\\SF014A_InertiaCmpVel_Impl\\src\\InertiaCmpVel.c" comment="">
      <function name="ADDCoeffCalc" comment="" line="616" main_generator_called="MAIN_GENERATOR" attributes="static">
         <scalar name="arg1" comment="" line="616" base_type="float32" attributes="static" complete_type="float32" init_mode="MAIN_GENERATOR" init_modes_allowed="10" init_range="min..max" global_assert="unsupported" assert_range="unsupported"/>
         <scalar name="arg2" comment="" line="616" base_type="float32" attributes="static" complete_type="float32" init_mode="MAIN_GENERATOR" init_modes_allowed="10" init_range="min..max" global_assert="unsupported" assert_range="unsupported"/>
         <scalar name="arg3" comment="" line="616" base_type="float32" attributes="static" complete_type="float32" init_mode="MAIN_GENERATOR" init_modes_allowed="10" init_range="min..max" global_assert="unsupported" assert_range="unsupported"/>
         <scalar name="return" comment="" line="616" base_type="float32" attributes="static" complete_type="float32" init_mode="disabled" init_range="disabled" global_assert="unsupported" assert_range="unsupported"/>
      </function>
      <function name="DecelGain" comment="" line="693" main_generator_called="MAIN_GENERATOR" attributes="static">
         <scalar name="arg1" comment="" line="693" base_type="float32" attributes="static" complete_type="float32" init_mode="MAIN_GENERATOR" init_modes_allowed="10" init_range="min..max" global_assert="unsupported" assert_range="unsupported"/>
         <scalar name="arg2" comment="" line="693" base_type="float32" attributes="static" complete_type="float32" init_mode="MAIN_GENERATOR" init_modes_allowed="10" init_range="min..max" global_assert="unsupported" assert_range="unsupported"/>
         <scalar name="return" comment="" line="693" base_type="float32" attributes="static" complete_type="float32" init_mode="disabled" init_range="disabled" global_assert="unsupported" assert_range="unsupported"/>
      </function>
      <function name="DrvrVelCalc" comment="" line="563" main_generator_called="MAIN_GENERATOR" attributes="static">
         <scalar name="arg1" comment="" line="563" base_type="float32" attributes="static" complete_type="float32" init_mode="MAIN_GENERATOR" init_modes_allowed="10" init_range="min..max" global_assert="unsupported" assert_range="unsupported"/>
         <scalar name="arg2" comment="" line="563" base_type="float32" attributes="static" complete_type="float32" init_mode="MAIN_GENERATOR" init_modes_allowed="10" init_range="min..max" global_assert="unsupported" assert_range="unsupported"/>
         <scalar name="arg3" comment="" line="563" base_type="float32" attributes="static" complete_type="float32" init_mode="MAIN_GENERATOR" init_modes_allowed="10" init_range="min..max" global_assert="unsupported" assert_range="unsupported"/>
         <scalar name="return" comment="" line="563" base_type="float32" attributes="static" complete_type="float32" init_mode="disabled" init_range="disabled" global_assert="unsupported" assert_range="unsupported"/>
      </function>
      <function name="FilCoeffCalc" comment="" line="739" main_generator_called="MAIN_GENERATOR" attributes="static">
         <scalar name="arg1" comment="" line="739" base_type="float32" attributes="static" complete_type="float32" init_mode="MAIN_GENERATOR" init_modes_allowed="10" init_range="min..max" global_assert="unsupported" assert_range="unsupported"/>
         <scalar name="arg2" comment="" line="739" base_type="float32" attributes="static" complete_type="float32" init_mode="MAIN_GENERATOR" init_modes_allowed="10" init_range="min..max" global_assert="unsupported" assert_range="unsupported"/>
         <scalar name="arg3" comment="" line="739" base_type="float32" attributes="static" complete_type="float32" init_mode="MAIN_GENERATOR" init_modes_allowed="10" init_range="min..max" global_assert="unsupported" assert_range="unsupported"/>
         <pointer name="arg4" comment="" line="739" attributes="static const" complete_type="struct  *" init_mode="MAIN_GENERATOR" init_modes_allowed="10" initialize_pointer="May-be NULL" number_allocated="max" init_pointed="MAIN_GENERATOR">
            <struct comment="" line="739" attributes="static">
               <scalar name="a0_Uls_f32" comment="" line="739" base_type="float32" attributes="static" complete_type="float32" init_mode="MAIN_GENERATOR" init_modes_allowed="10" init_range="min..max" global_assert="unsupported" assert_range="unsupported"/>
               <scalar name="a1_Uls_f32" comment="" line="739" base_type="float32" attributes="static" complete_type="float32" init_mode="MAIN_GENERATOR" init_modes_allowed="10" init_range="min..max" global_assert="unsupported" assert_range="unsupported"/>
               <scalar name="a2_Uls_f32" comment="" line="739" base_type="float32" attributes="static" complete_type="float32" init_mode="MAIN_GENERATOR" init_modes_allowed="10" init_range="min..max" global_assert="unsupported" assert_range="unsupported"/>
               <scalar name="b0_Uls_f32" comment="" line="739" base_type="float32" attributes="static" complete_type="float32" init_mode="MAIN_GENERATOR" init_modes_allowed="10" init_range="min..max" global_assert="unsupported" assert_range="unsupported"/>
               <scalar name="b1_Uls_f32" comment="" line="739" base_type="float32" attributes="static" complete_type="float32" init_mode="MAIN_GENERATOR" init_modes_allowed="10" init_range="min..max" global_assert="unsupported" assert_range="unsupported"/>
               <scalar name="b2_Uls_f32" comment="" line="739" base_type="float32" attributes="static" complete_type="float32" init_mode="MAIN_GENERATOR" init_modes_allowed="10" init_range="min..max" global_assert="unsupported" assert_range="unsupported"/>
            </struct>
         </pointer>
      </function>
      <function name="FilNotchFullUpdOutp_f32" comment="" line="957" main_generator_called="MAIN_GENERATOR" attributes="static">
         <scalar name="arg1" comment="" line="957" base_type="float32" attributes="static" complete_type="float32" init_mode="MAIN_GENERATOR" init_modes_allowed="10" init_range="min..max" global_assert="unsupported" assert_range="unsupported"/>
         <pointer name="arg2" comment="" line="957" attributes="static" complete_type="struct  *" init_mode="MAIN_GENERATOR" init_modes_allowed="10" initialize_pointer="May-be NULL" number_allocated="max" init_pointed="MAIN_GENERATOR">
            <struct comment="" line="957" attributes="static">
               <scalar name="FilSt1" comment="" line="957" base_type="float32" attributes="static" complete_type="float32" init_mode="MAIN_GENERATOR" init_modes_allowed="10" init_range="min..max" global_assert="unsupported" assert_range="unsupported"/>
               <scalar name="FilSt2" comment="" line="957" base_type="float32" attributes="static" complete_type="float32" init_mode="MAIN_GENERATOR" init_modes_allowed="10" init_range="min..max" global_assert="unsupported" assert_range="unsupported"/>
            </struct>
         </pointer>
         <pointer name="arg3" comment="" line="957" attributes="static" complete_type="const struct  *" init_mode="MAIN_GENERATOR" init_modes_allowed="10" initialize_pointer="May-be NULL" number_allocated="max" init_pointed="MAIN_GENERATOR">
            <struct comment="" line="957" attributes="static const">
               <scalar name="FilGainA1" comment="" line="957" base_type="float32" attributes="static const" complete_type="float32" init_mode="MAIN_GENERATOR" init_modes_allowed="10" init_range="min..max" global_assert="unsupported" assert_range="unsupported"/>
               <scalar name="FilGainA2" comment="" line="957" base_type="float32" attributes="static const" complete_type="float32" init_mode="MAIN_GENERATOR" init_modes_allowed="10" init_range="min..max" global_assert="unsupported" assert_range="unsupported"/>
               <scalar name="FilGainB0" comment="" line="957" base_type="float32" attributes="static const" complete_type="float32" init_mode="MAIN_GENERATOR" init_modes_allowed="10" init_range="min..max" global_assert="unsupported" assert_range="unsupported"/>
               <scalar name="FilGainB1" comment="" line="957" base_type="float32" attributes="static const" complete_type="float32" init_mode="MAIN_GENERATOR" init_modes_allowed="10" init_range="min..max" global_assert="unsupported" assert_range="unsupported"/>
               <scalar name="FilGainB2" comment="" line="957" base_type="float32" attributes="static const" complete_type="float32" init_mode="MAIN_GENERATOR" init_modes_allowed="10" init_range="min..max" global_assert="unsupported" assert_range="unsupported"/>
            </struct>
         </pointer>
         <scalar name="return" comment="" line="957" base_type="float32" attributes="static" complete_type="float32" init_mode="disabled" init_range="disabled" global_assert="unsupported" assert_range="unsupported"/>
      </function>
      <function name="FilNotchInit" comment="" line="981" main_generator_called="MAIN_GENERATOR" attributes="static">
         <scalar name="arg1" comment="" line="981" base_type="float32" attributes="static" complete_type="float32" init_mode="MAIN_GENERATOR" init_modes_allowed="10" init_range="min..max" global_assert="unsupported" assert_range="unsupported"/>
         <pointer name="arg2" comment="" line="981" attributes="static" complete_type="struct  *" init_mode="MAIN_GENERATOR" init_modes_allowed="10" initialize_pointer="May-be NULL" number_allocated="max" init_pointed="MAIN_GENERATOR">
            <struct comment="" line="981" attributes="static">
               <scalar name="FilSt1" comment="" line="981" base_type="float32" attributes="static" complete_type="float32" init_mode="MAIN_GENERATOR" init_modes_allowed="10" init_range="min..max" global_assert="unsupported" assert_range="unsupported"/>
               <scalar name="FilSt2" comment="" line="981" base_type="float32" attributes="static" complete_type="float32" init_mode="MAIN_GENERATOR" init_modes_allowed="10" init_range="min..max" global_assert="unsupported" assert_range="unsupported"/>
            </struct>
         </pointer>
         <pointer name="arg3" comment="" line="981" attributes="static" complete_type="const struct  *" init_mode="MAIN_GENERATOR" init_modes_allowed="10" initialize_pointer="May-be NULL" number_allocated="max" init_pointed="MAIN_GENERATOR">
            <struct comment="" line="981" attributes="static const">
               <scalar name="FilGainA1" comment="" line="981" base_type="float32" attributes="static const" complete_type="float32" init_mode="MAIN_GENERATOR" init_modes_allowed="10" init_range="min..max" global_assert="unsupported" assert_range="unsupported"/>
               <scalar name="FilGainA2" comment="" line="981" base_type="float32" attributes="static const" complete_type="float32" init_mode="MAIN_GENERATOR" init_modes_allowed="10" init_range="min..max" global_assert="unsupported" assert_range="unsupported"/>
               <scalar name="FilGainB0" comment="" line="981" base_type="float32" attributes="static const" complete_type="float32" init_mode="MAIN_GENERATOR" init_modes_allowed="10" init_range="min..max" global_assert="unsupported" assert_range="unsupported"/>
               <scalar name="FilGainB1" comment="" line="981" base_type="float32" attributes="static const" complete_type="float32" init_mode="MAIN_GENERATOR" init_modes_allowed="10" init_range="min..max" global_assert="unsupported" assert_range="unsupported"/>
               <scalar name="FilGainB2" comment="" line="981" base_type="float32" attributes="static const" complete_type="float32" init_mode="MAIN_GENERATOR" init_modes_allowed="10" init_range="min..max" global_assert="unsupported" assert_range="unsupported"/>
            </struct>
         </pointer>
      </function>
      <function name="GenFddIcCmd" comment="" line="850" main_generator_called="MAIN_GENERATOR" attributes="static">
         <scalar name="arg1" comment="" line="850" base_type="float32" attributes="static" complete_type="float32" init_mode="MAIN_GENERATOR" init_modes_allowed="10" init_range="min..max" global_assert="unsupported" assert_range="unsupported"/>
         <pointer name="arg2" comment="" line="850" attributes="static const" complete_type="const struct  *" init_mode="MAIN_GENERATOR" init_modes_allowed="10" initialize_pointer="May-be NULL" number_allocated="max" init_pointed="MAIN_GENERATOR">
            <struct comment="" line="850" attributes="static const">
               <scalar name="a0_Uls_f32" comment="" line="850" base_type="float32" attributes="static const" complete_type="float32" init_mode="MAIN_GENERATOR" init_modes_allowed="10" init_range="min..max" global_assert="unsupported" assert_range="unsupported"/>
               <scalar name="a1_Uls_f32" comment="" line="850" base_type="float32" attributes="static const" complete_type="float32" init_mode="MAIN_GENERATOR" init_modes_allowed="10" init_range="min..max" global_assert="unsupported" assert_range="unsupported"/>
               <scalar name="a2_Uls_f32" comment="" line="850" base_type="float32" attributes="static const" complete_type="float32" init_mode="MAIN_GENERATOR" init_modes_allowed="10" init_range="min..max" global_assert="unsupported" assert_range="unsupported"/>
               <scalar name="b0_Uls_f32" comment="" line="850" base_type="float32" attributes="static const" complete_type="float32" init_mode="MAIN_GENERATOR" init_modes_allowed="10" init_range="min..max" global_assert="unsupported" assert_range="unsupported"/>
               <scalar name="b1_Uls_f32" comment="" line="850" base_type="float32" attributes="static const" complete_type="float32" init_mode="MAIN_GENERATOR" init_modes_allowed="10" init_range="min..max" global_assert="unsupported" assert_range="unsupported"/>
               <scalar name="b2_Uls_f32" comment="" line="850" base_type="float32" attributes="static const" complete_type="float32" init_mode="MAIN_GENERATOR" init_modes_allowed="10" init_range="min..max" global_assert="unsupported" assert_range="unsupported"/>
            </struct>
         </pointer>
         <scalar name="return" comment="" line="850" base_type="float32" attributes="static" complete_type="float32" init_mode="disabled" init_range="disabled" global_assert="unsupported" assert_range="unsupported"/>
      </function>
      <function name="InertiaCmpVelInit1" comment="" line="386" main_generator_called="MAIN_GENERATOR"/>
      <function name="InertiaCmpVelPer1" comment="" line="459" main_generator_called="MAIN_GENERATOR"/>
      <function name="NotchCmp" comment="" line="901" main_generator_called="MAIN_GENERATOR" attributes="static">
         <scalar name="arg1" comment="" line="901" base_type="float32" attributes="static" complete_type="float32" init_mode="MAIN_GENERATOR" init_modes_allowed="10" init_range="min..max" global_assert="unsupported" assert_range="unsupported"/>
         <scalar name="arg2" comment="" line="901" base_type="float32" attributes="static" complete_type="float32" init_mode="MAIN_GENERATOR" init_modes_allowed="10" init_range="min..max" global_assert="unsupported" assert_range="unsupported"/>
         <scalar name="arg3" comment="" line="901" base_type="float32" attributes="static" complete_type="float32" init_mode="MAIN_GENERATOR" init_modes_allowed="10" init_range="min..max" global_assert="unsupported" assert_range="unsupported"/>
         <scalar name="return" comment="" line="901" base_type="float32" attributes="static" complete_type="float32" init_mode="disabled" init_range="disabled" global_assert="unsupported" assert_range="unsupported"/>
      </function>
   </file>
   <file name="C:\\_Synergy_Projects\\Working\\SF014A_InertiaCmpVel_Impl\\tools\\local\\generate\\Rte_InertiaCmpVel.h" comment="">
      <function name="Rte_Prm_InertiaCmpVel_InertiaCmpVelNotchFilStruct_Rec" comment="" line="227" main_generator_called="disabled" attributes="extern">
         <pointer name="return" comment="" line="227" complete_type="const struct  *" init_mode="PERMANENT" init_modes_allowed="4" initialize_pointer="May-be NULL" number_allocated="max" init_pointed="MULTI">
            <struct comment="" line="227" attributes="const">
               <scalar name="FilGainA1" comment="" line="227" base_type="float32" attributes="const" complete_type="float32" init_mode="PERMANENT" init_modes_allowed="4" init_range="min..max" global_assert="unsupported" assert_range="unsupported"/>
               <scalar name="FilGainA2" comment="" line="227" base_type="float32" attributes="const" complete_type="float32" init_mode="PERMANENT" init_modes_allowed="4" init_range="min..max" global_assert="unsupported" assert_range="unsupported"/>
               <scalar name="FilGainB0" comment="" line="227" base_type="float32" attributes="const" complete_type="float32" init_mode="PERMANENT" init_modes_allowed="4" init_range="min..max" global_assert="unsupported" assert_range="unsupported"/>
               <scalar name="FilGainB1" comment="" line="227" base_type="float32" attributes="const" complete_type="float32" init_mode="PERMANENT" init_modes_allowed="4" init_range="min..max" global_assert="unsupported" assert_range="unsupported"/>
               <scalar name="FilGainB2" comment="" line="227" base_type="float32" attributes="const" complete_type="float32" init_mode="PERMANENT" init_modes_allowed="4" init_range="min..max" global_assert="unsupported" assert_range="unsupported"/>
            </struct>
         </pointer>
      </function>
   </file>
   <file name="C:\\_Synergy_Projects\\Working\\SF014A_InertiaCmpVel_Impl\\tools\\local\\generate\\Rte_Stubs.c" comment="">
      <function name="Rte_Stub" comment="" line="18" main_generator_called="MAIN_GENERATOR" attributes="unused"/>
   </file>
   <file name="C:\\_Synergy_Projects\\Working\\SF014A_InertiaCmpVel_Impl\\tools\\local\\generate\\Rte_Stubs.h" comment="">
      <array name="InertiaCmpVel_Cal_InertiaCmpVelAssiBasdDampgCoeffX" comment="" line="32" complete_type="const uint16 [10]" attributes="extern">
         <scalar comment="" line="32" base_type="uint16" attributes="extern const" complete_type="uint16" init_mode="PERMANENT" init_modes_allowed="6" init_range="0..36044" global_assert="NO" assert_range=""/>
      </array>
      <array name="InertiaCmpVel_Cal_InertiaCmpVelAssiBasdDampgRollgWhlImbRejctnOnY" comment="" line="33" complete_type="const uint16 [10]" attributes="extern">
         <scalar comment="" line="33" base_type="uint16" attributes="extern const" complete_type="uint16" init_mode="PERMANENT" init_modes_allowed="6" init_range="0..3276" global_assert="NO" assert_range=""/>
      </array>
      <array name="InertiaCmpVel_Cal_InertiaCmpVelAssiBasdDampgRollgY" comment="" line="34" complete_type="const uint16 [10]" attributes="extern">
         <scalar comment="" line="34" base_type="uint16" attributes="extern const" complete_type="uint16" init_mode="PERMANENT" init_modes_allowed="6" init_range="0..3276" global_assert="NO" assert_range=""/>
      </array>
      <array name="InertiaCmpVel_Cal_InertiaCmpVelAssiBasdDampgStatWhlImbRejctnOnY" comment="" line="35" complete_type="const uint16 [10]" attributes="extern">
         <scalar comment="" line="35" base_type="uint16" attributes="extern const" complete_type="uint16" init_mode="PERMANENT" init_modes_allowed="6" init_range="0..3276" global_assert="NO" assert_range=""/>
      </array>
      <array name="InertiaCmpVel_Cal_InertiaCmpVelAssiBasdDampgStatY" comment="" line="36" complete_type="const uint16 [10]" attributes="extern">
         <scalar comment="" line="36" base_type="uint16" attributes="extern const" complete_type="uint16" init_mode="PERMANENT" init_modes_allowed="6" init_range="0..3276" global_assert="NO" assert_range=""/>
      </array>
      <array name="InertiaCmpVel_Cal_InertiaCmpVelCmdScaY" comment="" line="37" complete_type="const uint16 [12]" attributes="extern">
         <scalar comment="" line="37" base_type="uint16" attributes="extern const" complete_type="uint16" init_mode="PERMANENT" init_modes_allowed="6" init_range="0..49152" global_assert="NO" assert_range=""/>
      </array>
      <scalar name="InertiaCmpVel_Cal_InertiaCmpVelDampgDecelGain" comment="" line="38" base_type="float32" attributes="extern const" complete_type="float32" init_mode="PERMANENT" init_modes_allowed="6" init_range="1..10" global_assert="NO" assert_range=""/>
      <scalar name="InertiaCmpVel_Cal_InertiaCmpVelDampgDecelGainFallSlew" comment="" line="39" base_type="float32" attributes="extern const" complete_type="float32" init_mode="PERMANENT" init_modes_allowed="6" init_range="-4500..-1" global_assert="NO" assert_range=""/>
      <array name="InertiaCmpVel_Cal_InertiaCmpVelDampgDecelGainRisngSlewX" comment="" line="40" complete_type="const uint16 [6]" attributes="extern">
         <scalar comment="" line="40" base_type="uint16" attributes="extern const" complete_type="uint16" init_mode="PERMANENT" init_modes_allowed="6" init_range="0..43200" global_assert="NO" assert_range=""/>
      </array>
      <array name="InertiaCmpVel_Cal_InertiaCmpVelDampgDecelGainRisngSlewY" comment="" line="41" complete_type="const uint16 [6]" attributes="extern">
         <scalar comment="" line="41" base_type="uint16" attributes="extern const" complete_type="uint16" init_mode="PERMANENT" init_modes_allowed="6" init_range="8..36000" global_assert="NO" assert_range=""/>
      </array>
      <array name="InertiaCmpVel_Cal_InertiaCmpVelDampgFilFrq" comment="" line="42" complete_type="const uint16 [12]" attributes="extern">
         <scalar comment="" line="42" base_type="uint16" attributes="extern const" complete_type="uint16" init_mode="PERMANENT" init_modes_allowed="6" init_range="2560..30720" global_assert="NO" assert_range=""/>
      </array>
      <array name="InertiaCmpVel_Cal_InertiaCmpVelDampgFilFrqWhlImbRejctnOn" comment="" line="43" complete_type="const uint16 [12]" attributes="extern">
         <scalar comment="" line="43" base_type="uint16" attributes="extern const" complete_type="uint16" init_mode="PERMANENT" init_modes_allowed="6" init_range="2560..30720" global_assert="NO" assert_range=""/>
      </array>
      <scalar name="InertiaCmpVel_Cal_InertiaCmpVelDampgGainOffThd" comment="" line="44" base_type="float32" attributes="extern const" complete_type="float32" init_mode="PERMANENT" init_modes_allowed="6" init_range="0..50" global_assert="NO" assert_range=""/>
      <scalar name="InertiaCmpVel_Cal_InertiaCmpVelDampgGainOnThd" comment="" line="45" base_type="float32" attributes="extern const" complete_type="float32" init_mode="PERMANENT" init_modes_allowed="6" init_range="0..50" global_assert="NO" assert_range=""/>
      <array name="InertiaCmpVel_Cal_InertiaCmpVelDampgSpdBlndY" comment="" line="46" complete_type="const uint16 [12]" attributes="extern">
         <scalar comment="" line="46" base_type="uint16" attributes="extern const" complete_type="uint16" init_mode="PERMANENT" init_modes_allowed="6" init_range="0..32768" global_assert="NO" assert_range=""/>
      </array>
      <array name="InertiaCmpVel_Cal_InertiaCmpVelDampgWhlImbRejctnBlndX" comment="" line="47" complete_type="const uint16 [5]" attributes="extern">
         <scalar comment="" line="47" base_type="uint16" attributes="extern const" complete_type="uint16" init_mode="PERMANENT" init_modes_allowed="6" init_range="0..36044" global_assert="NO" assert_range=""/>
      </array>
      <array name="InertiaCmpVel_Cal_InertiaCmpVelDampgWhlImbRejctnBlndY" comment="" line="48" complete_type="const uint16 [5]" attributes="extern">
         <scalar comment="" line="48" base_type="uint16" attributes="extern const" complete_type="uint16" init_mode="PERMANENT" init_modes_allowed="6" init_range="0..32768" global_assert="NO" assert_range=""/>
      </array>
      <scalar name="InertiaCmpVel_Cal_InertiaCmpVelDecelGainEnaCal" comment="" line="49" base_type="uint8" attributes="extern const" complete_type="uint8" init_mode="PERMANENT" init_modes_allowed="6" init_range="0..1" global_assert="NO" assert_range=""/>
      <array name="InertiaCmpVel_Cal_InertiaCmpVelModWhlImbRejctnBlndX" comment="" line="50" complete_type="const uint16 [2]" attributes="extern">
         <scalar comment="" line="50" base_type="uint16" attributes="extern const" complete_type="uint16" init_mode="PERMANENT" init_modes_allowed="6" init_range="0..36044" global_assert="NO" assert_range=""/>
      </array>
      <array name="InertiaCmpVel_Cal_InertiaCmpVelModWhlImbRejctnBlndY" comment="" line="51" complete_type="const uint16 [2]" attributes="extern">
         <scalar comment="" line="51" base_type="uint16" attributes="extern const" complete_type="uint16" init_mode="PERMANENT" init_modes_allowed="6" init_range="0..32768" global_assert="NO" assert_range=""/>
      </array>
      <scalar name="InertiaCmpVel_Cal_InertiaCmpVelMotInertia" comment="" line="52" base_type="float32" attributes="extern const" complete_type="float32" init_mode="PERMANENT" init_modes_allowed="6" init_range="1e-05..0.005" global_assert="NO" assert_range=""/>
      <array name="InertiaCmpVel_Cal_InertiaCmpVelMotVelBasdOutpScagX" comment="" line="53" complete_type="const uint16 [2]" attributes="extern">
         <scalar comment="" line="53" base_type="uint16" attributes="extern const" complete_type="uint16" init_mode="PERMANENT" init_modes_allowed="6" init_range="0..21600" global_assert="NO" assert_range=""/>
      </array>
      <array name="InertiaCmpVel_Cal_InertiaCmpVelMotVelBasdOutpScagY" comment="" line="54" complete_type="const uint16 [2]" attributes="extern">
         <scalar comment="" line="54" base_type="uint16" attributes="extern const" complete_type="uint16" init_mode="PERMANENT" init_modes_allowed="6" init_range="0..32768" global_assert="NO" assert_range=""/>
      </array>
      <array name="InertiaCmpVel_Cal_InertiaCmpVelNotchBlndY" comment="" line="55" complete_type="const uint16 [12]" attributes="extern">
         <scalar comment="" line="55" base_type="uint16" attributes="extern const" complete_type="uint16" init_mode="PERMANENT" init_modes_allowed="6" init_range="0..32768" global_assert="NO" assert_range=""/>
      </array>
      <scalar name="InertiaCmpVel_Cal_InertiaCmpVelTqSnsrVelFilFrq" comment="" line="57" base_type="float32" attributes="extern const" complete_type="float32" init_mode="PERMANENT" init_modes_allowed="6" init_range="0.1..100" global_assert="NO" assert_range=""/>
      <array name="InertiaCmpVel_Cal_InertiaCmpVelTqSnsrVelSca" comment="" line="58" complete_type="const uint16 [12]" attributes="extern">
         <scalar comment="" line="58" base_type="uint16" attributes="extern const" complete_type="uint16" init_mode="PERMANENT" init_modes_allowed="6" init_range="0..49152" global_assert="NO" assert_range=""/>
      </array>
      <scalar name="InertiaCmpVel_Cal_SysGlbPrmSysKineRat" comment="" line="59" base_type="float32" attributes="extern const" complete_type="float32" init_mode="PERMANENT" init_modes_allowed="6" init_range="10..40" global_assert="NO" assert_range=""/>
      <scalar name="InertiaCmpVel_Cal_SysGlbPrmTorsBarStfn" comment="" line="60" base_type="float32" attributes="extern const" complete_type="float32" init_mode="PERMANENT" init_modes_allowed="6" init_range="0.5..10" global_assert="NO" assert_range=""/>
      <array name="InertiaCmpVel_Cal_SysGlbPrmVehSpdBilnrSeln" comment="" line="61" complete_type="const uint16 [12]" attributes="extern">
         <scalar comment="" line="61" base_type="uint16" attributes="extern const" complete_type="uint16" init_mode="PERMANENT" init_modes_allowed="6" init_range="0..65408" global_assert="NO" assert_range=""/>
      </array>
      <scalar name="InertiaCmpVel_Ip_AssiCmdBas" comment="" line="19" base_type="float32" attributes="extern" complete_type="float32" init_mode="PERMANENT" init_modes_allowed="6" init_range="-8.8..8.8" global_assert="NO" assert_range=""/>
      <scalar name="InertiaCmpVel_Ip_HwTq" comment="" line="20" base_type="float32" attributes="extern" complete_type="float32" init_mode="PERMANENT" init_modes_allowed="6" init_range="-10..10" global_assert="NO" assert_range=""/>
      <scalar name="InertiaCmpVel_Ip_InertiaCmpDecelGainDi" comment="" line="21" base_type="uint8" attributes="extern" complete_type="uint8" init_mode="PERMANENT" init_modes_allowed="6" init_range="0..1" global_assert="NO" assert_range=""/>
      <scalar name="InertiaCmpVel_Ip_InertiaCmpVelCmdDi" comment="" line="22" base_type="uint8" attributes="extern" complete_type="uint8" init_mode="PERMANENT" init_modes_allowed="6" init_range="0..1" global_assert="NO" assert_range=""/>
      <scalar name="InertiaCmpVel_Ip_MotVelCrf" comment="" line="23" base_type="float32" attributes="extern" complete_type="float32" init_mode="PERMANENT" init_modes_allowed="6" init_range="-1350..1350" global_assert="NO" assert_range=""/>
      <scalar name="InertiaCmpVel_Ip_VehLgtA" comment="" line="24" base_type="float32" attributes="extern" complete_type="float32" init_mode="PERMANENT" init_modes_allowed="6" init_range="-35..35" global_assert="NO" assert_range=""/>
      <scalar name="InertiaCmpVel_Ip_VehSpd" comment="" line="25" base_type="float32" attributes="extern" complete_type="float32" init_mode="PERMANENT" init_modes_allowed="6" init_range="0..511" global_assert="NO" assert_range=""/>
      <scalar name="InertiaCmpVel_Ip_WhlImbRejctnAmp" comment="" line="26" base_type="float32" attributes="extern" complete_type="float32" init_mode="PERMANENT" init_modes_allowed="6" init_range="0..8.8" global_assert="NO" assert_range=""/>
      <scalar name="InertiaCmpVel_Op_InertiaCmpVelCmd" comment="" line="29" base_type="float32" attributes="extern" complete_type="float32" init_mode="PERMANENT" init_modes_allowed="6" init_range="-8.8..8.8" global_assert="NO" assert_range=""/>
      <scalar name="InertiaCmpVel_Pim_DecelGain" comment="" line="75" base_type="float32" attributes="extern" complete_type="float32" init_mode="PERMANENT" init_modes_allowed="6" init_range="1..10" global_assert="NO" assert_range=""/>
      <scalar name="InertiaCmpVel_Pim_NotchFilChk" comment="" line="76" base_type="uint8" attributes="extern" complete_type="uint8" init_mode="PERMANENT" init_modes_allowed="6" init_range="0..1" global_assert="NO" assert_range=""/>
      <scalar name="InertiaCmpVel_Pim_PreScagCmpCmdPrev1" comment="" line="77" base_type="float32" attributes="extern" complete_type="float32" init_mode="PERMANENT" init_modes_allowed="6" init_range="-4294967295..4294967295" global_assert="NO" assert_range=""/>
      <scalar name="InertiaCmpVel_Pim_PreScagCmpCmdPrev2" comment="" line="78" base_type="float32" attributes="extern" complete_type="float32" init_mode="PERMANENT" init_modes_allowed="6" init_range="-4294967295..4294967295" global_assert="NO" assert_range=""/>
      <scalar name="InertiaCmpVel_Pim_ScaDrvrVelPrev1" comment="" line="79" base_type="float32" attributes="extern" complete_type="float32" init_mode="PERMANENT" init_modes_allowed="6" init_range="-1350..1350" global_assert="NO" assert_range=""/>
      <scalar name="InertiaCmpVel_Pim_ScaDrvrVelPrev2" comment="" line="80" base_type="float32" attributes="extern" complete_type="float32" init_mode="PERMANENT" init_modes_allowed="6" init_range="-1350..1350" global_assert="NO" assert_range=""/>
      <scalar name="InertiaCmpVel_Pim_TqSnsrAgPrev" comment="" line="81" base_type="float32" attributes="extern" complete_type="float32" init_mode="PERMANENT" init_modes_allowed="6" init_range="-20..20" global_assert="NO" assert_range=""/>
      <struct name="InertiaCmpVel_Pim_TqSnsrVelFil" comment="" line="82" attributes="extern">
         <scalar name="FilGain" comment="" line="82" base_type="float32" attributes="extern" complete_type="float32" init_mode="PERMANENT" init_modes_allowed="6" init_range="0..0.7154" global_assert="NO" assert_range=""/>
         <scalar name="FilSt" comment="" line="82" base_type="float32" attributes="extern" complete_type="float32" init_mode="PERMANENT" init_modes_allowed="6" init_range="-20000..20000" global_assert="NO" assert_range=""/>
      </struct>
      <struct name="InertiaCmpVel_Pim_TqSnsrVelFilNotchSt" comment="" line="83" attributes="extern">
         <scalar name="FilSt1" comment="" line="83" base_type="float32" attributes="extern" complete_type="float32" init_mode="PERMANENT" init_modes_allowed="6" init_range="-1000000000..1000000000" global_assert="NO" assert_range=""/>
         <scalar name="FilSt2" comment="" line="83" base_type="float32" attributes="extern" complete_type="float32" init_mode="PERMANENT" init_modes_allowed="6" init_range="-1000000000..1000000000" global_assert="NO" assert_range=""/>
      </struct>
      <scalar name="InertiaCmpVel_Pim_dInertiaCmpVelAssiBasdDampgCoeff" comment="" line="64" base_type="float32" attributes="extern" complete_type="float32" init_mode="PERMANENT" init_modes_allowed="6" init_range="0..0.5" global_assert="NO" assert_range=""/>
      <scalar name="InertiaCmpVel_Pim_dInertiaCmpVelCalcdInertiaCmp" comment="" line="65" base_type="float32" attributes="extern" complete_type="float32" init_mode="PERMANENT" init_modes_allowed="6" init_range="0..11843.5252" global_assert="NO" assert_range=""/>
      <scalar name="InertiaCmpVel_Pim_dInertiaCmpVelFilFrq" comment="" line="66" base_type="float32" attributes="extern" complete_type="float32" init_mode="PERMANENT" init_modes_allowed="6" init_range="5..60" global_assert="NO" assert_range=""/>
      <scalar name="InertiaCmpVel_Pim_dInertiaCmpVelMotVelBasdOutpScag" comment="" line="67" base_type="float32" attributes="extern" complete_type="float32" init_mode="PERMANENT" init_modes_allowed="6" init_range="0..1" global_assert="NO" assert_range=""/>
      <scalar name="InertiaCmpVel_Pim_dInertiaCmpVelNotScadDrvrVel" comment="" line="68" base_type="float32" attributes="extern" complete_type="float32" init_mode="PERMANENT" init_modes_allowed="6" init_range="-15312.6344..15312.6344" global_assert="NO" assert_range=""/>
      <scalar name="InertiaCmpVel_Pim_dInertiaCmpVelNotchBlndVal" comment="" line="69" base_type="float32" attributes="extern" complete_type="float32" init_mode="PERMANENT" init_modes_allowed="6" init_range="0..1" global_assert="NO" assert_range=""/>
      <scalar name="InertiaCmpVel_Pim_dInertiaCmpVelNotchInpVal" comment="" line="70" base_type="float32" attributes="extern" complete_type="float32" init_mode="PERMANENT" init_modes_allowed="6" init_range="-8.8..8.8" global_assert="NO" assert_range=""/>
      <scalar name="InertiaCmpVel_Pim_dInertiaCmpVelNotchOutpVal" comment="" line="71" base_type="float32" attributes="extern" complete_type="float32" init_mode="PERMANENT" init_modes_allowed="6" init_range="-8.8..8.8" global_assert="NO" assert_range=""/>
      <scalar name="InertiaCmpVel_Pim_dInertiaCmpVelRawDecelGain" comment="" line="72" base_type="float32" attributes="extern" complete_type="float32" init_mode="PERMANENT" init_modes_allowed="6" init_range="1..10" global_assert="NO" assert_range=""/>
      <scalar name="InertiaCmpVel_Pim_dInertiaCmpVelScadDrvrVel" comment="" line="73" base_type="float32" attributes="extern" complete_type="float32" init_mode="PERMANENT" init_modes_allowed="6" init_range="-41887.9032..41887.9032" global_assert="NO" assert_range=""/>
      <scalar name="InertiaCmpVel_Pim_dInertiaCmpVelTqSnsrVelFildVal" comment="" line="74" base_type="float32" attributes="extern" complete_type="float32" init_mode="PERMANENT" init_modes_allowed="6" init_range="-20000..20000" global_assert="NO" assert_range=""/>
   </file>
   <file name="C:\\_Synergy_Projects\\Working\\TL103A_CplrSuprt\\include\\2013.5.5\\ansi\\math.h" comment="">
      <function name="expf" comment="" line="731" main_generator_called="disabled" attributes="extern">
         <scalar name="arg1" comment="" line="731" base_type="float32" complete_type="float32" init_mode="disabled" init_range="disabled" global_assert="unsupported" assert_range="unsupported"/>
         <scalar name="return" comment="" line="731" base_type="float32" complete_type="float32" init_mode="PERMANENT" init_modes_allowed="4" init_range="0..max" global_assert="unsupported" assert_range="unsupported"/>
      </function>
      <function name="fabsf" comment="" line="742" main_generator_called="disabled" attributes="extern">
         <scalar name="arg1" comment="" line="742" base_type="float32" complete_type="float32" init_mode="disabled" init_range="disabled" global_assert="unsupported" assert_range="unsupported"/>
         <scalar name="return" comment="" line="742" base_type="float32" complete_type="float32" init_mode="PERMANENT" init_modes_allowed="4" init_range="0..max" global_assert="unsupported" assert_range="unsupported"/>
      </function>
      <function name="sqrtf" comment="" line="741" main_generator_called="disabled" attributes="extern">
         <scalar name="arg1" comment="" line="741" base_type="float32" complete_type="float32" init_mode="disabled" init_range="disabled" global_assert="unsupported" assert_range="unsupported"/>
         <scalar name="return" comment="" line="741" base_type="float32" complete_type="float32" init_mode="PERMANENT" init_modes_allowed="4" init_range="0..max" global_assert="unsupported" assert_range="unsupported"/>
      </function>
   </file>
   <struct name="InertiaCmpVel_Cal_InertiaCmpVelNotchFilStruct" comment="" non_applicable="1">
      <scalar name="FilGainA1" comment="" init_mode="PERMANENT" init_range="-2..0" global_assert="NO" assert_range="min..max" non_applicable="1"/>
      <scalar name="FilGainA2" comment="" init_mode="PERMANENT" init_range="-1..1" global_assert="NO" assert_range="min..max" non_applicable="1"/>
      <scalar name="FilGainB0" comment="" init_mode="PERMANENT" init_range="0..2300" global_assert="NO" assert_range="min..max" non_applicable="1"/>
      <scalar name="FilGainB1" comment="" init_mode="PERMANENT" init_range="-4500..0" global_assert="NO" assert_range="min..max" non_applicable="1"/>
      <scalar name="FilGainB2" comment="" init_mode="PERMANENT" init_range="-4..2300" global_assert="NO" assert_range="min..max" non_applicable="1"/>
   </struct>
   <function name="atan2f" comment="" main_generator_called="MAIN_GENERATOR" non_applicable="1">
      <scalar name="return" comment="" init_mode="PERMANENT" init_range="-3.1412..3.1412" global_assert="NO" assert_range="min..max" non_applicable="1"/>
   </function>
   <function name="cosf" comment="" main_generator_called="MAIN_GENERATOR" non_applicable="1">
      <scalar name="return" comment="" init_mode="PERMANENT" init_range="-1..1" global_assert="NO" assert_range="min..max" non_applicable="1"/>
   </function>
   <function name="fmodf" comment="" main_generator_called="MAIN_GENERATOR" non_applicable="1">
      <scalar name="return" comment="" init_mode="PERMANENT" init_range="0..max" global_assert="NO" assert_range="min..max" non_applicable="1"/>
   </function>
   <function name="sinf" comment="" main_generator_called="MAIN_GENERATOR" non_applicable="1">
      <scalar name="return" comment="" init_mode="PERMANENT" init_range="-1..1" global_assert="NO" assert_range="min..max" non_applicable="1"/>
   </function>
</global>
