<?pst parser version="1.0" encoding="UTF-8"?>
<DiffFile>
<Header>
--
-- File created by Polyspace / Comments Diff
-- Copyright 1999-2017 MathWorks, Inc.
--
</Header>

<File Name="None" NewName="None">
</File>

<File Name="CDD_MotAg6Meas.c" NewName="CDD_MotAg6Meas.c">

        <Rule Name="8.1" RuleID="7" File="CDD_MotAg6Meas.c" Line="1425" Col="7">
            <IsViolated/>
            <Diff Reason="NO_MATCH_FOUND" File="CDD_MotAg6Meas.c" Line="1427">
            </Diff>
        </Rule>

        <Rule Name="8.10" RuleID="5" File="CDD_MotAg6Meas.c" Line="1425" Col="0">
            <IsViolated/>
            <Diff Reason="NO_MATCH_FOUND" File="CDD_MotAg6Meas.c" Line="1427">
            </Diff>
        </Rule>
</File>
</DiffFile>
