<?xml version="1.0" encoding="UTF-8"?>

<project name="Polyspace" files="2" includes="23" ap_cg_cycle="0" ap_cg_direct_cycle="0" pshv="0" unpshv="0">
<file name="C:\Users\NZ5334\Documents\Synergy\Working\ses_dev_ea4\MM533A_FordMsg3CCBusHiSpd_Impl\tools\local\generate\Rte_Stubs.c" total_lines="23" lines_without_cmt="7" comf="50" fco="2">
<function name="Rte_Stub" path="1" goto="0" vg="1" calling="0" calls="2" param="0" stmt="2" level="1" return="0" vocf="1.7" flin="2" fxln="2" ncalls="2">
</function>
<function name="fabsf" path="2" goto="0" vg="2" calling="1" calls="0" param="1" stmt="3" level="1" return="1" vocf="2.3" flin="0" fxln="0" ncalls="0">
</function>
</file>
<file name="C:\Users\NZ5334\Documents\Synergy\Working\ses_dev_ea4\MM533A_FordMsg3CCBusHiSpd_Impl\src\FordMsg3CCBusHiSpd.c" total_lines="359" lines_without_cmt="58" comf="46" fco="16">
<function name="FordMsg3CCBusHiSpdPer1" path="1" goto="0" vg="1" calling="1" calls="16" param="0" stmt="23" level="1" return="0" vocf="4.5" flin="78" fxln="23" ncalls="16">
</function>
<function name="FordMsg3CCBusHiSpdInit1" path="1" goto="0" vg="1" calling="1" calls="1" param="0" stmt="2" level="1" return="0" vocf="2.0" flin="11" fxln="2" ncalls="1">
</function>
<function name="SinLookup" path="8" goto="0" vg="4" calling="0" calls="0" param="1" stmt="14" level="1" return="1" vocf="3.6" flin="0" fxln="0" ncalls="0">
</function>
<function name="SinCos_f32" path="16" goto="0" vg="17" calling="0" calls="0" param="3" stmt="56" level="1" return="0" vocf="10.9" flin="0" fxln="0" ncalls="0">
</function>
<function name="Mod_f32" path="1" goto="0" vg="1" calling="0" calls="1" param="2" stmt="1" level="1" return="1" vocf="1.7" flin="0" fxln="0" ncalls="1">
</function>
<function name="Sqrt_f32" path="1" goto="0" vg="1" calling="0" calls="1" param="1" stmt="1" level="1" return="1" vocf="1.5" flin="0" fxln="0" ncalls="1">
</function>
<function name="Exp_f32" path="1" goto="0" vg="1" calling="0" calls="1" param="1" stmt="1" level="1" return="1" vocf="1.5" flin="0" fxln="0" ncalls="1">
</function>
<function name="Cos_f32" path="1" goto="0" vg="1" calling="0" calls="1" param="1" stmt="1" level="1" return="1" vocf="1.5" flin="0" fxln="0" ncalls="1">
</function>
<function name="Sin_f32" path="1" goto="0" vg="1" calling="0" calls="1" param="1" stmt="1" level="1" return="1" vocf="1.5" flin="0" fxln="0" ncalls="1">
</function>
<function name="Arctan2_f32" path="1" goto="0" vg="1" calling="0" calls="1" param="2" stmt="1" level="1" return="1" vocf="1.7" flin="0" fxln="0" ncalls="1">
</function>
<function name="Lim_f32" path="1" goto="0" vg="3" calling="0" calls="0" param="3" stmt="1" level="1" return="1" vocf="3.1" flin="0" fxln="0" ncalls="0">
</function>
<function name="Lim_u32" path="1" goto="0" vg="3" calling="0" calls="0" param="3" stmt="1" level="1" return="1" vocf="3.1" flin="0" fxln="0" ncalls="0">
</function>
<function name="Lim_s32" path="1" goto="0" vg="3" calling="0" calls="0" param="3" stmt="1" level="1" return="1" vocf="3.1" flin="0" fxln="0" ncalls="0">
</function>
<function name="Lim_u16" path="1" goto="0" vg="3" calling="1" calls="0" param="3" stmt="1" level="1" return="1" vocf="3.1" flin="0" fxln="0" ncalls="0">
</function>
<function name="Lim_s16" path="1" goto="0" vg="3" calling="0" calls="0" param="3" stmt="1" level="1" return="1" vocf="3.1" flin="0" fxln="0" ncalls="0">
</function>
<function name="Lim_u08" path="1" goto="0" vg="3" calling="0" calls="0" param="3" stmt="1" level="1" return="1" vocf="3.1" flin="0" fxln="0" ncalls="0">
</function>
<function name="Lim_s08" path="1" goto="0" vg="3" calling="0" calls="0" param="3" stmt="1" level="1" return="1" vocf="3.1" flin="0" fxln="0" ncalls="0">
</function>
<function name="Max_f32" path="1" goto="0" vg="2" calling="0" calls="0" param="2" stmt="1" level="1" return="1" vocf="2.2" flin="0" fxln="0" ncalls="0">
</function>
<function name="Max_u32" path="1" goto="0" vg="2" calling="0" calls="0" param="2" stmt="1" level="1" return="1" vocf="2.2" flin="0" fxln="0" ncalls="0">
</function>
<function name="Max_s32" path="1" goto="0" vg="2" calling="0" calls="0" param="2" stmt="1" level="1" return="1" vocf="2.2" flin="0" fxln="0" ncalls="0">
</function>
<function name="Max_u16" path="1" goto="0" vg="2" calling="0" calls="0" param="2" stmt="1" level="1" return="1" vocf="2.2" flin="0" fxln="0" ncalls="0">
</function>
<function name="Max_s16" path="1" goto="0" vg="2" calling="0" calls="0" param="2" stmt="1" level="1" return="1" vocf="2.2" flin="0" fxln="0" ncalls="0">
</function>
<function name="Max_u08" path="1" goto="0" vg="2" calling="0" calls="0" param="2" stmt="1" level="1" return="1" vocf="2.2" flin="0" fxln="0" ncalls="0">
</function>
<function name="Max_s08" path="1" goto="0" vg="2" calling="0" calls="0" param="2" stmt="1" level="1" return="1" vocf="2.2" flin="0" fxln="0" ncalls="0">
</function>
<function name="Min_f32" path="1" goto="0" vg="2" calling="0" calls="0" param="2" stmt="1" level="1" return="1" vocf="2.2" flin="0" fxln="0" ncalls="0">
</function>
<function name="Min_u32" path="1" goto="0" vg="2" calling="0" calls="0" param="2" stmt="1" level="1" return="1" vocf="2.2" flin="0" fxln="0" ncalls="0">
</function>
<function name="Min_s32" path="1" goto="0" vg="2" calling="0" calls="0" param="2" stmt="1" level="1" return="1" vocf="2.2" flin="0" fxln="0" ncalls="0">
</function>
<function name="Min_u16" path="1" goto="0" vg="2" calling="0" calls="0" param="2" stmt="1" level="1" return="1" vocf="2.2" flin="0" fxln="0" ncalls="0">
</function>
<function name="Min_s16" path="1" goto="0" vg="2" calling="0" calls="0" param="2" stmt="1" level="1" return="1" vocf="2.2" flin="0" fxln="0" ncalls="0">
</function>
<function name="Min_u08" path="1" goto="0" vg="2" calling="0" calls="0" param="2" stmt="1" level="1" return="1" vocf="2.2" flin="0" fxln="0" ncalls="0">
</function>
<function name="Min_s08" path="1" goto="0" vg="2" calling="0" calls="0" param="2" stmt="1" level="1" return="1" vocf="2.2" flin="0" fxln="0" ncalls="0">
</function>
<function name="Sign_s08_f32" path="1" goto="0" vg="2" calling="0" calls="0" param="1" stmt="1" level="1" return="1" vocf="2.2" flin="0" fxln="0" ncalls="0">
</function>
<function name="Sign_s08_s32" path="1" goto="0" vg="2" calling="0" calls="0" param="1" stmt="1" level="1" return="1" vocf="2.2" flin="0" fxln="0" ncalls="0">
</function>
<function name="Sign_s08_s16" path="1" goto="0" vg="2" calling="0" calls="0" param="1" stmt="1" level="1" return="1" vocf="2.2" flin="0" fxln="0" ncalls="0">
</function>
<function name="Sign_s08_s08" path="1" goto="0" vg="2" calling="0" calls="0" param="1" stmt="1" level="1" return="1" vocf="2.3" flin="0" fxln="0" ncalls="0">
</function>
<function name="Abslt_f32_f32" path="1" goto="0" vg="1" calling="0" calls="1" param="1" stmt="1" level="1" return="1" vocf="1.5" flin="0" fxln="0" ncalls="1">
</function>
<function name="Abslt_u32_s32" path="1" goto="0" vg="2" calling="0" calls="0" param="1" stmt="1" level="1" return="1" vocf="2.8" flin="0" fxln="0" ncalls="0">
</function>
<function name="Abslt_u16_s16" path="1" goto="0" vg="2" calling="0" calls="0" param="1" stmt="1" level="1" return="1" vocf="2.8" flin="0" fxln="0" ncalls="0">
</function>
<function name="Abslt_u08_s08" path="1" goto="0" vg="2" calling="0" calls="0" param="1" stmt="1" level="1" return="1" vocf="2.8" flin="0" fxln="0" ncalls="0">
</function>
<function name="Blnd_f32" path="1" goto="0" vg="1" calling="0" calls="0" param="3" stmt="1" level="1" return="1" vocf="6.0" flin="0" fxln="0" ncalls="0">
</function>
<function name="FixdToFloat_f32_u32" path="1" goto="0" vg="1" calling="0" calls="0" param="2" stmt="1" level="1" return="1" vocf="1.9" flin="0" fxln="0" ncalls="0">
</function>
<function name="FixdToFloat_f32_u16" path="1" goto="0" vg="1" calling="0" calls="0" param="2" stmt="1" level="1" return="1" vocf="1.9" flin="0" fxln="0" ncalls="0">
</function>
<function name="FixdToFloat_f32_s32" path="1" goto="0" vg="1" calling="0" calls="0" param="2" stmt="1" level="1" return="1" vocf="1.9" flin="0" fxln="0" ncalls="0">
</function>
<function name="FixdToFloat_f32_s16" path="1" goto="0" vg="1" calling="0" calls="0" param="2" stmt="1" level="1" return="1" vocf="1.9" flin="0" fxln="0" ncalls="0">
</function>
<function name="FloatToFixd_u32_f32" path="1" goto="0" vg="1" calling="0" calls="0" param="2" stmt="1" level="1" return="1" vocf="2.1" flin="0" fxln="0" ncalls="0">
</function>
<function name="FloatToFixd_u16_f32" path="1" goto="0" vg="1" calling="1" calls="0" param="2" stmt="1" level="1" return="1" vocf="2.0" flin="0" fxln="0" ncalls="0">
</function>
<function name="FloatToFixd_s32_f32" path="1" goto="0" vg="1" calling="0" calls="0" param="2" stmt="1" level="1" return="1" vocf="1.9" flin="0" fxln="0" ncalls="0">
</function>
<function name="FloatToFixd_s16_f32" path="1" goto="0" vg="1" calling="0" calls="0" param="2" stmt="1" level="1" return="1" vocf="2.0" flin="0" fxln="0" ncalls="0">
</function>
<function name="FloatToFixdWithRound_u32_f32" path="1" goto="0" vg="1" calling="0" calls="0" param="2" stmt="1" level="1" return="1" vocf="1.9" flin="0" fxln="0" ncalls="0">
</function>
<function name="FloatToFixdWithRound_u16_f32" path="1" goto="0" vg="1" calling="0" calls="0" param="2" stmt="1" level="1" return="1" vocf="2.0" flin="0" fxln="0" ncalls="0">
</function>
<function name="FloatToFixdWithRound_s32_f32" path="1" goto="0" vg="2" calling="0" calls="0" param="2" stmt="1" level="1" return="1" vocf="2.8" flin="0" fxln="0" ncalls="0">
</function>
<function name="FloatToFixdWithRound_s16_f32" path="1" goto="0" vg="2" calling="0" calls="0" param="2" stmt="1" level="1" return="1" vocf="5.6" flin="0" fxln="0" ncalls="0">
</function>
<function name="fabsf" path="2" goto="0" vg="2" calling="1" calls="0" param="1" stmt="3" level="1" return="1" vocf="2.3" flin="0" fxln="0" ncalls="0">
</function>
</file>
</project>
