<?pst parser version="1.0" encoding="UTF-8"?>
<DiffFile>
<Header>
--
-- File created by Polyspace / Comments Diff
-- Copyright 1999-2018 MathWorks, Inc.
--
</Header>

<File Name="FordMsg443BusHiSpd.c" NewName="FordMsg443BusHiSpd.c">

        <Rule Name="5.1" File="FordMsg443BusHiSpd.c">
            <Diff Reason="NO_MATCH_FOUND" RuleID="4" File="C:\Component\MM086A_FordMsg443BusHiSpd_Impl\src\FordMsg443BusHiSpd.c" Line="95" Col="123">
            <IsViolated/>
            </Diff>
        </Rule>

        <Rule Name="5.1" File="FordMsg443BusHiSpd.c">
            <Diff Reason="NO_MATCH_FOUND" RuleID="7" File="C:\Component\MM086A_FordMsg443BusHiSpd_Impl\src\FordMsg443BusHiSpd.c" Line="861" Col="164">
            <IsViolated/>
            </Diff>
        </Rule>

        <Rule Name="5.1" File="FordMsg443BusHiSpd.c">
            <Diff Reason="NO_MATCH_FOUND" RuleID="9" File="C:\Component\MM086A_FordMsg443BusHiSpd_Impl\src\FordMsg443BusHiSpd.c" Line="896" Col="123">
            <IsViolated/>
            </Diff>
        </Rule>

        <Rule Name="5.1" File="FordMsg443BusHiSpd.c">
            <Diff Reason="NO_MATCH_FOUND" RuleID="16" File="C:\Component\MM086A_FordMsg443BusHiSpd_Impl\src\FordMsg443BusHiSpd.c" Line="770" Col="27">
            <IsViolated/>
            </Diff>
        </Rule>

        <Rule Name="5.1" File="FordMsg443BusHiSpd.c">
            <Diff Reason="NO_MATCH_FOUND" RuleID="18" File="C:\Component\MM086A_FordMsg443BusHiSpd_Impl\src\FordMsg443BusHiSpd.c" Line="861" Col="164">
            <IsViolated/>
            </Diff>
        </Rule>

        <Rule Name="5.1" File="FordMsg443BusHiSpd.c">
            <Diff Reason="NO_MATCH_FOUND" RuleID="19" File="C:\Component\MM086A_FordMsg443BusHiSpd_Impl\src\FordMsg443BusHiSpd.c" Line="896" Col="123">
            <IsViolated/>
            </Diff>
        </Rule>

        <Rule Name="19.1" File="FordMsg443BusHiSpd.c">
            <Diff Reason="NO_MATCH_FOUND" RuleID="5" File="C:\Component\MM086A_FordMsg443BusHiSpd_Impl\src\FordMsg443BusHiSpd.c" Line="663" Col="0">
            <IsViolated/>
            </Diff>
        </Rule>

        <Rule Name="19.1" File="FordMsg443BusHiSpd.c">
            <Diff Reason="NO_MATCH_FOUND" RuleID="6" File="C:\Component\MM086A_FordMsg443BusHiSpd_Impl\src\FordMsg443BusHiSpd.c" Line="840" Col="0">
            <IsViolated/>
            </Diff>
        </Rule>

        <Rule Name="19.1" RuleID="4" File="FordMsg443BusHiSpd.c" Line="900" Col="0">
            <IsViolated/>
            <Diff Reason="NO_MATCH_FOUND" File="FordMsg443BusHiSpd.c">
            </Diff>
        </Rule>
</File>
</DiffFile>
