<?xml version="1.0" encoding="UTF-8"?>
<MISRA-C-Report-Summary>
<File Mode="advisory" Error="0" Warning="2" Total="2">
<Name>
C:\Component\MM079A_FordMsg41EBusHiSpd_Impl\src\FordMsg41EBusHiSpd.c</Name>
</File>
<File Mode="required" Error="0" Warning="14" Total="14">
<Name>
C:\Component\MM079A_FordMsg41EBusHiSpd_Impl\src\FordMsg41EBusHiSpd.c</Name>
</File>
<File Mode="advisory" Error="0" Warning="1" Total="1">
<Name>
C:\Component\MM079A_FordMsg41EBusHiSpd_Impl\src\FordMsg41EBusHiSpdNonRte.c</Name>
</File>
<Rule Name="5.1" Count="13" Mode="required" Severity="warning">
<Message>
</Message>
</Rule>
<Rule Name="19.1" Count="3" Mode="advisory" Severity="warning">
<Message>
#include statements in a file shall only be preceded by other preprocessor directives or comments.</Message>
</Rule>
<Rule Name="9.1" Count="1" Mode="required" Severity="warning">
<Message>
All automatic variables shall have been assigned a value before being used.</Message>
</Rule>
</MISRA-C-Report-Summary>
