<?xml version="1.0" encoding="UTF-8"?>
<!--EDRS Version 1.0-->
<global>
   <file name="C:\\Component\\AR100A_NxtrMath_Impl\\include\\NxtrMath.h" comment="">
      <function name="Abslt_f32_f32" comment="" line="233" main_generator_called="MAIN_GENERATOR" attributes="static">
         <scalar name="arg1" comment="" line="233" base_type="float32" attributes="static" complete_type="float32" init_mode="MAIN_GENERATOR" init_modes_allowed="10" init_range="min..max" global_assert="unsupported" assert_range="unsupported"/>
         <scalar name="return" comment="" line="233" base_type="float32" attributes="static" complete_type="float32" init_mode="disabled" init_range="disabled" global_assert="unsupported" assert_range="unsupported"/>
      </function>
      <function name="Lim_f32" comment="" line="560" main_generator_called="MAIN_GENERATOR" attributes="static">
         <scalar name="arg1" comment="" line="560" base_type="float32" attributes="static" complete_type="float32" init_mode="MAIN_GENERATOR" init_modes_allowed="10" init_range="min..max" global_assert="unsupported" assert_range="unsupported"/>
         <scalar name="arg2" comment="" line="560" base_type="float32" attributes="static" complete_type="float32" init_mode="MAIN_GENERATOR" init_modes_allowed="10" init_range="min..max" global_assert="unsupported" assert_range="unsupported"/>
         <scalar name="arg3" comment="" line="560" base_type="float32" attributes="static" complete_type="float32" init_mode="MAIN_GENERATOR" init_modes_allowed="10" init_range="min..max" global_assert="unsupported" assert_range="unsupported"/>
         <scalar name="return" comment="" line="560" base_type="float32" attributes="static" complete_type="float32" init_mode="disabled" init_range="disabled" global_assert="unsupported" assert_range="unsupported"/>
      </function>
   </file>
   <file name="C:\\Component\\AR101A_NxtrIntrpn_Impl\\include\\NxtrIntrpn.h" comment="">
      <function name="LnrIntrpn_u16_u16VariXu16VariY" comment="" line="43" main_generator_called="disabled" attributes="extern">
         <pointer name="arg1" comment="" line="43" complete_type="const uint16 *" init_mode="disabled" initialize_pointer="disabled" number_allocated="disabled" init_pointed="disabled">
            <scalar comment="" line="43" base_type="uint16" attributes="const" complete_type="uint16" init_mode="disabled" init_range="disabled" global_assert="unsupported" assert_range="unsupported"/>
         </pointer>
         <pointer name="arg2" comment="" line="43" complete_type="const uint16 *" init_mode="disabled" initialize_pointer="disabled" number_allocated="disabled" init_pointed="disabled">
            <scalar comment="" line="43" base_type="uint16" attributes="const" complete_type="uint16" init_mode="disabled" init_range="disabled" global_assert="unsupported" assert_range="unsupported"/>
         </pointer>
         <scalar name="arg3" comment="" line="43" base_type="uint16" complete_type="uint16" init_mode="disabled" init_range="disabled" global_assert="unsupported" assert_range="unsupported"/>
         <scalar name="arg4" comment="" line="43" base_type="uint16" complete_type="uint16" init_mode="disabled" init_range="disabled" global_assert="unsupported" assert_range="unsupported"/>
         <scalar name="return" comment="" line="43" base_type="uint16" complete_type="uint16" init_mode="PERMANENT" init_modes_allowed="4" init_range="min..max" global_assert="unsupported" assert_range="unsupported"/>
      </function>
   </file>
   <file name="C:\\Component\\AR103A_NxtrFixdPt_Impl\\include\\NxtrFixdPt.h" comment="">
      <function name="FixdToFloat_f32_u16" comment="" line="331" main_generator_called="MAIN_GENERATOR" attributes="static">
         <scalar name="arg1" comment="" line="331" base_type="uint16" attributes="static" complete_type="uint16" init_mode="MAIN_GENERATOR" init_modes_allowed="10" init_range="min..max" global_assert="unsupported" assert_range="unsupported"/>
         <scalar name="arg2" comment="" line="331" base_type="float32" attributes="static" complete_type="float32" init_mode="MAIN_GENERATOR" init_modes_allowed="10" init_range="min..max" global_assert="unsupported" assert_range="unsupported"/>
         <scalar name="return" comment="" line="331" base_type="float32" attributes="static" complete_type="float32" init_mode="disabled" init_range="disabled" global_assert="unsupported" assert_range="unsupported"/>
      </function>
      <function name="FloatToFixd_u16_f32" comment="" line="275" main_generator_called="MAIN_GENERATOR" attributes="static">
         <scalar name="arg1" comment="" line="275" base_type="float32" attributes="static" complete_type="float32" init_mode="MAIN_GENERATOR" init_modes_allowed="10" init_range="min..max" global_assert="unsupported" assert_range="unsupported"/>
         <scalar name="arg2" comment="" line="275" base_type="float32" attributes="static" complete_type="float32" init_mode="MAIN_GENERATOR" init_modes_allowed="10" init_range="min..max" global_assert="unsupported" assert_range="unsupported"/>
         <scalar name="return" comment="" line="275" base_type="uint16" attributes="static" complete_type="uint16" init_mode="disabled" init_range="disabled" global_assert="unsupported" assert_range="unsupported"/>
      </function>
   </file>
   <file name="C:\\Component\\CF067A_FordHwTqCmdOvrlLimr_Impl\\src\\FordHwTqCmdOvrlLimr.c" comment="">
      <function name="CalcnLimrVehSpd" comment="" line="603" main_generator_called="MAIN_GENERATOR" attributes="static">
         <scalar name="arg1" comment="" line="603" base_type="float32" attributes="static" complete_type="float32" init_mode="MAIN_GENERATOR" init_modes_allowed="10" init_range="min..max" global_assert="unsupported" assert_range="unsupported"/>
         <scalar name="arg2" comment="" line="603" base_type="uint8" attributes="static" complete_type="uint8" init_mode="MAIN_GENERATOR" init_modes_allowed="10" init_range="min..max" global_assert="unsupported" assert_range="unsupported"/>
         <scalar name="return" comment="" line="603" base_type="float32" attributes="static" complete_type="float32" init_mode="disabled" init_range="disabled" global_assert="unsupported" assert_range="unsupported"/>
      </function>
      <function name="FordHwTqCmdOvrlLimrInit1" comment="" line="230" main_generator_called="MAIN_GENERATOR"/>
      <function name="FordHwTqCmdOvrlLimrPer1" comment="" line="292" main_generator_called="MAIN_GENERATOR"/>
      <function name="FordHwTqCmdOvrlLimrPer2" comment="" line="473" main_generator_called="MAIN_GENERATOR"/>
      <function name="ImcSigf32Procs" comment="" line="677" main_generator_called="MAIN_GENERATOR" attributes="static">
         <scalar name="arg1" comment="" line="677" base_type="uint16" attributes="static" complete_type="uint16" init_mode="MAIN_GENERATOR" init_modes_allowed="10" init_range="min..max" global_assert="unsupported" assert_range="unsupported"/>
         <pointer name="arg2" comment="" line="677" attributes="static" complete_type="float32 *" init_mode="MAIN_GENERATOR" init_modes_allowed="10" initialize_pointer="May-be NULL" number_allocated="max" init_pointed="MAIN_GENERATOR">
            <scalar comment="" line="677" base_type="float32" attributes="static" complete_type="float32" init_mode="MAIN_GENERATOR" init_modes_allowed="10" init_range="min..max" global_assert="unsupported" assert_range="unsupported"/>
         </pointer>
         <pointer name="arg3" comment="" line="677" attributes="static" complete_type="uint8 *" init_mode="MAIN_GENERATOR" init_modes_allowed="10" initialize_pointer="May-be NULL" number_allocated="max" init_pointed="MAIN_GENERATOR">
            <scalar comment="" line="677" base_type="uint8" attributes="static" complete_type="uint8" init_mode="MAIN_GENERATOR" init_modes_allowed="10" init_range="min..max" global_assert="unsupported" assert_range="unsupported"/>
         </pointer>
      </function>
      <function name="ImcSigloglProcs" comment="" line="699" main_generator_called="MAIN_GENERATOR" attributes="static">
         <scalar name="arg1" comment="" line="699" base_type="uint16" attributes="static" complete_type="uint16" init_mode="MAIN_GENERATOR" init_modes_allowed="10" init_range="min..max" global_assert="unsupported" assert_range="unsupported"/>
         <pointer name="arg2" comment="" line="699" attributes="static" complete_type="uint8 *" init_mode="MAIN_GENERATOR" init_modes_allowed="10" initialize_pointer="May-be NULL" number_allocated="max" init_pointed="MAIN_GENERATOR">
            <scalar comment="" line="699" base_type="uint8" attributes="static" complete_type="uint8" init_mode="MAIN_GENERATOR" init_modes_allowed="10" init_range="min..max" global_assert="unsupported" assert_range="unsupported"/>
         </pointer>
         <pointer name="arg3" comment="" line="699" attributes="static" complete_type="uint8 *" init_mode="MAIN_GENERATOR" init_modes_allowed="10" initialize_pointer="May-be NULL" number_allocated="max" init_pointed="MAIN_GENERATOR">
            <scalar comment="" line="699" base_type="uint8" attributes="static" complete_type="uint8" init_mode="MAIN_GENERATOR" init_modes_allowed="10" init_range="min..max" global_assert="unsupported" assert_range="unsupported"/>
         </pointer>
      </function>
      <function name="SigCond" comment="" line="653" main_generator_called="MAIN_GENERATOR" attributes="static">
         <scalar name="arg1" comment="" line="653" base_type="float32" attributes="static" complete_type="float32" init_mode="MAIN_GENERATOR" init_modes_allowed="10" init_range="min..max" global_assert="unsupported" assert_range="unsupported"/>
         <scalar name="arg2" comment="" line="653" base_type="uint8" attributes="static" complete_type="uint8" init_mode="MAIN_GENERATOR" init_modes_allowed="10" init_range="min..max" global_assert="unsupported" assert_range="unsupported"/>
         <scalar name="arg3" comment="" line="653" base_type="uint8" attributes="static" complete_type="uint8" init_mode="MAIN_GENERATOR" init_modes_allowed="10" init_range="min..max" global_assert="unsupported" assert_range="unsupported"/>
         <scalar name="return" comment="" line="653" base_type="float32" attributes="static" complete_type="float32" init_mode="disabled" init_range="disabled" global_assert="unsupported" assert_range="unsupported"/>
      </function>
      <function name="TqReqAndCallStsProcs" comment="" line="721" main_generator_called="MAIN_GENERATOR" attributes="static">
         <scalar name="arg1" comment="" line="721" base_type="float32" attributes="static" complete_type="float32" init_mode="MAIN_GENERATOR" init_modes_allowed="10" init_range="min..max" global_assert="unsupported" assert_range="unsupported"/>
         <scalar name="arg2" comment="" line="721" base_type="uint8" attributes="static" complete_type="uint8" init_mode="MAIN_GENERATOR" init_modes_allowed="10" init_range="min..max" global_assert="unsupported" assert_range="unsupported"/>
         <scalar name="arg3" comment="" line="721" base_type="uint8" attributes="static" complete_type="uint8" init_mode="MAIN_GENERATOR" init_modes_allowed="10" init_range="min..max" global_assert="unsupported" assert_range="unsupported"/>
         <scalar name="arg4" comment="" line="721" base_type="uint8" attributes="static" complete_type="uint8" init_mode="MAIN_GENERATOR" init_modes_allowed="10" init_range="min..max" global_assert="unsupported" assert_range="unsupported"/>
         <pointer name="arg5" comment="" line="721" attributes="static" complete_type="float32 *" init_mode="MAIN_GENERATOR" init_modes_allowed="10" initialize_pointer="May-be NULL" number_allocated="max" init_pointed="MAIN_GENERATOR">
            <scalar comment="" line="721" base_type="float32" attributes="static" complete_type="float32" init_mode="MAIN_GENERATOR" init_modes_allowed="10" init_range="min..max" global_assert="unsupported" assert_range="unsupported"/>
         </pointer>
         <pointer name="arg6" comment="" line="721" attributes="static" complete_type="uint8 *" init_mode="MAIN_GENERATOR" init_modes_allowed="10" initialize_pointer="May-be NULL" number_allocated="max" init_pointed="MAIN_GENERATOR">
            <scalar comment="" line="721" base_type="uint8" attributes="static" complete_type="uint8" init_mode="MAIN_GENERATOR" init_modes_allowed="10" init_range="min..max" global_assert="unsupported" assert_range="unsupported"/>
         </pointer>
      </function>
   </file>
   <file name="C:\\Component\\CF067A_FordHwTqCmdOvrlLimr_Impl\\tools\\local\\generate\\Rte_FordHwTqCmdOvrlLimr.h" comment="">
      <function name="Rte_Call_FordHwTqCmdOvrlLimr_GetSigImcData_f32_Oper" comment="" line="111" main_generator_called="disabled" attributes="extern">
         <scalar name="arg1" comment="" line="111" base_type="uint16" complete_type="uint16" init_mode="disabled" init_range="disabled" global_assert="unsupported" assert_range="unsupported"/>
         <pointer name="arg2" comment="" line="111" complete_type="float32 *" init_mode="disabled" initialize_pointer="disabled" number_allocated="disabled" init_pointed="MULTI">
            <scalar comment="" line="111" base_type="float32" complete_type="float32" init_mode="PERMANENT" init_modes_allowed="4" init_range="min..max" global_assert="unsupported" assert_range="unsupported"/>
         </pointer>
         <pointer name="arg3" comment="" line="111" complete_type="uint8 *" init_mode="disabled" initialize_pointer="disabled" number_allocated="disabled" init_pointed="MULTI">
            <scalar comment="" line="111" base_type="uint8" complete_type="uint8" init_mode="PERMANENT" init_modes_allowed="4" init_range="min..max" global_assert="unsupported" assert_range="unsupported"/>
         </pointer>
         <scalar name="return" comment="" line="111" base_type="uint8" complete_type="uint8" init_mode="PERMANENT" init_modes_allowed="4" init_range="min..max" global_assert="unsupported" assert_range="unsupported"/>
      </function>
      <function name="Rte_Call_FordHwTqCmdOvrlLimr_GetSigImcData_logl_Oper" comment="" line="112" main_generator_called="disabled" attributes="extern">
         <scalar name="arg1" comment="" line="112" base_type="uint16" complete_type="uint16" init_mode="disabled" init_range="disabled" global_assert="unsupported" assert_range="unsupported"/>
         <pointer name="arg2" comment="" line="112" complete_type="uint8 *" init_mode="disabled" initialize_pointer="disabled" number_allocated="disabled" init_pointed="MULTI">
            <scalar comment="" line="112" base_type="uint8" complete_type="uint8" init_mode="PERMANENT" init_modes_allowed="4" init_range="min..max" global_assert="unsupported" assert_range="unsupported"/>
         </pointer>
         <pointer name="arg3" comment="" line="112" complete_type="uint8 *" init_mode="disabled" initialize_pointer="disabled" number_allocated="disabled" init_pointed="MULTI">
            <scalar comment="" line="112" base_type="uint8" complete_type="uint8" init_mode="PERMANENT" init_modes_allowed="4" init_range="min..max" global_assert="unsupported" assert_range="unsupported"/>
         </pointer>
         <scalar name="return" comment="" line="112" base_type="uint8" complete_type="uint8" init_mode="PERMANENT" init_modes_allowed="4" init_range="min..max" global_assert="unsupported" assert_range="unsupported"/>
      </function>
      <pointer name="Rte_Inst_FordHwTqCmdOvrlLimr" comment="" line="65" attributes="extern const" complete_type="const struct Rte_CDS_FordHwTqCmdOvrlLimr *" init_mode="INIT" init_modes_allowed="2" initialize_pointer="May-be NULL" number_allocated="max" init_pointed="MULTI">
         <struct comment="" line="65" complete_type="struct Rte_CDS_FordHwTqCmdOvrlLimr" attributes="extern const">
            <pointer name="Pim_LkaTqReqPrev" comment="" line="65" attributes="extern const" complete_type="float32 *" init_mode="INIT" init_modes_allowed="2" initialize_pointer="May-be NULL" number_allocated="max" init_pointed="MULTI">
               <scalar comment="" line="65" base_type="float32" attributes="extern" complete_type="float32" init_mode="INIT" init_modes_allowed="2" init_range="min..max" global_assert="unsupported" assert_range="unsupported"/>
            </pointer>
            <pointer name="Pim_PrevVehSpd" comment="" line="65" attributes="extern const" complete_type="float32 *" init_mode="INIT" init_modes_allowed="2" initialize_pointer="May-be NULL" number_allocated="max" init_pointed="MULTI">
               <scalar comment="" line="65" base_type="float32" attributes="extern" complete_type="float32" init_mode="INIT" init_modes_allowed="2" init_range="min..max" global_assert="unsupported" assert_range="unsupported"/>
            </pointer>
            <pointer name="Pim_TqReqPrev" comment="" line="65" attributes="extern const" complete_type="float32 *" init_mode="INIT" init_modes_allowed="2" initialize_pointer="May-be NULL" number_allocated="max" init_pointed="MULTI">
               <scalar comment="" line="65" base_type="float32" attributes="extern" complete_type="float32" init_mode="INIT" init_modes_allowed="2" init_range="min..max" global_assert="unsupported" assert_range="unsupported"/>
            </pointer>
         </struct>
      </pointer>
   </file>
   <file name="C:\\Component\\CF067A_FordHwTqCmdOvrlLimr_Impl\\tools\\local\\generate\\Rte_Stubs.c" comment="">
      <function name="Rte_Stub" comment="" line="18" main_generator_called="MAIN_GENERATOR" attributes="unused"/>
   </file>
   <file name="C:\\Component\\CF067A_FordHwTqCmdOvrlLimr_Impl\\tools\\local\\generate\\Rte_Stubs.h" comment="">
      <array name="FordHwTqCmdOvrlLimr_Cal_FordHwTqCmdOvrlLimrCombdBwY" comment="" line="37" complete_type="const uint16 [8]" attributes="extern">
         <scalar comment="" line="37" base_type="uint16" attributes="extern const" complete_type="uint16" init_mode="PERMANENT" init_modes_allowed="6" init_range="0..64" global_assert="NO" assert_range=""/>
      </array>
      <array name="FordHwTqCmdOvrlLimr_Cal_FordHwTqCmdOvrlLimrCombdTqRateY" comment="" line="38" complete_type="const uint16 [8]" attributes="extern">
         <scalar comment="" line="38" base_type="uint16" attributes="extern const" complete_type="uint16" init_mode="PERMANENT" init_modes_allowed="6" init_range="0..64" global_assert="NO" assert_range=""/>
      </array>
      <array name="FordHwTqCmdOvrlLimr_Cal_FordHwTqCmdOvrlLimrCombdTqSatnY" comment="" line="39" complete_type="const uint16 [8]" attributes="extern">
         <scalar comment="" line="39" base_type="uint16" attributes="extern const" complete_type="uint16" init_mode="PERMANENT" init_modes_allowed="6" init_range="0..64" global_assert="NO" assert_range=""/>
      </array>
      <array name="FordHwTqCmdOvrlLimr_Cal_FordHwTqCmdOvrlLimrCombdVehSpdBreakPtX" comment="" line="40" complete_type="const uint16 [8]" attributes="extern">
         <scalar comment="" line="40" base_type="uint16" attributes="extern const" complete_type="uint16" init_mode="PERMANENT" init_modes_allowed="6" init_range="0..255" global_assert="NO" assert_range=""/>
      </array>
      <scalar name="FordHwTqCmdOvrlLimr_Cal_FordHwTqCmdOvrlLimrDftSpdRate" comment="" line="41" base_type="float32" attributes="extern const" complete_type="float32" init_mode="PERMANENT" init_modes_allowed="6" init_range="0..511" global_assert="NO" assert_range=""/>
      <scalar name="FordHwTqCmdOvrlLimr_Cal_FordHwTqCmdOvrlLimrDftSpdRcvrRate" comment="" line="42" base_type="float32" attributes="extern const" complete_type="float32" init_mode="PERMANENT" init_modes_allowed="6" init_range="0..511" global_assert="NO" assert_range=""/>
      <array name="FordHwTqCmdOvrlLimr_Cal_FordHwTqCmdOvrlLimrLkaBwY" comment="" line="43" complete_type="const uint16 [8]" attributes="extern">
         <scalar comment="" line="43" base_type="uint16" attributes="extern const" complete_type="uint16" init_mode="PERMANENT" init_modes_allowed="6" init_range="0..64" global_assert="NO" assert_range=""/>
      </array>
      <array name="FordHwTqCmdOvrlLimr_Cal_FordHwTqCmdOvrlLimrLkaTqRateY" comment="" line="44" complete_type="const uint16 [8]" attributes="extern">
         <scalar comment="" line="44" base_type="uint16" attributes="extern const" complete_type="uint16" init_mode="PERMANENT" init_modes_allowed="6" init_range="0..64" global_assert="NO" assert_range=""/>
      </array>
      <array name="FordHwTqCmdOvrlLimr_Cal_FordHwTqCmdOvrlLimrLkaTqSatnY" comment="" line="45" complete_type="const uint16 [8]" attributes="extern">
         <scalar comment="" line="45" base_type="uint16" attributes="extern const" complete_type="uint16" init_mode="PERMANENT" init_modes_allowed="6" init_range="0..64" global_assert="NO" assert_range=""/>
      </array>
      <array name="FordHwTqCmdOvrlLimr_Cal_FordHwTqCmdOvrlLimrVehSpdBreakPtX" comment="" line="46" complete_type="const uint16 [8]" attributes="extern">
         <scalar comment="" line="46" base_type="uint16" attributes="extern const" complete_type="uint16" init_mode="PERMANENT" init_modes_allowed="6" init_range="0..255" global_assert="NO" assert_range=""/>
      </array>
      <scalar name="FordHwTqCmdOvrlLimr_Ip_EcuId" comment="" line="20" base_type="uint8" attributes="extern" complete_type="uint8" init_mode="PERMANENT" init_modes_allowed="6" init_range="0..3" global_assert="NO" assert_range=""/>
      <scalar name="FordHwTqCmdOvrlLimr_Ip_FildVehSpd" comment="" line="21" base_type="float32" attributes="extern" complete_type="float32" init_mode="PERMANENT" init_modes_allowed="6" init_range="0..511" global_assert="NO" assert_range=""/>
      <scalar name="FordHwTqCmdOvrlLimr_Ip_FordDrvrSteerRcmdnArbnCmd" comment="" line="22" base_type="uint8" attributes="extern" complete_type="uint8" init_mode="PERMANENT" init_modes_allowed="6" init_range="min..max" global_assert="NO" assert_range=""/>
      <scalar name="FordHwTqCmdOvrlLimr_Ip_FordDrvrSteerRcmdnFctCallSts" comment="" line="23" base_type="uint8" attributes="extern" complete_type="uint8" init_mode="PERMANENT" init_modes_allowed="6" init_range="0..1" global_assert="NO" assert_range=""/>
      <scalar name="FordHwTqCmdOvrlLimr_Ip_FordDrvrSteerRcmdnTqReq" comment="" line="24" base_type="float32" attributes="extern" complete_type="float32" init_mode="PERMANENT" init_modes_allowed="6" init_range="-8..8" global_assert="NO" assert_range=""/>
      <scalar name="FordHwTqCmdOvrlLimr_Ip_FordEvasSteerAssiArbnCmd" comment="" line="25" base_type="uint8" attributes="extern" complete_type="uint8" init_mode="PERMANENT" init_modes_allowed="6" init_range="min..max" global_assert="NO" assert_range=""/>
      <scalar name="FordHwTqCmdOvrlLimr_Ip_FordEvasSteerAssiFctCallSts" comment="" line="26" base_type="uint8" attributes="extern" complete_type="uint8" init_mode="PERMANENT" init_modes_allowed="6" init_range="0..1" global_assert="NO" assert_range=""/>
      <scalar name="FordHwTqCmdOvrlLimr_Ip_FordEvasSteerAssiTqReq" comment="" line="27" base_type="float32" attributes="extern" complete_type="float32" init_mode="PERMANENT" init_modes_allowed="6" init_range="-8..8" global_assert="NO" assert_range=""/>
      <scalar name="FordHwTqCmdOvrlLimr_Ip_FordLaneKeepAssiArbnCmd" comment="" line="28" base_type="uint8" attributes="extern" complete_type="uint8" init_mode="PERMANENT" init_modes_allowed="6" init_range="min..max" global_assert="NO" assert_range=""/>
      <scalar name="FordHwTqCmdOvrlLimr_Ip_FordLaneKeepAssiFctCallSts" comment="" line="29" base_type="uint8" attributes="extern" complete_type="uint8" init_mode="PERMANENT" init_modes_allowed="6" init_range="0..1" global_assert="NO" assert_range=""/>
      <scalar name="FordHwTqCmdOvrlLimr_Ip_FordLaneKeepAssiTqReq" comment="" line="30" base_type="float32" attributes="extern" complete_type="float32" init_mode="PERMANENT" init_modes_allowed="6" init_range="-8..8" global_assert="NO" assert_range=""/>
      <scalar name="FordHwTqCmdOvrlLimr_Ip_VehSpdVld" comment="" line="31" base_type="uint8" attributes="extern" complete_type="uint8" init_mode="PERMANENT" init_modes_allowed="6" init_range="0..1" global_assert="NO" assert_range=""/>
      <scalar name="FordHwTqCmdOvrlLimr_Irv_DrvrSteerRcmdnFctCallSts" comment="" line="54" base_type="uint8" attributes="extern" complete_type="uint8" init_mode="PERMANENT" init_modes_allowed="6" init_range="0..1" global_assert="NO" assert_range=""/>
      <scalar name="FordHwTqCmdOvrlLimr_Irv_DrvrSteerRcmdnTqReq" comment="" line="55" base_type="float32" attributes="extern" complete_type="float32" init_mode="PERMANENT" init_modes_allowed="6" init_range="-8..8" global_assert="NO" assert_range=""/>
      <scalar name="FordHwTqCmdOvrlLimr_Irv_EvasSteerAssiFctCallSts" comment="" line="56" base_type="uint8" attributes="extern" complete_type="uint8" init_mode="PERMANENT" init_modes_allowed="6" init_range="0..1" global_assert="NO" assert_range=""/>
      <scalar name="FordHwTqCmdOvrlLimr_Irv_EvasSteerAssiTqReq" comment="" line="57" base_type="float32" attributes="extern" complete_type="float32" init_mode="PERMANENT" init_modes_allowed="6" init_range="-8..8" global_assert="NO" assert_range=""/>
      <scalar name="FordHwTqCmdOvrlLimr_Irv_FildVehSpdVal" comment="" line="58" base_type="float32" attributes="extern" complete_type="float32" init_mode="PERMANENT" init_modes_allowed="6" init_range="0..511" global_assert="NO" assert_range=""/>
      <scalar name="FordHwTqCmdOvrlLimr_Irv_LaneKeepAssiFctCallSts" comment="" line="59" base_type="uint8" attributes="extern" complete_type="uint8" init_mode="PERMANENT" init_modes_allowed="6" init_range="0..1" global_assert="NO" assert_range=""/>
      <scalar name="FordHwTqCmdOvrlLimr_Irv_LaneKeepAssiTqReq" comment="" line="60" base_type="float32" attributes="extern" complete_type="float32" init_mode="PERMANENT" init_modes_allowed="6" init_range="-8..8" global_assert="NO" assert_range=""/>
      <scalar name="FordHwTqCmdOvrlLimr_Irv_VehSpdVldVal" comment="" line="61" base_type="uint8" attributes="extern" complete_type="uint8" init_mode="PERMANENT" init_modes_allowed="6" init_range="0..1" global_assert="NO" assert_range=""/>
      <scalar name="FordHwTqCmdOvrlLimr_Op_FordColTqOvrl" comment="" line="34" base_type="float32" attributes="extern" complete_type="float32" init_mode="PERMANENT" init_modes_allowed="6" init_range="-8..8" global_assert="NO" assert_range=""/>
      <scalar name="FordHwTqCmdOvrlLimr_Pim_LimrDftVehSpd" comment="" line="49" base_type="uint8" attributes="extern" complete_type="uint8" init_mode="PERMANENT" init_modes_allowed="6" init_range="0..1" global_assert="NO" assert_range=""/>
      <scalar name="FordHwTqCmdOvrlLimr_Pim_LimrVehSpdPrev" comment="" line="50" base_type="float32" attributes="extern" complete_type="float32" init_mode="PERMANENT" init_modes_allowed="6" init_range="0..511" global_assert="NO" assert_range=""/>
      <scalar name="FordHwTqCmdOvrlLimr_Pim_PrevDftVehSpd" comment="" line="51" base_type="float32" attributes="extern" complete_type="float32" init_mode="PERMANENT" init_modes_allowed="6" init_range="0..511" global_assert="NO" assert_range=""/>
   </file>
   <file name="C:\\Component\\CF067A_FordHwTqCmdOvrlLimr_Impl\\tools\\local\\generate\\math_stubs.h" comment="">
      <function name="fabsf" comment="" line="22" main_generator_called="MAIN_GENERATOR" attributes="static">
         <scalar name="arg1" comment="" line="22" base_type="float32" attributes="static" complete_type="float32" init_mode="MAIN_GENERATOR" init_modes_allowed="10" init_range="min..max" global_assert="unsupported" assert_range="unsupported"/>
         <scalar name="return" comment="" line="22" base_type="float32" attributes="static" complete_type="float32" init_mode="disabled" init_range="disabled" global_assert="unsupported" assert_range="unsupported"/>
      </function>
   </file>
   <function name="atan2f" comment="" main_generator_called="MAIN_GENERATOR" non_applicable="1">
      <scalar name="return" comment="" init_mode="PERMANENT" init_range="-3.1412..3.1412" global_assert="NO" assert_range="min..max" non_applicable="1"/>
   </function>
   <function name="cosf" comment="" main_generator_called="MAIN_GENERATOR" non_applicable="1">
      <scalar name="return" comment="" init_mode="PERMANENT" init_range="-1..1" global_assert="NO" assert_range="min..max" non_applicable="1"/>
   </function>
   <function name="expf" comment="" main_generator_called="MAIN_GENERATOR" non_applicable="1">
      <scalar name="return" comment="" init_mode="PERMANENT" init_range="0..max" global_assert="NO" assert_range="min..max" non_applicable="1"/>
   </function>
   <function name="fmodf" comment="" main_generator_called="MAIN_GENERATOR" non_applicable="1">
      <scalar name="return" comment="" init_mode="PERMANENT" init_range="0..max" global_assert="NO" assert_range="min..max" non_applicable="1"/>
   </function>
   <function name="sinf" comment="" main_generator_called="MAIN_GENERATOR" non_applicable="1">
      <scalar name="return" comment="" init_mode="PERMANENT" init_range="-1..1" global_assert="NO" assert_range="min..max" non_applicable="1"/>
   </function>
   <function name="sqrtf" comment="" main_generator_called="MAIN_GENERATOR" non_applicable="1">
      <scalar name="return" comment="" init_mode="PERMANENT" init_range="0..max" global_assert="NO" assert_range="min..max" non_applicable="1"/>
   </function>
</global>
