<?xml version="1.0" encoding="UTF-8"?>

<project name="Polyspace" files="1" includes="24" ap_cg_cycle="0" ap_cg_direct_cycle="0" pshv="0" unpshv="0">
<file name="C:\Component\AR202A_MicroCtrlrSuprt_Impl\tools\contract\P1M\NxtrMcuSuprtLib_TestHarness.c" total_lines="96" lines_without_cmt="92" comf="0" fco="1">
<function name="Test_NxtrSwRstFromExcpn" path="1" goto="0" vg="1" calling="0" calls="1" param="2" stmt="1" level="1" return="0" vocf="1.4" flin="1" fxln="1" ncalls="1">
</function>
<function name="Test_NxtrSwRst" path="1" goto="0" vg="1" calling="0" calls="1" param="2" stmt="1" level="1" return="0" vocf="1.4" flin="1" fxln="1" ncalls="1">
</function>
<function name="Test_WrProtdRegFlmd_u32" path="1" goto="0" vg="1" calling="0" calls="1" param="2" stmt="1" level="1" return="0" vocf="1.4" flin="1" fxln="1" ncalls="1">
</function>
<function name="Test_WrProtdRegEcm_u32" path="1" goto="0" vg="1" calling="0" calls="1" param="2" stmt="1" level="1" return="0" vocf="1.4" flin="1" fxln="1" ncalls="1">
</function>
<function name="Test_WrProtdRegEcm_u16" path="1" goto="0" vg="1" calling="0" calls="1" param="2" stmt="1" level="1" return="0" vocf="1.4" flin="1" fxln="1" ncalls="1">
</function>
<function name="Test_WrProtdRegEcm_u08" path="1" goto="0" vg="1" calling="0" calls="1" param="2" stmt="1" level="1" return="0" vocf="1.4" flin="1" fxln="1" ncalls="1">
</function>
<function name="Test_WrProtdRegEcmc_u08" path="1" goto="0" vg="1" calling="0" calls="1" param="2" stmt="1" level="1" return="0" vocf="1.4" flin="1" fxln="1" ncalls="1">
</function>
<function name="Test_WrProtdRegEcmm_u08" path="1" goto="0" vg="1" calling="0" calls="1" param="2" stmt="1" level="1" return="0" vocf="1.4" flin="1" fxln="1" ncalls="1">
</function>
<function name="Test_WrProtdRegClma3_u08" path="1" goto="0" vg="1" calling="0" calls="1" param="2" stmt="1" level="1" return="0" vocf="1.4" flin="1" fxln="1" ncalls="1">
</function>
<function name="Test_WrProtdRegClma2_u08" path="1" goto="0" vg="1" calling="0" calls="1" param="2" stmt="1" level="1" return="0" vocf="1.4" flin="1" fxln="1" ncalls="1">
</function>
<function name="Test_WrProtdRegClma1_u08" path="1" goto="0" vg="1" calling="0" calls="1" param="2" stmt="1" level="1" return="0" vocf="1.4" flin="1" fxln="1" ncalls="1">
</function>
<function name="Test_WrProtdRegClma0_u08" path="1" goto="0" vg="1" calling="0" calls="1" param="2" stmt="1" level="1" return="0" vocf="1.4" flin="1" fxln="1" ncalls="1">
</function>
<function name="Test_WrProtdRegSysClmac_u32" path="1" goto="0" vg="1" calling="0" calls="1" param="2" stmt="1" level="1" return="0" vocf="1.4" flin="1" fxln="1" ncalls="1">
</function>
<function name="Test_WrProtdRegSys_u32" path="1" goto="0" vg="1" calling="0" calls="1" param="2" stmt="1" level="1" return="0" vocf="1.4" flin="1" fxln="1" ncalls="1">
</function>
<function name="Test_WrProtdRegSys_u08" path="1" goto="0" vg="1" calling="0" calls="1" param="2" stmt="1" level="1" return="0" vocf="1.4" flin="1" fxln="1" ncalls="1">
</function>
<function name="Test_WrProtdRegPort5_u32" path="1" goto="0" vg="1" calling="0" calls="1" param="2" stmt="1" level="1" return="0" vocf="1.4" flin="1" fxln="1" ncalls="1">
</function>
<function name="Test_WrProtdRegPort4_u32" path="1" goto="0" vg="1" calling="0" calls="1" param="2" stmt="1" level="1" return="0" vocf="1.4" flin="1" fxln="1" ncalls="1">
</function>
<function name="Test_WrProtdRegPort3_u32" path="1" goto="0" vg="1" calling="0" calls="1" param="2" stmt="1" level="1" return="0" vocf="1.4" flin="1" fxln="1" ncalls="1">
</function>
<function name="Test_WrProtdRegPort2_u32" path="1" goto="0" vg="1" calling="0" calls="1" param="2" stmt="1" level="1" return="0" vocf="1.4" flin="1" fxln="1" ncalls="1">
</function>
<function name="Test_WrProtdRegPort1_u32" path="1" goto="0" vg="1" calling="0" calls="1" param="2" stmt="1" level="1" return="0" vocf="1.4" flin="1" fxln="1" ncalls="1">
</function>
<function name="Test_WrProtdRegPort0_u32" path="1" goto="0" vg="1" calling="0" calls="1" param="2" stmt="1" level="1" return="0" vocf="1.4" flin="1" fxln="1" ncalls="1">
</function>
<function name="Test_WrProtdRegPortJ_u32" path="1" goto="0" vg="1" calling="0" calls="1" param="2" stmt="1" level="1" return="0" vocf="1.4" flin="1" fxln="1" ncalls="1">
</function>
<function name="NxtrSwRstFromExcpn" path="6" goto="0" vg="4" calling="1" calls="6" param="2" stmt="12" level="2" return="0" vocf="2.9" flin="0" fxln="0" ncalls="8">
</function>
<function name="NxtrSwRst" path="2" goto="0" vg="2" calling="1" calls="2" param="2" stmt="4" level="1" return="0" vocf="1.6" flin="0" fxln="0" ncalls="2">
</function>
<function name="WrProtdRegFlmd_u32" path="3" goto="0" vg="3" calling="1" calls="4" param="2" stmt="18" level="2" return="0" vocf="4.0" flin="0" fxln="0" ncalls="4">
</function>
<function name="WrProtdRegEcm_u32" path="3" goto="0" vg="3" calling="2" calls="4" param="2" stmt="18" level="2" return="0" vocf="3.9" flin="0" fxln="0" ncalls="4">
</function>
<function name="WrProtdRegEcm_u16" path="3" goto="0" vg="3" calling="1" calls="4" param="2" stmt="18" level="2" return="0" vocf="3.9" flin="0" fxln="0" ncalls="4">
</function>
<function name="WrProtdRegEcm_u08" path="3" goto="0" vg="3" calling="1" calls="4" param="2" stmt="18" level="2" return="0" vocf="3.9" flin="0" fxln="0" ncalls="4">
</function>
<function name="WrProtdRegEcmc_u08" path="3" goto="0" vg="3" calling="2" calls="4" param="2" stmt="18" level="2" return="0" vocf="3.8" flin="0" fxln="0" ncalls="4">
</function>
<function name="WrProtdRegEcmm_u08" path="3" goto="0" vg="3" calling="2" calls="4" param="2" stmt="18" level="2" return="0" vocf="3.8" flin="0" fxln="0" ncalls="4">
</function>
<function name="WrProtdRegClma3_u08" path="3" goto="0" vg="3" calling="1" calls="4" param="2" stmt="18" level="2" return="0" vocf="3.8" flin="0" fxln="0" ncalls="4">
</function>
<function name="WrProtdRegClma2_u08" path="3" goto="0" vg="3" calling="1" calls="4" param="2" stmt="18" level="2" return="0" vocf="3.8" flin="0" fxln="0" ncalls="4">
</function>
<function name="WrProtdRegClma1_u08" path="3" goto="0" vg="3" calling="1" calls="4" param="2" stmt="18" level="2" return="0" vocf="3.8" flin="0" fxln="0" ncalls="4">
</function>
<function name="WrProtdRegClma0_u08" path="3" goto="0" vg="3" calling="1" calls="4" param="2" stmt="18" level="2" return="0" vocf="3.8" flin="0" fxln="0" ncalls="4">
</function>
<function name="WrProtdRegSysClmac_u32" path="3" goto="0" vg="3" calling="1" calls="4" param="2" stmt="18" level="2" return="0" vocf="4.0" flin="0" fxln="0" ncalls="4">
</function>
<function name="WrProtdRegSys_u32" path="3" goto="0" vg="3" calling="1" calls="4" param="2" stmt="18" level="2" return="0" vocf="4.0" flin="0" fxln="0" ncalls="4">
</function>
<function name="WrProtdRegSys_u08" path="3" goto="0" vg="3" calling="1" calls="4" param="2" stmt="18" level="2" return="0" vocf="4.0" flin="0" fxln="0" ncalls="4">
</function>
<function name="WrProtdRegPort5_u32" path="3" goto="0" vg="3" calling="1" calls="4" param="2" stmt="18" level="2" return="0" vocf="4.0" flin="0" fxln="0" ncalls="4">
</function>
<function name="WrProtdRegPort4_u32" path="3" goto="0" vg="3" calling="1" calls="4" param="2" stmt="18" level="2" return="0" vocf="4.0" flin="0" fxln="0" ncalls="4">
</function>
<function name="WrProtdRegPort3_u32" path="3" goto="0" vg="3" calling="1" calls="4" param="2" stmt="18" level="2" return="0" vocf="4.0" flin="0" fxln="0" ncalls="4">
</function>
<function name="WrProtdRegPort2_u32" path="3" goto="0" vg="3" calling="1" calls="4" param="2" stmt="18" level="2" return="0" vocf="4.0" flin="0" fxln="0" ncalls="4">
</function>
<function name="WrProtdRegPort1_u32" path="3" goto="0" vg="3" calling="1" calls="4" param="2" stmt="18" level="2" return="0" vocf="4.0" flin="0" fxln="0" ncalls="4">
</function>
<function name="WrProtdRegPort0_u32" path="3" goto="0" vg="3" calling="1" calls="4" param="2" stmt="18" level="2" return="0" vocf="4.0" flin="0" fxln="0" ncalls="4">
</function>
<function name="WrProtdRegPortJ_u32" path="3" goto="0" vg="3" calling="1" calls="4" param="2" stmt="18" level="2" return="0" vocf="7.0" flin="0" fxln="0" ncalls="4">
</function>
</file>
</project>
