<?xml version="1.0" encoding="UTF-8"?>

<MISRA-C-Report version="1.3">


<CodeStruct Name="StOutpCtrlPer1" File="C:\Users\nz3541\Documents\SynergyWorkingEA4\SF005A_StOutpCtrl_Impl\src\StOutpCtrl.c" Line="209" Column="5">

<Rule Name="5.1" Mode="required" Report="warning" Id="1">
<Loc File="C:\Users\nz3541\Documents\SynergyWorkingEA4\SF005A_StOutpCtrl_Impl\src\StOutpCtrl.c" Line="219" Column="16">
</Loc>
<Message>
Identifiers "VehStrtStopMotTqCmdSca_Uls_T_f32" (StOutpCtrl.c line 84 column 105) and "VehStrtStopMotTqCmdSca_Uls_T_f32" (StOutpCtrl.c line 219 column 16) have the same first 32 characters.
</Message>
</Rule>

<Rule Name="5.1" Mode="required" Report="warning" Id="2">
<Loc File="C:\Users\nz3541\Documents\SynergyWorkingEA4\SF005A_StOutpCtrl_Impl\src\StOutpCtrl.c" Line="415" Column="105">
</Loc>
<Message>
Identifiers "VehStrtStopMotTqCmdSca_Uls_T_f32" (StOutpCtrl.c line 415 column 105) and "VehStrtStopMotTqCmdSca_Uls_T_f32" (StOutpCtrl.c line 219 column 16) have the same first 32 characters.
</Message>
</Rule>

</CodeStruct>

<CodeStruct Name="" File="C:\Users\nz3541\Documents\SynergyWorkingEA4\SF005A_StOutpCtrl_Impl\src\StOutpCtrl.c" Line="0" Column="0">

<Rule Name="19.1" Mode="advisory" Report="warning" Id="3">
<Loc File="C:\Users\nz3541\Documents\SynergyWorkingEA4\SF005A_StOutpCtrl_Impl\src\StOutpCtrl.c" Line="130" Column="0">
</Loc>
<Message>
#include statements in a file shall only be preceded by other preprocessor directives or comments.
</Message>
</Rule>

<Rule Name="19.1" Mode="advisory" Report="warning" Id="4">
<Loc File="C:\Users\nz3541\Documents\SynergyWorkingEA4\SF005A_StOutpCtrl_Impl\src\StOutpCtrl.c" Line="395" Column="0">
</Loc>
<Message>
#include statements in a file shall only be preceded by other preprocessor directives or comments.
</Message>
</Rule>

<Rule Name="5.1" Mode="required" Report="warning" Id="5">
<Loc File="C:\Users\nz3541\Documents\SynergyWorkingEA4\SF005A_StOutpCtrl_Impl\src\StOutpCtrl.c" Line="415" Column="105">
</Loc>
<Message>
Identifiers "VehStrtStopMotTqCmdSca_Uls_T_f32" (StOutpCtrl.c line 415 column 105) and "VehStrtStopMotTqCmdSca_Uls_T_f32" (StOutpCtrl.c line 84 column 105) have the same first 32 characters.
</Message>
</Rule>

<Rule Name="5.1" Mode="required" Report="warning" Id="6">
<Loc File="C:\Users\nz3541\Documents\SynergyWorkingEA4\SF005A_StOutpCtrl_Impl\src\StOutpCtrl.c" Line="463" Column="105">
</Loc>
<Message>
Identifiers "VehStrtStopRampRate_UlspS_T_f32" (StOutpCtrl.c line 463 column 105) and "VehStrtStopRampRate_UlspS_T_f32" (StOutpCtrl.c line 80 column 105) have the same first 31 characters.
</Message>
</Rule>

</CodeStruct>

</MISRA-C-Report>
