<?xml version="1.0" encoding="UTF-8"?>
<MISRA-C-Report-Summary>
<File Mode="advisory" Error="0" Warning="1" Total="1">
<Name>
C:\Workspace\_EA4\_Components\AR102B_NxtrTi_Impl-kzdyfh\AR102B_NxtrTi_Impl\src\CDD_NxtrTi.c</Name>
</File>
<File Mode="required" Error="0" Warning="5" Total="5">
<Name>
C:\Workspace\_EA4\_Components\AR102B_NxtrTi_Impl-kzdyfh\AR102B_NxtrTi_Impl\src\CDD_NxtrTi.c</Name>
</File>
<Rule Name="21.1" Count="3" Mode="required" Severity="warning">
<Message>
Minimisation of run-time failures.</Message>
</Rule>
<Rule Name="1.1" Count="2" Mode="required" Severity="warning">
<Message>
All code shall conform to ISO 9899:1990 Programming languages  C,</Message>
</Rule>
<Rule Name="19.1" Count="1" Mode="advisory" Severity="warning">
<Message>
#include statements in a file shall only be preceded by other preprocessor directives or comments.</Message>
</Rule>
</MISRA-C-Report-Summary>
