<?xml version="1.0" encoding="UTF-8"?>

<MISRA-C-Report version="1.3">


<CodeStruct Name="" File="C:\Workspace\_EA4\_Components\AR102B_NxtrTi_Impl-kzdyfh\AR102B_NxtrTi_Impl\src\CDD_NxtrTi.c" Line="0" Column="0">

<Rule Name="19.1" Mode="advisory" Report="warning" Id="1">
<Loc File="C:\Workspace\_EA4\_Components\AR102B_NxtrTi_Impl-kzdyfh\AR102B_NxtrTi_Impl\src\CDD_NxtrTi.c" Line="1017" Column="0">
</Loc>
<Message>
#include statements in a file shall only be preceded by other preprocessor directives or comments.
</Message>
</Rule>

</CodeStruct>

<CodeStruct Name="GetRefTmr100MicroSec32bit_Oper" File="C:\Workspace\_EA4\_Components\AR102B_NxtrTi_Impl-kzdyfh\AR102B_NxtrTi_Impl\src\CDD_NxtrTi.c" Line="691" Column="5">

<Rule Name="1.1" Mode="required" Report="warning" Id="2">
<Loc File="C:\Workspace\_EA4\_Components\AR102B_NxtrTi_Impl-kzdyfh\AR102B_NxtrTi_Impl\src\CDD_NxtrTi.c" Line="698" Column="15">
</Loc>
<Message>
All code shall conform to ISO 9899:1990 Programming languages  C,
amended and corrected by ISO/IEC 9899/COR1:1995, ISO/IEC 9899/AMD1:1995,
and ISO/IEC 9899/COR2:1996.
ANSI C90 forbids 'long long int' type.
</Message>
</Rule>

</CodeStruct>

<CodeStruct Name="NxtrTiPer1" File="C:\Workspace\_EA4\_Components\AR102B_NxtrTi_Impl-kzdyfh\AR102B_NxtrTi_Impl\src\CDD_NxtrTi.c" Line="967" Column="5">

<Rule Name="21.1" Mode="required" Report="warning" Id="3">
<Loc File="C:\Workspace\_EA4\_Components\AR102B_NxtrTi_Impl-kzdyfh\AR102B_NxtrTi_Impl\src\CDD_NxtrTi.c" Line="980" Column="37">
</Loc>
<Message>
Minimisation of run-time failures.
</Message>
</Rule>

<Rule Name="21.1" Mode="required" Report="warning" Id="4">
<Loc File="C:\Workspace\_EA4\_Components\AR102B_NxtrTi_Impl-kzdyfh\AR102B_NxtrTi_Impl\src\CDD_NxtrTi.c" Line="980" Column="58">
</Loc>
<Message>
Minimisation of run-time failures.
</Message>
</Rule>

</CodeStruct>

<CodeStruct Name="GetRefTmr1MicroSec32bit_Oper" File="C:\Workspace\_EA4\_Components\AR102B_NxtrTi_Impl-kzdyfh\AR102B_NxtrTi_Impl\src\CDD_NxtrTi.c" Line="756" Column="5">

<Rule Name="1.1" Mode="required" Report="warning" Id="5">
<Loc File="C:\Workspace\_EA4\_Components\AR102B_NxtrTi_Impl-kzdyfh\AR102B_NxtrTi_Impl\src\CDD_NxtrTi.c" Line="763" Column="15">
</Loc>
<Message>
All code shall conform to ISO 9899:1990 Programming languages  C,
amended and corrected by ISO/IEC 9899/COR1:1995, ISO/IEC 9899/AMD1:1995,
and ISO/IEC 9899/COR2:1996.
ANSI C90 forbids 'long long int' type.
</Message>
</Rule>

<Rule Name="21.1" Mode="required" Report="warning" Id="6">
<Loc File="C:\Workspace\_EA4\_Components\AR102B_NxtrTi_Impl-kzdyfh\AR102B_NxtrTi_Impl\src\CDD_NxtrTi.c" Line="779" Column="8">
</Loc>
<Message>
Minimisation of run-time failures.
</Message>
</Rule>

</CodeStruct>

</MISRA-C-Report>
