<?xml version="1.0" encoding="UTF-8"?>
<!--EDRS Version 1.0-->
<global>
   <file name="C:\\Users\\nz3541\\Documents\\SynergyWorkingEA4\\AR100A_NxtrMath_Impl\\include\\NxtrMath.h" comment="">
      <function name="Exp_f32" comment="" line="612" main_generator_called="MAIN_GENERATOR" attributes="static">
         <scalar name="arg1" comment="" line="612" base_type="float32" attributes="static" complete_type="float32" init_mode="MAIN_GENERATOR" init_modes_allowed="10" init_range="min..max" global_assert="unsupported" assert_range="unsupported"/>
         <scalar name="return" comment="" line="612" base_type="float32" attributes="static" complete_type="float32" init_mode="disabled" init_range="disabled" global_assert="unsupported" assert_range="unsupported"/>
      </function>
      <function name="Lim_f32" comment="" line="560" main_generator_called="MAIN_GENERATOR" attributes="static">
         <scalar name="arg1" comment="" line="560" base_type="float32" attributes="static" complete_type="float32" init_mode="MAIN_GENERATOR" init_modes_allowed="10" init_range="min..max" global_assert="unsupported" assert_range="unsupported"/>
         <scalar name="arg2" comment="" line="560" base_type="float32" attributes="static" complete_type="float32" init_mode="MAIN_GENERATOR" init_modes_allowed="10" init_range="min..max" global_assert="unsupported" assert_range="unsupported"/>
         <scalar name="arg3" comment="" line="560" base_type="float32" attributes="static" complete_type="float32" init_mode="MAIN_GENERATOR" init_modes_allowed="10" init_range="min..max" global_assert="unsupported" assert_range="unsupported"/>
         <scalar name="return" comment="" line="560" base_type="float32" attributes="static" complete_type="float32" init_mode="disabled" init_range="disabled" global_assert="unsupported" assert_range="unsupported"/>
      </function>
   </file>
   <file name="C:\\Users\\nz3541\\Documents\\SynergyWorkingEA4\\AR104A_NxtrFil_Impl\\include\\NxtrFil.h" comment="">
      <function name="FilLpInit" comment="" line="125" main_generator_called="MAIN_GENERATOR" attributes="static">
         <scalar name="arg1" comment="" line="125" base_type="float32" attributes="static" complete_type="float32" init_mode="MAIN_GENERATOR" init_modes_allowed="10" init_range="min..max" global_assert="unsupported" assert_range="unsupported"/>
         <scalar name="arg2" comment="" line="125" base_type="float32" attributes="static" complete_type="float32" init_mode="MAIN_GENERATOR" init_modes_allowed="10" init_range="min..max" global_assert="unsupported" assert_range="unsupported"/>
         <scalar name="arg3" comment="" line="125" base_type="float32" attributes="static" complete_type="float32" init_mode="MAIN_GENERATOR" init_modes_allowed="10" init_range="min..max" global_assert="unsupported" assert_range="unsupported"/>
         <pointer name="arg4" comment="" line="125" attributes="static" complete_type="struct  *" init_mode="MAIN_GENERATOR" init_modes_allowed="10" initialize_pointer="May-be NULL" number_allocated="max" init_pointed="MAIN_GENERATOR">
            <struct comment="" line="125" attributes="static">
               <scalar name="FilGain" comment="" line="125" base_type="float32" attributes="static" complete_type="float32" init_mode="MAIN_GENERATOR" init_modes_allowed="10" init_range="min..max" global_assert="unsupported" assert_range="unsupported"/>
               <scalar name="FilSt" comment="" line="125" base_type="float32" attributes="static" complete_type="float32" init_mode="MAIN_GENERATOR" init_modes_allowed="10" init_range="min..max" global_assert="unsupported" assert_range="unsupported"/>
            </struct>
         </pointer>
      </function>
      <function name="FilLpUpdGain" comment="" line="82" main_generator_called="MAIN_GENERATOR" attributes="static">
         <scalar name="arg1" comment="" line="82" base_type="float32" attributes="static" complete_type="float32" init_mode="MAIN_GENERATOR" init_modes_allowed="10" init_range="min..max" global_assert="unsupported" assert_range="unsupported"/>
         <scalar name="arg2" comment="" line="82" base_type="float32" attributes="static" complete_type="float32" init_mode="MAIN_GENERATOR" init_modes_allowed="10" init_range="min..max" global_assert="unsupported" assert_range="unsupported"/>
         <pointer name="arg3" comment="" line="82" attributes="static" complete_type="struct  *" init_mode="MAIN_GENERATOR" init_modes_allowed="10" initialize_pointer="May-be NULL" number_allocated="max" init_pointed="MAIN_GENERATOR">
            <struct comment="" line="82" attributes="static">
               <scalar name="FilGain" comment="" line="82" base_type="float32" attributes="static" complete_type="float32" init_mode="MAIN_GENERATOR" init_modes_allowed="10" init_range="min..max" global_assert="unsupported" assert_range="unsupported"/>
               <scalar name="FilSt" comment="" line="82" base_type="float32" attributes="static" complete_type="float32" init_mode="MAIN_GENERATOR" init_modes_allowed="10" init_range="min..max" global_assert="unsupported" assert_range="unsupported"/>
            </struct>
         </pointer>
      </function>
      <function name="FilLpUpdOutp_f32" comment="" line="103" main_generator_called="MAIN_GENERATOR" attributes="static">
         <scalar name="arg1" comment="" line="103" base_type="float32" attributes="static" complete_type="float32" init_mode="MAIN_GENERATOR" init_modes_allowed="10" init_range="min..max" global_assert="unsupported" assert_range="unsupported"/>
         <pointer name="arg2" comment="" line="103" attributes="static" complete_type="struct  *" init_mode="MAIN_GENERATOR" init_modes_allowed="10" initialize_pointer="May-be NULL" number_allocated="max" init_pointed="MAIN_GENERATOR">
            <struct comment="" line="103" attributes="static">
               <scalar name="FilGain" comment="" line="103" base_type="float32" attributes="static" complete_type="float32" init_mode="MAIN_GENERATOR" init_modes_allowed="10" init_range="min..max" global_assert="unsupported" assert_range="unsupported"/>
               <scalar name="FilSt" comment="" line="103" base_type="float32" attributes="static" complete_type="float32" init_mode="MAIN_GENERATOR" init_modes_allowed="10" init_range="min..max" global_assert="unsupported" assert_range="unsupported"/>
            </struct>
         </pointer>
         <scalar name="return" comment="" line="103" base_type="float32" attributes="static" complete_type="float32" init_mode="disabled" init_range="disabled" global_assert="unsupported" assert_range="unsupported"/>
      </function>
   </file>
   <file name="C:\\Users\\nz3541\\Documents\\SynergyWorkingEA4\\SF006A_TEstimn_Impl\\src\\TEstimn.c" comment="">
      <function name="FltMtgtnCalSeln" comment="" line="1087" main_generator_called="MAIN_GENERATOR" attributes="static">
         <scalar name="arg1" comment="" line="1087" base_type="uint8" attributes="static" complete_type="uint8" init_mode="MAIN_GENERATOR" init_modes_allowed="10" init_range="min..max" global_assert="unsupported" assert_range="unsupported"/>
         <scalar name="arg2" comment="" line="1087" base_type="uint8" attributes="static" complete_type="uint8" init_mode="MAIN_GENERATOR" init_modes_allowed="10" init_range="min..max" global_assert="unsupported" assert_range="unsupported"/>
      </function>
      <function name="TEstimnInit1" comment="" line="355" main_generator_called="MAIN_GENERATOR"/>
      <function name="TEstimnPer1" comment="" line="644" main_generator_called="MAIN_GENERATOR"/>
   </file>
   <file name="C:\\Users\\nz3541\\Documents\\SynergyWorkingEA4\\SF006A_TEstimn_Impl\\tools\\local\\generate\\Rte_Stubs.c" comment="">
      <function name="Rte_Call_TEstimn_TFilStVal_GetErrorStatus" comment="" line="18" main_generator_called="MAIN_GENERATOR">
         <pointer name="arg1" comment="" line="18" complete_type="uint8 *" init_mode="MAIN_GENERATOR" init_modes_allowed="10" initialize_pointer="May-be NULL" number_allocated="max" init_pointed="MAIN_GENERATOR">
            <scalar comment="" line="18" base_type="uint8" complete_type="uint8" init_mode="MAIN_GENERATOR" init_modes_allowed="10" init_range="min..max" global_assert="unsupported" assert_range="unsupported"/>
         </pointer>
         <scalar name="return" comment="" line="18" base_type="uint8" complete_type="uint8" init_mode="disabled" init_range="disabled" global_assert="unsupported" assert_range="unsupported"/>
      </function>
      <function name="Rte_Call_TEstimn_TFilStVal_SetRamBlockStatus" comment="" line="24" main_generator_called="MAIN_GENERATOR">
         <scalar name="arg1" comment="" line="24" base_type="uint8" complete_type="uint8" init_mode="MAIN_GENERATOR" init_modes_allowed="10" init_range="min..max" global_assert="unsupported" assert_range="unsupported"/>
         <scalar name="return" comment="" line="24" base_type="uint8" complete_type="uint8" init_mode="disabled" init_range="disabled" global_assert="unsupported" assert_range="unsupported"/>
      </function>
      <function name="Rte_Stub" comment="" line="33" main_generator_called="MAIN_GENERATOR" attributes="unused"/>
   </file>
   <file name="C:\\Users\\nz3541\\Documents\\SynergyWorkingEA4\\SF006A_TEstimn_Impl\\tools\\local\\generate\\Rte_Stubs.h" comment="">
      <array name="TEstimn_Cal_TEstimnAmbPwrMplr" comment="" line="40" complete_type="const float32 [3]" attributes="extern">
         <scalar comment="" line="40" base_type="float32" attributes="extern const" complete_type="float32" init_mode="PERMANENT" init_modes_allowed="6" init_range="0..1" global_assert="NO" assert_range=""/>
      </array>
      <array name="TEstimn_Cal_TEstimnAmbTSca" comment="" line="41" complete_type="const float32 [3]" attributes="extern">
         <scalar comment="" line="41" base_type="float32" attributes="extern const" complete_type="float32" init_mode="PERMANENT" init_modes_allowed="6" init_range="0..1" global_assert="NO" assert_range=""/>
      </array>
      <scalar name="TEstimn_Cal_TEstimnAssiMechAmbLpFilFrq" comment="" line="42" base_type="float32" attributes="extern const" complete_type="float32" init_mode="PERMANENT" init_modes_allowed="6" init_range="1e-05..0.1" global_assert="NO" assert_range=""/>
      <scalar name="TEstimn_Cal_TEstimnAssiMechAmbLpFilFrqDualEcuFltMtgtn" comment="" line="43" base_type="float32" attributes="extern const" complete_type="float32" init_mode="PERMANENT" init_modes_allowed="6" init_range="1e-05..0.1" global_assert="NO" assert_range=""/>
      <scalar name="TEstimn_Cal_TEstimnAssiMechAmbLpFilFrqFetMtgtnEna" comment="" line="44" base_type="float32" attributes="extern const" complete_type="float32" init_mode="PERMANENT" init_modes_allowed="6" init_range="1e-05..0.1" global_assert="NO" assert_range=""/>
      <array name="TEstimn_Cal_TEstimnAssiMechAmbMplr" comment="" line="45" complete_type="const float32 [3]" attributes="extern">
         <scalar comment="" line="45" base_type="float32" attributes="extern const" complete_type="float32" init_mode="PERMANENT" init_modes_allowed="6" init_range="-1..1" global_assert="NO" assert_range=""/>
      </array>
      <array name="TEstimn_Cal_TEstimnAssiMechCorrLim" comment="" line="46" complete_type="const float32 [3]" attributes="extern">
         <scalar comment="" line="46" base_type="float32" attributes="extern const" complete_type="float32" init_mode="PERMANENT" init_modes_allowed="6" init_range="-70..70" global_assert="NO" assert_range=""/>
      </array>
      <array name="TEstimn_Cal_TEstimnAssiMechDampgSca" comment="" line="47" complete_type="const float32 [3]" attributes="extern">
         <scalar comment="" line="47" base_type="float32" attributes="extern const" complete_type="float32" init_mode="PERMANENT" init_modes_allowed="6" init_range="0..1" global_assert="NO" assert_range=""/>
      </array>
      <array name="TEstimn_Cal_TEstimnAssiMechDftT" comment="" line="48" complete_type="const float32 [3]" attributes="extern">
         <scalar comment="" line="48" base_type="float32" attributes="extern const" complete_type="float32" init_mode="PERMANENT" init_modes_allowed="6" init_range="0..100" global_assert="NO" assert_range=""/>
      </array>
      <array name="TEstimn_Cal_TEstimnAssiMechLLFilCoeffA1" comment="" line="49" complete_type="const float32 [3]" attributes="extern">
         <scalar comment="" line="49" base_type="float32" attributes="extern const" complete_type="float32" init_mode="PERMANENT" init_modes_allowed="6" init_range="0..1" global_assert="NO" assert_range=""/>
      </array>
      <array name="TEstimn_Cal_TEstimnAssiMechLLFilCoeffB0" comment="" line="50" complete_type="const float32 [3]" attributes="extern">
         <scalar comment="" line="50" base_type="float32" attributes="extern const" complete_type="float32" init_mode="PERMANENT" init_modes_allowed="6" init_range="0..14304" global_assert="NO" assert_range=""/>
      </array>
      <array name="TEstimn_Cal_TEstimnAssiMechLLFilCoeffB1" comment="" line="51" complete_type="const float32 [3]" attributes="extern">
         <scalar comment="" line="51" base_type="float32" attributes="extern const" complete_type="float32" init_mode="PERMANENT" init_modes_allowed="6" init_range="-14303..0" global_assert="NO" assert_range=""/>
      </array>
      <array name="TEstimn_Cal_TEstimnAssiMechSlew" comment="" line="52" complete_type="const float32 [3]" attributes="extern">
         <scalar comment="" line="52" base_type="float32" attributes="extern const" complete_type="float32" init_mode="PERMANENT" init_modes_allowed="6" init_range="0..100" global_assert="NO" assert_range=""/>
      </array>
      <array name="TEstimn_Cal_TEstimnCorrnTAssiMech" comment="" line="53" complete_type="const float32 [3]" attributes="extern">
         <scalar comment="" line="53" base_type="float32" attributes="extern const" complete_type="float32" init_mode="PERMANENT" init_modes_allowed="6" init_range="-20..20" global_assert="NO" assert_range=""/>
      </array>
      <array name="TEstimn_Cal_TEstimnCorrnTCu" comment="" line="54" complete_type="const float32 [3]" attributes="extern">
         <scalar comment="" line="54" base_type="float32" attributes="extern const" complete_type="float32" init_mode="PERMANENT" init_modes_allowed="6" init_range="-20..20" global_assert="NO" assert_range=""/>
      </array>
      <array name="TEstimn_Cal_TEstimnCorrnTMag" comment="" line="55" complete_type="const float32 [3]" attributes="extern">
         <scalar comment="" line="55" base_type="float32" attributes="extern const" complete_type="float32" init_mode="PERMANENT" init_modes_allowed="6" init_range="-20..20" global_assert="NO" assert_range=""/>
      </array>
      <array name="TEstimn_Cal_TEstimnCorrnTSi" comment="" line="56" complete_type="const float32 [3]" attributes="extern">
         <scalar comment="" line="56" base_type="float32" attributes="extern const" complete_type="float32" init_mode="PERMANENT" init_modes_allowed="6" init_range="-20..20" global_assert="NO" assert_range=""/>
      </array>
      <scalar name="TEstimn_Cal_TEstimnCuAmbLpFilFrq" comment="" line="57" base_type="float32" attributes="extern const" complete_type="float32" init_mode="PERMANENT" init_modes_allowed="6" init_range="1e-05..0.1" global_assert="NO" assert_range=""/>
      <scalar name="TEstimn_Cal_TEstimnCuAmbLpFilFrqDualEcuFltMtgtn" comment="" line="58" base_type="float32" attributes="extern const" complete_type="float32" init_mode="PERMANENT" init_modes_allowed="6" init_range="1e-05..0.1" global_assert="NO" assert_range=""/>
      <scalar name="TEstimn_Cal_TEstimnCuAmbLpFilFrqFetMtgtnEna" comment="" line="59" base_type="float32" attributes="extern const" complete_type="float32" init_mode="PERMANENT" init_modes_allowed="6" init_range="1e-05..0.1" global_assert="NO" assert_range=""/>
      <array name="TEstimn_Cal_TEstimnCuAmbMplr" comment="" line="60" complete_type="const float32 [3]" attributes="extern">
         <scalar comment="" line="60" base_type="float32" attributes="extern const" complete_type="float32" init_mode="PERMANENT" init_modes_allowed="6" init_range="-1..1" global_assert="NO" assert_range=""/>
      </array>
      <array name="TEstimn_Cal_TEstimnCuCorrnLim" comment="" line="61" complete_type="const float32 [3]" attributes="extern">
         <scalar comment="" line="61" base_type="float32" attributes="extern const" complete_type="float32" init_mode="PERMANENT" init_modes_allowed="6" init_range="-100..100" global_assert="NO" assert_range=""/>
      </array>
      <array name="TEstimn_Cal_TEstimnCuLLFilCoeffA1" comment="" line="62" complete_type="const float32 [3]" attributes="extern">
         <scalar comment="" line="62" base_type="float32" attributes="extern const" complete_type="float32" init_mode="PERMANENT" init_modes_allowed="6" init_range="0..1" global_assert="NO" assert_range=""/>
      </array>
      <array name="TEstimn_Cal_TEstimnCuLLFilCoeffB0" comment="" line="63" complete_type="const float32 [3]" attributes="extern">
         <scalar comment="" line="63" base_type="float32" attributes="extern const" complete_type="float32" init_mode="PERMANENT" init_modes_allowed="6" init_range="0..14304" global_assert="NO" assert_range=""/>
      </array>
      <array name="TEstimn_Cal_TEstimnCuLLFilCoeffB1" comment="" line="64" complete_type="const float32 [3]" attributes="extern">
         <scalar comment="" line="64" base_type="float32" attributes="extern const" complete_type="float32" init_mode="PERMANENT" init_modes_allowed="6" init_range="-14303..0" global_assert="NO" assert_range=""/>
      </array>
      <array name="TEstimn_Cal_TEstimnEngTSca" comment="" line="65" complete_type="const float32 [3]" attributes="extern">
         <scalar comment="" line="65" base_type="float32" attributes="extern const" complete_type="float32" init_mode="PERMANENT" init_modes_allowed="6" init_range="0..1" global_assert="NO" assert_range=""/>
      </array>
      <scalar name="TEstimn_Cal_TEstimnIgnOffCtrlEna" comment="" line="66" base_type="uint8" attributes="extern const" complete_type="uint8" init_mode="PERMANENT" init_modes_allowed="6" init_range="0..1" global_assert="NO" assert_range=""/>
      <scalar name="TEstimn_Cal_TEstimnIgnOffMsgWaitTi" comment="" line="67" base_type="float32" attributes="extern const" complete_type="float32" init_mode="PERMANENT" init_modes_allowed="6" init_range="0..60" global_assert="NO" assert_range=""/>
      <scalar name="TEstimn_Cal_TEstimnMagAmbLpFilFrq" comment="" line="68" base_type="float32" attributes="extern const" complete_type="float32" init_mode="PERMANENT" init_modes_allowed="6" init_range="1e-05..0.1" global_assert="NO" assert_range=""/>
      <scalar name="TEstimn_Cal_TEstimnMagAmbLpFilFrqDualEcuFltMtgtn" comment="" line="69" base_type="float32" attributes="extern const" complete_type="float32" init_mode="PERMANENT" init_modes_allowed="6" init_range="1e-05..0.1" global_assert="NO" assert_range=""/>
      <scalar name="TEstimn_Cal_TEstimnMagAmbLpFilFrqFetMtgtnEna" comment="" line="70" base_type="float32" attributes="extern const" complete_type="float32" init_mode="PERMANENT" init_modes_allowed="6" init_range="1e-05..0.1" global_assert="NO" assert_range=""/>
      <array name="TEstimn_Cal_TEstimnMagAmbMplr" comment="" line="71" complete_type="const float32 [3]" attributes="extern">
         <scalar comment="" line="71" base_type="float32" attributes="extern const" complete_type="float32" init_mode="PERMANENT" init_modes_allowed="6" init_range="-1..1" global_assert="NO" assert_range=""/>
      </array>
      <array name="TEstimn_Cal_TEstimnMagCorrnLim" comment="" line="72" complete_type="const float32 [3]" attributes="extern">
         <scalar comment="" line="72" base_type="float32" attributes="extern const" complete_type="float32" init_mode="PERMANENT" init_modes_allowed="6" init_range="-100..100" global_assert="NO" assert_range=""/>
      </array>
      <array name="TEstimn_Cal_TEstimnMagLLFilCoeffA1" comment="" line="73" complete_type="const float32 [3]" attributes="extern">
         <scalar comment="" line="73" base_type="float32" attributes="extern const" complete_type="float32" init_mode="PERMANENT" init_modes_allowed="6" init_range="0..1" global_assert="NO" assert_range=""/>
      </array>
      <array name="TEstimn_Cal_TEstimnMagLLFilCoeffB0" comment="" line="74" complete_type="const float32 [3]" attributes="extern">
         <scalar comment="" line="74" base_type="float32" attributes="extern const" complete_type="float32" init_mode="PERMANENT" init_modes_allowed="6" init_range="0..14304" global_assert="NO" assert_range=""/>
      </array>
      <array name="TEstimn_Cal_TEstimnMagLLFilCoeffB1" comment="" line="75" complete_type="const float32 [3]" attributes="extern">
         <scalar comment="" line="75" base_type="float32" attributes="extern const" complete_type="float32" init_mode="PERMANENT" init_modes_allowed="6" init_range="-14303..0" global_assert="NO" assert_range=""/>
      </array>
      <scalar name="TEstimn_Cal_TEstimnSiAmbLpFilFrq" comment="" line="76" base_type="float32" attributes="extern const" complete_type="float32" init_mode="PERMANENT" init_modes_allowed="6" init_range="1e-05..0.1" global_assert="NO" assert_range=""/>
      <scalar name="TEstimn_Cal_TEstimnSiAmbLpFilFrqDualEcuFltMtgtn" comment="" line="77" base_type="float32" attributes="extern const" complete_type="float32" init_mode="PERMANENT" init_modes_allowed="6" init_range="1e-05..0.1" global_assert="NO" assert_range=""/>
      <scalar name="TEstimn_Cal_TEstimnSiAmbLpFilFrqFetMtgtnEna" comment="" line="78" base_type="float32" attributes="extern const" complete_type="float32" init_mode="PERMANENT" init_modes_allowed="6" init_range="1e-05..0.1" global_assert="NO" assert_range=""/>
      <array name="TEstimn_Cal_TEstimnSiAmbMplr" comment="" line="79" complete_type="const float32 [3]" attributes="extern">
         <scalar comment="" line="79" base_type="float32" attributes="extern const" complete_type="float32" init_mode="PERMANENT" init_modes_allowed="6" init_range="-1..1" global_assert="NO" assert_range=""/>
      </array>
      <array name="TEstimn_Cal_TEstimnSiCorrnLim" comment="" line="80" complete_type="const float32 [3]" attributes="extern">
         <scalar comment="" line="80" base_type="float32" attributes="extern const" complete_type="float32" init_mode="PERMANENT" init_modes_allowed="6" init_range="-100..100" global_assert="NO" assert_range=""/>
      </array>
      <array name="TEstimn_Cal_TEstimnSiLLFilCoeffA1" comment="" line="81" complete_type="const float32 [3]" attributes="extern">
         <scalar comment="" line="81" base_type="float32" attributes="extern const" complete_type="float32" init_mode="PERMANENT" init_modes_allowed="6" init_range="0..1" global_assert="NO" assert_range=""/>
      </array>
      <array name="TEstimn_Cal_TEstimnSiLLFilCoeffB0" comment="" line="82" complete_type="const float32 [3]" attributes="extern">
         <scalar comment="" line="82" base_type="float32" attributes="extern const" complete_type="float32" init_mode="PERMANENT" init_modes_allowed="6" init_range="0..14304" global_assert="NO" assert_range=""/>
      </array>
      <array name="TEstimn_Cal_TEstimnSiLLFilCoeffB1" comment="" line="83" complete_type="const float32 [3]" attributes="extern">
         <scalar comment="" line="83" base_type="float32" attributes="extern const" complete_type="float32" init_mode="PERMANENT" init_modes_allowed="6" init_range="-14303..0" global_assert="NO" assert_range=""/>
      </array>
      <array name="TEstimn_Cal_TEstimnTauAssiMech" comment="" line="84" complete_type="const float32 [3]" attributes="extern">
         <scalar comment="" line="84" base_type="float32" attributes="extern const" complete_type="float32" init_mode="PERMANENT" init_modes_allowed="6" init_range="20..9000" global_assert="NO" assert_range=""/>
      </array>
      <array name="TEstimn_Cal_TEstimnTauCu" comment="" line="85" complete_type="const float32 [3]" attributes="extern">
         <scalar comment="" line="85" base_type="float32" attributes="extern const" complete_type="float32" init_mode="PERMANENT" init_modes_allowed="6" init_range="20..2000" global_assert="NO" assert_range=""/>
      </array>
      <array name="TEstimn_Cal_TEstimnTauMag" comment="" line="86" complete_type="const float32 [3]" attributes="extern">
         <scalar comment="" line="86" base_type="float32" attributes="extern const" complete_type="float32" init_mode="PERMANENT" init_modes_allowed="6" init_range="20..2000" global_assert="NO" assert_range=""/>
      </array>
      <array name="TEstimn_Cal_TEstimnTauSi" comment="" line="87" complete_type="const float32 [3]" attributes="extern">
         <scalar comment="" line="87" base_type="float32" attributes="extern const" complete_type="float32" init_mode="PERMANENT" init_modes_allowed="6" init_range="20..2000" global_assert="NO" assert_range=""/>
      </array>
      <array name="TEstimn_Cal_TEstimnWghtAvrgTDi" comment="" line="88" complete_type="const uint8 [3]" attributes="extern">
         <scalar comment="" line="88" base_type="uint8" attributes="extern const" complete_type="uint8" init_mode="PERMANENT" init_modes_allowed="6" init_range="0..1" global_assert="NO" assert_range=""/>
      </array>
      <scalar name="TEstimn_Ip_AmbT" comment="" line="20" base_type="float32" attributes="extern" complete_type="float32" init_mode="PERMANENT" init_modes_allowed="6" init_range="-50..150" global_assert="NO" assert_range=""/>
      <scalar name="TEstimn_Ip_AmbTVld" comment="" line="21" base_type="uint8" attributes="extern" complete_type="uint8" init_mode="PERMANENT" init_modes_allowed="6" init_range="0..1" global_assert="NO" assert_range=""/>
      <scalar name="TEstimn_Ip_AssiMechTEstimnDi" comment="" line="22" base_type="uint8" attributes="extern" complete_type="uint8" init_mode="PERMANENT" init_modes_allowed="6" init_range="0..1" global_assert="NO" assert_range=""/>
      <scalar name="TEstimn_Ip_DualEcuFltMtgtnEna" comment="" line="23" base_type="uint8" attributes="extern" complete_type="uint8" init_mode="PERMANENT" init_modes_allowed="6" init_range="0..1" global_assert="NO" assert_range=""/>
      <scalar name="TEstimn_Ip_EcuTFild" comment="" line="24" base_type="float32" attributes="extern" complete_type="float32" init_mode="PERMANENT" init_modes_allowed="6" init_range="-50..150" global_assert="NO" assert_range=""/>
      <scalar name="TEstimn_Ip_EngOilT" comment="" line="25" base_type="float32" attributes="extern" complete_type="float32" init_mode="PERMANENT" init_modes_allowed="6" init_range="-50..150" global_assert="NO" assert_range=""/>
      <scalar name="TEstimn_Ip_EngOilTVld" comment="" line="26" base_type="uint8" attributes="extern" complete_type="uint8" init_mode="PERMANENT" init_modes_allowed="6" init_range="0..1" global_assert="NO" assert_range=""/>
      <scalar name="TEstimn_Ip_HwVel" comment="" line="27" base_type="float32" attributes="extern" complete_type="float32" init_mode="PERMANENT" init_modes_allowed="6" init_range="-42..42" global_assert="NO" assert_range=""/>
      <scalar name="TEstimn_Ip_IgnTiOff" comment="" line="28" base_type="uint32" attributes="extern" complete_type="uint32" init_mode="PERMANENT" init_modes_allowed="6" init_range="0..1720000" global_assert="NO" assert_range=""/>
      <scalar name="TEstimn_Ip_MotAndThermProtnLoaMod" comment="" line="29" base_type="uint8" attributes="extern" complete_type="uint8" init_mode="PERMANENT" init_modes_allowed="6" init_range="0..255" global_assert="NO" assert_range=""/>
      <scalar name="TEstimn_Ip_MotCurrPeakEstimd" comment="" line="30" base_type="float32" attributes="extern" complete_type="float32" init_mode="PERMANENT" init_modes_allowed="6" init_range="0..62500" global_assert="NO" assert_range=""/>
      <scalar name="TEstimn_Ip_VehTiVld" comment="" line="31" base_type="uint8" attributes="extern" complete_type="uint8" init_mode="PERMANENT" init_modes_allowed="6" init_range="0..1" global_assert="NO" assert_range=""/>
      <scalar name="TEstimn_Irv_FilStVariRepInitFlg" comment="" line="129" base_type="uint8" attributes="extern" complete_type="uint8" init_mode="PERMANENT" init_modes_allowed="6" init_range="0..1" global_assert="NO" assert_range=""/>
      <scalar name="TEstimn_Op_AssiMechT" comment="" line="34" base_type="float32" attributes="extern" complete_type="float32" init_mode="PERMANENT" init_modes_allowed="6" init_range="-50..150" global_assert="NO" assert_range=""/>
      <scalar name="TEstimn_Op_MotFetT" comment="" line="35" base_type="float32" attributes="extern" complete_type="float32" init_mode="PERMANENT" init_modes_allowed="6" init_range="-50..200" global_assert="NO" assert_range=""/>
      <scalar name="TEstimn_Op_MotMagT" comment="" line="36" base_type="float32" attributes="extern" complete_type="float32" init_mode="PERMANENT" init_modes_allowed="6" init_range="-50..150" global_assert="NO" assert_range=""/>
      <scalar name="TEstimn_Op_MotWidgT" comment="" line="37" base_type="float32" attributes="extern" complete_type="float32" init_mode="PERMANENT" init_modes_allowed="6" init_range="-50..300" global_assert="NO" assert_range=""/>
      <scalar name="TEstimn_Pim_AmbTVldPrev" comment="" line="102" base_type="uint8" attributes="extern" complete_type="uint8" init_mode="PERMANENT" init_modes_allowed="6" init_range="0..1" global_assert="NO" assert_range=""/>
      <struct name="TEstimn_Pim_AssiMechFilLp" comment="" line="103" attributes="extern">
         <scalar name="FilGain" comment="" line="103" base_type="float32" attributes="extern" complete_type="float32" init_mode="PERMANENT" init_modes_allowed="6" init_range="6.2831655e-06..0.060898632" global_assert="NO" assert_range=""/>
         <scalar name="FilSt" comment="" line="103" base_type="float32" attributes="extern" complete_type="float32" init_mode="PERMANENT" init_modes_allowed="6" init_range="0..1764" global_assert="NO" assert_range=""/>
      </struct>
      <scalar name="TEstimn_Pim_AssiMechTEstimnPrev" comment="" line="104" base_type="float32" attributes="extern" complete_type="float32" init_mode="PERMANENT" init_modes_allowed="6" init_range="-4577000..1716400" global_assert="NO" assert_range=""/>
      <scalar name="TEstimn_Pim_AssiMechTInitEna" comment="" line="105" base_type="uint8" attributes="extern" complete_type="uint8" init_mode="PERMANENT" init_modes_allowed="6" init_range="0..1" global_assert="NO" assert_range=""/>
      <scalar name="TEstimn_Pim_AssiMechTSlewLimPrev" comment="" line="106" base_type="float32" attributes="extern" complete_type="float32" init_mode="PERMANENT" init_modes_allowed="6" init_range="-100..400" global_assert="NO" assert_range=""/>
      <struct name="TEstimn_Pim_CuFilLp" comment="" line="107" attributes="extern">
         <scalar name="FilGain" comment="" line="107" base_type="float32" attributes="extern" complete_type="float32" init_mode="PERMANENT" init_modes_allowed="6" init_range="6.2831655e-06..0.060898632" global_assert="NO" assert_range=""/>
         <scalar name="FilSt" comment="" line="107" base_type="float32" attributes="extern" complete_type="float32" init_mode="PERMANENT" init_modes_allowed="6" init_range="0..62500" global_assert="NO" assert_range=""/>
      </struct>
      <scalar name="TEstimn_Pim_CuTEstimnPrev" comment="" line="108" base_type="float32" attributes="extern" complete_type="float32" init_mode="PERMANENT" init_modes_allowed="6" init_range="-2431500..1001200" global_assert="NO" assert_range=""/>
      <scalar name="TEstimn_Pim_DualEcuFltMtgtnPrev" comment="" line="109" base_type="uint8" attributes="extern" complete_type="uint8" init_mode="PERMANENT" init_modes_allowed="6" init_range="0..1" global_assert="NO" assert_range=""/>
      <scalar name="TEstimn_Pim_EngOilTVldPrev" comment="" line="110" base_type="uint8" attributes="extern" complete_type="uint8" init_mode="PERMANENT" init_modes_allowed="6" init_range="0..1" global_assert="NO" assert_range=""/>
      <scalar name="TEstimn_Pim_FetMtgtnEnaPrev" comment="" line="111" base_type="uint8" attributes="extern" complete_type="uint8" init_mode="PERMANENT" init_modes_allowed="6" init_range="0..1" global_assert="NO" assert_range=""/>
      <scalar name="TEstimn_Pim_FilAssiMechLLValPwrUp" comment="" line="112" base_type="float32" attributes="extern" complete_type="float32" init_mode="PERMANENT" init_modes_allowed="6" init_range="-4577000..1716400" global_assert="NO" assert_range=""/>
      <scalar name="TEstimn_Pim_FilAssiMechLpValPwrUp" comment="" line="113" base_type="float32" attributes="extern" complete_type="float32" init_mode="PERMANENT" init_modes_allowed="6" init_range="0..1764" global_assert="NO" assert_range=""/>
      <scalar name="TEstimn_Pim_FilCuLLValPwrUp" comment="" line="114" base_type="float32" attributes="extern" complete_type="float32" init_mode="PERMANENT" init_modes_allowed="6" init_range="-2431500..1001200" global_assert="NO" assert_range=""/>
      <scalar name="TEstimn_Pim_FilCuLpValPwrUp" comment="" line="115" base_type="float32" attributes="extern" complete_type="float32" init_mode="PERMANENT" init_modes_allowed="6" init_range="0..62500" global_assert="NO" assert_range=""/>
      <scalar name="TEstimn_Pim_FilMagLLValPwrUp" comment="" line="116" base_type="float32" attributes="extern" complete_type="float32" init_mode="PERMANENT" init_modes_allowed="6" init_range="-2431500..1001200" global_assert="NO" assert_range=""/>
      <scalar name="TEstimn_Pim_FilMagLpValPwrUp" comment="" line="117" base_type="float32" attributes="extern" complete_type="float32" init_mode="PERMANENT" init_modes_allowed="6" init_range="0..62500" global_assert="NO" assert_range=""/>
      <scalar name="TEstimn_Pim_FilSiLLValPwrUp" comment="" line="118" base_type="float32" attributes="extern" complete_type="float32" init_mode="PERMANENT" init_modes_allowed="6" init_range="-2431500..1001200" global_assert="NO" assert_range=""/>
      <scalar name="TEstimn_Pim_FilSiLpValPwrUp" comment="" line="119" base_type="float32" attributes="extern" complete_type="float32" init_mode="PERMANENT" init_modes_allowed="6" init_range="0..62500" global_assert="NO" assert_range=""/>
      <struct name="TEstimn_Pim_MagFilLp" comment="" line="120" attributes="extern">
         <scalar name="FilGain" comment="" line="120" base_type="float32" attributes="extern" complete_type="float32" init_mode="PERMANENT" init_modes_allowed="6" init_range="6.2831655e-06..0.060898632" global_assert="NO" assert_range=""/>
         <scalar name="FilSt" comment="" line="120" base_type="float32" attributes="extern" complete_type="float32" init_mode="PERMANENT" init_modes_allowed="6" init_range="0..62500" global_assert="NO" assert_range=""/>
      </struct>
      <scalar name="TEstimn_Pim_MagTEstimnPrev" comment="" line="121" base_type="float32" attributes="extern" complete_type="float32" init_mode="PERMANENT" init_modes_allowed="6" init_range="-2431500..1001200" global_assert="NO" assert_range=""/>
      <scalar name="TEstimn_Pim_RepInitCntrFlg" comment="" line="122" base_type="uint8" attributes="extern" complete_type="uint8" init_mode="PERMANENT" init_modes_allowed="6" init_range="0..1" global_assert="NO" assert_range=""/>
      <scalar name="TEstimn_Pim_RepInitCntrVal" comment="" line="123" base_type="float32" attributes="extern" complete_type="float32" init_mode="PERMANENT" init_modes_allowed="6" init_range="0..60" global_assert="NO" assert_range=""/>
      <struct name="TEstimn_Pim_SiFilLp" comment="" line="124" attributes="extern">
         <scalar name="FilGain" comment="" line="124" base_type="float32" attributes="extern" complete_type="float32" init_mode="PERMANENT" init_modes_allowed="6" init_range="6.2831655e-06..0.060898632" global_assert="NO" assert_range=""/>
         <scalar name="FilSt" comment="" line="124" base_type="float32" attributes="extern" complete_type="float32" init_mode="PERMANENT" init_modes_allowed="6" init_range="0..62500" global_assert="NO" assert_range=""/>
      </struct>
      <scalar name="TEstimn_Pim_SiTEstimnPrev" comment="" line="125" base_type="float32" attributes="extern" complete_type="float32" init_mode="PERMANENT" init_modes_allowed="6" init_range="-2431500..1001200" global_assert="NO" assert_range=""/>
      <scalar name="TEstimn_Pim_TEstimnFltMtgtnCalIdx" comment="" line="126" base_type="uint8" attributes="extern" complete_type="uint8" init_mode="PERMANENT" init_modes_allowed="6" init_range="0..2" global_assert="NO" assert_range=""/>
      <struct name="TEstimn_Pim_TFilStVal" comment="" line="91" attributes="extern">
         <scalar name="FilAssisMechLLStVal" comment="" line="91" base_type="float32" attributes="extern" complete_type="float32" init_mode="INIT" init_modes_allowed="6" init_range="min..max" global_assert="NO" assert_range=""/>
         <scalar name="FilAssisMechLpStVal" comment="" line="91" base_type="float32" attributes="extern" complete_type="float32" init_mode="INIT" init_modes_allowed="6" init_range="min..max" global_assert="NO" assert_range=""/>
         <scalar name="FilCuLLStVal" comment="" line="91" base_type="float32" attributes="extern" complete_type="float32" init_mode="INIT" init_modes_allowed="6" init_range="min..max" global_assert="NO" assert_range=""/>
         <scalar name="FilCuLpStVal" comment="" line="91" base_type="float32" attributes="extern" complete_type="float32" init_mode="INIT" init_modes_allowed="6" init_range="min..max" global_assert="NO" assert_range=""/>
         <scalar name="FilMagLLStVal" comment="" line="91" base_type="float32" attributes="extern" complete_type="float32" init_mode="INIT" init_modes_allowed="6" init_range="min..max" global_assert="NO" assert_range=""/>
         <scalar name="FilMagLpStVal" comment="" line="91" base_type="float32" attributes="extern" complete_type="float32" init_mode="INIT" init_modes_allowed="6" init_range="min..max" global_assert="NO" assert_range=""/>
         <scalar name="FilSiLLStVal" comment="" line="91" base_type="float32" attributes="extern" complete_type="float32" init_mode="INIT" init_modes_allowed="6" init_range="min..max" global_assert="NO" assert_range=""/>
         <scalar name="FilSiLpStVal" comment="" line="91" base_type="float32" attributes="extern" complete_type="float32" init_mode="INIT" init_modes_allowed="6" init_range="min..max" global_assert="NO" assert_range=""/>
      </struct>
      <scalar name="TEstimn_Pim_dTEstimnAmbPwr" comment="" line="92" base_type="float32" attributes="extern" complete_type="float32" init_mode="PERMANENT" init_modes_allowed="6" init_range="0..62500" global_assert="NO" assert_range=""/>
      <scalar name="TEstimn_Pim_dTEstimnAssiMechCorrn" comment="" line="93" base_type="float32" attributes="extern" complete_type="float32" init_mode="PERMANENT" init_modes_allowed="6" init_range="-70..70" global_assert="NO" assert_range=""/>
      <scalar name="TEstimn_Pim_dTEstimnAssiMechDampgSca" comment="" line="94" base_type="float32" attributes="extern" complete_type="float32" init_mode="PERMANENT" init_modes_allowed="6" init_range="0..1764" global_assert="NO" assert_range=""/>
      <scalar name="TEstimn_Pim_dTEstimnAssiMechFil" comment="" line="95" base_type="float32" attributes="extern" complete_type="float32" init_mode="PERMANENT" init_modes_allowed="6" init_range="-14496070..14496070" global_assert="NO" assert_range=""/>
      <scalar name="TEstimn_Pim_dTEstimnCuCorrn" comment="" line="96" base_type="float32" attributes="extern" complete_type="float32" init_mode="PERMANENT" init_modes_allowed="6" init_range="-100..100" global_assert="NO" assert_range=""/>
      <scalar name="TEstimn_Pim_dTEstimnMagCorrn" comment="" line="97" base_type="float32" attributes="extern" complete_type="float32" init_mode="PERMANENT" init_modes_allowed="6" init_range="-100..100" global_assert="NO" assert_range=""/>
      <scalar name="TEstimn_Pim_dTEstimnScadAmbT" comment="" line="98" base_type="float32" attributes="extern" complete_type="float32" init_mode="PERMANENT" init_modes_allowed="6" init_range="-50..150" global_assert="NO" assert_range=""/>
      <scalar name="TEstimn_Pim_dTEstimnScadEngT" comment="" line="99" base_type="float32" attributes="extern" complete_type="float32" init_mode="PERMANENT" init_modes_allowed="6" init_range="-50..150" global_assert="NO" assert_range=""/>
      <scalar name="TEstimn_Pim_dTEstimnSiCorrn" comment="" line="100" base_type="float32" attributes="extern" complete_type="float32" init_mode="PERMANENT" init_modes_allowed="6" init_range="-100..100" global_assert="NO" assert_range=""/>
      <scalar name="TEstimn_Pim_dTEstimnWghtAvrgT" comment="" line="101" base_type="float32" attributes="extern" complete_type="float32" init_mode="PERMANENT" init_modes_allowed="6" init_range="-100..300" global_assert="NO" assert_range=""/>
      <scalar name="TEstimn_Srv_TFilStVal_GetErrorStatus_RequestResultPtr" comment="" line="132" base_type="uint8" attributes="extern" complete_type="uint8" init_mode="PERMANENT" init_modes_allowed="6" init_range="0..255" global_assert="NO" assert_range=""/>
      <scalar name="TEstimn_Srv_TFilStVal_GetErrorStatus_Return" comment="" line="133" base_type="uint8" attributes="extern" complete_type="uint8" init_mode="PERMANENT" init_modes_allowed="6" init_range="0..1" global_assert="NO" assert_range=""/>
      <scalar name="TEstimn_Srv_TFilStVal_SetRamBlockStatus_BlockChanged" comment="" line="134" base_type="uint8" attributes="extern" complete_type="uint8" init_mode="PERMANENT" init_modes_allowed="6" init_range="0..1" global_assert="NO" assert_range=""/>
      <scalar name="TEstimn_Srv_TFilStVal_SetRamBlockStatus_Return" comment="" line="135" base_type="uint8" attributes="extern" complete_type="uint8" init_mode="PERMANENT" init_modes_allowed="6" init_range="0..1" global_assert="NO" assert_range=""/>
   </file>
   <file name="C:\\Users\\nz3541\\Documents\\SynergyWorkingEA4\\TL103A_CplrSuprt\\include\\2013.5.5\\ansi\\math.h" comment="">
      <function name="expf" comment="" line="731" main_generator_called="disabled" attributes="extern">
         <scalar name="arg1" comment="" line="731" base_type="float32" complete_type="float32" init_mode="disabled" init_range="disabled" global_assert="unsupported" assert_range="unsupported"/>
         <scalar name="return" comment="" line="731" base_type="float32" complete_type="float32" init_mode="PERMANENT" init_modes_allowed="4" init_range="0..max" global_assert="unsupported" assert_range="unsupported"/>
      </function>
   </file>
   <function name="atan2f" comment="" main_generator_called="MAIN_GENERATOR" non_applicable="1">
      <scalar name="return" comment="" init_mode="PERMANENT" init_range="-3.1412..3.1412" global_assert="NO" assert_range="min..max" non_applicable="1"/>
   </function>
   <function name="cosf" comment="" main_generator_called="MAIN_GENERATOR" non_applicable="1">
      <scalar name="return" comment="" init_mode="PERMANENT" init_range="-1..1" global_assert="NO" assert_range="min..max" non_applicable="1"/>
   </function>
   <function name="fmodf" comment="" main_generator_called="MAIN_GENERATOR" non_applicable="1">
      <scalar name="return" comment="" init_mode="PERMANENT" init_range="0..max" global_assert="NO" assert_range="min..max" non_applicable="1"/>
   </function>
   <function name="sinf" comment="" main_generator_called="MAIN_GENERATOR" non_applicable="1">
      <scalar name="return" comment="" init_mode="PERMANENT" init_range="-1..1" global_assert="NO" assert_range="min..max" non_applicable="1"/>
   </function>
   <function name="sqrtf" comment="" main_generator_called="MAIN_GENERATOR" non_applicable="1">
      <scalar name="return" comment="" init_mode="PERMANENT" init_range="0..max" global_assert="NO" assert_range="min..max" non_applicable="1"/>
   </function>
</global>
