<?xml version="1.0" encoding="UTF-8"?>
<MISRA-C-Report-Summary>
<File Mode="advisory" Error="0" Warning="2" Total="2">
<Name>
C:\Users\nz4826\Documents\Mrudula\Synergy_working\comp_dev_ea4\MM134A_FordMsg2FDBusHiSpd_Impl\src\FordMsg2FDBusHiSpd.c</Name>
</File>
<File Mode="required" Error="0" Warning="44" Total="44">
<Name>
C:\Users\nz4826\Documents\Mrudula\Synergy_working\comp_dev_ea4\MM134A_FordMsg2FDBusHiSpd_Impl\src\FordMsg2FDBusHiSpd.c</Name>
</File>
<File Mode="advisory" Error="0" Warning="1" Total="1">
<Name>
C:\Users\nz4826\Documents\Mrudula\Synergy_working\comp_dev_ea4\MM134A_FordMsg2FDBusHiSpd_Impl\src\FordMsg2FDBusHiSpdNonRte.c</Name>
</File>
<File Mode="required" Error="0" Warning="4" Total="4">
<Name>
C:\Users\nz4826\Documents\Mrudula\Synergy_working\comp_dev_ea4\MM134A_FordMsg2FDBusHiSpd_Impl\src\FordMsg2FDBusHiSpdNonRte.c</Name>
</File>
<Rule Name="21.1" Count="27" Mode="required" Severity="warning">
<Message>
Minimisation of run-time failures.</Message>
</Rule>
<Rule Name="5.1" Count="15" Mode="required" Severity="warning">
<Message>
</Message>
</Rule>
<Rule Name="9.1" Count="6" Mode="required" Severity="warning">
<Message>
All automatic variables shall have been assigned a value before being used.</Message>
</Rule>
<Rule Name="19.1" Count="3" Mode="advisory" Severity="warning">
<Message>
#include statements in a file shall only be preceded by other preprocessor directives or comments.</Message>
</Rule>
</MISRA-C-Report-Summary>
