<?xml version="1.0" encoding="UTF-8"?>

<MISRA-C-Report version="1.3">


<CodeStruct Name="FordMsg3CABusHiSpdInit1" File="C:\Users\NZ5334\Documents\Synergy\Working\ses_dev_ea4\MM073A_FordMsg3CABusHiSpd_Impl\src\FordMsg3CABusHiSpd.c" Line="972" Column="5">

<Rule Name="21.1" Mode="required" Report="warning" Id="51">
<Loc File="C:\Users\NZ5334\Documents\Synergy\Working\ses_dev_ea4\MM073A_FordMsg3CABusHiSpd_Impl\src\FordMsg3CABusHiSpd.c" Line="980" Column="8">
</Loc>
<Message>
Minimisation of run-time failures.
</Message>
</Rule>

<Rule Name="21.1" Mode="required" Report="warning" Id="52">
<Loc File="C:\Users\NZ5334\Documents\Synergy\Working\ses_dev_ea4\MM073A_FordMsg3CABusHiSpd_Impl\src\FordMsg3CABusHiSpd.c" Line="980" Column="37">
</Loc>
<Message>
Minimisation of run-time failures.
</Message>
</Rule>

<Rule Name="21.1" Mode="required" Report="warning" Id="53">
<Loc File="C:\Users\NZ5334\Documents\Synergy\Working\ses_dev_ea4\MM073A_FordMsg3CABusHiSpd_Impl\src\FordMsg3CABusHiSpd.c" Line="981" Column="8">
</Loc>
<Message>
Minimisation of run-time failures.
</Message>
</Rule>

<Rule Name="21.1" Mode="required" Report="warning" Id="54">
<Loc File="C:\Users\NZ5334\Documents\Synergy\Working\ses_dev_ea4\MM073A_FordMsg3CABusHiSpd_Impl\src\FordMsg3CABusHiSpd.c" Line="982" Column="8">
</Loc>
<Message>
Minimisation of run-time failures.
</Message>
</Rule>

<Rule Name="21.1" Mode="required" Report="warning" Id="55">
<Loc File="C:\Users\NZ5334\Documents\Synergy\Working\ses_dev_ea4\MM073A_FordMsg3CABusHiSpd_Impl\src\FordMsg3CABusHiSpd.c" Line="985" Column="8">
</Loc>
<Message>
Minimisation of run-time failures.
</Message>
</Rule>

<Rule Name="21.1" Mode="required" Report="warning" Id="56">
<Loc File="C:\Users\NZ5334\Documents\Synergy\Working\ses_dev_ea4\MM073A_FordMsg3CABusHiSpd_Impl\src\FordMsg3CABusHiSpd.c" Line="986" Column="8">
</Loc>
<Message>
Minimisation of run-time failures.
</Message>
</Rule>

<Rule Name="21.1" Mode="required" Report="warning" Id="57">
<Loc File="C:\Users\NZ5334\Documents\Synergy\Working\ses_dev_ea4\MM073A_FordMsg3CABusHiSpd_Impl\src\FordMsg3CABusHiSpd.c" Line="987" Column="8">
</Loc>
<Message>
Minimisation of run-time failures.
</Message>
</Rule>

<Rule Name="21.1" Mode="required" Report="warning" Id="58">
<Loc File="C:\Users\NZ5334\Documents\Synergy\Working\ses_dev_ea4\MM073A_FordMsg3CABusHiSpd_Impl\src\FordMsg3CABusHiSpd.c" Line="988" Column="8">
</Loc>
<Message>
Minimisation of run-time failures.
</Message>
</Rule>

<Rule Name="21.1" Mode="required" Report="warning" Id="59">
<Loc File="C:\Users\NZ5334\Documents\Synergy\Working\ses_dev_ea4\MM073A_FordMsg3CABusHiSpd_Impl\src\FordMsg3CABusHiSpd.c" Line="989" Column="8">
</Loc>
<Message>
Minimisation of run-time failures.
</Message>
</Rule>

<Rule Name="21.1" Mode="required" Report="warning" Id="60">
<Loc File="C:\Users\NZ5334\Documents\Synergy\Working\ses_dev_ea4\MM073A_FordMsg3CABusHiSpd_Impl\src\FordMsg3CABusHiSpd.c" Line="990" Column="8">
</Loc>
<Message>
Minimisation of run-time failures.
</Message>
</Rule>

<Rule Name="21.1" Mode="required" Report="warning" Id="61">
<Loc File="C:\Users\NZ5334\Documents\Synergy\Working\ses_dev_ea4\MM073A_FordMsg3CABusHiSpd_Impl\src\FordMsg3CABusHiSpd.c" Line="991" Column="8">
</Loc>
<Message>
Minimisation of run-time failures.
</Message>
</Rule>

<Rule Name="21.1" Mode="required" Report="warning" Id="62">
<Loc File="C:\Users\NZ5334\Documents\Synergy\Working\ses_dev_ea4\MM073A_FordMsg3CABusHiSpd_Impl\src\FordMsg3CABusHiSpd.c" Line="992" Column="8">
</Loc>
<Message>
Minimisation of run-time failures.
</Message>
</Rule>

<Rule Name="21.1" Mode="required" Report="warning" Id="63">
<Loc File="C:\Users\NZ5334\Documents\Synergy\Working\ses_dev_ea4\MM073A_FordMsg3CABusHiSpd_Impl\src\FordMsg3CABusHiSpd.c" Line="993" Column="8">
</Loc>
<Message>
Minimisation of run-time failures.
</Message>
</Rule>

<Rule Name="21.1" Mode="required" Report="warning" Id="64">
<Loc File="C:\Users\NZ5334\Documents\Synergy\Working\ses_dev_ea4\MM073A_FordMsg3CABusHiSpd_Impl\src\FordMsg3CABusHiSpd.c" Line="994" Column="8">
</Loc>
<Message>
Minimisation of run-time failures.
</Message>
</Rule>

</CodeStruct>

<CodeStruct Name="" File="C:\Users\NZ5334\Documents\Synergy\Working\ses_dev_ea4\MM073A_FordMsg3CABusHiSpd_Impl\src\FordMsg3CABusHiSpd.c" Line="0" Column="0">

<Rule Name="5.1" Mode="required" Report="warning" Id="2">
<Loc File="C:\Users\NZ5334\Documents\Synergy\Working\ses_dev_ea4\MM073A_FordMsg3CABusHiSpd_Impl\src\FordMsg3CABusHiSpd.c" Line="279" Column="69">
</Loc>
<Message>
Identifiers "BusHiSpdMissTiThd_MilliSec_T_u16" (FordMsg3CABusHiSpd.c line 274 column 60) and "BusHiSpdMissTiThd_MilliSec_T_u16" (FordMsg3CABusHiSpd.c line 279 column 69) have the same first 32 characters.
</Message>
</Rule>

<Rule Name="5.1" Mode="required" Report="warning" Id="3">
<Loc File="C:\Users\NZ5334\Documents\Synergy\Working\ses_dev_ea4\MM073A_FordMsg3CABusHiSpd_Impl\src\FordMsg3CABusHiSpd.c" Line="281" Column="48">
</Loc>
<Message>
Identifiers "BusHiSpdLaneKeepSysCrvInvldTiThd_MilliSec_T_u16" (FordMsg3CABusHiSpd.c line 276 column 112) and "BusHiSpdLaneKeepSysCrvInvldTiThd_MilliSec_T_u16" (FordMsg3CABusHiSpd.c line 281 column 48) have the same first 47 characters.
</Message>
</Rule>

<Rule Name="5.1" Mode="required" Report="warning" Id="4">
<Loc File="C:\Users\NZ5334\Documents\Synergy\Working\ses_dev_ea4\MM073A_FordMsg3CABusHiSpd_Impl\src\FordMsg3CABusHiSpd.c" Line="283" Column="151">
</Loc>
<Message>
Identifiers "BusHiSpdLaneKeepSysReqdAgInvldTiThd_MilliSec_T_u16" (FordMsg3CABusHiSpd.c line 275 column 112) and "BusHiSpdLaneKeepSysReqdAgInvldTiThd_MilliSec_T_u16" (FordMsg3CABusHiSpd.c line 283 column 151) have the same first 50 characters.
</Message>
</Rule>

<Rule Name="5.1" Mode="required" Report="warning" Id="5">
<Loc File="C:\Users\NZ5334\Documents\Synergy\Working\ses_dev_ea4\MM073A_FordMsg3CABusHiSpd_Impl\src\FordMsg3CABusHiSpd.c" Line="301" Column="115">
</Loc>
<Message>
Identifiers "LaneKeepSysCrvtRawVldInp_Cnt_T_logl" (FordMsg3CABusHiSpd.c line 301 column 115) and "LaneKeepSysCrvtRawVldInp_Cnt_T_logl" (FordMsg3CABusHiSpd.c line 282 column 80) have the same first 35 characters.
</Message>
</Rule>

<Rule Name="5.1" Mode="required" Report="warning" Id="6">
<Loc File="C:\Users\NZ5334\Documents\Synergy\Working\ses_dev_ea4\MM073A_FordMsg3CABusHiSpd_Impl\src\FordMsg3CABusHiSpd.c" Line="302" Column="115">
</Loc>
<Message>
Identifiers "LaneKeepSysReqdAgRawVldInp_Cnt_T_logl" (FordMsg3CABusHiSpd.c line 302 column 115) and "LaneKeepSysReqdAgRawVldInp_Cnt_T_logl" (FordMsg3CABusHiSpd.c line 284 column 152) have the same first 37 characters.
</Message>
</Rule>

<Rule Name="5.1" Mode="required" Report="warning" Id="7">
<Loc File="C:\Users\NZ5334\Documents\Synergy\Working\ses_dev_ea4\MM073A_FordMsg3CABusHiSpd_Impl\src\FordMsg3CABusHiSpd.c" Line="304" Column="29">
</Loc>
<Message>
Identifiers "FordVehLaneKeepSysCrvtRaw_Cnt_T_u16" (FordMsg3CABusHiSpd.c line 292 column 114) and "FordVehLaneKeepSysCrvtRaw_Cnt_T_u16" (FordMsg3CABusHiSpd.c line 304 column 29) have the same first 35 characters.
</Message>
</Rule>

<Rule Name="5.1" Mode="required" Report="warning" Id="8">
<Loc File="C:\Users\NZ5334\Documents\Synergy\Working\ses_dev_ea4\MM073A_FordMsg3CABusHiSpd_Impl\src\FordMsg3CABusHiSpd.c" Line="305" Column="60">
</Loc>
<Message>
Identifiers "FordVehLaneKeepSysReqdAgRaw_Cnt_T_u16" (FordMsg3CABusHiSpd.c line 295 column 114) and "FordVehLaneKeepSysReqdAgRaw_Cnt_T_u16" (FordMsg3CABusHiSpd.c line 305 column 60) have the same first 37 characters.
</Message>
</Rule>

<Rule Name="5.1" Mode="required" Report="warning" Id="9">
<Loc File="C:\Users\NZ5334\Documents\Synergy\Working\ses_dev_ea4\MM073A_FordMsg3CABusHiSpd_Impl\src\FordMsg3CABusHiSpd.c" Line="306" Column="113">
</Loc>
<Message>
Identifiers "LaneKeepSysCrvtRawVldInp_Cnt_T_logl" (FordMsg3CABusHiSpd.c line 301 column 115) and "LaneKeepSysCrvtRawVldInp_Cnt_T_logl" (FordMsg3CABusHiSpd.c line 306 column 113) have the same first 35 characters.
Identifiers "LaneKeepSysCrvtRawVldInp_Cnt_T_logl" (FordMsg3CABusHiSpd.c line 282 column 80) and "LaneKeepSysCrvtRawVldInp_Cnt_T_logl" (FordMsg3CABusHiSpd.c line 306 column 113) have the same first 35 characters.
</Message>
</Rule>

<Rule Name="5.1" Mode="required" Report="warning" Id="10">
<Loc File="C:\Users\NZ5334\Documents\Synergy\Working\ses_dev_ea4\MM073A_FordMsg3CABusHiSpd_Impl\src\FordMsg3CABusHiSpd.c" Line="307" Column="113">
</Loc>
<Message>
Identifiers "LaneKeepSysReqdAgRawVldInp_Cnt_T_logl" (FordMsg3CABusHiSpd.c line 284 column 152) and "LaneKeepSysReqdAgRawVldInp_Cnt_T_logl" (FordMsg3CABusHiSpd.c line 307 column 113) have the same first 37 characters.
Identifiers "LaneKeepSysReqdAgRawVldInp_Cnt_T_logl" (FordMsg3CABusHiSpd.c line 302 column 115) and "LaneKeepSysReqdAgRawVldInp_Cnt_T_logl" (FordMsg3CABusHiSpd.c line 307 column 113) have the same first 37 characters.
</Message>
</Rule>

<Rule Name="5.1" Mode="required" Report="warning" Id="11">
<Loc File="C:\Users\NZ5334\Documents\Synergy\Working\ses_dev_ea4\MM073A_FordMsg3CABusHiSpd_Impl\src\FordMsg3CABusHiSpd.c" Line="318" Column="114">
</Loc>
<Message>
Identifiers "LaneKeepSysCrvtRawVldInp_Cnt_T_logl" (FordMsg3CABusHiSpd.c line 282 column 80) and "LaneKeepSysCrvtRawVldInp_Cnt_T_logl" (FordMsg3CABusHiSpd.c line 318 column 114) have the same first 35 characters.
Identifiers "LaneKeepSysCrvtRawVldInp_Cnt_T_logl" (FordMsg3CABusHiSpd.c line 306 column 113) and "LaneKeepSysCrvtRawVldInp_Cnt_T_logl" (FordMsg3CABusHiSpd.c line 318 column 114) have the same first 35 characters.
Identifiers "LaneKeepSysCrvtRawVldInp_Cnt_T_logl" (FordMsg3CABusHiSpd.c line 301 column 115) and "LaneKeepSysCrvtRawVldInp_Cnt_T_logl" (FordMsg3CABusHiSpd.c line 318 column 114) have the same first 35 characters.
</Message>
</Rule>

<Rule Name="5.1" Mode="required" Report="warning" Id="12">
<Loc File="C:\Users\NZ5334\Documents\Synergy\Working\ses_dev_ea4\MM073A_FordMsg3CABusHiSpd_Impl\src\FordMsg3CABusHiSpd.c" Line="319" Column="114">
</Loc>
<Message>
Identifiers "LaneKeepSysReqdAgRawVldInp_Cnt_T_logl" (FordMsg3CABusHiSpd.c line 284 column 152) and "LaneKeepSysReqdAgRawVldInp_Cnt_T_logl" (FordMsg3CABusHiSpd.c line 319 column 114) have the same first 37 characters.
Identifiers "LaneKeepSysReqdAgRawVldInp_Cnt_T_logl" (FordMsg3CABusHiSpd.c line 302 column 115) and "LaneKeepSysReqdAgRawVldInp_Cnt_T_logl" (FordMsg3CABusHiSpd.c line 319 column 114) have the same first 37 characters.
Identifiers "LaneKeepSysReqdAgRawVldInp_Cnt_T_logl" (FordMsg3CABusHiSpd.c line 307 column 113) and "LaneKeepSysReqdAgRawVldInp_Cnt_T_logl" (FordMsg3CABusHiSpd.c line 319 column 114) have the same first 37 characters.
</Message>
</Rule>

<Rule Name="5.1" Mode="required" Report="warning" Id="13">
<Loc File="C:\Users\NZ5334\Documents\Synergy\Working\ses_dev_ea4\MM073A_FordMsg3CABusHiSpd_Impl\src\FordMsg3CABusHiSpd.c" Line="320" Column="115">
</Loc>
<Message>
Identifiers "FordVehLaneAssiImgProcgModlAVld_Cnt_T_logl" (FordMsg3CABusHiSpd.c line 300 column 115) and "FordVehLaneAssiImgProcgModlAVld_Cnt_T_logl" (FordMsg3CABusHiSpd.c line 320 column 115) have the same first 42 characters.
</Message>
</Rule>

<Rule Name="19.1" Mode="advisory" Report="warning" Id="14">
<Loc File="C:\Users\NZ5334\Documents\Synergy\Working\ses_dev_ea4\MM073A_FordMsg3CABusHiSpd_Impl\src\FordMsg3CABusHiSpd.c" Line="942" Column="0">
</Loc>
<Message>
#include statements in a file shall only be preceded by other preprocessor directives or comments.
</Message>
</Rule>

<Rule Name="19.1" Mode="advisory" Report="warning" Id="15">
<Loc File="C:\Users\NZ5334\Documents\Synergy\Working\ses_dev_ea4\MM073A_FordMsg3CABusHiSpd_Impl\src\FordMsg3CABusHiSpd.c" Line="1308" Column="0">
</Loc>
<Message>
#include statements in a file shall only be preceded by other preprocessor directives or comments.
</Message>
</Rule>

<Rule Name="5.1" Mode="required" Report="warning" Id="16">
<Loc File="C:\Users\NZ5334\Documents\Synergy\Working\ses_dev_ea4\MM073A_FordMsg3CABusHiSpd_Impl\src\FordMsg3CABusHiSpd.c" Line="1326" Column="28">
</Loc>
<Message>
Identifiers "FordLaneDetnWarnEnad_Cnt_T_logl" (FordMsg3CABusHiSpd.c line 1326 column 28) and "FordLaneDetnWarnEnad_Cnt_T_logl" (FordMsg3CABusHiSpd.c line 265 column 29) have the same first 31 characters.
</Message>
</Rule>

<Rule Name="5.1" Mode="required" Report="warning" Id="17">
<Loc File="C:\Users\NZ5334\Documents\Synergy\Working\ses_dev_ea4\MM073A_FordMsg3CABusHiSpd_Impl\src\FordMsg3CABusHiSpd.c" Line="1327" Column="60">
</Loc>
<Message>
Identifiers "FordLaneKeepAssiEnad_Cnt_T_logl" (FordMsg3CABusHiSpd.c line 1327 column 60) and "FordLaneKeepAssiEnad_Cnt_T_logl" (FordMsg3CABusHiSpd.c line 266 column 60) have the same first 31 characters.
</Message>
</Rule>

<Rule Name="5.1" Mode="required" Report="warning" Id="18">
<Loc File="C:\Users\NZ5334\Documents\Synergy\Working\ses_dev_ea4\MM073A_FordMsg3CABusHiSpd_Impl\src\FordMsg3CABusHiSpd.c" Line="1331" Column="113">
</Loc>
<Message>
Identifiers "ClrDiagcFlgProxyDiagEna_Cnt_T_logl" (FordMsg3CABusHiSpd.c line 1331 column 113) and "ClrDiagcFlgProxyDiagEna_Cnt_T_logl" (FordMsg3CABusHiSpd.c line 270 column 113) have the same first 34 characters.
</Message>
</Rule>

<Rule Name="5.1" Mode="required" Report="warning" Id="19">
<Loc File="C:\Users\NZ5334\Documents\Synergy\Working\ses_dev_ea4\MM073A_FordMsg3CABusHiSpd_Impl\src\FordMsg3CABusHiSpd.c" Line="1378" Column="60">
</Loc>
<Message>
Identifiers "BusHiSpdMissTiThd_MilliSec_T_u16" (FordMsg3CABusHiSpd.c line 1378 column 60) and "BusHiSpdMissTiThd_MilliSec_T_u16" (FordMsg3CABusHiSpd.c line 274 column 60) have the same first 32 characters.
Identifiers "BusHiSpdMissTiThd_MilliSec_T_u16" (FordMsg3CABusHiSpd.c line 1378 column 60) and "BusHiSpdMissTiThd_MilliSec_T_u16" (FordMsg3CABusHiSpd.c line 279 column 69) have the same first 32 characters.
</Message>
</Rule>

<Rule Name="5.1" Mode="required" Report="warning" Id="20">
<Loc File="C:\Users\NZ5334\Documents\Synergy\Working\ses_dev_ea4\MM073A_FordMsg3CABusHiSpd_Impl\src\FordMsg3CABusHiSpd.c" Line="1379" Column="112">
</Loc>
<Message>
Identifiers "BusHiSpdLaneKeepSysReqdAgInvldTiThd_MilliSec_T_u16" (FordMsg3CABusHiSpd.c line 1379 column 112) and "BusHiSpdLaneKeepSysReqdAgInvldTiThd_MilliSec_T_u16" (FordMsg3CABusHiSpd.c line 275 column 112) have the same first 50 characters.
Identifiers "BusHiSpdLaneKeepSysReqdAgInvldTiThd_MilliSec_T_u16" (FordMsg3CABusHiSpd.c line 1379 column 112) and "BusHiSpdLaneKeepSysReqdAgInvldTiThd_MilliSec_T_u16" (FordMsg3CABusHiSpd.c line 283 column 151) have the same first 50 characters.
</Message>
</Rule>

<Rule Name="5.1" Mode="required" Report="warning" Id="21">
<Loc File="C:\Users\NZ5334\Documents\Synergy\Working\ses_dev_ea4\MM073A_FordMsg3CABusHiSpd_Impl\src\FordMsg3CABusHiSpd.c" Line="1380" Column="112">
</Loc>
<Message>
Identifiers "BusHiSpdLaneKeepSysCrvInvldTiThd_MilliSec_T_u16" (FordMsg3CABusHiSpd.c line 1380 column 112) and "BusHiSpdLaneKeepSysCrvInvldTiThd_MilliSec_T_u16" (FordMsg3CABusHiSpd.c line 281 column 48) have the same first 47 characters.
Identifiers "BusHiSpdLaneKeepSysCrvInvldTiThd_MilliSec_T_u16" (FordMsg3CABusHiSpd.c line 1380 column 112) and "BusHiSpdLaneKeepSysCrvInvldTiThd_MilliSec_T_u16" (FordMsg3CABusHiSpd.c line 276 column 112) have the same first 47 characters.
</Message>
</Rule>

<Rule Name="5.1" Mode="required" Report="warning" Id="22">
<Loc File="C:\Users\NZ5334\Documents\Synergy\Working\ses_dev_ea4\MM073A_FordMsg3CABusHiSpd_Impl\src\FordMsg3CABusHiSpd.c" Line="1410" Column="69">
</Loc>
<Message>
Identifiers "BusHiSpdMissTiThd_MilliSec_T_u16" (FordMsg3CABusHiSpd.c line 1378 column 60) and "BusHiSpdMissTiThd_MilliSec_T_u16" (FordMsg3CABusHiSpd.c line 1410 column 69) have the same first 32 characters.
Identifiers "BusHiSpdMissTiThd_MilliSec_T_u16" (FordMsg3CABusHiSpd.c line 1410 column 69) and "BusHiSpdMissTiThd_MilliSec_T_u16" (FordMsg3CABusHiSpd.c line 274 column 60) have the same first 32 characters.
Identifiers "BusHiSpdMissTiThd_MilliSec_T_u16" (FordMsg3CABusHiSpd.c line 1410 column 69) and "BusHiSpdMissTiThd_MilliSec_T_u16" (FordMsg3CABusHiSpd.c line 279 column 69) have the same first 32 characters.
</Message>
</Rule>

<Rule Name="5.1" Mode="required" Report="warning" Id="23">
<Loc File="C:\Users\NZ5334\Documents\Synergy\Working\ses_dev_ea4\MM073A_FordMsg3CABusHiSpd_Impl\src\FordMsg3CABusHiSpd.c" Line="1447" Column="47">
</Loc>
<Message>
Identifiers "BusHiSpdLaneKeepSysCrvInvldTiThd_MilliSec_T_u16" (FordMsg3CABusHiSpd.c line 1447 column 47) and "BusHiSpdLaneKeepSysCrvInvldTiThd_MilliSec_T_u16" (FordMsg3CABusHiSpd.c line 281 column 48) have the same first 47 characters.
Identifiers "BusHiSpdLaneKeepSysCrvInvldTiThd_MilliSec_T_u16" (FordMsg3CABusHiSpd.c line 1380 column 112) and "BusHiSpdLaneKeepSysCrvInvldTiThd_MilliSec_T_u16" (FordMsg3CABusHiSpd.c line 1447 column 47) have the same first 47 characters.
Identifiers "BusHiSpdLaneKeepSysCrvInvldTiThd_MilliSec_T_u16" (FordMsg3CABusHiSpd.c line 1447 column 47) and "BusHiSpdLaneKeepSysCrvInvldTiThd_MilliSec_T_u16" (FordMsg3CABusHiSpd.c line 276 column 112) have the same first 47 characters.
</Message>
</Rule>

<Rule Name="5.1" Mode="required" Report="warning" Id="24">
<Loc File="C:\Users\NZ5334\Documents\Synergy\Working\ses_dev_ea4\MM073A_FordMsg3CABusHiSpd_Impl\src\FordMsg3CABusHiSpd.c" Line="1448" Column="80">
</Loc>
<Message>
Identifiers "LaneKeepSysCrvtRawVldInp_Cnt_T_logl" (FordMsg3CABusHiSpd.c line 1448 column 80) and "LaneKeepSysCrvtRawVldInp_Cnt_T_logl" (FordMsg3CABusHiSpd.c line 318 column 114) have the same first 35 characters.
Identifiers "LaneKeepSysCrvtRawVldInp_Cnt_T_logl" (FordMsg3CABusHiSpd.c line 1448 column 80) and "LaneKeepSysCrvtRawVldInp_Cnt_T_logl" (FordMsg3CABusHiSpd.c line 301 column 115) have the same first 35 characters.
Identifiers "LaneKeepSysCrvtRawVldInp_Cnt_T_logl" (FordMsg3CABusHiSpd.c line 1448 column 80) and "LaneKeepSysCrvtRawVldInp_Cnt_T_logl" (FordMsg3CABusHiSpd.c line 282 column 80) have the same first 35 characters.
Identifiers "LaneKeepSysCrvtRawVldInp_Cnt_T_logl" (FordMsg3CABusHiSpd.c line 1448 column 80) and "LaneKeepSysCrvtRawVldInp_Cnt_T_logl" (FordMsg3CABusHiSpd.c line 306 column 113) have the same first 35 characters.
</Message>
</Rule>

<Rule Name="5.1" Mode="required" Report="warning" Id="25">
<Loc File="C:\Users\NZ5334\Documents\Synergy\Working\ses_dev_ea4\MM073A_FordMsg3CABusHiSpd_Impl\src\FordMsg3CABusHiSpd.c" Line="1449" Column="151">
</Loc>
<Message>
Identifiers "BusHiSpdLaneKeepSysReqdAgInvldTiThd_MilliSec_T_u16" (FordMsg3CABusHiSpd.c line 1379 column 112) and "BusHiSpdLaneKeepSysReqdAgInvldTiThd_MilliSec_T_u16" (FordMsg3CABusHiSpd.c line 1449 column 151) have the same first 50 characters.
Identifiers "BusHiSpdLaneKeepSysReqdAgInvldTiThd_MilliSec_T_u16" (FordMsg3CABusHiSpd.c line 1449 column 151) and "BusHiSpdLaneKeepSysReqdAgInvldTiThd_MilliSec_T_u16" (FordMsg3CABusHiSpd.c line 283 column 151) have the same first 50 characters.
Identifiers "BusHiSpdLaneKeepSysReqdAgInvldTiThd_MilliSec_T_u16" (FordMsg3CABusHiSpd.c line 1449 column 151) and "BusHiSpdLaneKeepSysReqdAgInvldTiThd_MilliSec_T_u16" (FordMsg3CABusHiSpd.c line 275 column 112) have the same first 50 characters.
</Message>
</Rule>

<Rule Name="5.1" Mode="required" Report="warning" Id="26">
<Loc File="C:\Users\NZ5334\Documents\Synergy\Working\ses_dev_ea4\MM073A_FordMsg3CABusHiSpd_Impl\src\FordMsg3CABusHiSpd.c" Line="1450" Column="152">
</Loc>
<Message>
Identifiers "LaneKeepSysReqdAgRawVldInp_Cnt_T_logl" (FordMsg3CABusHiSpd.c line 1450 column 152) and "LaneKeepSysReqdAgRawVldInp_Cnt_T_logl" (FordMsg3CABusHiSpd.c line 307 column 113) have the same first 37 characters.
Identifiers "LaneKeepSysReqdAgRawVldInp_Cnt_T_logl" (FordMsg3CABusHiSpd.c line 1450 column 152) and "LaneKeepSysReqdAgRawVldInp_Cnt_T_logl" (FordMsg3CABusHiSpd.c line 302 column 115) have the same first 37 characters.
Identifiers "LaneKeepSysReqdAgRawVldInp_Cnt_T_logl" (FordMsg3CABusHiSpd.c line 1450 column 152) and "LaneKeepSysReqdAgRawVldInp_Cnt_T_logl" (FordMsg3CABusHiSpd.c line 319 column 114) have the same first 37 characters.
Identifiers "LaneKeepSysReqdAgRawVldInp_Cnt_T_logl" (FordMsg3CABusHiSpd.c line 1450 column 152) and "LaneKeepSysReqdAgRawVldInp_Cnt_T_logl" (FordMsg3CABusHiSpd.c line 284 column 152) have the same first 37 characters.
</Message>
</Rule>

<Rule Name="5.1" Mode="required" Report="warning" Id="27">
<Loc File="C:\Users\NZ5334\Documents\Synergy\Working\ses_dev_ea4\MM073A_FordMsg3CABusHiSpd_Impl\src\FordMsg3CABusHiSpd.c" Line="1537" Column="47">
</Loc>
<Message>
Identifiers "Ford_LaCurvature_No_Calc_Cnt_T_enum" (FordMsg3CABusHiSpd.c line 1537 column 47) and "Ford_LaCurvature_No_Calc_Cnt_T_enum" (FordMsg3CABusHiSpd.c line 286 column 48) have the same first 35 characters.
</Message>
</Rule>

<Rule Name="5.1" Mode="required" Report="warning" Id="28">
<Loc File="C:\Users\NZ5334\Documents\Synergy\Working\ses_dev_ea4\MM073A_FordMsg3CABusHiSpd_Impl\src\FordMsg3CABusHiSpd.c" Line="1538" Column="76">
</Loc>
<Message>
Identifiers "Ford_LaRampType_B_Req_Cnt_T_enum" (FordMsg3CABusHiSpd.c line 1538 column 76) and "Ford_LaRampType_B_Req_Cnt_T_enum" (FordMsg3CABusHiSpd.c line 287 column 76) have the same first 32 characters.
</Message>
</Rule>

<Rule Name="5.1" Mode="required" Report="warning" Id="29">
<Loc File="C:\Users\NZ5334\Documents\Synergy\Working\ses_dev_ea4\MM073A_FordMsg3CABusHiSpd_Impl\src\FordMsg3CABusHiSpd.c" Line="1539" Column="127">
</Loc>
<Message>
Identifiers "Ford_LaRefAng_No_Req_Cnt_T_enum" (FordMsg3CABusHiSpd.c line 1539 column 127) and "Ford_LaRefAng_No_Req_Cnt_T_enum" (FordMsg3CABusHiSpd.c line 288 column 127) have the same first 31 characters.
</Message>
</Rule>

<Rule Name="5.1" Mode="required" Report="warning" Id="30">
<Loc File="C:\Users\NZ5334\Documents\Synergy\Working\ses_dev_ea4\MM073A_FordMsg3CABusHiSpd_Impl\src\FordMsg3CABusHiSpd.c" Line="1540" Column="130">
</Loc>
<Message>
Identifiers "Ford_LdwActvIntns_D_Req_Cnt_T_enum" (FordMsg3CABusHiSpd.c line 1540 column 130) and "Ford_LdwActvIntns_D_Req_Cnt_T_enum" (FordMsg3CABusHiSpd.c line 289 column 130) have the same first 34 characters.
</Message>
</Rule>

<Rule Name="5.1" Mode="required" Report="warning" Id="31">
<Loc File="C:\Users\NZ5334\Documents\Synergy\Working\ses_dev_ea4\MM073A_FordMsg3CABusHiSpd_Impl\src\FordMsg3CABusHiSpd.c" Line="1541" Column="130">
</Loc>
<Message>
Identifiers "Ford_LdwActvStats_D_Req_Cnt_T_enum" (FordMsg3CABusHiSpd.c line 1541 column 130) and "Ford_LdwActvStats_D_Req_Cnt_T_enum" (FordMsg3CABusHiSpd.c line 290 column 130) have the same first 34 characters.
</Message>
</Rule>

<Rule Name="5.1" Mode="required" Report="warning" Id="32">
<Loc File="C:\Users\NZ5334\Documents\Synergy\Working\ses_dev_ea4\MM073A_FordMsg3CABusHiSpd_Impl\src\FordMsg3CABusHiSpd.c" Line="1542" Column="131">
</Loc>
<Message>
Identifiers "Ford_LkaActvStats_D2_Req_Cnt_T_enum" (FordMsg3CABusHiSpd.c line 1542 column 131) and "Ford_LkaActvStats_D2_Req_Cnt_T_enum" (FordMsg3CABusHiSpd.c line 291 column 131) have the same first 35 characters.
</Message>
</Rule>

<Rule Name="5.1" Mode="required" Report="warning" Id="33">
<Loc File="C:\Users\NZ5334\Documents\Synergy\Working\ses_dev_ea4\MM073A_FordMsg3CABusHiSpd_Impl\src\FordMsg3CABusHiSpd.c" Line="1543" Column="114">
</Loc>
<Message>
Identifiers "FordVehLaneKeepSysCrvtRaw_Cnt_T_u16" (FordMsg3CABusHiSpd.c line 1543 column 114) and "FordVehLaneKeepSysCrvtRaw_Cnt_T_u16" (FordMsg3CABusHiSpd.c line 292 column 114) have the same first 35 characters.
Identifiers "FordVehLaneKeepSysCrvtRaw_Cnt_T_u16" (FordMsg3CABusHiSpd.c line 1543 column 114) and "FordVehLaneKeepSysCrvtRaw_Cnt_T_u16" (FordMsg3CABusHiSpd.c line 304 column 29) have the same first 35 characters.
</Message>
</Rule>

<Rule Name="5.1" Mode="required" Report="warning" Id="34">
<Loc File="C:\Users\NZ5334\Documents\Synergy\Working\ses_dev_ea4\MM073A_FordMsg3CABusHiSpd_Impl\src\FordMsg3CABusHiSpd.c" Line="1544" Column="115">
</Loc>
<Message>
Identifiers "FordVehLaneKeepSysCrvt_IvsMtr_T_f32" (FordMsg3CABusHiSpd.c line 1544 column 115) and "FordVehLaneKeepSysCrvt_IvsMtr_T_f32" (FordMsg3CABusHiSpd.c line 293 column 115) have the same first 35 characters.
</Message>
</Rule>

<Rule Name="5.1" Mode="required" Report="warning" Id="35">
<Loc File="C:\Users\NZ5334\Documents\Synergy\Working\ses_dev_ea4\MM073A_FordMsg3CABusHiSpd_Impl\src\FordMsg3CABusHiSpd.c" Line="1545" Column="113">
</Loc>
<Message>
Identifiers "FordVehLaneKeepSysRampTyp_Cnt_T_u08" (FordMsg3CABusHiSpd.c line 1545 column 113) and "FordVehLaneKeepSysRampTyp_Cnt_T_u08" (FordMsg3CABusHiSpd.c line 294 column 113) have the same first 35 characters.
</Message>
</Rule>

<Rule Name="5.1" Mode="required" Report="warning" Id="36">
<Loc File="C:\Users\NZ5334\Documents\Synergy\Working\ses_dev_ea4\MM073A_FordMsg3CABusHiSpd_Impl\src\FordMsg3CABusHiSpd.c" Line="1546" Column="114">
</Loc>
<Message>
Identifiers "FordVehLaneKeepSysReqdAgRaw_Cnt_T_u16" (FordMsg3CABusHiSpd.c line 1546 column 114) and "FordVehLaneKeepSysReqdAgRaw_Cnt_T_u16" (FordMsg3CABusHiSpd.c line 295 column 114) have the same first 37 characters.
Identifiers "FordVehLaneKeepSysReqdAgRaw_Cnt_T_u16" (FordMsg3CABusHiSpd.c line 1546 column 114) and "FordVehLaneKeepSysReqdAgRaw_Cnt_T_u16" (FordMsg3CABusHiSpd.c line 305 column 60) have the same first 37 characters.
</Message>
</Rule>

<Rule Name="5.1" Mode="required" Report="warning" Id="37">
<Loc File="C:\Users\NZ5334\Documents\Synergy\Working\ses_dev_ea4\MM073A_FordMsg3CABusHiSpd_Impl\src\FordMsg3CABusHiSpd.c" Line="1547" Column="115">
</Loc>
<Message>
Identifiers "FordVehLaneKeepSysReqdAg_MilliRad_T_f32" (FordMsg3CABusHiSpd.c line 1547 column 115) and "FordVehLaneKeepSysReqdAg_MilliRad_T_f32" (FordMsg3CABusHiSpd.c line 296 column 115) have the same first 39 characters.
</Message>
</Rule>

<Rule Name="5.1" Mode="required" Report="warning" Id="38">
<Loc File="C:\Users\NZ5334\Documents\Synergy\Working\ses_dev_ea4\MM073A_FordMsg3CABusHiSpd_Impl\src\FordMsg3CABusHiSpd.c" Line="1548" Column="113">
</Loc>
<Message>
Identifiers "FordVehLaneDetnWarnInten_Cnt_T_u08" (FordMsg3CABusHiSpd.c line 1548 column 113) and "FordVehLaneDetnWarnInten_Cnt_T_u08" (FordMsg3CABusHiSpd.c line 297 column 113) have the same first 34 characters.
</Message>
</Rule>

<Rule Name="5.1" Mode="required" Report="warning" Id="39">
<Loc File="C:\Users\NZ5334\Documents\Synergy\Working\ses_dev_ea4\MM073A_FordMsg3CABusHiSpd_Impl\src\FordMsg3CABusHiSpd.c" Line="1549" Column="113">
</Loc>
<Message>
Identifiers "FordVehLaneDetnWarnSts_Cnt_T_u08" (FordMsg3CABusHiSpd.c line 1549 column 113) and "FordVehLaneDetnWarnSts_Cnt_T_u08" (FordMsg3CABusHiSpd.c line 298 column 113) have the same first 32 characters.
</Message>
</Rule>

<Rule Name="5.1" Mode="required" Report="warning" Id="40">
<Loc File="C:\Users\NZ5334\Documents\Synergy\Working\ses_dev_ea4\MM073A_FordMsg3CABusHiSpd_Impl\src\FordMsg3CABusHiSpd.c" Line="1550" Column="113">
</Loc>
<Message>
Identifiers "FordVehLaneKeepSysSts_Cnt_T_u08" (FordMsg3CABusHiSpd.c line 1550 column 113) and "FordVehLaneKeepSysSts_Cnt_T_u08" (FordMsg3CABusHiSpd.c line 299 column 113) have the same first 31 characters.
</Message>
</Rule>

<Rule Name="5.1" Mode="required" Report="warning" Id="41">
<Loc File="C:\Users\NZ5334\Documents\Synergy\Working\ses_dev_ea4\MM073A_FordMsg3CABusHiSpd_Impl\src\FordMsg3CABusHiSpd.c" Line="1551" Column="115">
</Loc>
<Message>
Identifiers "FordVehLaneAssiImgProcgModlAVld_Cnt_T_logl" (FordMsg3CABusHiSpd.c line 1551 column 115) and "FordVehLaneAssiImgProcgModlAVld_Cnt_T_logl" (FordMsg3CABusHiSpd.c line 320 column 115) have the same first 42 characters.
Identifiers "FordVehLaneAssiImgProcgModlAVld_Cnt_T_logl" (FordMsg3CABusHiSpd.c line 1551 column 115) and "FordVehLaneAssiImgProcgModlAVld_Cnt_T_logl" (FordMsg3CABusHiSpd.c line 300 column 115) have the same first 42 characters.
</Message>
</Rule>

<Rule Name="5.1" Mode="required" Report="warning" Id="42">
<Loc File="C:\Users\NZ5334\Documents\Synergy\Working\ses_dev_ea4\MM073A_FordMsg3CABusHiSpd_Impl\src\FordMsg3CABusHiSpd.c" Line="1552" Column="115">
</Loc>
<Message>
Identifiers "LaneKeepSysCrvtRawVldInp_Cnt_T_logl" (FordMsg3CABusHiSpd.c line 1552 column 115) and "LaneKeepSysCrvtRawVldInp_Cnt_T_logl" (FordMsg3CABusHiSpd.c line 282 column 80) have the same first 35 characters.
Identifiers "LaneKeepSysCrvtRawVldInp_Cnt_T_logl" (FordMsg3CABusHiSpd.c line 1552 column 115) and "LaneKeepSysCrvtRawVldInp_Cnt_T_logl" (FordMsg3CABusHiSpd.c line 306 column 113) have the same first 35 characters.
Identifiers "LaneKeepSysCrvtRawVldInp_Cnt_T_logl" (FordMsg3CABusHiSpd.c line 1552 column 115) and "LaneKeepSysCrvtRawVldInp_Cnt_T_logl" (FordMsg3CABusHiSpd.c line 301 column 115) have the same first 35 characters.
Identifiers "LaneKeepSysCrvtRawVldInp_Cnt_T_logl" (FordMsg3CABusHiSpd.c line 1448 column 80) and "LaneKeepSysCrvtRawVldInp_Cnt_T_logl" (FordMsg3CABusHiSpd.c line 1552 column 115) have the same first 35 characters.
Identifiers "LaneKeepSysCrvtRawVldInp_Cnt_T_logl" (FordMsg3CABusHiSpd.c line 1552 column 115) and "LaneKeepSysCrvtRawVldInp_Cnt_T_logl" (FordMsg3CABusHiSpd.c line 318 column 114) have the same first 35 characters.
</Message>
</Rule>

<Rule Name="5.1" Mode="required" Report="warning" Id="43">
<Loc File="C:\Users\NZ5334\Documents\Synergy\Working\ses_dev_ea4\MM073A_FordMsg3CABusHiSpd_Impl\src\FordMsg3CABusHiSpd.c" Line="1553" Column="115">
</Loc>
<Message>
Identifiers "LaneKeepSysReqdAgRawVldInp_Cnt_T_logl" (FordMsg3CABusHiSpd.c line 1553 column 115) and "LaneKeepSysReqdAgRawVldInp_Cnt_T_logl" (FordMsg3CABusHiSpd.c line 307 column 113) have the same first 37 characters.
Identifiers "LaneKeepSysReqdAgRawVldInp_Cnt_T_logl" (FordMsg3CABusHiSpd.c line 1450 column 152) and "LaneKeepSysReqdAgRawVldInp_Cnt_T_logl" (FordMsg3CABusHiSpd.c line 1553 column 115) have the same first 37 characters.
Identifiers "LaneKeepSysReqdAgRawVldInp_Cnt_T_logl" (FordMsg3CABusHiSpd.c line 1553 column 115) and "LaneKeepSysReqdAgRawVldInp_Cnt_T_logl" (FordMsg3CABusHiSpd.c line 302 column 115) have the same first 37 characters.
Identifiers "LaneKeepSysReqdAgRawVldInp_Cnt_T_logl" (FordMsg3CABusHiSpd.c line 1553 column 115) and "LaneKeepSysReqdAgRawVldInp_Cnt_T_logl" (FordMsg3CABusHiSpd.c line 319 column 114) have the same first 37 characters.
Identifiers "LaneKeepSysReqdAgRawVldInp_Cnt_T_logl" (FordMsg3CABusHiSpd.c line 1553 column 115) and "LaneKeepSysReqdAgRawVldInp_Cnt_T_logl" (FordMsg3CABusHiSpd.c line 284 column 152) have the same first 37 characters.
</Message>
</Rule>

<Rule Name="5.1" Mode="required" Report="warning" Id="44">
<Loc File="C:\Users\NZ5334\Documents\Synergy\Working\ses_dev_ea4\MM073A_FordMsg3CABusHiSpd_Impl\src\FordMsg3CABusHiSpd.c" Line="1627" Column="28">
</Loc>
<Message>
Identifiers "FordVehLaneKeepSysCrvtRaw_Cnt_T_u16" (FordMsg3CABusHiSpd.c line 1627 column 28) and "FordVehLaneKeepSysCrvtRaw_Cnt_T_u16" (FordMsg3CABusHiSpd.c line 304 column 29) have the same first 35 characters.
Identifiers "FordVehLaneKeepSysCrvtRaw_Cnt_T_u16" (FordMsg3CABusHiSpd.c line 1627 column 28) and "FordVehLaneKeepSysCrvtRaw_Cnt_T_u16" (FordMsg3CABusHiSpd.c line 292 column 114) have the same first 35 characters.
Identifiers "FordVehLaneKeepSysCrvtRaw_Cnt_T_u16" (FordMsg3CABusHiSpd.c line 1543 column 114) and "FordVehLaneKeepSysCrvtRaw_Cnt_T_u16" (FordMsg3CABusHiSpd.c line 1627 column 28) have the same first 35 characters.
</Message>
</Rule>

<Rule Name="5.1" Mode="required" Report="warning" Id="45">
<Loc File="C:\Users\NZ5334\Documents\Synergy\Working\ses_dev_ea4\MM073A_FordMsg3CABusHiSpd_Impl\src\FordMsg3CABusHiSpd.c" Line="1628" Column="60">
</Loc>
<Message>
Identifiers "FordVehLaneKeepSysReqdAgRaw_Cnt_T_u16" (FordMsg3CABusHiSpd.c line 1628 column 60) and "FordVehLaneKeepSysReqdAgRaw_Cnt_T_u16" (FordMsg3CABusHiSpd.c line 295 column 114) have the same first 37 characters.
Identifiers "FordVehLaneKeepSysReqdAgRaw_Cnt_T_u16" (FordMsg3CABusHiSpd.c line 1546 column 114) and "FordVehLaneKeepSysReqdAgRaw_Cnt_T_u16" (FordMsg3CABusHiSpd.c line 1628 column 60) have the same first 37 characters.
Identifiers "FordVehLaneKeepSysReqdAgRaw_Cnt_T_u16" (FordMsg3CABusHiSpd.c line 1628 column 60) and "FordVehLaneKeepSysReqdAgRaw_Cnt_T_u16" (FordMsg3CABusHiSpd.c line 305 column 60) have the same first 37 characters.
</Message>
</Rule>

<Rule Name="5.1" Mode="required" Report="warning" Id="46">
<Loc File="C:\Users\NZ5334\Documents\Synergy\Working\ses_dev_ea4\MM073A_FordMsg3CABusHiSpd_Impl\src\FordMsg3CABusHiSpd.c" Line="1629" Column="113">
</Loc>
<Message>
Identifiers "LaneKeepSysCrvtRawVldInp_Cnt_T_logl" (FordMsg3CABusHiSpd.c line 1629 column 113) and "LaneKeepSysCrvtRawVldInp_Cnt_T_logl" (FordMsg3CABusHiSpd.c line 318 column 114) have the same first 35 characters.
Identifiers "LaneKeepSysCrvtRawVldInp_Cnt_T_logl" (FordMsg3CABusHiSpd.c line 1629 column 113) and "LaneKeepSysCrvtRawVldInp_Cnt_T_logl" (FordMsg3CABusHiSpd.c line 282 column 80) have the same first 35 characters.
Identifiers "LaneKeepSysCrvtRawVldInp_Cnt_T_logl" (FordMsg3CABusHiSpd.c line 1552 column 115) and "LaneKeepSysCrvtRawVldInp_Cnt_T_logl" (FordMsg3CABusHiSpd.c line 1629 column 113) have the same first 35 characters.
Identifiers "LaneKeepSysCrvtRawVldInp_Cnt_T_logl" (FordMsg3CABusHiSpd.c line 1448 column 80) and "LaneKeepSysCrvtRawVldInp_Cnt_T_logl" (FordMsg3CABusHiSpd.c line 1629 column 113) have the same first 35 characters.
Identifiers "LaneKeepSysCrvtRawVldInp_Cnt_T_logl" (FordMsg3CABusHiSpd.c line 1629 column 113) and "LaneKeepSysCrvtRawVldInp_Cnt_T_logl" (FordMsg3CABusHiSpd.c line 306 column 113) have the same first 35 characters.
Identifiers "LaneKeepSysCrvtRawVldInp_Cnt_T_logl" (FordMsg3CABusHiSpd.c line 1629 column 113) and "LaneKeepSysCrvtRawVldInp_Cnt_T_logl" (FordMsg3CABusHiSpd.c line 301 column 115) have the same first 35 characters.
</Message>
</Rule>

<Rule Name="5.1" Mode="required" Report="warning" Id="47">
<Loc File="C:\Users\NZ5334\Documents\Synergy\Working\ses_dev_ea4\MM073A_FordMsg3CABusHiSpd_Impl\src\FordMsg3CABusHiSpd.c" Line="1630" Column="113">
</Loc>
<Message>
Identifiers "LaneKeepSysReqdAgRawVldInp_Cnt_T_logl" (FordMsg3CABusHiSpd.c line 1553 column 115) and "LaneKeepSysReqdAgRawVldInp_Cnt_T_logl" (FordMsg3CABusHiSpd.c line 1630 column 113) have the same first 37 characters.
Identifiers "LaneKeepSysReqdAgRawVldInp_Cnt_T_logl" (FordMsg3CABusHiSpd.c line 1630 column 113) and "LaneKeepSysReqdAgRawVldInp_Cnt_T_logl" (FordMsg3CABusHiSpd.c line 307 column 113) have the same first 37 characters.
Identifiers "LaneKeepSysReqdAgRawVldInp_Cnt_T_logl" (FordMsg3CABusHiSpd.c line 1630 column 113) and "LaneKeepSysReqdAgRawVldInp_Cnt_T_logl" (FordMsg3CABusHiSpd.c line 302 column 115) have the same first 37 characters.
Identifiers "LaneKeepSysReqdAgRawVldInp_Cnt_T_logl" (FordMsg3CABusHiSpd.c line 1630 column 113) and "LaneKeepSysReqdAgRawVldInp_Cnt_T_logl" (FordMsg3CABusHiSpd.c line 319 column 114) have the same first 37 characters.
Identifiers "LaneKeepSysReqdAgRawVldInp_Cnt_T_logl" (FordMsg3CABusHiSpd.c line 1630 column 113) and "LaneKeepSysReqdAgRawVldInp_Cnt_T_logl" (FordMsg3CABusHiSpd.c line 284 column 152) have the same first 37 characters.
Identifiers "LaneKeepSysReqdAgRawVldInp_Cnt_T_logl" (FordMsg3CABusHiSpd.c line 1450 column 152) and "LaneKeepSysReqdAgRawVldInp_Cnt_T_logl" (FordMsg3CABusHiSpd.c line 1630 column 113) have the same first 37 characters.
</Message>
</Rule>

<Rule Name="5.1" Mode="required" Report="warning" Id="48">
<Loc File="C:\Users\NZ5334\Documents\Synergy\Working\ses_dev_ea4\MM073A_FordMsg3CABusHiSpd_Impl\src\FordMsg3CABusHiSpd.c" Line="1727" Column="114">
</Loc>
<Message>
Identifiers "LaneKeepSysCrvtRawVldInp_Cnt_T_logl" (FordMsg3CABusHiSpd.c line 1727 column 114) and "LaneKeepSysCrvtRawVldInp_Cnt_T_logl" (FordMsg3CABusHiSpd.c line 282 column 80) have the same first 35 characters.
Identifiers "LaneKeepSysCrvtRawVldInp_Cnt_T_logl" (FordMsg3CABusHiSpd.c line 1727 column 114) and "LaneKeepSysCrvtRawVldInp_Cnt_T_logl" (FordMsg3CABusHiSpd.c line 306 column 113) have the same first 35 characters.
Identifiers "LaneKeepSysCrvtRawVldInp_Cnt_T_logl" (FordMsg3CABusHiSpd.c line 1629 column 113) and "LaneKeepSysCrvtRawVldInp_Cnt_T_logl" (FordMsg3CABusHiSpd.c line 1727 column 114) have the same first 35 characters.
Identifiers "LaneKeepSysCrvtRawVldInp_Cnt_T_logl" (FordMsg3CABusHiSpd.c line 1727 column 114) and "LaneKeepSysCrvtRawVldInp_Cnt_T_logl" (FordMsg3CABusHiSpd.c line 301 column 115) have the same first 35 characters.
Identifiers "LaneKeepSysCrvtRawVldInp_Cnt_T_logl" (FordMsg3CABusHiSpd.c line 1727 column 114) and "LaneKeepSysCrvtRawVldInp_Cnt_T_logl" (FordMsg3CABusHiSpd.c line 318 column 114) have the same first 35 characters.
Identifiers "LaneKeepSysCrvtRawVldInp_Cnt_T_logl" (FordMsg3CABusHiSpd.c line 1448 column 80) and "LaneKeepSysCrvtRawVldInp_Cnt_T_logl" (FordMsg3CABusHiSpd.c line 1727 column 114) have the same first 35 characters.
Identifiers "LaneKeepSysCrvtRawVldInp_Cnt_T_logl" (FordMsg3CABusHiSpd.c line 1552 column 115) and "LaneKeepSysCrvtRawVldInp_Cnt_T_logl" (FordMsg3CABusHiSpd.c line 1727 column 114) have the same first 35 characters.
</Message>
</Rule>

<Rule Name="5.1" Mode="required" Report="warning" Id="49">
<Loc File="C:\Users\NZ5334\Documents\Synergy\Working\ses_dev_ea4\MM073A_FordMsg3CABusHiSpd_Impl\src\FordMsg3CABusHiSpd.c" Line="1728" Column="114">
</Loc>
<Message>
Identifiers "LaneKeepSysReqdAgRawVldInp_Cnt_T_logl" (FordMsg3CABusHiSpd.c line 1728 column 114) and "LaneKeepSysReqdAgRawVldInp_Cnt_T_logl" (FordMsg3CABusHiSpd.c line 302 column 115) have the same first 37 characters.
Identifiers "LaneKeepSysReqdAgRawVldInp_Cnt_T_logl" (FordMsg3CABusHiSpd.c line 1630 column 113) and "LaneKeepSysReqdAgRawVldInp_Cnt_T_logl" (FordMsg3CABusHiSpd.c line 1728 column 114) have the same first 37 characters.
Identifiers "LaneKeepSysReqdAgRawVldInp_Cnt_T_logl" (FordMsg3CABusHiSpd.c line 1553 column 115) and "LaneKeepSysReqdAgRawVldInp_Cnt_T_logl" (FordMsg3CABusHiSpd.c line 1728 column 114) have the same first 37 characters.
Identifiers "LaneKeepSysReqdAgRawVldInp_Cnt_T_logl" (FordMsg3CABusHiSpd.c line 1728 column 114) and "LaneKeepSysReqdAgRawVldInp_Cnt_T_logl" (FordMsg3CABusHiSpd.c line 319 column 114) have the same first 37 characters.
Identifiers "LaneKeepSysReqdAgRawVldInp_Cnt_T_logl" (FordMsg3CABusHiSpd.c line 1728 column 114) and "LaneKeepSysReqdAgRawVldInp_Cnt_T_logl" (FordMsg3CABusHiSpd.c line 284 column 152) have the same first 37 characters.
Identifiers "LaneKeepSysReqdAgRawVldInp_Cnt_T_logl" (FordMsg3CABusHiSpd.c line 1728 column 114) and "LaneKeepSysReqdAgRawVldInp_Cnt_T_logl" (FordMsg3CABusHiSpd.c line 307 column 113) have the same first 37 characters.
Identifiers "LaneKeepSysReqdAgRawVldInp_Cnt_T_logl" (FordMsg3CABusHiSpd.c line 1450 column 152) and "LaneKeepSysReqdAgRawVldInp_Cnt_T_logl" (FordMsg3CABusHiSpd.c line 1728 column 114) have the same first 37 characters.
</Message>
</Rule>

<Rule Name="5.1" Mode="required" Report="warning" Id="50">
<Loc File="C:\Users\NZ5334\Documents\Synergy\Working\ses_dev_ea4\MM073A_FordMsg3CABusHiSpd_Impl\src\FordMsg3CABusHiSpd.c" Line="1729" Column="115">
</Loc>
<Message>
Identifiers "FordVehLaneAssiImgProcgModlAVld_Cnt_T_logl" (FordMsg3CABusHiSpd.c line 1729 column 115) and "FordVehLaneAssiImgProcgModlAVld_Cnt_T_logl" (FordMsg3CABusHiSpd.c line 320 column 115) have the same first 42 characters.
Identifiers "FordVehLaneAssiImgProcgModlAVld_Cnt_T_logl" (FordMsg3CABusHiSpd.c line 1551 column 115) and "FordVehLaneAssiImgProcgModlAVld_Cnt_T_logl" (FordMsg3CABusHiSpd.c line 1729 column 115) have the same first 42 characters.
Identifiers "FordVehLaneAssiImgProcgModlAVld_Cnt_T_logl" (FordMsg3CABusHiSpd.c line 1729 column 115) and "FordVehLaneAssiImgProcgModlAVld_Cnt_T_logl" (FordMsg3CABusHiSpd.c line 300 column 115) have the same first 42 characters.
</Message>
</Rule>

</CodeStruct>

<CodeStruct Name="" File="C:\Users\NZ5334\Documents\Synergy\Working\ses_dev_ea4\MM073A_FordMsg3CABusHiSpd_Impl\src\FordMsg3CABusHiSpdNonRte.c" Line="0" Column="0">

<Rule Name="19.1" Mode="advisory" Report="warning" Id="1">
<Loc File="C:\Users\NZ5334\Documents\Synergy\Working\ses_dev_ea4\MM073A_FordMsg3CABusHiSpd_Impl\src\FordMsg3CABusHiSpdNonRte.c" Line="74" Column="0">
</Loc>
<Message>
#include statements in a file shall only be preceded by other preprocessor directives or comments.
</Message>
</Rule>

</CodeStruct>

<CodeStruct Name="FordVehPrpnWhlTqSigInvldNtc" File="C:\Users\NZ5334\Documents\Synergy\Working\ses_dev_ea4\MM073A_FordMsg3CABusHiSpd_Impl\src\FordMsg3CABusHiSpd.c" Line="1447" Column="12">

<Rule Name="21.1" Mode="required" Report="warning" Id="67">
<Loc File="C:\Users\NZ5334\Documents\Synergy\Working\ses_dev_ea4\MM073A_FordMsg3CABusHiSpd_Impl\src\FordMsg3CABusHiSpd.c" Line="1458" Column="82">
</Loc>
<Message>
Minimisation of run-time failures.
</Message>
</Rule>

<Rule Name="21.1" Mode="required" Report="warning" Id="68">
<Loc File="C:\Users\NZ5334\Documents\Synergy\Working\ses_dev_ea4\MM073A_FordMsg3CABusHiSpd_Impl\src\FordMsg3CABusHiSpd.c" Line="1472" Column="82">
</Loc>
<Message>
Minimisation of run-time failures.
</Message>
</Rule>

<Rule Name="21.1" Mode="required" Report="warning" Id="69">
<Loc File="C:\Users\NZ5334\Documents\Synergy\Working\ses_dev_ea4\MM073A_FordMsg3CABusHiSpd_Impl\src\FordMsg3CABusHiSpd.c" Line="1487" Column="82">
</Loc>
<Message>
Minimisation of run-time failures.
</Message>
</Rule>

<Rule Name="21.1" Mode="required" Report="warning" Id="70">
<Loc File="C:\Users\NZ5334\Documents\Synergy\Working\ses_dev_ea4\MM073A_FordMsg3CABusHiSpd_Impl\src\FordMsg3CABusHiSpd.c" Line="1501" Column="82">
</Loc>
<Message>
Minimisation of run-time failures.
</Message>
</Rule>

</CodeStruct>

<CodeStruct Name="ComIPduCallout_Lane_Assist_Data1_FD1_Oper" File="C:\Users\NZ5334\Documents\Synergy\Working\ses_dev_ea4\MM073A_FordMsg3CABusHiSpd_Impl\src\FordMsg3CABusHiSpdNonRte.c" Line="53" Column="8">

<Rule Name="21.1" Mode="required" Report="warning" Id="65">
<Loc File="C:\Users\NZ5334\Documents\Synergy\Working\ses_dev_ea4\MM073A_FordMsg3CABusHiSpd_Impl\src\FordMsg3CABusHiSpdNonRte.c" Line="55" Column="8">
</Loc>
<Message>
Minimisation of run-time failures.
</Message>
</Rule>

<Rule Name="21.1" Mode="required" Report="warning" Id="66">
<Loc File="C:\Users\NZ5334\Documents\Synergy\Working\ses_dev_ea4\MM073A_FordMsg3CABusHiSpd_Impl\src\FordMsg3CABusHiSpdNonRte.c" Line="55" Column="37">
</Loc>
<Message>
Minimisation of run-time failures.
</Message>
</Rule>

</CodeStruct>

<CodeStruct Name="ComTimeoutNotification_LaCurvature_No_Calc_Oper" File="C:\Users\NZ5334\Documents\Synergy\Working\ses_dev_ea4\MM073A_FordMsg3CABusHiSpd_Impl\src\FordMsg3CABusHiSpdNonRte.c" Line="68" Column="5">

<Rule Name="21.1" Mode="required" Report="warning" Id="71">
<Loc File="C:\Users\NZ5334\Documents\Synergy\Working\ses_dev_ea4\MM073A_FordMsg3CABusHiSpd_Impl\src\FordMsg3CABusHiSpdNonRte.c" Line="70" Column="8">
</Loc>
<Message>
Minimisation of run-time failures.
</Message>
</Rule>

<Rule Name="21.1" Mode="required" Report="warning" Id="72">
<Loc File="C:\Users\NZ5334\Documents\Synergy\Working\ses_dev_ea4\MM073A_FordMsg3CABusHiSpd_Impl\src\FordMsg3CABusHiSpdNonRte.c" Line="70" Column="37">
</Loc>
<Message>
Minimisation of run-time failures.
</Message>
</Rule>

</CodeStruct>

<CodeStruct Name="MissMsgDiagEnaChk" File="C:\Users\NZ5334\Documents\Synergy\Working\ses_dev_ea4\MM073A_FordMsg3CABusHiSpd_Impl\src\FordMsg3CABusHiSpd.c" Line="1409" Column="12">

<Rule Name="21.1" Mode="required" Report="warning" Id="73">
<Loc File="C:\Users\NZ5334\Documents\Synergy\Working\ses_dev_ea4\MM073A_FordMsg3CABusHiSpd_Impl\src\FordMsg3CABusHiSpd.c" Line="1418" Column="82">
</Loc>
<Message>
Minimisation of run-time failures.
</Message>
</Rule>

</CodeStruct>

<CodeStruct Name="FordMsg3CABusHiSpdPer1" File="C:\Users\NZ5334\Documents\Synergy\Working\ses_dev_ea4\MM073A_FordMsg3CABusHiSpd_Impl\src\FordMsg3CABusHiSpd.c" Line="1065" Column="5">

<Rule Name="5.1" Mode="required" Report="warning" Id="74">
<Loc File="C:\Users\NZ5334\Documents\Synergy\Working\ses_dev_ea4\MM073A_FordMsg3CABusHiSpd_Impl\src\FordMsg3CABusHiSpd.c" Line="1073" Column="16">
</Loc>
<Message>
Identifiers "FordVehLaneDetnWarnInten_Cnt_T_u08" (FordMsg3CABusHiSpd.c line 297 column 113) and "FordVehLaneDetnWarnInten_Cnt_T_u08" (FordMsg3CABusHiSpd.c line 1073 column 16) have the same first 34 characters.
</Message>
</Rule>

<Rule Name="5.1" Mode="required" Report="warning" Id="75">
<Loc File="C:\Users\NZ5334\Documents\Synergy\Working\ses_dev_ea4\MM073A_FordMsg3CABusHiSpd_Impl\src\FordMsg3CABusHiSpd.c" Line="1074" Column="16">
</Loc>
<Message>
Identifiers "FordVehLaneDetnWarnSts_Cnt_T_u08" (FordMsg3CABusHiSpd.c line 298 column 113) and "FordVehLaneDetnWarnSts_Cnt_T_u08" (FordMsg3CABusHiSpd.c line 1074 column 16) have the same first 32 characters.
</Message>
</Rule>

<Rule Name="5.1" Mode="required" Report="warning" Id="76">
<Loc File="C:\Users\NZ5334\Documents\Synergy\Working\ses_dev_ea4\MM073A_FordMsg3CABusHiSpd_Impl\src\FordMsg3CABusHiSpd.c" Line="1075" Column="16">
</Loc>
<Message>
Identifiers "FordVehLaneKeepSysRampTyp_Cnt_T_u08" (FordMsg3CABusHiSpd.c line 294 column 113) and "FordVehLaneKeepSysRampTyp_Cnt_T_u08" (FordMsg3CABusHiSpd.c line 1075 column 16) have the same first 35 characters.
</Message>
</Rule>

<Rule Name="5.1" Mode="required" Report="warning" Id="77">
<Loc File="C:\Users\NZ5334\Documents\Synergy\Working\ses_dev_ea4\MM073A_FordMsg3CABusHiSpd_Impl\src\FordMsg3CABusHiSpd.c" Line="1076" Column="16">
</Loc>
<Message>
Identifiers "FordVehLaneKeepSysSts_Cnt_T_u08" (FordMsg3CABusHiSpd.c line 299 column 113) and "FordVehLaneKeepSysSts_Cnt_T_u08" (FordMsg3CABusHiSpd.c line 1076 column 16) have the same first 31 characters.
</Message>
</Rule>

<Rule Name="5.1" Mode="required" Report="warning" Id="78">
<Loc File="C:\Users\NZ5334\Documents\Synergy\Working\ses_dev_ea4\MM073A_FordMsg3CABusHiSpd_Impl\src\FordMsg3CABusHiSpd.c" Line="1078" Column="16">
</Loc>
<Message>
Identifiers "FordVehLaneKeepSysCrvtRaw_Cnt_T_u16" (FordMsg3CABusHiSpd.c line 292 column 114) and "FordVehLaneKeepSysCrvtRaw_Cnt_T_u16" (FordMsg3CABusHiSpd.c line 1078 column 16) have the same first 35 characters.
Identifiers "FordVehLaneKeepSysCrvtRaw_Cnt_T_u16" (FordMsg3CABusHiSpd.c line 304 column 29) and "FordVehLaneKeepSysCrvtRaw_Cnt_T_u16" (FordMsg3CABusHiSpd.c line 1078 column 16) have the same first 35 characters.
</Message>
</Rule>

<Rule Name="5.1" Mode="required" Report="warning" Id="79">
<Loc File="C:\Users\NZ5334\Documents\Synergy\Working\ses_dev_ea4\MM073A_FordMsg3CABusHiSpd_Impl\src\FordMsg3CABusHiSpd.c" Line="1079" Column="16">
</Loc>
<Message>
Identifiers "FordVehLaneKeepSysReqdAgRaw_Cnt_T_u16" (FordMsg3CABusHiSpd.c line 295 column 114) and "FordVehLaneKeepSysReqdAgRaw_Cnt_T_u16" (FordMsg3CABusHiSpd.c line 1079 column 16) have the same first 37 characters.
Identifiers "FordVehLaneKeepSysReqdAgRaw_Cnt_T_u16" (FordMsg3CABusHiSpd.c line 305 column 60) and "FordVehLaneKeepSysReqdAgRaw_Cnt_T_u16" (FordMsg3CABusHiSpd.c line 1079 column 16) have the same first 37 characters.
</Message>
</Rule>

<Rule Name="5.1" Mode="required" Report="warning" Id="80">
<Loc File="C:\Users\NZ5334\Documents\Synergy\Working\ses_dev_ea4\MM073A_FordMsg3CABusHiSpd_Impl\src\FordMsg3CABusHiSpd.c" Line="1080" Column="16">
</Loc>
<Message>
Identifiers "BusHiSpdMissTiThd_MilliSec_T_u16" (FordMsg3CABusHiSpd.c line 274 column 60) and "BusHiSpdMissTiThd_MilliSec_T_u16" (FordMsg3CABusHiSpd.c line 1080 column 16) have the same first 32 characters.
Identifiers "BusHiSpdMissTiThd_MilliSec_T_u16" (FordMsg3CABusHiSpd.c line 279 column 69) and "BusHiSpdMissTiThd_MilliSec_T_u16" (FordMsg3CABusHiSpd.c line 1080 column 16) have the same first 32 characters.
</Message>
</Rule>

<Rule Name="5.1" Mode="required" Report="warning" Id="81">
<Loc File="C:\Users\NZ5334\Documents\Synergy\Working\ses_dev_ea4\MM073A_FordMsg3CABusHiSpd_Impl\src\FordMsg3CABusHiSpd.c" Line="1081" Column="16">
</Loc>
<Message>
Identifiers "BusHiSpdLaneKeepSysReqdAgInvldTiThd_MilliSec_T_u16" (FordMsg3CABusHiSpd.c line 275 column 112) and "BusHiSpdLaneKeepSysReqdAgInvldTiThd_MilliSec_T_u16" (FordMsg3CABusHiSpd.c line 1081 column 16) have the same first 50 characters.
Identifiers "BusHiSpdLaneKeepSysReqdAgInvldTiThd_MilliSec_T_u16" (FordMsg3CABusHiSpd.c line 283 column 151) and "BusHiSpdLaneKeepSysReqdAgInvldTiThd_MilliSec_T_u16" (FordMsg3CABusHiSpd.c line 1081 column 16) have the same first 50 characters.
</Message>
</Rule>

<Rule Name="5.1" Mode="required" Report="warning" Id="82">
<Loc File="C:\Users\NZ5334\Documents\Synergy\Working\ses_dev_ea4\MM073A_FordMsg3CABusHiSpd_Impl\src\FordMsg3CABusHiSpd.c" Line="1082" Column="16">
</Loc>
<Message>
Identifiers "BusHiSpdLaneKeepSysCrvInvldTiThd_MilliSec_T_u16" (FordMsg3CABusHiSpd.c line 281 column 48) and "BusHiSpdLaneKeepSysCrvInvldTiThd_MilliSec_T_u16" (FordMsg3CABusHiSpd.c line 1082 column 16) have the same first 47 characters.
Identifiers "BusHiSpdLaneKeepSysCrvInvldTiThd_MilliSec_T_u16" (FordMsg3CABusHiSpd.c line 276 column 112) and "BusHiSpdLaneKeepSysCrvInvldTiThd_MilliSec_T_u16" (FordMsg3CABusHiSpd.c line 1082 column 16) have the same first 47 characters.
</Message>
</Rule>

<Rule Name="5.1" Mode="required" Report="warning" Id="83">
<Loc File="C:\Users\NZ5334\Documents\Synergy\Working\ses_dev_ea4\MM073A_FordMsg3CABusHiSpd_Impl\src\FordMsg3CABusHiSpd.c" Line="1087" Column="16">
</Loc>
<Message>
Identifiers "FordVehLaneKeepSysReqdAg_MilliRad_T_f32" (FordMsg3CABusHiSpd.c line 296 column 115) and "FordVehLaneKeepSysReqdAg_MilliRad_T_f32" (FordMsg3CABusHiSpd.c line 1087 column 16) have the same first 39 characters.
</Message>
</Rule>

<Rule Name="5.1" Mode="required" Report="warning" Id="84">
<Loc File="C:\Users\NZ5334\Documents\Synergy\Working\ses_dev_ea4\MM073A_FordMsg3CABusHiSpd_Impl\src\FordMsg3CABusHiSpd.c" Line="1088" Column="16">
</Loc>
<Message>
Identifiers "FordVehLaneKeepSysCrvt_IvsMtr_T_f32" (FordMsg3CABusHiSpd.c line 293 column 115) and "FordVehLaneKeepSysCrvt_IvsMtr_T_f32" (FordMsg3CABusHiSpd.c line 1088 column 16) have the same first 35 characters.
</Message>
</Rule>

<Rule Name="5.1" Mode="required" Report="warning" Id="85">
<Loc File="C:\Users\NZ5334\Documents\Synergy\Working\ses_dev_ea4\MM073A_FordMsg3CABusHiSpd_Impl\src\FordMsg3CABusHiSpd.c" Line="1091" Column="16">
</Loc>
<Message>
Identifiers "FordLaneDetnWarnEnad_Cnt_T_logl" (FordMsg3CABusHiSpd.c line 265 column 29) and "FordLaneDetnWarnEnad_Cnt_T_logl" (FordMsg3CABusHiSpd.c line 1091 column 16) have the same first 31 characters.
</Message>
</Rule>

<Rule Name="5.1" Mode="required" Report="warning" Id="86">
<Loc File="C:\Users\NZ5334\Documents\Synergy\Working\ses_dev_ea4\MM073A_FordMsg3CABusHiSpd_Impl\src\FordMsg3CABusHiSpd.c" Line="1092" Column="16">
</Loc>
<Message>
Identifiers "FordLaneKeepAssiEnad_Cnt_T_logl" (FordMsg3CABusHiSpd.c line 266 column 60) and "FordLaneKeepAssiEnad_Cnt_T_logl" (FordMsg3CABusHiSpd.c line 1092 column 16) have the same first 31 characters.
</Message>
</Rule>

<Rule Name="5.1" Mode="required" Report="warning" Id="87">
<Loc File="C:\Users\NZ5334\Documents\Synergy\Working\ses_dev_ea4\MM073A_FordMsg3CABusHiSpd_Impl\src\FordMsg3CABusHiSpd.c" Line="1093" Column="16">
</Loc>
<Message>
Identifiers "FordVehLaneAssiImgProcgModlAVld_Cnt_T_logl" (FordMsg3CABusHiSpd.c line 320 column 115) and "FordVehLaneAssiImgProcgModlAVld_Cnt_T_logl" (FordMsg3CABusHiSpd.c line 1093 column 16) have the same first 42 characters.
Identifiers "FordVehLaneAssiImgProcgModlAVld_Cnt_T_logl" (FordMsg3CABusHiSpd.c line 300 column 115) and "FordVehLaneAssiImgProcgModlAVld_Cnt_T_logl" (FordMsg3CABusHiSpd.c line 1093 column 16) have the same first 42 characters.
</Message>
</Rule>

<Rule Name="5.1" Mode="required" Report="warning" Id="88">
<Loc File="C:\Users\NZ5334\Documents\Synergy\Working\ses_dev_ea4\MM073A_FordMsg3CABusHiSpd_Impl\src\FordMsg3CABusHiSpd.c" Line="1095" Column="16">
</Loc>
<Message>
Identifiers "ClrDiagcFlgProxyDiagEna_Cnt_T_logl" (FordMsg3CABusHiSpd.c line 270 column 113) and "ClrDiagcFlgProxyDiagEna_Cnt_T_logl" (FordMsg3CABusHiSpd.c line 1095 column 16) have the same first 34 characters.
</Message>
</Rule>

<Rule Name="5.1" Mode="required" Report="warning" Id="89">
<Loc File="C:\Users\NZ5334\Documents\Synergy\Working\ses_dev_ea4\MM073A_FordMsg3CABusHiSpd_Impl\src\FordMsg3CABusHiSpd.c" Line="1097" Column="16">
</Loc>
<Message>
Identifiers "LaneKeepSysCrvtRawVldInp_Cnt_T_logl" (FordMsg3CABusHiSpd.c line 282 column 80) and "LaneKeepSysCrvtRawVldInp_Cnt_T_logl" (FordMsg3CABusHiSpd.c line 1097 column 16) have the same first 35 characters.
Identifiers "LaneKeepSysCrvtRawVldInp_Cnt_T_logl" (FordMsg3CABusHiSpd.c line 318 column 114) and "LaneKeepSysCrvtRawVldInp_Cnt_T_logl" (FordMsg3CABusHiSpd.c line 1097 column 16) have the same first 35 characters.
Identifiers "LaneKeepSysCrvtRawVldInp_Cnt_T_logl" (FordMsg3CABusHiSpd.c line 306 column 113) and "LaneKeepSysCrvtRawVldInp_Cnt_T_logl" (FordMsg3CABusHiSpd.c line 1097 column 16) have the same first 35 characters.
Identifiers "LaneKeepSysCrvtRawVldInp_Cnt_T_logl" (FordMsg3CABusHiSpd.c line 301 column 115) and "LaneKeepSysCrvtRawVldInp_Cnt_T_logl" (FordMsg3CABusHiSpd.c line 1097 column 16) have the same first 35 characters.
</Message>
</Rule>

<Rule Name="5.1" Mode="required" Report="warning" Id="90">
<Loc File="C:\Users\NZ5334\Documents\Synergy\Working\ses_dev_ea4\MM073A_FordMsg3CABusHiSpd_Impl\src\FordMsg3CABusHiSpd.c" Line="1098" Column="16">
</Loc>
<Message>
Identifiers "LaneKeepSysReqdAgRawVldInp_Cnt_T_logl" (FordMsg3CABusHiSpd.c line 284 column 152) and "LaneKeepSysReqdAgRawVldInp_Cnt_T_logl" (FordMsg3CABusHiSpd.c line 1098 column 16) have the same first 37 characters.
Identifiers "LaneKeepSysReqdAgRawVldInp_Cnt_T_logl" (FordMsg3CABusHiSpd.c line 302 column 115) and "LaneKeepSysReqdAgRawVldInp_Cnt_T_logl" (FordMsg3CABusHiSpd.c line 1098 column 16) have the same first 37 characters.
Identifiers "LaneKeepSysReqdAgRawVldInp_Cnt_T_logl" (FordMsg3CABusHiSpd.c line 319 column 114) and "LaneKeepSysReqdAgRawVldInp_Cnt_T_logl" (FordMsg3CABusHiSpd.c line 1098 column 16) have the same first 37 characters.
Identifiers "LaneKeepSysReqdAgRawVldInp_Cnt_T_logl" (FordMsg3CABusHiSpd.c line 307 column 113) and "LaneKeepSysReqdAgRawVldInp_Cnt_T_logl" (FordMsg3CABusHiSpd.c line 1098 column 16) have the same first 37 characters.
</Message>
</Rule>

<Rule Name="5.1" Mode="required" Report="warning" Id="91">
<Loc File="C:\Users\NZ5334\Documents\Synergy\Working\ses_dev_ea4\MM073A_FordMsg3CABusHiSpd_Impl\src\FordMsg3CABusHiSpd.c" Line="1100" Column="33">
</Loc>
<Message>
Identifiers "Ford_LaCurvature_No_Calc_Cnt_T_enum" (FordMsg3CABusHiSpd.c line 286 column 48) and "Ford_LaCurvature_No_Calc_Cnt_T_enum" (FordMsg3CABusHiSpd.c line 1100 column 33) have the same first 35 characters.
</Message>
</Rule>

<Rule Name="5.1" Mode="required" Report="warning" Id="92">
<Loc File="C:\Users\NZ5334\Documents\Synergy\Working\ses_dev_ea4\MM073A_FordMsg3CABusHiSpd_Impl\src\FordMsg3CABusHiSpd.c" Line="1101" Column="33">
</Loc>
<Message>
Identifiers "Ford_LaRefAng_No_Req_Cnt_T_enum" (FordMsg3CABusHiSpd.c line 288 column 127) and "Ford_LaRefAng_No_Req_Cnt_T_enum" (FordMsg3CABusHiSpd.c line 1101 column 33) have the same first 31 characters.
</Message>
</Rule>

<Rule Name="5.1" Mode="required" Report="warning" Id="93">
<Loc File="C:\Users\NZ5334\Documents\Synergy\Working\ses_dev_ea4\MM073A_FordMsg3CABusHiSpd_Impl\src\FordMsg3CABusHiSpd.c" Line="1102" Column="33">
</Loc>
<Message>
Identifiers "Ford_LaRampType_B_Req_Cnt_T_enum" (FordMsg3CABusHiSpd.c line 287 column 76) and "Ford_LaRampType_B_Req_Cnt_T_enum" (FordMsg3CABusHiSpd.c line 1102 column 33) have the same first 32 characters.
</Message>
</Rule>

<Rule Name="5.1" Mode="required" Report="warning" Id="94">
<Loc File="C:\Users\NZ5334\Documents\Synergy\Working\ses_dev_ea4\MM073A_FordMsg3CABusHiSpd_Impl\src\FordMsg3CABusHiSpd.c" Line="1103" Column="33">
</Loc>
<Message>
Identifiers "Ford_LdwActvIntns_D_Req_Cnt_T_enum" (FordMsg3CABusHiSpd.c line 289 column 130) and "Ford_LdwActvIntns_D_Req_Cnt_T_enum" (FordMsg3CABusHiSpd.c line 1103 column 33) have the same first 34 characters.
</Message>
</Rule>

<Rule Name="5.1" Mode="required" Report="warning" Id="95">
<Loc File="C:\Users\NZ5334\Documents\Synergy\Working\ses_dev_ea4\MM073A_FordMsg3CABusHiSpd_Impl\src\FordMsg3CABusHiSpd.c" Line="1104" Column="33">
</Loc>
<Message>
Identifiers "Ford_LdwActvStats_D_Req_Cnt_T_enum" (FordMsg3CABusHiSpd.c line 290 column 130) and "Ford_LdwActvStats_D_Req_Cnt_T_enum" (FordMsg3CABusHiSpd.c line 1104 column 33) have the same first 34 characters.
</Message>
</Rule>

<Rule Name="5.1" Mode="required" Report="warning" Id="96">
<Loc File="C:\Users\NZ5334\Documents\Synergy\Working\ses_dev_ea4\MM073A_FordMsg3CABusHiSpd_Impl\src\FordMsg3CABusHiSpd.c" Line="1105" Column="33">
</Loc>
<Message>
Identifiers "Ford_LkaActvStats_D2_Req_Cnt_T_enum" (FordMsg3CABusHiSpd.c line 291 column 131) and "Ford_LkaActvStats_D2_Req_Cnt_T_enum" (FordMsg3CABusHiSpd.c line 1105 column 33) have the same first 35 characters.
</Message>
</Rule>

<Rule Name="9.1" Mode="required" Report="warning" Id="97">
<Loc File="C:\Users\NZ5334\Documents\Synergy\Working\ses_dev_ea4\MM073A_FordMsg3CABusHiSpd_Impl\src\FordMsg3CABusHiSpd.c" Line="1121" Column="16">
</Loc>
<Message>
All automatic variables shall have been assigned a value before being used.
</Message>
</Rule>

<Rule Name="9.1" Mode="required" Report="warning" Id="98">
<Loc File="C:\Users\NZ5334\Documents\Synergy\Working\ses_dev_ea4\MM073A_FordMsg3CABusHiSpd_Impl\src\FordMsg3CABusHiSpd.c" Line="1122" Column="24">
</Loc>
<Message>
All automatic variables shall have been assigned a value before being used.
</Message>
</Rule>

<Rule Name="9.1" Mode="required" Report="warning" Id="99">
<Loc File="C:\Users\NZ5334\Documents\Synergy\Working\ses_dev_ea4\MM073A_FordMsg3CABusHiSpd_Impl\src\FordMsg3CABusHiSpd.c" Line="1123" Column="24">
</Loc>
<Message>
All automatic variables shall have been assigned a value before being used.
</Message>
</Rule>

<Rule Name="9.1" Mode="required" Report="warning" Id="100">
<Loc File="C:\Users\NZ5334\Documents\Synergy\Working\ses_dev_ea4\MM073A_FordMsg3CABusHiSpd_Impl\src\FordMsg3CABusHiSpd.c" Line="1124" Column="24">
</Loc>
<Message>
All automatic variables shall have been assigned a value before being used.
</Message>
</Rule>

<Rule Name="9.1" Mode="required" Report="warning" Id="101">
<Loc File="C:\Users\NZ5334\Documents\Synergy\Working\ses_dev_ea4\MM073A_FordMsg3CABusHiSpd_Impl\src\FordMsg3CABusHiSpd.c" Line="1131" Column="16">
</Loc>
<Message>
All automatic variables shall have been assigned a value before being used.
</Message>
</Rule>

<Rule Name="21.1" Mode="required" Report="warning" Id="102">
<Loc File="C:\Users\NZ5334\Documents\Synergy\Working\ses_dev_ea4\MM073A_FordMsg3CABusHiSpd_Impl\src\FordMsg3CABusHiSpd.c" Line="1137" Column="17">
</Loc>
<Message>
Minimisation of run-time failures.
</Message>
</Rule>

<Rule Name="21.1" Mode="required" Report="warning" Id="103">
<Loc File="C:\Users\NZ5334\Documents\Synergy\Working\ses_dev_ea4\MM073A_FordMsg3CABusHiSpd_Impl\src\FordMsg3CABusHiSpd.c" Line="1155" Column="82">
</Loc>
<Message>
Minimisation of run-time failures.
</Message>
</Rule>

<Rule Name="21.1" Mode="required" Report="warning" Id="104">
<Loc File="C:\Users\NZ5334\Documents\Synergy\Working\ses_dev_ea4\MM073A_FordMsg3CABusHiSpd_Impl\src\FordMsg3CABusHiSpd.c" Line="1164" Column="69">
</Loc>
<Message>
Minimisation of run-time failures.
</Message>
</Rule>

<Rule Name="21.1" Mode="required" Report="warning" Id="105">
<Loc File="C:\Users\NZ5334\Documents\Synergy\Working\ses_dev_ea4\MM073A_FordMsg3CABusHiSpd_Impl\src\FordMsg3CABusHiSpd.c" Line="1170" Column="54">
</Loc>
<Message>
Minimisation of run-time failures.
</Message>
</Rule>

<Rule Name="21.1" Mode="required" Report="warning" Id="106">
<Loc File="C:\Users\NZ5334\Documents\Synergy\Working\ses_dev_ea4\MM073A_FordMsg3CABusHiSpd_Impl\src\FordMsg3CABusHiSpd.c" Line="1171" Column="54">
</Loc>
<Message>
Minimisation of run-time failures.
</Message>
</Rule>

<Rule Name="21.1" Mode="required" Report="warning" Id="107">
<Loc File="C:\Users\NZ5334\Documents\Synergy\Working\ses_dev_ea4\MM073A_FordMsg3CABusHiSpd_Impl\src\FordMsg3CABusHiSpd.c" Line="1172" Column="54">
</Loc>
<Message>
Minimisation of run-time failures.
</Message>
</Rule>

<Rule Name="21.1" Mode="required" Report="warning" Id="108">
<Loc File="C:\Users\NZ5334\Documents\Synergy\Working\ses_dev_ea4\MM073A_FordMsg3CABusHiSpd_Impl\src\FordMsg3CABusHiSpd.c" Line="1173" Column="56">
</Loc>
<Message>
Minimisation of run-time failures.
</Message>
</Rule>

<Rule Name="21.1" Mode="required" Report="warning" Id="109">
<Loc File="C:\Users\NZ5334\Documents\Synergy\Working\ses_dev_ea4\MM073A_FordMsg3CABusHiSpd_Impl\src\FordMsg3CABusHiSpd.c" Line="1174" Column="58">
</Loc>
<Message>
Minimisation of run-time failures.
</Message>
</Rule>

<Rule Name="21.1" Mode="required" Report="warning" Id="110">
<Loc File="C:\Users\NZ5334\Documents\Synergy\Working\ses_dev_ea4\MM073A_FordMsg3CABusHiSpd_Impl\src\FordMsg3CABusHiSpd.c" Line="1175" Column="53">
</Loc>
<Message>
Minimisation of run-time failures.
</Message>
</Rule>

<Rule Name="21.1" Mode="required" Report="warning" Id="111">
<Loc File="C:\Users\NZ5334\Documents\Synergy\Working\ses_dev_ea4\MM073A_FordMsg3CABusHiSpd_Impl\src\FordMsg3CABusHiSpd.c" Line="1176" Column="51">
</Loc>
<Message>
Minimisation of run-time failures.
</Message>
</Rule>

<Rule Name="21.1" Mode="required" Report="warning" Id="112">
<Loc File="C:\Users\NZ5334\Documents\Synergy\Working\ses_dev_ea4\MM073A_FordMsg3CABusHiSpd_Impl\src\FordMsg3CABusHiSpd.c" Line="1177" Column="50">
</Loc>
<Message>
Minimisation of run-time failures.
</Message>
</Rule>

<Rule Name="21.1" Mode="required" Report="warning" Id="113">
<Loc File="C:\Users\NZ5334\Documents\Synergy\Working\ses_dev_ea4\MM073A_FordMsg3CABusHiSpd_Impl\src\FordMsg3CABusHiSpd.c" Line="1180" Column="16">
</Loc>
<Message>
Minimisation of run-time failures.
</Message>
</Rule>

<Rule Name="21.1" Mode="required" Report="warning" Id="114">
<Loc File="C:\Users\NZ5334\Documents\Synergy\Working\ses_dev_ea4\MM073A_FordMsg3CABusHiSpd_Impl\src\FordMsg3CABusHiSpd.c" Line="1181" Column="16">
</Loc>
<Message>
Minimisation of run-time failures.
</Message>
</Rule>

<Rule Name="21.1" Mode="required" Report="warning" Id="115">
<Loc File="C:\Users\NZ5334\Documents\Synergy\Working\ses_dev_ea4\MM073A_FordMsg3CABusHiSpd_Impl\src\FordMsg3CABusHiSpd.c" Line="1182" Column="16">
</Loc>
<Message>
Minimisation of run-time failures.
</Message>
</Rule>

<Rule Name="21.1" Mode="required" Report="warning" Id="116">
<Loc File="C:\Users\NZ5334\Documents\Synergy\Working\ses_dev_ea4\MM073A_FordMsg3CABusHiSpd_Impl\src\FordMsg3CABusHiSpd.c" Line="1183" Column="16">
</Loc>
<Message>
Minimisation of run-time failures.
</Message>
</Rule>

<Rule Name="21.1" Mode="required" Report="warning" Id="117">
<Loc File="C:\Users\NZ5334\Documents\Synergy\Working\ses_dev_ea4\MM073A_FordMsg3CABusHiSpd_Impl\src\FordMsg3CABusHiSpd.c" Line="1184" Column="16">
</Loc>
<Message>
Minimisation of run-time failures.
</Message>
</Rule>

<Rule Name="21.1" Mode="required" Report="warning" Id="118">
<Loc File="C:\Users\NZ5334\Documents\Synergy\Working\ses_dev_ea4\MM073A_FordMsg3CABusHiSpd_Impl\src\FordMsg3CABusHiSpd.c" Line="1185" Column="16">
</Loc>
<Message>
Minimisation of run-time failures.
</Message>
</Rule>

<Rule Name="21.1" Mode="required" Report="warning" Id="119">
<Loc File="C:\Users\NZ5334\Documents\Synergy\Working\ses_dev_ea4\MM073A_FordMsg3CABusHiSpd_Impl\src\FordMsg3CABusHiSpd.c" Line="1186" Column="16">
</Loc>
<Message>
Minimisation of run-time failures.
</Message>
</Rule>

<Rule Name="21.1" Mode="required" Report="warning" Id="120">
<Loc File="C:\Users\NZ5334\Documents\Synergy\Working\ses_dev_ea4\MM073A_FordMsg3CABusHiSpd_Impl\src\FordMsg3CABusHiSpd.c" Line="1187" Column="16">
</Loc>
<Message>
Minimisation of run-time failures.
</Message>
</Rule>

<Rule Name="9.1" Mode="required" Report="warning" Id="121">
<Loc File="C:\Users\NZ5334\Documents\Synergy\Working\ses_dev_ea4\MM073A_FordMsg3CABusHiSpd_Impl\src\FordMsg3CABusHiSpd.c" Line="1193" Column="26">
</Loc>
<Message>
All automatic variables shall have been assigned a value before being used.
</Message>
</Rule>

<Rule Name="9.1" Mode="required" Report="warning" Id="122">
<Loc File="C:\Users\NZ5334\Documents\Synergy\Working\ses_dev_ea4\MM073A_FordMsg3CABusHiSpd_Impl\src\FordMsg3CABusHiSpd.c" Line="1194" Column="32">
</Loc>
<Message>
All automatic variables shall have been assigned a value before being used.
</Message>
</Rule>

<Rule Name="9.1" Mode="required" Report="warning" Id="123">
<Loc File="C:\Users\NZ5334\Documents\Synergy\Working\ses_dev_ea4\MM073A_FordMsg3CABusHiSpd_Impl\src\FordMsg3CABusHiSpd.c" Line="1195" Column="32">
</Loc>
<Message>
All automatic variables shall have been assigned a value before being used.
</Message>
</Rule>

<Rule Name="9.1" Mode="required" Report="warning" Id="124">
<Loc File="C:\Users\NZ5334\Documents\Synergy\Working\ses_dev_ea4\MM073A_FordMsg3CABusHiSpd_Impl\src\FordMsg3CABusHiSpd.c" Line="1196" Column="32">
</Loc>
<Message>
All automatic variables shall have been assigned a value before being used.
</Message>
</Rule>

<Rule Name="9.1" Mode="required" Report="warning" Id="125">
<Loc File="C:\Users\NZ5334\Documents\Synergy\Working\ses_dev_ea4\MM073A_FordMsg3CABusHiSpd_Impl\src\FordMsg3CABusHiSpd.c" Line="1197" Column="32">
</Loc>
<Message>
All automatic variables shall have been assigned a value before being used.
</Message>
</Rule>

<Rule Name="9.1" Mode="required" Report="warning" Id="126">
<Loc File="C:\Users\NZ5334\Documents\Synergy\Working\ses_dev_ea4\MM073A_FordMsg3CABusHiSpd_Impl\src\FordMsg3CABusHiSpd.c" Line="1198" Column="32">
</Loc>
<Message>
All automatic variables shall have been assigned a value before being used.
</Message>
</Rule>

<Rule Name="21.1" Mode="required" Report="warning" Id="127">
<Loc File="C:\Users\NZ5334\Documents\Synergy\Working\ses_dev_ea4\MM073A_FordMsg3CABusHiSpd_Impl\src\FordMsg3CABusHiSpd.c" Line="1214" Column="90">
</Loc>
<Message>
Minimisation of run-time failures.
</Message>
</Rule>

<Rule Name="21.1" Mode="required" Report="warning" Id="128">
<Loc File="C:\Users\NZ5334\Documents\Synergy\Working\ses_dev_ea4\MM073A_FordMsg3CABusHiSpd_Impl\src\FordMsg3CABusHiSpd.c" Line="1245" Column="24">
</Loc>
<Message>
Minimisation of run-time failures.
</Message>
</Rule>

<Rule Name="21.1" Mode="required" Report="warning" Id="129">
<Loc File="C:\Users\NZ5334\Documents\Synergy\Working\ses_dev_ea4\MM073A_FordMsg3CABusHiSpd_Impl\src\FordMsg3CABusHiSpd.c" Line="1246" Column="24">
</Loc>
<Message>
Minimisation of run-time failures.
</Message>
</Rule>

<Rule Name="21.1" Mode="required" Report="warning" Id="130">
<Loc File="C:\Users\NZ5334\Documents\Synergy\Working\ses_dev_ea4\MM073A_FordMsg3CABusHiSpd_Impl\src\FordMsg3CABusHiSpd.c" Line="1247" Column="24">
</Loc>
<Message>
Minimisation of run-time failures.
</Message>
</Rule>

<Rule Name="21.1" Mode="required" Report="warning" Id="131">
<Loc File="C:\Users\NZ5334\Documents\Synergy\Working\ses_dev_ea4\MM073A_FordMsg3CABusHiSpd_Impl\src\FordMsg3CABusHiSpd.c" Line="1248" Column="24">
</Loc>
<Message>
Minimisation of run-time failures.
</Message>
</Rule>

<Rule Name="21.1" Mode="required" Report="warning" Id="132">
<Loc File="C:\Users\NZ5334\Documents\Synergy\Working\ses_dev_ea4\MM073A_FordMsg3CABusHiSpd_Impl\src\FordMsg3CABusHiSpd.c" Line="1258" Column="24">
</Loc>
<Message>
Minimisation of run-time failures.
</Message>
</Rule>

<Rule Name="21.1" Mode="required" Report="warning" Id="133">
<Loc File="C:\Users\NZ5334\Documents\Synergy\Working\ses_dev_ea4\MM073A_FordMsg3CABusHiSpd_Impl\src\FordMsg3CABusHiSpd.c" Line="1259" Column="24">
</Loc>
<Message>
Minimisation of run-time failures.
</Message>
</Rule>

<Rule Name="21.1" Mode="required" Report="warning" Id="134">
<Loc File="C:\Users\NZ5334\Documents\Synergy\Working\ses_dev_ea4\MM073A_FordMsg3CABusHiSpd_Impl\src\FordMsg3CABusHiSpd.c" Line="1260" Column="24">
</Loc>
<Message>
Minimisation of run-time failures.
</Message>
</Rule>

<Rule Name="21.1" Mode="required" Report="warning" Id="135">
<Loc File="C:\Users\NZ5334\Documents\Synergy\Working\ses_dev_ea4\MM073A_FordMsg3CABusHiSpd_Impl\src\FordMsg3CABusHiSpd.c" Line="1261" Column="24">
</Loc>
<Message>
Minimisation of run-time failures.
</Message>
</Rule>

<Rule Name="21.1" Mode="required" Report="warning" Id="136">
<Loc File="C:\Users\NZ5334\Documents\Synergy\Working\ses_dev_ea4\MM073A_FordMsg3CABusHiSpd_Impl\src\FordMsg3CABusHiSpd.c" Line="1262" Column="24">
</Loc>
<Message>
Minimisation of run-time failures.
</Message>
</Rule>

<Rule Name="21.1" Mode="required" Report="warning" Id="137">
<Loc File="C:\Users\NZ5334\Documents\Synergy\Working\ses_dev_ea4\MM073A_FordMsg3CABusHiSpd_Impl\src\FordMsg3CABusHiSpd.c" Line="1269" Column="16">
</Loc>
<Message>
Minimisation of run-time failures.
</Message>
</Rule>

<Rule Name="21.1" Mode="required" Report="warning" Id="138">
<Loc File="C:\Users\NZ5334\Documents\Synergy\Working\ses_dev_ea4\MM073A_FordMsg3CABusHiSpd_Impl\src\FordMsg3CABusHiSpd.c" Line="1270" Column="16">
</Loc>
<Message>
Minimisation of run-time failures.
</Message>
</Rule>

<Rule Name="21.1" Mode="required" Report="warning" Id="139">
<Loc File="C:\Users\NZ5334\Documents\Synergy\Working\ses_dev_ea4\MM073A_FordMsg3CABusHiSpd_Impl\src\FordMsg3CABusHiSpd.c" Line="1280" Column="8">
</Loc>
<Message>
Minimisation of run-time failures.
</Message>
</Rule>

<Rule Name="21.1" Mode="required" Report="warning" Id="140">
<Loc File="C:\Users\NZ5334\Documents\Synergy\Working\ses_dev_ea4\MM073A_FordMsg3CABusHiSpd_Impl\src\FordMsg3CABusHiSpd.c" Line="1281" Column="8">
</Loc>
<Message>
Minimisation of run-time failures.
</Message>
</Rule>

<Rule Name="21.1" Mode="required" Report="warning" Id="141">
<Loc File="C:\Users\NZ5334\Documents\Synergy\Working\ses_dev_ea4\MM073A_FordMsg3CABusHiSpd_Impl\src\FordMsg3CABusHiSpd.c" Line="1282" Column="8">
</Loc>
<Message>
Minimisation of run-time failures.
</Message>
</Rule>

<Rule Name="21.1" Mode="required" Report="warning" Id="142">
<Loc File="C:\Users\NZ5334\Documents\Synergy\Working\ses_dev_ea4\MM073A_FordMsg3CABusHiSpd_Impl\src\FordMsg3CABusHiSpd.c" Line="1283" Column="8">
</Loc>
<Message>
Minimisation of run-time failures.
</Message>
</Rule>

<Rule Name="21.1" Mode="required" Report="warning" Id="143">
<Loc File="C:\Users\NZ5334\Documents\Synergy\Working\ses_dev_ea4\MM073A_FordMsg3CABusHiSpd_Impl\src\FordMsg3CABusHiSpd.c" Line="1284" Column="8">
</Loc>
<Message>
Minimisation of run-time failures.
</Message>
</Rule>

<Rule Name="21.1" Mode="required" Report="warning" Id="144">
<Loc File="C:\Users\NZ5334\Documents\Synergy\Working\ses_dev_ea4\MM073A_FordMsg3CABusHiSpd_Impl\src\FordMsg3CABusHiSpd.c" Line="1285" Column="8">
</Loc>
<Message>
Minimisation of run-time failures.
</Message>
</Rule>

<Rule Name="21.1" Mode="required" Report="warning" Id="145">
<Loc File="C:\Users\NZ5334\Documents\Synergy\Working\ses_dev_ea4\MM073A_FordMsg3CABusHiSpd_Impl\src\FordMsg3CABusHiSpd.c" Line="1286" Column="8">
</Loc>
<Message>
Minimisation of run-time failures.
</Message>
</Rule>

<Rule Name="21.1" Mode="required" Report="warning" Id="146">
<Loc File="C:\Users\NZ5334\Documents\Synergy\Working\ses_dev_ea4\MM073A_FordMsg3CABusHiSpd_Impl\src\FordMsg3CABusHiSpd.c" Line="1287" Column="8">
</Loc>
<Message>
Minimisation of run-time failures.
</Message>
</Rule>

<Rule Name="21.1" Mode="required" Report="warning" Id="147">
<Loc File="C:\Users\NZ5334\Documents\Synergy\Working\ses_dev_ea4\MM073A_FordMsg3CABusHiSpd_Impl\src\FordMsg3CABusHiSpd.c" Line="1288" Column="8">
</Loc>
<Message>
Minimisation of run-time failures.
</Message>
</Rule>

<Rule Name="5.1" Mode="required" Report="warning" Id="148">
<Loc File="C:\Users\NZ5334\Documents\Synergy\Working\ses_dev_ea4\MM073A_FordMsg3CABusHiSpd_Impl\src\FordMsg3CABusHiSpd.c" Line="1326" Column="28">
</Loc>
<Message>
Identifiers "FordLaneDetnWarnEnad_Cnt_T_logl" (FordMsg3CABusHiSpd.c line 1326 column 28) and "FordLaneDetnWarnEnad_Cnt_T_logl" (FordMsg3CABusHiSpd.c line 1091 column 16) have the same first 31 characters.
</Message>
</Rule>

<Rule Name="5.1" Mode="required" Report="warning" Id="149">
<Loc File="C:\Users\NZ5334\Documents\Synergy\Working\ses_dev_ea4\MM073A_FordMsg3CABusHiSpd_Impl\src\FordMsg3CABusHiSpd.c" Line="1327" Column="60">
</Loc>
<Message>
Identifiers "FordLaneKeepAssiEnad_Cnt_T_logl" (FordMsg3CABusHiSpd.c line 1327 column 60) and "FordLaneKeepAssiEnad_Cnt_T_logl" (FordMsg3CABusHiSpd.c line 1092 column 16) have the same first 31 characters.
</Message>
</Rule>

<Rule Name="5.1" Mode="required" Report="warning" Id="150">
<Loc File="C:\Users\NZ5334\Documents\Synergy\Working\ses_dev_ea4\MM073A_FordMsg3CABusHiSpd_Impl\src\FordMsg3CABusHiSpd.c" Line="1331" Column="113">
</Loc>
<Message>
Identifiers "ClrDiagcFlgProxyDiagEna_Cnt_T_logl" (FordMsg3CABusHiSpd.c line 1331 column 113) and "ClrDiagcFlgProxyDiagEna_Cnt_T_logl" (FordMsg3CABusHiSpd.c line 1095 column 16) have the same first 34 characters.
</Message>
</Rule>

<Rule Name="5.1" Mode="required" Report="warning" Id="151">
<Loc File="C:\Users\NZ5334\Documents\Synergy\Working\ses_dev_ea4\MM073A_FordMsg3CABusHiSpd_Impl\src\FordMsg3CABusHiSpd.c" Line="1378" Column="60">
</Loc>
<Message>
Identifiers "BusHiSpdMissTiThd_MilliSec_T_u16" (FordMsg3CABusHiSpd.c line 1378 column 60) and "BusHiSpdMissTiThd_MilliSec_T_u16" (FordMsg3CABusHiSpd.c line 1080 column 16) have the same first 32 characters.
</Message>
</Rule>

<Rule Name="5.1" Mode="required" Report="warning" Id="152">
<Loc File="C:\Users\NZ5334\Documents\Synergy\Working\ses_dev_ea4\MM073A_FordMsg3CABusHiSpd_Impl\src\FordMsg3CABusHiSpd.c" Line="1379" Column="112">
</Loc>
<Message>
Identifiers "BusHiSpdLaneKeepSysReqdAgInvldTiThd_MilliSec_T_u16" (FordMsg3CABusHiSpd.c line 1379 column 112) and "BusHiSpdLaneKeepSysReqdAgInvldTiThd_MilliSec_T_u16" (FordMsg3CABusHiSpd.c line 1081 column 16) have the same first 50 characters.
</Message>
</Rule>

<Rule Name="5.1" Mode="required" Report="warning" Id="153">
<Loc File="C:\Users\NZ5334\Documents\Synergy\Working\ses_dev_ea4\MM073A_FordMsg3CABusHiSpd_Impl\src\FordMsg3CABusHiSpd.c" Line="1380" Column="112">
</Loc>
<Message>
Identifiers "BusHiSpdLaneKeepSysCrvInvldTiThd_MilliSec_T_u16" (FordMsg3CABusHiSpd.c line 1380 column 112) and "BusHiSpdLaneKeepSysCrvInvldTiThd_MilliSec_T_u16" (FordMsg3CABusHiSpd.c line 1082 column 16) have the same first 47 characters.
</Message>
</Rule>

<Rule Name="5.1" Mode="required" Report="warning" Id="154">
<Loc File="C:\Users\NZ5334\Documents\Synergy\Working\ses_dev_ea4\MM073A_FordMsg3CABusHiSpd_Impl\src\FordMsg3CABusHiSpd.c" Line="1410" Column="69">
</Loc>
<Message>
Identifiers "BusHiSpdMissTiThd_MilliSec_T_u16" (FordMsg3CABusHiSpd.c line 1410 column 69) and "BusHiSpdMissTiThd_MilliSec_T_u16" (FordMsg3CABusHiSpd.c line 1080 column 16) have the same first 32 characters.
</Message>
</Rule>

<Rule Name="5.1" Mode="required" Report="warning" Id="155">
<Loc File="C:\Users\NZ5334\Documents\Synergy\Working\ses_dev_ea4\MM073A_FordMsg3CABusHiSpd_Impl\src\FordMsg3CABusHiSpd.c" Line="1447" Column="47">
</Loc>
<Message>
Identifiers "BusHiSpdLaneKeepSysCrvInvldTiThd_MilliSec_T_u16" (FordMsg3CABusHiSpd.c line 1447 column 47) and "BusHiSpdLaneKeepSysCrvInvldTiThd_MilliSec_T_u16" (FordMsg3CABusHiSpd.c line 1082 column 16) have the same first 47 characters.
</Message>
</Rule>

<Rule Name="5.1" Mode="required" Report="warning" Id="156">
<Loc File="C:\Users\NZ5334\Documents\Synergy\Working\ses_dev_ea4\MM073A_FordMsg3CABusHiSpd_Impl\src\FordMsg3CABusHiSpd.c" Line="1448" Column="80">
</Loc>
<Message>
Identifiers "LaneKeepSysCrvtRawVldInp_Cnt_T_logl" (FordMsg3CABusHiSpd.c line 1448 column 80) and "LaneKeepSysCrvtRawVldInp_Cnt_T_logl" (FordMsg3CABusHiSpd.c line 1097 column 16) have the same first 35 characters.
</Message>
</Rule>

<Rule Name="5.1" Mode="required" Report="warning" Id="157">
<Loc File="C:\Users\NZ5334\Documents\Synergy\Working\ses_dev_ea4\MM073A_FordMsg3CABusHiSpd_Impl\src\FordMsg3CABusHiSpd.c" Line="1449" Column="151">
</Loc>
<Message>
Identifiers "BusHiSpdLaneKeepSysReqdAgInvldTiThd_MilliSec_T_u16" (FordMsg3CABusHiSpd.c line 1449 column 151) and "BusHiSpdLaneKeepSysReqdAgInvldTiThd_MilliSec_T_u16" (FordMsg3CABusHiSpd.c line 1081 column 16) have the same first 50 characters.
</Message>
</Rule>

<Rule Name="5.1" Mode="required" Report="warning" Id="158">
<Loc File="C:\Users\NZ5334\Documents\Synergy\Working\ses_dev_ea4\MM073A_FordMsg3CABusHiSpd_Impl\src\FordMsg3CABusHiSpd.c" Line="1450" Column="152">
</Loc>
<Message>
Identifiers "LaneKeepSysReqdAgRawVldInp_Cnt_T_logl" (FordMsg3CABusHiSpd.c line 1450 column 152) and "LaneKeepSysReqdAgRawVldInp_Cnt_T_logl" (FordMsg3CABusHiSpd.c line 1098 column 16) have the same first 37 characters.
</Message>
</Rule>

<Rule Name="5.1" Mode="required" Report="warning" Id="159">
<Loc File="C:\Users\NZ5334\Documents\Synergy\Working\ses_dev_ea4\MM073A_FordMsg3CABusHiSpd_Impl\src\FordMsg3CABusHiSpd.c" Line="1537" Column="47">
</Loc>
<Message>
Identifiers "Ford_LaCurvature_No_Calc_Cnt_T_enum" (FordMsg3CABusHiSpd.c line 1537 column 47) and "Ford_LaCurvature_No_Calc_Cnt_T_enum" (FordMsg3CABusHiSpd.c line 1100 column 33) have the same first 35 characters.
</Message>
</Rule>

<Rule Name="5.1" Mode="required" Report="warning" Id="160">
<Loc File="C:\Users\NZ5334\Documents\Synergy\Working\ses_dev_ea4\MM073A_FordMsg3CABusHiSpd_Impl\src\FordMsg3CABusHiSpd.c" Line="1538" Column="76">
</Loc>
<Message>
Identifiers "Ford_LaRampType_B_Req_Cnt_T_enum" (FordMsg3CABusHiSpd.c line 1538 column 76) and "Ford_LaRampType_B_Req_Cnt_T_enum" (FordMsg3CABusHiSpd.c line 1102 column 33) have the same first 32 characters.
</Message>
</Rule>

<Rule Name="5.1" Mode="required" Report="warning" Id="161">
<Loc File="C:\Users\NZ5334\Documents\Synergy\Working\ses_dev_ea4\MM073A_FordMsg3CABusHiSpd_Impl\src\FordMsg3CABusHiSpd.c" Line="1539" Column="127">
</Loc>
<Message>
Identifiers "Ford_LaRefAng_No_Req_Cnt_T_enum" (FordMsg3CABusHiSpd.c line 1539 column 127) and "Ford_LaRefAng_No_Req_Cnt_T_enum" (FordMsg3CABusHiSpd.c line 1101 column 33) have the same first 31 characters.
</Message>
</Rule>

<Rule Name="5.1" Mode="required" Report="warning" Id="162">
<Loc File="C:\Users\NZ5334\Documents\Synergy\Working\ses_dev_ea4\MM073A_FordMsg3CABusHiSpd_Impl\src\FordMsg3CABusHiSpd.c" Line="1540" Column="130">
</Loc>
<Message>
Identifiers "Ford_LdwActvIntns_D_Req_Cnt_T_enum" (FordMsg3CABusHiSpd.c line 1540 column 130) and "Ford_LdwActvIntns_D_Req_Cnt_T_enum" (FordMsg3CABusHiSpd.c line 1103 column 33) have the same first 34 characters.
</Message>
</Rule>

<Rule Name="5.1" Mode="required" Report="warning" Id="163">
<Loc File="C:\Users\NZ5334\Documents\Synergy\Working\ses_dev_ea4\MM073A_FordMsg3CABusHiSpd_Impl\src\FordMsg3CABusHiSpd.c" Line="1541" Column="130">
</Loc>
<Message>
Identifiers "Ford_LdwActvStats_D_Req_Cnt_T_enum" (FordMsg3CABusHiSpd.c line 1541 column 130) and "Ford_LdwActvStats_D_Req_Cnt_T_enum" (FordMsg3CABusHiSpd.c line 1104 column 33) have the same first 34 characters.
</Message>
</Rule>

<Rule Name="5.1" Mode="required" Report="warning" Id="164">
<Loc File="C:\Users\NZ5334\Documents\Synergy\Working\ses_dev_ea4\MM073A_FordMsg3CABusHiSpd_Impl\src\FordMsg3CABusHiSpd.c" Line="1542" Column="131">
</Loc>
<Message>
Identifiers "Ford_LkaActvStats_D2_Req_Cnt_T_enum" (FordMsg3CABusHiSpd.c line 1542 column 131) and "Ford_LkaActvStats_D2_Req_Cnt_T_enum" (FordMsg3CABusHiSpd.c line 1105 column 33) have the same first 35 characters.
</Message>
</Rule>

<Rule Name="5.1" Mode="required" Report="warning" Id="165">
<Loc File="C:\Users\NZ5334\Documents\Synergy\Working\ses_dev_ea4\MM073A_FordMsg3CABusHiSpd_Impl\src\FordMsg3CABusHiSpd.c" Line="1543" Column="114">
</Loc>
<Message>
Identifiers "FordVehLaneKeepSysCrvtRaw_Cnt_T_u16" (FordMsg3CABusHiSpd.c line 1543 column 114) and "FordVehLaneKeepSysCrvtRaw_Cnt_T_u16" (FordMsg3CABusHiSpd.c line 1078 column 16) have the same first 35 characters.
</Message>
</Rule>

<Rule Name="5.1" Mode="required" Report="warning" Id="166">
<Loc File="C:\Users\NZ5334\Documents\Synergy\Working\ses_dev_ea4\MM073A_FordMsg3CABusHiSpd_Impl\src\FordMsg3CABusHiSpd.c" Line="1544" Column="115">
</Loc>
<Message>
Identifiers "FordVehLaneKeepSysCrvt_IvsMtr_T_f32" (FordMsg3CABusHiSpd.c line 1544 column 115) and "FordVehLaneKeepSysCrvt_IvsMtr_T_f32" (FordMsg3CABusHiSpd.c line 1088 column 16) have the same first 35 characters.
</Message>
</Rule>

<Rule Name="5.1" Mode="required" Report="warning" Id="167">
<Loc File="C:\Users\NZ5334\Documents\Synergy\Working\ses_dev_ea4\MM073A_FordMsg3CABusHiSpd_Impl\src\FordMsg3CABusHiSpd.c" Line="1545" Column="113">
</Loc>
<Message>
Identifiers "FordVehLaneKeepSysRampTyp_Cnt_T_u08" (FordMsg3CABusHiSpd.c line 1545 column 113) and "FordVehLaneKeepSysRampTyp_Cnt_T_u08" (FordMsg3CABusHiSpd.c line 1075 column 16) have the same first 35 characters.
</Message>
</Rule>

<Rule Name="5.1" Mode="required" Report="warning" Id="168">
<Loc File="C:\Users\NZ5334\Documents\Synergy\Working\ses_dev_ea4\MM073A_FordMsg3CABusHiSpd_Impl\src\FordMsg3CABusHiSpd.c" Line="1546" Column="114">
</Loc>
<Message>
Identifiers "FordVehLaneKeepSysReqdAgRaw_Cnt_T_u16" (FordMsg3CABusHiSpd.c line 1546 column 114) and "FordVehLaneKeepSysReqdAgRaw_Cnt_T_u16" (FordMsg3CABusHiSpd.c line 1079 column 16) have the same first 37 characters.
</Message>
</Rule>

<Rule Name="5.1" Mode="required" Report="warning" Id="169">
<Loc File="C:\Users\NZ5334\Documents\Synergy\Working\ses_dev_ea4\MM073A_FordMsg3CABusHiSpd_Impl\src\FordMsg3CABusHiSpd.c" Line="1547" Column="115">
</Loc>
<Message>
Identifiers "FordVehLaneKeepSysReqdAg_MilliRad_T_f32" (FordMsg3CABusHiSpd.c line 1547 column 115) and "FordVehLaneKeepSysReqdAg_MilliRad_T_f32" (FordMsg3CABusHiSpd.c line 1087 column 16) have the same first 39 characters.
</Message>
</Rule>

<Rule Name="5.1" Mode="required" Report="warning" Id="170">
<Loc File="C:\Users\NZ5334\Documents\Synergy\Working\ses_dev_ea4\MM073A_FordMsg3CABusHiSpd_Impl\src\FordMsg3CABusHiSpd.c" Line="1548" Column="113">
</Loc>
<Message>
Identifiers "FordVehLaneDetnWarnInten_Cnt_T_u08" (FordMsg3CABusHiSpd.c line 1548 column 113) and "FordVehLaneDetnWarnInten_Cnt_T_u08" (FordMsg3CABusHiSpd.c line 1073 column 16) have the same first 34 characters.
</Message>
</Rule>

<Rule Name="5.1" Mode="required" Report="warning" Id="171">
<Loc File="C:\Users\NZ5334\Documents\Synergy\Working\ses_dev_ea4\MM073A_FordMsg3CABusHiSpd_Impl\src\FordMsg3CABusHiSpd.c" Line="1549" Column="113">
</Loc>
<Message>
Identifiers "FordVehLaneDetnWarnSts_Cnt_T_u08" (FordMsg3CABusHiSpd.c line 1549 column 113) and "FordVehLaneDetnWarnSts_Cnt_T_u08" (FordMsg3CABusHiSpd.c line 1074 column 16) have the same first 32 characters.
</Message>
</Rule>

<Rule Name="5.1" Mode="required" Report="warning" Id="172">
<Loc File="C:\Users\NZ5334\Documents\Synergy\Working\ses_dev_ea4\MM073A_FordMsg3CABusHiSpd_Impl\src\FordMsg3CABusHiSpd.c" Line="1550" Column="113">
</Loc>
<Message>
Identifiers "FordVehLaneKeepSysSts_Cnt_T_u08" (FordMsg3CABusHiSpd.c line 1550 column 113) and "FordVehLaneKeepSysSts_Cnt_T_u08" (FordMsg3CABusHiSpd.c line 1076 column 16) have the same first 31 characters.
</Message>
</Rule>

<Rule Name="5.1" Mode="required" Report="warning" Id="173">
<Loc File="C:\Users\NZ5334\Documents\Synergy\Working\ses_dev_ea4\MM073A_FordMsg3CABusHiSpd_Impl\src\FordMsg3CABusHiSpd.c" Line="1551" Column="115">
</Loc>
<Message>
Identifiers "FordVehLaneAssiImgProcgModlAVld_Cnt_T_logl" (FordMsg3CABusHiSpd.c line 1551 column 115) and "FordVehLaneAssiImgProcgModlAVld_Cnt_T_logl" (FordMsg3CABusHiSpd.c line 1093 column 16) have the same first 42 characters.
</Message>
</Rule>

<Rule Name="5.1" Mode="required" Report="warning" Id="174">
<Loc File="C:\Users\NZ5334\Documents\Synergy\Working\ses_dev_ea4\MM073A_FordMsg3CABusHiSpd_Impl\src\FordMsg3CABusHiSpd.c" Line="1552" Column="115">
</Loc>
<Message>
Identifiers "LaneKeepSysCrvtRawVldInp_Cnt_T_logl" (FordMsg3CABusHiSpd.c line 1552 column 115) and "LaneKeepSysCrvtRawVldInp_Cnt_T_logl" (FordMsg3CABusHiSpd.c line 1097 column 16) have the same first 35 characters.
</Message>
</Rule>

<Rule Name="5.1" Mode="required" Report="warning" Id="175">
<Loc File="C:\Users\NZ5334\Documents\Synergy\Working\ses_dev_ea4\MM073A_FordMsg3CABusHiSpd_Impl\src\FordMsg3CABusHiSpd.c" Line="1553" Column="115">
</Loc>
<Message>
Identifiers "LaneKeepSysReqdAgRawVldInp_Cnt_T_logl" (FordMsg3CABusHiSpd.c line 1553 column 115) and "LaneKeepSysReqdAgRawVldInp_Cnt_T_logl" (FordMsg3CABusHiSpd.c line 1098 column 16) have the same first 37 characters.
</Message>
</Rule>

<Rule Name="5.1" Mode="required" Report="warning" Id="176">
<Loc File="C:\Users\NZ5334\Documents\Synergy\Working\ses_dev_ea4\MM073A_FordMsg3CABusHiSpd_Impl\src\FordMsg3CABusHiSpd.c" Line="1627" Column="28">
</Loc>
<Message>
Identifiers "FordVehLaneKeepSysCrvtRaw_Cnt_T_u16" (FordMsg3CABusHiSpd.c line 1627 column 28) and "FordVehLaneKeepSysCrvtRaw_Cnt_T_u16" (FordMsg3CABusHiSpd.c line 1078 column 16) have the same first 35 characters.
</Message>
</Rule>

<Rule Name="5.1" Mode="required" Report="warning" Id="177">
<Loc File="C:\Users\NZ5334\Documents\Synergy\Working\ses_dev_ea4\MM073A_FordMsg3CABusHiSpd_Impl\src\FordMsg3CABusHiSpd.c" Line="1628" Column="60">
</Loc>
<Message>
Identifiers "FordVehLaneKeepSysReqdAgRaw_Cnt_T_u16" (FordMsg3CABusHiSpd.c line 1628 column 60) and "FordVehLaneKeepSysReqdAgRaw_Cnt_T_u16" (FordMsg3CABusHiSpd.c line 1079 column 16) have the same first 37 characters.
</Message>
</Rule>

<Rule Name="5.1" Mode="required" Report="warning" Id="178">
<Loc File="C:\Users\NZ5334\Documents\Synergy\Working\ses_dev_ea4\MM073A_FordMsg3CABusHiSpd_Impl\src\FordMsg3CABusHiSpd.c" Line="1629" Column="113">
</Loc>
<Message>
Identifiers "LaneKeepSysCrvtRawVldInp_Cnt_T_logl" (FordMsg3CABusHiSpd.c line 1629 column 113) and "LaneKeepSysCrvtRawVldInp_Cnt_T_logl" (FordMsg3CABusHiSpd.c line 1097 column 16) have the same first 35 characters.
</Message>
</Rule>

<Rule Name="5.1" Mode="required" Report="warning" Id="179">
<Loc File="C:\Users\NZ5334\Documents\Synergy\Working\ses_dev_ea4\MM073A_FordMsg3CABusHiSpd_Impl\src\FordMsg3CABusHiSpd.c" Line="1630" Column="113">
</Loc>
<Message>
Identifiers "LaneKeepSysReqdAgRawVldInp_Cnt_T_logl" (FordMsg3CABusHiSpd.c line 1630 column 113) and "LaneKeepSysReqdAgRawVldInp_Cnt_T_logl" (FordMsg3CABusHiSpd.c line 1098 column 16) have the same first 37 characters.
</Message>
</Rule>

<Rule Name="5.1" Mode="required" Report="warning" Id="180">
<Loc File="C:\Users\NZ5334\Documents\Synergy\Working\ses_dev_ea4\MM073A_FordMsg3CABusHiSpd_Impl\src\FordMsg3CABusHiSpd.c" Line="1727" Column="114">
</Loc>
<Message>
Identifiers "LaneKeepSysCrvtRawVldInp_Cnt_T_logl" (FordMsg3CABusHiSpd.c line 1727 column 114) and "LaneKeepSysCrvtRawVldInp_Cnt_T_logl" (FordMsg3CABusHiSpd.c line 1097 column 16) have the same first 35 characters.
</Message>
</Rule>

<Rule Name="5.1" Mode="required" Report="warning" Id="181">
<Loc File="C:\Users\NZ5334\Documents\Synergy\Working\ses_dev_ea4\MM073A_FordMsg3CABusHiSpd_Impl\src\FordMsg3CABusHiSpd.c" Line="1728" Column="114">
</Loc>
<Message>
Identifiers "LaneKeepSysReqdAgRawVldInp_Cnt_T_logl" (FordMsg3CABusHiSpd.c line 1728 column 114) and "LaneKeepSysReqdAgRawVldInp_Cnt_T_logl" (FordMsg3CABusHiSpd.c line 1098 column 16) have the same first 37 characters.
</Message>
</Rule>

<Rule Name="5.1" Mode="required" Report="warning" Id="182">
<Loc File="C:\Users\NZ5334\Documents\Synergy\Working\ses_dev_ea4\MM073A_FordMsg3CABusHiSpd_Impl\src\FordMsg3CABusHiSpd.c" Line="1729" Column="115">
</Loc>
<Message>
Identifiers "FordVehLaneAssiImgProcgModlAVld_Cnt_T_logl" (FordMsg3CABusHiSpd.c line 1729 column 115) and "FordVehLaneAssiImgProcgModlAVld_Cnt_T_logl" (FordMsg3CABusHiSpd.c line 1093 column 16) have the same first 42 characters.
</Message>
</Rule>

</CodeStruct>

<CodeStruct Name="DiagEna" File="C:\Users\NZ5334\Documents\Synergy\Working\ses_dev_ea4\MM073A_FordMsg3CABusHiSpd_Impl\src\FordMsg3CABusHiSpd.c" Line="1326" Column="12">

<Rule Name="21.1" Mode="required" Report="warning" Id="183">
<Loc File="C:\Users\NZ5334\Documents\Synergy\Working\ses_dev_ea4\MM073A_FordMsg3CABusHiSpd_Impl\src\FordMsg3CABusHiSpd.c" Line="1346" Column="41">
</Loc>
<Message>
Minimisation of run-time failures.
</Message>
</Rule>

</CodeStruct>

<CodeStruct Name="ChkElpdTi" File="C:\Users\NZ5334\Documents\Synergy\Working\ses_dev_ea4\MM073A_FordMsg3CABusHiSpd_Impl\src\FordMsg3CABusHiSpd.c" Line="1723" Column="12">

<Rule Name="21.1" Mode="required" Report="warning" Id="184">
<Loc File="C:\Users\NZ5334\Documents\Synergy\Working\ses_dev_ea4\MM073A_FordMsg3CABusHiSpd_Impl\src\FordMsg3CABusHiSpd.c" Line="1747" Column="70">
</Loc>
<Message>
Minimisation of run-time failures.
</Message>
</Rule>

<Rule Name="21.1" Mode="required" Report="warning" Id="185">
<Loc File="C:\Users\NZ5334\Documents\Synergy\Working\ses_dev_ea4\MM073A_FordMsg3CABusHiSpd_Impl\src\FordMsg3CABusHiSpd.c" Line="1750" Column="16">
</Loc>
<Message>
Minimisation of run-time failures.
</Message>
</Rule>

<Rule Name="21.1" Mode="required" Report="warning" Id="186">
<Loc File="C:\Users\NZ5334\Documents\Synergy\Working\ses_dev_ea4\MM073A_FordMsg3CABusHiSpd_Impl\src\FordMsg3CABusHiSpd.c" Line="1751" Column="16">
</Loc>
<Message>
Minimisation of run-time failures.
</Message>
</Rule>

<Rule Name="21.1" Mode="required" Report="warning" Id="187">
<Loc File="C:\Users\NZ5334\Documents\Synergy\Working\ses_dev_ea4\MM073A_FordMsg3CABusHiSpd_Impl\src\FordMsg3CABusHiSpd.c" Line="1789" Column="70">
</Loc>
<Message>
Minimisation of run-time failures.
</Message>
</Rule>

</CodeStruct>

<CodeStruct Name="VldElpdTi" File="C:\Users\NZ5334\Documents\Synergy\Working\ses_dev_ea4\MM073A_FordMsg3CABusHiSpd_Impl\src\FordMsg3CABusHiSpd.c" Line="1673" Column="12">

<Rule Name="21.1" Mode="required" Report="warning" Id="188">
<Loc File="C:\Users\NZ5334\Documents\Synergy\Working\ses_dev_ea4\MM073A_FordMsg3CABusHiSpd_Impl\src\FordMsg3CABusHiSpd.c" Line="1680" Column="74">
</Loc>
<Message>
Minimisation of run-time failures.
</Message>
</Rule>

<Rule Name="21.1" Mode="required" Report="warning" Id="189">
<Loc File="C:\Users\NZ5334\Documents\Synergy\Working\ses_dev_ea4\MM073A_FordMsg3CABusHiSpd_Impl\src\FordMsg3CABusHiSpd.c" Line="1690" Column="74">
</Loc>
<Message>
Minimisation of run-time failures.
</Message>
</Rule>

<Rule Name="21.1" Mode="required" Report="warning" Id="190">
<Loc File="C:\Users\NZ5334\Documents\Synergy\Working\ses_dev_ea4\MM073A_FordMsg3CABusHiSpd_Impl\src\FordMsg3CABusHiSpd.c" Line="1700" Column="74">
</Loc>
<Message>
Minimisation of run-time failures.
</Message>
</Rule>

</CodeStruct>

<CodeStruct Name="OutpProcg" File="C:\Users\NZ5334\Documents\Synergy\Working\ses_dev_ea4\MM073A_FordMsg3CABusHiSpd_Impl\src\FordMsg3CABusHiSpd.c" Line="1537" Column="12">

<Rule Name="21.1" Mode="required" Report="warning" Id="191">
<Loc File="C:\Users\NZ5334\Documents\Synergy\Working\ses_dev_ea4\MM073A_FordMsg3CABusHiSpd_Impl\src\FordMsg3CABusHiSpd.c" Line="1597" Column="25">
</Loc>
<Message>
Minimisation of run-time failures.
</Message>
</Rule>

</CodeStruct>

</MISRA-C-Report>
