<?xml version="1.0" encoding="UTF-8"?>
<MISRA-C-Report-Summary>
<File Mode="advisory" Error="0" Warning="2" Total="2">
<Name>
C:\Users\NZ5334\Documents\Synergy\Working\ses_dev_ea4\MM073A_FordMsg3CABusHiSpd_Impl\src\FordMsg3CABusHiSpd.c</Name>
</File>
<File Mode="required" Error="0" Warning="184" Total="184">
<Name>
C:\Users\NZ5334\Documents\Synergy\Working\ses_dev_ea4\MM073A_FordMsg3CABusHiSpd_Impl\src\FordMsg3CABusHiSpd.c</Name>
</File>
<File Mode="advisory" Error="0" Warning="1" Total="1">
<Name>
C:\Users\NZ5334\Documents\Synergy\Working\ses_dev_ea4\MM073A_FordMsg3CABusHiSpd_Impl\src\FordMsg3CABusHiSpdNonRte.c</Name>
</File>
<File Mode="required" Error="0" Warning="4" Total="4">
<Name>
C:\Users\NZ5334\Documents\Synergy\Working\ses_dev_ea4\MM073A_FordMsg3CABusHiSpd_Impl\src\FordMsg3CABusHiSpdNonRte.c</Name>
</File>
<Rule Name="5.1" Count="105" Mode="required" Severity="warning">
<Message>
</Message>
</Rule>
<Rule Name="21.1" Count="72" Mode="required" Severity="warning">
<Message>
Minimisation of run-time failures.</Message>
</Rule>
<Rule Name="9.1" Count="11" Mode="required" Severity="warning">
<Message>
All automatic variables shall have been assigned a value before being used.</Message>
</Rule>
<Rule Name="19.1" Count="3" Mode="advisory" Severity="warning">
<Message>
#include statements in a file shall only be preceded by other preprocessor directives or comments.</Message>
</Rule>
</MISRA-C-Report-Summary>
