<?xml version="1.0" encoding="UTF-8"?>

<MISRA-C-Report version="1.3">


<CodeStruct Name="" File="C:\component\SF020B_PosnTrakgServo_Impl\src\PosnTrakgServo.c" Line="0" Column="0">

<Rule Name="19.1" Mode="advisory" Report="warning" Id="1">
<Loc File="C:\component\SF020B_PosnTrakgServo_Impl\src\PosnTrakgServo.c" Line="269" Column="0">
</Loc>
<Message>
#include statements in a file shall only be preceded by other preprocessor directives or comments.
</Message>
</Rule>

<Rule Name="19.1" Mode="advisory" Report="warning" Id="2">
<Loc File="C:\component\SF020B_PosnTrakgServo_Impl\src\PosnTrakgServo.c" Line="656" Column="0">
</Loc>
<Message>
#include statements in a file shall only be preceded by other preprocessor directives or comments.
</Message>
</Rule>

</CodeStruct>

<CodeStruct Name="PosnTrakgServoPer1" File="C:\component\SF020B_PosnTrakgServo_Impl\src\PosnTrakgServo.c" Line="328" Column="5">

<Rule Name="9.1" Mode="required" Report="warning" Id="3">
<Loc File="C:\component\SF020B_PosnTrakgServo_Impl\src\PosnTrakgServo.c" Line="421" Column="41">
</Loc>
<Message>
All automatic variables shall have been assigned a value before being used.
</Message>
</Rule>

<Rule Name="11.5" Mode="required" Report="warning" Id="4">
<Loc File="C:\component\SF020B_PosnTrakgServo_Impl\src\PosnTrakgServo.c" Line="423" Column="62">
</Loc>
<Message>
A cast shall not be performed that removes any const or volatile qualification
from the type addressed by a pointer.
</Message>
</Rule>

<Rule Name="11.5" Mode="required" Report="warning" Id="5">
<Loc File="C:\component\SF020B_PosnTrakgServo_Impl\src\PosnTrakgServo.c" Line="424" Column="118">
</Loc>
<Message>
A cast shall not be performed that removes any const or volatile qualification
from the type addressed by a pointer.
</Message>
</Rule>

<Rule Name="12.3" Mode="required" Report="warning" Id="6">
<Loc File="C:\component\SF020B_PosnTrakgServo_Impl\src\PosnTrakgServo.c" Line="425" Column="125">
</Loc>
<Message>
The sizeof operator should not be used on expressions that contain side effects.
</Message>
</Rule>

<Rule Name="11.5" Mode="required" Report="warning" Id="7">
<Loc File="C:\component\SF020B_PosnTrakgServo_Impl\src\PosnTrakgServo.c" Line="425" Column="134">
</Loc>
<Message>
A cast shall not be performed that removes any const or volatile qualification
from the type addressed by a pointer.
</Message>
</Rule>

<Rule Name="12.3" Mode="required" Report="warning" Id="8">
<Loc File="C:\component\SF020B_PosnTrakgServo_Impl\src\PosnTrakgServo.c" Line="425" Column="217">
</Loc>
<Message>
The sizeof operator should not be used on expressions that contain side effects.
</Message>
</Rule>

<Rule Name="11.5" Mode="required" Report="warning" Id="9">
<Loc File="C:\component\SF020B_PosnTrakgServo_Impl\src\PosnTrakgServo.c" Line="425" Column="227">
</Loc>
<Message>
A cast shall not be performed that removes any const or volatile qualification
from the type addressed by a pointer.
</Message>
</Rule>

<Rule Name="11.5" Mode="required" Report="warning" Id="10">
<Loc File="C:\component\SF020B_PosnTrakgServo_Impl\src\PosnTrakgServo.c" Line="429" Column="76">
</Loc>
<Message>
A cast shall not be performed that removes any const or volatile qualification
from the type addressed by a pointer.
</Message>
</Rule>

<Rule Name="11.5" Mode="required" Report="warning" Id="11">
<Loc File="C:\component\SF020B_PosnTrakgServo_Impl\src\PosnTrakgServo.c" Line="430" Column="148">
</Loc>
<Message>
A cast shall not be performed that removes any const or volatile qualification
from the type addressed by a pointer.
</Message>
</Rule>

<Rule Name="12.3" Mode="required" Report="warning" Id="12">
<Loc File="C:\component\SF020B_PosnTrakgServo_Impl\src\PosnTrakgServo.c" Line="431" Column="155">
</Loc>
<Message>
The sizeof operator should not be used on expressions that contain side effects.
</Message>
</Rule>

<Rule Name="11.5" Mode="required" Report="warning" Id="13">
<Loc File="C:\component\SF020B_PosnTrakgServo_Impl\src\PosnTrakgServo.c" Line="431" Column="164">
</Loc>
<Message>
A cast shall not be performed that removes any const or volatile qualification
from the type addressed by a pointer.
</Message>
</Rule>

<Rule Name="12.3" Mode="required" Report="warning" Id="14">
<Loc File="C:\component\SF020B_PosnTrakgServo_Impl\src\PosnTrakgServo.c" Line="431" Column="247">
</Loc>
<Message>
The sizeof operator should not be used on expressions that contain side effects.
</Message>
</Rule>

<Rule Name="11.5" Mode="required" Report="warning" Id="15">
<Loc File="C:\component\SF020B_PosnTrakgServo_Impl\src\PosnTrakgServo.c" Line="431" Column="257">
</Loc>
<Message>
A cast shall not be performed that removes any const or volatile qualification
from the type addressed by a pointer.
</Message>
</Rule>

<Rule Name="11.5" Mode="required" Report="warning" Id="16">
<Loc File="C:\component\SF020B_PosnTrakgServo_Impl\src\PosnTrakgServo.c" Line="435" Column="82">
</Loc>
<Message>
A cast shall not be performed that removes any const or volatile qualification
from the type addressed by a pointer.
</Message>
</Rule>

<Rule Name="11.5" Mode="required" Report="warning" Id="17">
<Loc File="C:\component\SF020B_PosnTrakgServo_Impl\src\PosnTrakgServo.c" Line="436" Column="148">
</Loc>
<Message>
A cast shall not be performed that removes any const or volatile qualification
from the type addressed by a pointer.
</Message>
</Rule>

<Rule Name="12.3" Mode="required" Report="warning" Id="18">
<Loc File="C:\component\SF020B_PosnTrakgServo_Impl\src\PosnTrakgServo.c" Line="437" Column="155">
</Loc>
<Message>
The sizeof operator should not be used on expressions that contain side effects.
</Message>
</Rule>

<Rule Name="11.5" Mode="required" Report="warning" Id="19">
<Loc File="C:\component\SF020B_PosnTrakgServo_Impl\src\PosnTrakgServo.c" Line="437" Column="164">
</Loc>
<Message>
A cast shall not be performed that removes any const or volatile qualification
from the type addressed by a pointer.
</Message>
</Rule>

<Rule Name="12.3" Mode="required" Report="warning" Id="20">
<Loc File="C:\component\SF020B_PosnTrakgServo_Impl\src\PosnTrakgServo.c" Line="437" Column="247">
</Loc>
<Message>
The sizeof operator should not be used on expressions that contain side effects.
</Message>
</Rule>

<Rule Name="11.5" Mode="required" Report="warning" Id="21">
<Loc File="C:\component\SF020B_PosnTrakgServo_Impl\src\PosnTrakgServo.c" Line="437" Column="257">
</Loc>
<Message>
A cast shall not be performed that removes any const or volatile qualification
from the type addressed by a pointer.
</Message>
</Rule>

<Rule Name="9.1" Mode="required" Report="warning" Id="22">
<Loc File="C:\component\SF020B_PosnTrakgServo_Impl\src\PosnTrakgServo.c" Line="441" Column="41">
</Loc>
<Message>
All automatic variables shall have been assigned a value before being used.
</Message>
</Rule>

<Rule Name="21.1" Mode="required" Report="warning" Id="23">
<Loc File="C:\component\SF020B_PosnTrakgServo_Impl\src\PosnTrakgServo.c" Line="443" Column="82">
</Loc>
<Message>
Minimisation of run-time failures.
</Message>
</Rule>

<Rule Name="21.1" Mode="required" Report="warning" Id="24">
<Loc File="C:\component\SF020B_PosnTrakgServo_Impl\src\PosnTrakgServo.c" Line="443" Column="107">
</Loc>
<Message>
Minimisation of run-time failures.
</Message>
</Rule>

<Rule Name="9.1" Mode="required" Report="warning" Id="25">
<Loc File="C:\component\SF020B_PosnTrakgServo_Impl\src\PosnTrakgServo.c" Line="447" Column="48">
</Loc>
<Message>
All automatic variables shall have been assigned a value before being used.
</Message>
</Rule>

<Rule Name="21.1" Mode="required" Report="warning" Id="26">
<Loc File="C:\component\SF020B_PosnTrakgServo_Impl\src\PosnTrakgServo.c" Line="449" Column="92">
</Loc>
<Message>
Minimisation of run-time failures.
</Message>
</Rule>

<Rule Name="21.1" Mode="required" Report="warning" Id="27">
<Loc File="C:\component\SF020B_PosnTrakgServo_Impl\src\PosnTrakgServo.c" Line="453" Column="1">
</Loc>
<Message>
Minimisation of run-time failures.
</Message>
</Rule>

<Rule Name="21.1" Mode="required" Report="warning" Id="28">
<Loc File="C:\component\SF020B_PosnTrakgServo_Impl\src\PosnTrakgServo.c" Line="454" Column="1">
</Loc>
<Message>
Minimisation of run-time failures.
</Message>
</Rule>

<Rule Name="9.1" Mode="required" Report="warning" Id="29">
<Loc File="C:\component\SF020B_PosnTrakgServo_Impl\src\PosnTrakgServo.c" Line="460" Column="5">
</Loc>
<Message>
All automatic variables shall have been assigned a value before being used.
</Message>
</Rule>

<Rule Name="21.1" Mode="required" Report="warning" Id="30">
<Loc File="C:\component\SF020B_PosnTrakgServo_Impl\src\PosnTrakgServo.c" Line="462" Column="57">
</Loc>
<Message>
Minimisation of run-time failures.
</Message>
</Rule>

<Rule Name="21.1" Mode="required" Report="warning" Id="31">
<Loc File="C:\component\SF020B_PosnTrakgServo_Impl\src\PosnTrakgServo.c" Line="469" Column="1">
</Loc>
<Message>
Minimisation of run-time failures.
</Message>
</Rule>

<Rule Name="11.5" Mode="required" Report="warning" Id="32">
<Loc File="C:\component\SF020B_PosnTrakgServo_Impl\src\PosnTrakgServo.c" Line="472" Column="73">
</Loc>
<Message>
A cast shall not be performed that removes any const or volatile qualification
from the type addressed by a pointer.
</Message>
</Rule>

<Rule Name="11.5" Mode="required" Report="warning" Id="33">
<Loc File="C:\component\SF020B_PosnTrakgServo_Impl\src\PosnTrakgServo.c" Line="473" Column="137">
</Loc>
<Message>
A cast shall not be performed that removes any const or volatile qualification
from the type addressed by a pointer.
</Message>
</Rule>

<Rule Name="12.3" Mode="required" Report="warning" Id="34">
<Loc File="C:\component\SF020B_PosnTrakgServo_Impl\src\PosnTrakgServo.c" Line="474" Column="144">
</Loc>
<Message>
The sizeof operator should not be used on expressions that contain side effects.
</Message>
</Rule>

<Rule Name="11.5" Mode="required" Report="warning" Id="35">
<Loc File="C:\component\SF020B_PosnTrakgServo_Impl\src\PosnTrakgServo.c" Line="474" Column="153">
</Loc>
<Message>
A cast shall not be performed that removes any const or volatile qualification
from the type addressed by a pointer.
</Message>
</Rule>

<Rule Name="12.3" Mode="required" Report="warning" Id="36">
<Loc File="C:\component\SF020B_PosnTrakgServo_Impl\src\PosnTrakgServo.c" Line="474" Column="241">
</Loc>
<Message>
The sizeof operator should not be used on expressions that contain side effects.
</Message>
</Rule>

<Rule Name="11.5" Mode="required" Report="warning" Id="37">
<Loc File="C:\component\SF020B_PosnTrakgServo_Impl\src\PosnTrakgServo.c" Line="474" Column="251">
</Loc>
<Message>
A cast shall not be performed that removes any const or volatile qualification
from the type addressed by a pointer.
</Message>
</Rule>

<Rule Name="21.1" Mode="required" Report="warning" Id="38">
<Loc File="C:\component\SF020B_PosnTrakgServo_Impl\src\PosnTrakgServo.c" Line="477" Column="1">
</Loc>
<Message>
Minimisation of run-time failures.
</Message>
</Rule>

<Rule Name="21.1" Mode="required" Report="warning" Id="39">
<Loc File="C:\component\SF020B_PosnTrakgServo_Impl\src\PosnTrakgServo.c" Line="483" Column="1">
</Loc>
<Message>
Minimisation of run-time failures.
</Message>
</Rule>

<Rule Name="9.1" Mode="required" Report="warning" Id="40">
<Loc File="C:\component\SF020B_PosnTrakgServo_Impl\src\PosnTrakgServo.c" Line="486" Column="44">
</Loc>
<Message>
All automatic variables shall have been assigned a value before being used.
</Message>
</Rule>

<Rule Name="11.5" Mode="required" Report="warning" Id="41">
<Loc File="C:\component\SF020B_PosnTrakgServo_Impl\src\PosnTrakgServo.c" Line="490" Column="77">
</Loc>
<Message>
A cast shall not be performed that removes any const or volatile qualification
from the type addressed by a pointer.
</Message>
</Rule>

<Rule Name="11.5" Mode="required" Report="warning" Id="42">
<Loc File="C:\component\SF020B_PosnTrakgServo_Impl\src\PosnTrakgServo.c" Line="491" Column="129">
</Loc>
<Message>
A cast shall not be performed that removes any const or volatile qualification
from the type addressed by a pointer.
</Message>
</Rule>

<Rule Name="12.3" Mode="required" Report="warning" Id="43">
<Loc File="C:\component\SF020B_PosnTrakgServo_Impl\src\PosnTrakgServo.c" Line="492" Column="136">
</Loc>
<Message>
The sizeof operator should not be used on expressions that contain side effects.
</Message>
</Rule>

<Rule Name="11.5" Mode="required" Report="warning" Id="44">
<Loc File="C:\component\SF020B_PosnTrakgServo_Impl\src\PosnTrakgServo.c" Line="492" Column="145">
</Loc>
<Message>
A cast shall not be performed that removes any const or volatile qualification
from the type addressed by a pointer.
</Message>
</Rule>

<Rule Name="12.3" Mode="required" Report="warning" Id="45">
<Loc File="C:\component\SF020B_PosnTrakgServo_Impl\src\PosnTrakgServo.c" Line="492" Column="228">
</Loc>
<Message>
The sizeof operator should not be used on expressions that contain side effects.
</Message>
</Rule>

<Rule Name="11.5" Mode="required" Report="warning" Id="46">
<Loc File="C:\component\SF020B_PosnTrakgServo_Impl\src\PosnTrakgServo.c" Line="492" Column="238">
</Loc>
<Message>
A cast shall not be performed that removes any const or volatile qualification
from the type addressed by a pointer.
</Message>
</Rule>

<Rule Name="11.5" Mode="required" Report="warning" Id="47">
<Loc File="C:\component\SF020B_PosnTrakgServo_Impl\src\PosnTrakgServo.c" Line="494" Column="77">
</Loc>
<Message>
A cast shall not be performed that removes any const or volatile qualification
from the type addressed by a pointer.
</Message>
</Rule>

<Rule Name="11.5" Mode="required" Report="warning" Id="48">
<Loc File="C:\component\SF020B_PosnTrakgServo_Impl\src\PosnTrakgServo.c" Line="495" Column="129">
</Loc>
<Message>
A cast shall not be performed that removes any const or volatile qualification
from the type addressed by a pointer.
</Message>
</Rule>

<Rule Name="12.3" Mode="required" Report="warning" Id="49">
<Loc File="C:\component\SF020B_PosnTrakgServo_Impl\src\PosnTrakgServo.c" Line="496" Column="136">
</Loc>
<Message>
The sizeof operator should not be used on expressions that contain side effects.
</Message>
</Rule>

<Rule Name="11.5" Mode="required" Report="warning" Id="50">
<Loc File="C:\component\SF020B_PosnTrakgServo_Impl\src\PosnTrakgServo.c" Line="496" Column="145">
</Loc>
<Message>
A cast shall not be performed that removes any const or volatile qualification
from the type addressed by a pointer.
</Message>
</Rule>

<Rule Name="12.3" Mode="required" Report="warning" Id="51">
<Loc File="C:\component\SF020B_PosnTrakgServo_Impl\src\PosnTrakgServo.c" Line="496" Column="228">
</Loc>
<Message>
The sizeof operator should not be used on expressions that contain side effects.
</Message>
</Rule>

<Rule Name="11.5" Mode="required" Report="warning" Id="52">
<Loc File="C:\component\SF020B_PosnTrakgServo_Impl\src\PosnTrakgServo.c" Line="496" Column="238">
</Loc>
<Message>
A cast shall not be performed that removes any const or volatile qualification
from the type addressed by a pointer.
</Message>
</Rule>

<Rule Name="21.1" Mode="required" Report="warning" Id="53">
<Loc File="C:\component\SF020B_PosnTrakgServo_Impl\src\PosnTrakgServo.c" Line="500" Column="8">
</Loc>
<Message>
Minimisation of run-time failures.
</Message>
</Rule>

<Rule Name="11.5" Mode="required" Report="warning" Id="54">
<Loc File="C:\component\SF020B_PosnTrakgServo_Impl\src\PosnTrakgServo.c" Line="508" Column="72">
</Loc>
<Message>
A cast shall not be performed that removes any const or volatile qualification
from the type addressed by a pointer.
</Message>
</Rule>

<Rule Name="11.5" Mode="required" Report="warning" Id="55">
<Loc File="C:\component\SF020B_PosnTrakgServo_Impl\src\PosnTrakgServo.c" Line="509" Column="120">
</Loc>
<Message>
A cast shall not be performed that removes any const or volatile qualification
from the type addressed by a pointer.
</Message>
</Rule>

<Rule Name="12.3" Mode="required" Report="warning" Id="56">
<Loc File="C:\component\SF020B_PosnTrakgServo_Impl\src\PosnTrakgServo.c" Line="510" Column="127">
</Loc>
<Message>
The sizeof operator should not be used on expressions that contain side effects.
</Message>
</Rule>

<Rule Name="11.5" Mode="required" Report="warning" Id="57">
<Loc File="C:\component\SF020B_PosnTrakgServo_Impl\src\PosnTrakgServo.c" Line="510" Column="136">
</Loc>
<Message>
A cast shall not be performed that removes any const or volatile qualification
from the type addressed by a pointer.
</Message>
</Rule>

<Rule Name="12.3" Mode="required" Report="warning" Id="58">
<Loc File="C:\component\SF020B_PosnTrakgServo_Impl\src\PosnTrakgServo.c" Line="510" Column="219">
</Loc>
<Message>
The sizeof operator should not be used on expressions that contain side effects.
</Message>
</Rule>

<Rule Name="11.5" Mode="required" Report="warning" Id="59">
<Loc File="C:\component\SF020B_PosnTrakgServo_Impl\src\PosnTrakgServo.c" Line="510" Column="229">
</Loc>
<Message>
A cast shall not be performed that removes any const or volatile qualification
from the type addressed by a pointer.
</Message>
</Rule>

<Rule Name="11.5" Mode="required" Report="warning" Id="60">
<Loc File="C:\component\SF020B_PosnTrakgServo_Impl\src\PosnTrakgServo.c" Line="514" Column="71">
</Loc>
<Message>
A cast shall not be performed that removes any const or volatile qualification
from the type addressed by a pointer.
</Message>
</Rule>

<Rule Name="11.5" Mode="required" Report="warning" Id="61">
<Loc File="C:\component\SF020B_PosnTrakgServo_Impl\src\PosnTrakgServo.c" Line="515" Column="120">
</Loc>
<Message>
A cast shall not be performed that removes any const or volatile qualification
from the type addressed by a pointer.
</Message>
</Rule>

<Rule Name="12.3" Mode="required" Report="warning" Id="62">
<Loc File="C:\component\SF020B_PosnTrakgServo_Impl\src\PosnTrakgServo.c" Line="516" Column="127">
</Loc>
<Message>
The sizeof operator should not be used on expressions that contain side effects.
</Message>
</Rule>

<Rule Name="11.5" Mode="required" Report="warning" Id="63">
<Loc File="C:\component\SF020B_PosnTrakgServo_Impl\src\PosnTrakgServo.c" Line="516" Column="136">
</Loc>
<Message>
A cast shall not be performed that removes any const or volatile qualification
from the type addressed by a pointer.
</Message>
</Rule>

<Rule Name="12.3" Mode="required" Report="warning" Id="64">
<Loc File="C:\component\SF020B_PosnTrakgServo_Impl\src\PosnTrakgServo.c" Line="516" Column="219">
</Loc>
<Message>
The sizeof operator should not be used on expressions that contain side effects.
</Message>
</Rule>

<Rule Name="11.5" Mode="required" Report="warning" Id="65">
<Loc File="C:\component\SF020B_PosnTrakgServo_Impl\src\PosnTrakgServo.c" Line="516" Column="229">
</Loc>
<Message>
A cast shall not be performed that removes any const or volatile qualification
from the type addressed by a pointer.
</Message>
</Rule>

<Rule Name="21.1" Mode="required" Report="warning" Id="66">
<Loc File="C:\component\SF020B_PosnTrakgServo_Impl\src\PosnTrakgServo.c" Line="523" Column="8">
</Loc>
<Message>
Minimisation of run-time failures.
</Message>
</Rule>

<Rule Name="21.1" Mode="required" Report="warning" Id="67">
<Loc File="C:\component\SF020B_PosnTrakgServo_Impl\src\PosnTrakgServo.c" Line="524" Column="113">
</Loc>
<Message>
Minimisation of run-time failures.
</Message>
</Rule>

<Rule Name="21.1" Mode="required" Report="warning" Id="68">
<Loc File="C:\component\SF020B_PosnTrakgServo_Impl\src\PosnTrakgServo.c" Line="524" Column="167">
</Loc>
<Message>
Minimisation of run-time failures.
</Message>
</Rule>

<Rule Name="21.1" Mode="required" Report="warning" Id="69">
<Loc File="C:\component\SF020B_PosnTrakgServo_Impl\src\PosnTrakgServo.c" Line="526" Column="70">
</Loc>
<Message>
Minimisation of run-time failures.
</Message>
</Rule>

<Rule Name="21.1" Mode="required" Report="warning" Id="70">
<Loc File="C:\component\SF020B_PosnTrakgServo_Impl\src\PosnTrakgServo.c" Line="530" Column="95">
</Loc>
<Message>
Minimisation of run-time failures.
</Message>
</Rule>

<Rule Name="9.1" Mode="required" Report="warning" Id="71">
<Loc File="C:\component\SF020B_PosnTrakgServo_Impl\src\PosnTrakgServo.c" Line="532" Column="77">
</Loc>
<Message>
All automatic variables shall have been assigned a value before being used.
</Message>
</Rule>

<Rule Name="21.1" Mode="required" Report="warning" Id="72">
<Loc File="C:\component\SF020B_PosnTrakgServo_Impl\src\PosnTrakgServo.c" Line="545" Column="8">
</Loc>
<Message>
Minimisation of run-time failures.
</Message>
</Rule>

<Rule Name="9.1" Mode="required" Report="warning" Id="73">
<Loc File="C:\component\SF020B_PosnTrakgServo_Impl\src\PosnTrakgServo.c" Line="551" Column="39">
</Loc>
<Message>
All automatic variables shall have been assigned a value before being used.
</Message>
</Rule>

<Rule Name="21.1" Mode="required" Report="warning" Id="74">
<Loc File="C:\component\SF020B_PosnTrakgServo_Impl\src\PosnTrakgServo.c" Line="551" Column="67">
</Loc>
<Message>
Minimisation of run-time failures.
</Message>
</Rule>

<Rule Name="11.5" Mode="required" Report="warning" Id="75">
<Loc File="C:\component\SF020B_PosnTrakgServo_Impl\src\PosnTrakgServo.c" Line="553" Column="68">
</Loc>
<Message>
A cast shall not be performed that removes any const or volatile qualification
from the type addressed by a pointer.
</Message>
</Rule>

<Rule Name="11.5" Mode="required" Report="warning" Id="76">
<Loc File="C:\component\SF020B_PosnTrakgServo_Impl\src\PosnTrakgServo.c" Line="554" Column="124">
</Loc>
<Message>
A cast shall not be performed that removes any const or volatile qualification
from the type addressed by a pointer.
</Message>
</Rule>

<Rule Name="12.3" Mode="required" Report="warning" Id="77">
<Loc File="C:\component\SF020B_PosnTrakgServo_Impl\src\PosnTrakgServo.c" Line="555" Column="131">
</Loc>
<Message>
The sizeof operator should not be used on expressions that contain side effects.
</Message>
</Rule>

<Rule Name="11.5" Mode="required" Report="warning" Id="78">
<Loc File="C:\component\SF020B_PosnTrakgServo_Impl\src\PosnTrakgServo.c" Line="555" Column="140">
</Loc>
<Message>
A cast shall not be performed that removes any const or volatile qualification
from the type addressed by a pointer.
</Message>
</Rule>

<Rule Name="12.3" Mode="required" Report="warning" Id="79">
<Loc File="C:\component\SF020B_PosnTrakgServo_Impl\src\PosnTrakgServo.c" Line="555" Column="223">
</Loc>
<Message>
The sizeof operator should not be used on expressions that contain side effects.
</Message>
</Rule>

<Rule Name="11.5" Mode="required" Report="warning" Id="80">
<Loc File="C:\component\SF020B_PosnTrakgServo_Impl\src\PosnTrakgServo.c" Line="555" Column="233">
</Loc>
<Message>
A cast shall not be performed that removes any const or volatile qualification
from the type addressed by a pointer.
</Message>
</Rule>

<Rule Name="11.5" Mode="required" Report="warning" Id="81">
<Loc File="C:\component\SF020B_PosnTrakgServo_Impl\src\PosnTrakgServo.c" Line="557" Column="68">
</Loc>
<Message>
A cast shall not be performed that removes any const or volatile qualification
from the type addressed by a pointer.
</Message>
</Rule>

<Rule Name="11.5" Mode="required" Report="warning" Id="82">
<Loc File="C:\component\SF020B_PosnTrakgServo_Impl\src\PosnTrakgServo.c" Line="558" Column="124">
</Loc>
<Message>
A cast shall not be performed that removes any const or volatile qualification
from the type addressed by a pointer.
</Message>
</Rule>

<Rule Name="12.3" Mode="required" Report="warning" Id="83">
<Loc File="C:\component\SF020B_PosnTrakgServo_Impl\src\PosnTrakgServo.c" Line="559" Column="131">
</Loc>
<Message>
The sizeof operator should not be used on expressions that contain side effects.
</Message>
</Rule>

<Rule Name="11.5" Mode="required" Report="warning" Id="84">
<Loc File="C:\component\SF020B_PosnTrakgServo_Impl\src\PosnTrakgServo.c" Line="559" Column="140">
</Loc>
<Message>
A cast shall not be performed that removes any const or volatile qualification
from the type addressed by a pointer.
</Message>
</Rule>

<Rule Name="12.3" Mode="required" Report="warning" Id="85">
<Loc File="C:\component\SF020B_PosnTrakgServo_Impl\src\PosnTrakgServo.c" Line="559" Column="223">
</Loc>
<Message>
The sizeof operator should not be used on expressions that contain side effects.
</Message>
</Rule>

<Rule Name="11.5" Mode="required" Report="warning" Id="86">
<Loc File="C:\component\SF020B_PosnTrakgServo_Impl\src\PosnTrakgServo.c" Line="559" Column="233">
</Loc>
<Message>
A cast shall not be performed that removes any const or volatile qualification
from the type addressed by a pointer.
</Message>
</Rule>

<Rule Name="11.5" Mode="required" Report="warning" Id="87">
<Loc File="C:\component\SF020B_PosnTrakgServo_Impl\src\PosnTrakgServo.c" Line="561" Column="68">
</Loc>
<Message>
A cast shall not be performed that removes any const or volatile qualification
from the type addressed by a pointer.
</Message>
</Rule>

<Rule Name="11.5" Mode="required" Report="warning" Id="88">
<Loc File="C:\component\SF020B_PosnTrakgServo_Impl\src\PosnTrakgServo.c" Line="562" Column="124">
</Loc>
<Message>
A cast shall not be performed that removes any const or volatile qualification
from the type addressed by a pointer.
</Message>
</Rule>

<Rule Name="12.3" Mode="required" Report="warning" Id="89">
<Loc File="C:\component\SF020B_PosnTrakgServo_Impl\src\PosnTrakgServo.c" Line="563" Column="131">
</Loc>
<Message>
The sizeof operator should not be used on expressions that contain side effects.
</Message>
</Rule>

<Rule Name="11.5" Mode="required" Report="warning" Id="90">
<Loc File="C:\component\SF020B_PosnTrakgServo_Impl\src\PosnTrakgServo.c" Line="563" Column="140">
</Loc>
<Message>
A cast shall not be performed that removes any const or volatile qualification
from the type addressed by a pointer.
</Message>
</Rule>

<Rule Name="12.3" Mode="required" Report="warning" Id="91">
<Loc File="C:\component\SF020B_PosnTrakgServo_Impl\src\PosnTrakgServo.c" Line="563" Column="223">
</Loc>
<Message>
The sizeof operator should not be used on expressions that contain side effects.
</Message>
</Rule>

<Rule Name="11.5" Mode="required" Report="warning" Id="92">
<Loc File="C:\component\SF020B_PosnTrakgServo_Impl\src\PosnTrakgServo.c" Line="563" Column="233">
</Loc>
<Message>
A cast shall not be performed that removes any const or volatile qualification
from the type addressed by a pointer.
</Message>
</Rule>

<Rule Name="11.5" Mode="required" Report="warning" Id="93">
<Loc File="C:\component\SF020B_PosnTrakgServo_Impl\src\PosnTrakgServo.c" Line="565" Column="68">
</Loc>
<Message>
A cast shall not be performed that removes any const or volatile qualification
from the type addressed by a pointer.
</Message>
</Rule>

<Rule Name="11.5" Mode="required" Report="warning" Id="94">
<Loc File="C:\component\SF020B_PosnTrakgServo_Impl\src\PosnTrakgServo.c" Line="566" Column="124">
</Loc>
<Message>
A cast shall not be performed that removes any const or volatile qualification
from the type addressed by a pointer.
</Message>
</Rule>

<Rule Name="12.3" Mode="required" Report="warning" Id="95">
<Loc File="C:\component\SF020B_PosnTrakgServo_Impl\src\PosnTrakgServo.c" Line="567" Column="131">
</Loc>
<Message>
The sizeof operator should not be used on expressions that contain side effects.
</Message>
</Rule>

<Rule Name="11.5" Mode="required" Report="warning" Id="96">
<Loc File="C:\component\SF020B_PosnTrakgServo_Impl\src\PosnTrakgServo.c" Line="567" Column="140">
</Loc>
<Message>
A cast shall not be performed that removes any const or volatile qualification
from the type addressed by a pointer.
</Message>
</Rule>

<Rule Name="12.3" Mode="required" Report="warning" Id="97">
<Loc File="C:\component\SF020B_PosnTrakgServo_Impl\src\PosnTrakgServo.c" Line="567" Column="223">
</Loc>
<Message>
The sizeof operator should not be used on expressions that contain side effects.
</Message>
</Rule>

<Rule Name="11.5" Mode="required" Report="warning" Id="98">
<Loc File="C:\component\SF020B_PosnTrakgServo_Impl\src\PosnTrakgServo.c" Line="567" Column="233">
</Loc>
<Message>
A cast shall not be performed that removes any const or volatile qualification
from the type addressed by a pointer.
</Message>
</Rule>

<Rule Name="9.1" Mode="required" Report="warning" Id="99">
<Loc File="C:\component\SF020B_PosnTrakgServo_Impl\src\PosnTrakgServo.c" Line="578" Column="45">
</Loc>
<Message>
All automatic variables shall have been assigned a value before being used.
</Message>
</Rule>

<Rule Name="21.1" Mode="required" Report="warning" Id="100">
<Loc File="C:\component\SF020B_PosnTrakgServo_Impl\src\PosnTrakgServo.c" Line="578" Column="67">
</Loc>
<Message>
Minimisation of run-time failures.
</Message>
</Rule>

<Rule Name="21.1" Mode="required" Report="warning" Id="101">
<Loc File="C:\component\SF020B_PosnTrakgServo_Impl\src\PosnTrakgServo.c" Line="583" Column="136">
</Loc>
<Message>
Minimisation of run-time failures.
</Message>
</Rule>

<Rule Name="21.1" Mode="required" Report="warning" Id="102">
<Loc File="C:\component\SF020B_PosnTrakgServo_Impl\src\PosnTrakgServo.c" Line="594" Column="8">
</Loc>
<Message>
Minimisation of run-time failures.
</Message>
</Rule>

<Rule Name="11.5" Mode="required" Report="warning" Id="103">
<Loc File="C:\component\SF020B_PosnTrakgServo_Impl\src\PosnTrakgServo.c" Line="600" Column="68">
</Loc>
<Message>
A cast shall not be performed that removes any const or volatile qualification
from the type addressed by a pointer.
</Message>
</Rule>

<Rule Name="11.5" Mode="required" Report="warning" Id="104">
<Loc File="C:\component\SF020B_PosnTrakgServo_Impl\src\PosnTrakgServo.c" Line="601" Column="124">
</Loc>
<Message>
A cast shall not be performed that removes any const or volatile qualification
from the type addressed by a pointer.
</Message>
</Rule>

<Rule Name="12.3" Mode="required" Report="warning" Id="105">
<Loc File="C:\component\SF020B_PosnTrakgServo_Impl\src\PosnTrakgServo.c" Line="602" Column="131">
</Loc>
<Message>
The sizeof operator should not be used on expressions that contain side effects.
</Message>
</Rule>

<Rule Name="11.5" Mode="required" Report="warning" Id="106">
<Loc File="C:\component\SF020B_PosnTrakgServo_Impl\src\PosnTrakgServo.c" Line="602" Column="140">
</Loc>
<Message>
A cast shall not be performed that removes any const or volatile qualification
from the type addressed by a pointer.
</Message>
</Rule>

<Rule Name="12.3" Mode="required" Report="warning" Id="107">
<Loc File="C:\component\SF020B_PosnTrakgServo_Impl\src\PosnTrakgServo.c" Line="602" Column="223">
</Loc>
<Message>
The sizeof operator should not be used on expressions that contain side effects.
</Message>
</Rule>

<Rule Name="11.5" Mode="required" Report="warning" Id="108">
<Loc File="C:\component\SF020B_PosnTrakgServo_Impl\src\PosnTrakgServo.c" Line="602" Column="233">
</Loc>
<Message>
A cast shall not be performed that removes any const or volatile qualification
from the type addressed by a pointer.
</Message>
</Rule>

<Rule Name="9.1" Mode="required" Report="warning" Id="109">
<Loc File="C:\component\SF020B_PosnTrakgServo_Impl\src\PosnTrakgServo.c" Line="606" Column="12">
</Loc>
<Message>
All automatic variables shall have been assigned a value before being used.
</Message>
</Rule>

<Rule Name="11.5" Mode="required" Report="warning" Id="110">
<Loc File="C:\component\SF020B_PosnTrakgServo_Impl\src\PosnTrakgServo.c" Line="608" Column="110">
</Loc>
<Message>
A cast shall not be performed that removes any const or volatile qualification
from the type addressed by a pointer.
</Message>
</Rule>

<Rule Name="11.5" Mode="required" Report="warning" Id="111">
<Loc File="C:\component\SF020B_PosnTrakgServo_Impl\src\PosnTrakgServo.c" Line="609" Column="170">
</Loc>
<Message>
A cast shall not be performed that removes any const or volatile qualification
from the type addressed by a pointer.
</Message>
</Rule>

<Rule Name="12.3" Mode="required" Report="warning" Id="112">
<Loc File="C:\component\SF020B_PosnTrakgServo_Impl\src\PosnTrakgServo.c" Line="610" Column="177">
</Loc>
<Message>
The sizeof operator should not be used on expressions that contain side effects.
</Message>
</Rule>

<Rule Name="11.5" Mode="required" Report="warning" Id="113">
<Loc File="C:\component\SF020B_PosnTrakgServo_Impl\src\PosnTrakgServo.c" Line="610" Column="186">
</Loc>
<Message>
A cast shall not be performed that removes any const or volatile qualification
from the type addressed by a pointer.
</Message>
</Rule>

<Rule Name="12.3" Mode="required" Report="warning" Id="114">
<Loc File="C:\component\SF020B_PosnTrakgServo_Impl\src\PosnTrakgServo.c" Line="610" Column="269">
</Loc>
<Message>
The sizeof operator should not be used on expressions that contain side effects.
</Message>
</Rule>

<Rule Name="11.5" Mode="required" Report="warning" Id="115">
<Loc File="C:\component\SF020B_PosnTrakgServo_Impl\src\PosnTrakgServo.c" Line="610" Column="279">
</Loc>
<Message>
A cast shall not be performed that removes any const or volatile qualification
from the type addressed by a pointer.
</Message>
</Rule>

<Rule Name="21.1" Mode="required" Report="warning" Id="116">
<Loc File="C:\component\SF020B_PosnTrakgServo_Impl\src\PosnTrakgServo.c" Line="616" Column="57">
</Loc>
<Message>
Minimisation of run-time failures.
</Message>
</Rule>

<Rule Name="21.1" Mode="required" Report="warning" Id="117">
<Loc File="C:\component\SF020B_PosnTrakgServo_Impl\src\PosnTrakgServo.c" Line="619" Column="109">
</Loc>
<Message>
Minimisation of run-time failures.
</Message>
</Rule>

<Rule Name="21.1" Mode="required" Report="warning" Id="118">
<Loc File="C:\component\SF020B_PosnTrakgServo_Impl\src\PosnTrakgServo.c" Line="621" Column="178">
</Loc>
<Message>
Minimisation of run-time failures.
</Message>
</Rule>

<Rule Name="21.1" Mode="required" Report="warning" Id="119">
<Loc File="C:\component\SF020B_PosnTrakgServo_Impl\src\PosnTrakgServo.c" Line="622" Column="109">
</Loc>
<Message>
Minimisation of run-time failures.
</Message>
</Rule>

<Rule Name="21.1" Mode="required" Report="warning" Id="120">
<Loc File="C:\component\SF020B_PosnTrakgServo_Impl\src\PosnTrakgServo.c" Line="635" Column="8">
</Loc>
<Message>
Minimisation of run-time failures.
</Message>
</Rule>

<Rule Name="21.1" Mode="required" Report="warning" Id="121">
<Loc File="C:\component\SF020B_PosnTrakgServo_Impl\src\PosnTrakgServo.c" Line="638" Column="112">
</Loc>
<Message>
Minimisation of run-time failures.
</Message>
</Rule>

</CodeStruct>

</MISRA-C-Report>
