<?pst parser version="1.0" encoding="UTF-8"?>
<DiffFile>
<Header>
--
-- File created by Polyspace / Comments Diff
-- Copyright 1999-2018 MathWorks, Inc.
--
</Header>

<File Name="FordMsg07EBusHiSpd.c" NewName="FordMsg07EBusHiSpd.c">

        <Rule Name="8.1" RuleID="3" File="FordMsg07EBusHiSpd.c" Line="308" Col="14">
            <IsViolated/>
            <Diff Reason="NO_MATCH_FOUND" File="FordMsg07EBusHiSpd.c" Line="305" Col="14">
            </Diff>
        </Rule>

        <Rule Name="8.1" RuleID="6" File="FordMsg07EBusHiSpd.c" Line="309" Col="14">
            <IsViolated/>
            <Diff Reason="NO_MATCH_FOUND" File="FordMsg07EBusHiSpd.c" Line="306" Col="14">
            </Diff>
        </Rule>

        <Rule Name="9.1" File="FordMsg07EBusHiSpd.c">
            <Diff Reason="NO_MATCH_FOUND" RuleID="3" File="C:\Users\NZ5334\Documents\Synergy\Working\ses_dev_ea4\MM531A_FordMsg07EBusHiSpd_Impl\src\FordMsg07EBusHiSpd.c" Line="271" Col="50">
            <IsViolated/>
            </Diff>
        </Rule>

        <Rule Name="9.1" File="FordMsg07EBusHiSpd.c">
            <Diff Reason="NO_MATCH_FOUND" RuleID="6" File="C:\Users\NZ5334\Documents\Synergy\Working\ses_dev_ea4\MM531A_FordMsg07EBusHiSpd_Impl\src\FordMsg07EBusHiSpd.c" Line="290" Col="51">
            <IsViolated/>
            </Diff>
        </Rule>

        <Rule Name="10.1" RuleID="5" File="FordMsg07EBusHiSpd.c" Line="308" Col="57">
            <IsViolated/>
            <Diff Reason="NO_MATCH_FOUND" File="FordMsg07EBusHiSpd.c" Line="305" Col="75">
            </Diff>
        </Rule>

        <Rule Name="10.1" RuleID="8" File="FordMsg07EBusHiSpd.c" Line="309" Col="77">
            <IsViolated/>
            <Diff Reason="NO_MATCH_FOUND" File="FordMsg07EBusHiSpd.c" Line="306" Col="95">
            </Diff>
        </Rule>

        <Rule Name="21.1" File="FordMsg07EBusHiSpd.c">
            <Diff Reason="NO_MATCH_FOUND" RuleID="4" File="C:\Users\NZ5334\Documents\Synergy\Working\ses_dev_ea4\MM531A_FordMsg07EBusHiSpd_Impl\src\FordMsg07EBusHiSpd.c" Line="277" Col="12">
            <IsViolated/>
            </Diff>
        </Rule>

        <Rule Name="21.1" File="FordMsg07EBusHiSpd.c">
            <Diff Reason="NO_MATCH_FOUND" RuleID="5" File="C:\Users\NZ5334\Documents\Synergy\Working\ses_dev_ea4\MM531A_FordMsg07EBusHiSpd_Impl\src\FordMsg07EBusHiSpd.c" Line="277" Col="41">
            <IsViolated/>
            </Diff>
        </Rule>
</File>
</DiffFile>
