<?pst parser version="1.0" encoding="UTF-8"?>
<DiffFile>
<Header>
--
-- File created by Polyspace / Comments Diff
-- Copyright 1999-2018 MathWorks, Inc.
--
</Header>

<File Name="FordMsg07EBusHiSpd.c" NewName="FordMsg07EBusHiSpd.c">

    <CodeStruct Name="FordMsg07EBusHiSpd.FordMsg07EBusHiSpdPer1" File="FordMsg07EBusHiSpd.c" Line="239" Col="5" NewName="FordMsg07EBusHiSpd.FordMsg07EBusHiSpdPer1" NewFile="FordMsg07EBusHiSpd.c" NewLine="236" NewCol="5">

        <Er Category="IDP" Checker="OUT_BOUND_PTR" File="FordMsg07EBusHiSpd.c" Line="280">
            <Diff Reason="NO_MATCH_FOUND" NodeID="9" Color="Orange" File="FordMsg07EBusHiSpd.c" Line="277" Col="12">
            </Diff>
        </Er>

        <Er Category="NIV" Checker="NON_INIT_VAR" File="FordMsg07EBusHiSpd.c" Line="280">
            <Diff Reason="NO_MATCH_FOUND" NodeID="10" Color="Green" File="FordMsg07EBusHiSpd.c" Line="277" Col="12">
            </Diff>
        </Er>

        <Er Category="NIP" Checker="NON_INIT_PTR" File="FordMsg07EBusHiSpd.c" Line="280">
            <Diff Reason="NO_MATCH_FOUND" NodeID="11" Color="Green" File="FordMsg07EBusHiSpd.c" Line="277" Col="14">
            </Diff>
        </Er>

        <Er Category="IDP" Checker="OUT_BOUND_PTR" File="FordMsg07EBusHiSpd.c" Line="280">
            <Diff Reason="NO_MATCH_FOUND" NodeID="12" Color="Orange" File="FordMsg07EBusHiSpd.c" Line="277" Col="41">
            </Diff>
        </Er>

        <Er Category="NIP" Checker="NON_INIT_PTR" File="FordMsg07EBusHiSpd.c" Line="280">
            <Diff Reason="NO_MATCH_FOUND" NodeID="13" Color="Green" File="FordMsg07EBusHiSpd.c" Line="277" Col="43">
            </Diff>
        </Er>

        <Er Category="IDP" Checker="OUT_BOUND_PTR" File="FordMsg07EBusHiSpd.c" Line="286">
            <Diff Reason="NO_MATCH_FOUND" NodeID="14" Color="Green" File="FordMsg07EBusHiSpd.c" Line="283" Col="42">
            </Diff>
        </Er>

        <Er Category="NIV" Checker="NON_INIT_VAR" File="FordMsg07EBusHiSpd.c" Line="286">
            <Diff Reason="NO_MATCH_FOUND" NodeID="15" Color="Green" File="FordMsg07EBusHiSpd.c" Line="283" Col="42">
            </Diff>
        </Er>

        <Er Category="NIP" Checker="NON_INIT_PTR" File="FordMsg07EBusHiSpd.c" Line="286">
            <Diff Reason="NO_MATCH_FOUND" NodeID="16" Color="Green" File="FordMsg07EBusHiSpd.c" Line="283" Col="44">
            </Diff>
        </Er>

        <Er Category="IDP" Checker="OUT_BOUND_PTR" File="FordMsg07EBusHiSpd.c" Line="286">
            <Diff Reason="NO_MATCH_FOUND" NodeID="17" Color="Green" File="FordMsg07EBusHiSpd.c" Line="283" Col="71">
            </Diff>
        </Er>

        <Er Category="NIP" Checker="NON_INIT_PTR" File="FordMsg07EBusHiSpd.c" Line="286">
            <Diff Reason="NO_MATCH_FOUND" NodeID="18" Color="Green" File="FordMsg07EBusHiSpd.c" Line="283" Col="73">
            </Diff>
        </Er>

        <Er Category="IDP" Checker="OUT_BOUND_PTR" File="FordMsg07EBusHiSpd.c" Line="289">
            <Diff Reason="NO_MATCH_FOUND" NodeID="21" Color="Green" File="FordMsg07EBusHiSpd.c" Line="286" Col="8">
            </Diff>
        </Er>

        <Er Category="NIP" Checker="NON_INIT_PTR" File="FordMsg07EBusHiSpd.c" Line="289">
            <Diff Reason="NO_MATCH_FOUND" NodeID="22" Color="Green" File="FordMsg07EBusHiSpd.c" Line="286" Col="10">
            </Diff>
        </Er>

        <Er Category="IDP" Checker="OUT_BOUND_PTR" File="FordMsg07EBusHiSpd.c" Line="289">
            <Diff Reason="NO_MATCH_FOUND" NodeID="23" Color="Green" File="FordMsg07EBusHiSpd.c" Line="286" Col="37">
            </Diff>
        </Er>

        <Er Category="NIP" Checker="NON_INIT_PTR" File="FordMsg07EBusHiSpd.c" Line="289">
            <Diff Reason="NO_MATCH_FOUND" NodeID="24" Color="Green" File="FordMsg07EBusHiSpd.c" Line="286" Col="39">
            </Diff>
        </Er>

        <Er Category="OVFL" Checker="INT_OVFL" File="FordMsg07EBusHiSpd.c" Line="299">
            <Diff Reason="NO_MATCH_FOUND" NodeID="37" Color="Green" File="FordMsg07EBusHiSpd.c" Line="296" Col="103">
            </Diff>
        </Er>

        <Er Category="NIV" Checker="NON_INIT_VAR" NodeID="0" Color="Green" File="FordMsg07EBusHiSpd.c" Line="269" Col="50">
            <Diff Reason="NO_MATCH_FOUND" File="FordMsg07EBusHiSpd.c" Line="266">
            </Diff>
        </Er>

        <Er Category="NIV" Checker="NON_INIT_VAR" NodeID="1" Color="Green" File="FordMsg07EBusHiSpd.c" Line="270" Col="51">
            <Diff Reason="NO_MATCH_FOUND" File="FordMsg07EBusHiSpd.c" Line="267">
            </Diff>
        </Er>

        <Er Category="NIVL" Checker="NON_INIT_VAR" NodeID="3" Color="Green" File="FordMsg07EBusHiSpd.c" Line="274" Col="50">
            <Diff Reason="COLOR_HAS_CHANGED" NodeID="1" Color="Orange" File="FordMsg07EBusHiSpd.c" Line="271" Col="50">
            </Diff>
        </Er>

        <Er Category="NIV" Checker="NON_INIT_VAR" NodeID="11" Color="Green" File="FordMsg07EBusHiSpd.c" Line="280" Col="15">
            <Diff Reason="NO_MATCH_FOUND" File="FordMsg07EBusHiSpd.c" Line="277" Col="23">
            </Diff>
        </Er>

        <Er Category="NIV" Checker="NON_INIT_VAR" NodeID="12" Color="Green" File="FordMsg07EBusHiSpd.c" Line="286" Col="45">
            <Diff Reason="NO_MATCH_FOUND" File="FordMsg07EBusHiSpd.c" Line="283" Col="53">
            </Diff>
        </Er>

        <Er Category="NIVL" Checker="NON_INIT_VAR" NodeID="17" Color="Green" File="FordMsg07EBusHiSpd.c" Line="293" Col="51">
            <Diff Reason="COLOR_HAS_CHANGED" NodeID="27" Color="Orange" File="FordMsg07EBusHiSpd.c" Line="290" Col="51">
            </Diff>
        </Er>
    </CodeStruct>
</File>
</DiffFile>
