<?xml version="1.0" encoding="UTF-8"?>

<MISRA-C-Report version="1.3">


<CodeStruct Name="" File="C:\component\SF029A_StabyCmp_Impl\src\StabyCmp.c" Line="0" Column="0">

<Rule Name="19.1" Mode="advisory" Report="warning" Id="1">
<Loc File="C:\component\SF029A_StabyCmp_Impl\src\StabyCmp.c" Line="206" Column="0">
</Loc>
<Message>
#include statements in a file shall only be preceded by other preprocessor directives or comments.
</Message>
</Rule>

<Rule Name="19.11" Mode="required" Report="warning" Id="2">
<Loc File="C:\component\SF029A_StabyCmp_Impl\src\StabyCmp.c" Line="424" Column="0">
</Loc>
<Message>
`FLTINJENA' is not defined.
</Message>
</Rule>

<Rule Name="19.1" Mode="advisory" Report="warning" Id="3">
<Loc File="C:\component\SF029A_StabyCmp_Impl\src\StabyCmp.c" Line="437" Column="0">
</Loc>
<Message>
#include statements in a file shall only be preceded by other preprocessor directives or comments.
</Message>
</Rule>

</CodeStruct>

<CodeStruct Name="StabyCmpPer1" File="C:\component\SF029A_StabyCmp_Impl\src\StabyCmp.c" Line="272" Column="5">

<Rule Name="9.1" Mode="required" Report="warning" Id="4">
<Loc File="C:\component\SF029A_StabyCmp_Impl\src\StabyCmp.c" Line="317" Column="41">
</Loc>
<Message>
All automatic variables shall have been assigned a value before being used.
</Message>
</Rule>

<Rule Name="9.1" Mode="required" Report="warning" Id="5">
<Loc File="C:\component\SF029A_StabyCmp_Impl\src\StabyCmp.c" Line="319" Column="61">
</Loc>
<Message>
All automatic variables shall have been assigned a value before being used.
</Message>
</Rule>

<Rule Name="21.1" Mode="required" Report="warning" Id="6">
<Loc File="C:\component\SF029A_StabyCmp_Impl\src\StabyCmp.c" Line="319" Column="100">
</Loc>
<Message>
Minimisation of run-time failures.
</Message>
</Rule>

<Rule Name="9.1" Mode="required" Report="warning" Id="7">
<Loc File="C:\component\SF029A_StabyCmp_Impl\src\StabyCmp.c" Line="321" Column="49">
</Loc>
<Message>
All automatic variables shall have been assigned a value before being used.
</Message>
</Rule>

<Rule Name="9.1" Mode="required" Report="warning" Id="8">
<Loc File="C:\component\SF029A_StabyCmp_Impl\src\StabyCmp.c" Line="321" Column="75">
</Loc>
<Message>
All automatic variables shall have been assigned a value before being used.
</Message>
</Rule>

<Rule Name="11.5" Mode="required" Report="warning" Id="9">
<Loc File="C:\component\SF029A_StabyCmp_Impl\src\StabyCmp.c" Line="323" Column="61">
</Loc>
<Message>
A cast shall not be performed that removes any const or volatile qualification
from the type addressed by a pointer.
</Message>
</Rule>

<Rule Name="11.5" Mode="required" Report="warning" Id="10">
<Loc File="C:\component\SF029A_StabyCmp_Impl\src\StabyCmp.c" Line="324" Column="61">
</Loc>
<Message>
A cast shall not be performed that removes any const or volatile qualification
from the type addressed by a pointer.
</Message>
</Rule>

<Rule Name="12.3" Mode="required" Report="warning" Id="11">
<Loc File="C:\component\SF029A_StabyCmp_Impl\src\StabyCmp.c" Line="325" Column="68">
</Loc>
<Message>
The sizeof operator should not be used on expressions that contain side effects.
</Message>
</Rule>

<Rule Name="11.5" Mode="required" Report="warning" Id="12">
<Loc File="C:\component\SF029A_StabyCmp_Impl\src\StabyCmp.c" Line="325" Column="77">
</Loc>
<Message>
A cast shall not be performed that removes any const or volatile qualification
from the type addressed by a pointer.
</Message>
</Rule>

<Rule Name="12.3" Mode="required" Report="warning" Id="13">
<Loc File="C:\component\SF029A_StabyCmp_Impl\src\StabyCmp.c" Line="325" Column="149">
</Loc>
<Message>
The sizeof operator should not be used on expressions that contain side effects.
</Message>
</Rule>

<Rule Name="11.5" Mode="required" Report="warning" Id="14">
<Loc File="C:\component\SF029A_StabyCmp_Impl\src\StabyCmp.c" Line="325" Column="159">
</Loc>
<Message>
A cast shall not be performed that removes any const or volatile qualification
from the type addressed by a pointer.
</Message>
</Rule>

<Rule Name="21.1" Mode="required" Report="warning" Id="15">
<Loc File="C:\component\SF029A_StabyCmp_Impl\src\StabyCmp.c" Line="328" Column="4">
</Loc>
<Message>
Minimisation of run-time failures.
</Message>
</Rule>

<Rule Name="9.1" Mode="required" Report="warning" Id="16">
<Loc File="C:\component\SF029A_StabyCmp_Impl\src\StabyCmp.c" Line="332" Column="44">
</Loc>
<Message>
All automatic variables shall have been assigned a value before being used.
</Message>
</Rule>

<Rule Name="11.5" Mode="required" Report="warning" Id="17">
<Loc File="C:\component\SF029A_StabyCmp_Impl\src\StabyCmp.c" Line="336" Column="71">
</Loc>
<Message>
A cast shall not be performed that removes any const or volatile qualification
from the type addressed by a pointer.
</Message>
</Rule>

<Rule Name="12.3" Mode="required" Report="warning" Id="18">
<Loc File="C:\component\SF029A_StabyCmp_Impl\src\StabyCmp.c" Line="337" Column="78">
</Loc>
<Message>
The sizeof operator should not be used on expressions that contain side effects.
</Message>
</Rule>

<Rule Name="11.5" Mode="required" Report="warning" Id="19">
<Loc File="C:\component\SF029A_StabyCmp_Impl\src\StabyCmp.c" Line="337" Column="87">
</Loc>
<Message>
A cast shall not be performed that removes any const or volatile qualification
from the type addressed by a pointer.
</Message>
</Rule>

<Rule Name="12.3" Mode="required" Report="warning" Id="20">
<Loc File="C:\component\SF029A_StabyCmp_Impl\src\StabyCmp.c" Line="337" Column="169">
</Loc>
<Message>
The sizeof operator should not be used on expressions that contain side effects.
</Message>
</Rule>

<Rule Name="11.5" Mode="required" Report="warning" Id="21">
<Loc File="C:\component\SF029A_StabyCmp_Impl\src\StabyCmp.c" Line="337" Column="179">
</Loc>
<Message>
A cast shall not be performed that removes any const or volatile qualification
from the type addressed by a pointer.
</Message>
</Rule>

<Rule Name="12.3" Mode="required" Report="warning" Id="22">
<Loc File="C:\component\SF029A_StabyCmp_Impl\src\StabyCmp.c" Line="340" Column="78">
</Loc>
<Message>
The sizeof operator should not be used on expressions that contain side effects.
</Message>
</Rule>

<Rule Name="11.5" Mode="required" Report="warning" Id="23">
<Loc File="C:\component\SF029A_StabyCmp_Impl\src\StabyCmp.c" Line="340" Column="87">
</Loc>
<Message>
A cast shall not be performed that removes any const or volatile qualification
from the type addressed by a pointer.
</Message>
</Rule>

<Rule Name="12.3" Mode="required" Report="warning" Id="24">
<Loc File="C:\component\SF029A_StabyCmp_Impl\src\StabyCmp.c" Line="340" Column="168">
</Loc>
<Message>
The sizeof operator should not be used on expressions that contain side effects.
</Message>
</Rule>

<Rule Name="11.5" Mode="required" Report="warning" Id="25">
<Loc File="C:\component\SF029A_StabyCmp_Impl\src\StabyCmp.c" Line="340" Column="178">
</Loc>
<Message>
A cast shall not be performed that removes any const or volatile qualification
from the type addressed by a pointer.
</Message>
</Rule>

<Rule Name="21.1" Mode="required" Report="warning" Id="26">
<Loc File="C:\component\SF029A_StabyCmp_Impl\src\StabyCmp.c" Line="342" Column="4">
</Loc>
<Message>
Minimisation of run-time failures.
</Message>
</Rule>

<Rule Name="21.1" Mode="required" Report="warning" Id="27">
<Loc File="C:\component\SF029A_StabyCmp_Impl\src\StabyCmp.c" Line="346" Column="4">
</Loc>
<Message>
Minimisation of run-time failures.
</Message>
</Rule>

<Rule Name="11.5" Mode="required" Report="warning" Id="28">
<Loc File="C:\component\SF029A_StabyCmp_Impl\src\StabyCmp.c" Line="351" Column="71">
</Loc>
<Message>
A cast shall not be performed that removes any const or volatile qualification
from the type addressed by a pointer.
</Message>
</Rule>

<Rule Name="12.3" Mode="required" Report="warning" Id="29">
<Loc File="C:\component\SF029A_StabyCmp_Impl\src\StabyCmp.c" Line="352" Column="78">
</Loc>
<Message>
The sizeof operator should not be used on expressions that contain side effects.
</Message>
</Rule>

<Rule Name="11.5" Mode="required" Report="warning" Id="30">
<Loc File="C:\component\SF029A_StabyCmp_Impl\src\StabyCmp.c" Line="352" Column="87">
</Loc>
<Message>
A cast shall not be performed that removes any const or volatile qualification
from the type addressed by a pointer.
</Message>
</Rule>

<Rule Name="12.3" Mode="required" Report="warning" Id="31">
<Loc File="C:\component\SF029A_StabyCmp_Impl\src\StabyCmp.c" Line="352" Column="169">
</Loc>
<Message>
The sizeof operator should not be used on expressions that contain side effects.
</Message>
</Rule>

<Rule Name="11.5" Mode="required" Report="warning" Id="32">
<Loc File="C:\component\SF029A_StabyCmp_Impl\src\StabyCmp.c" Line="352" Column="179">
</Loc>
<Message>
A cast shall not be performed that removes any const or volatile qualification
from the type addressed by a pointer.
</Message>
</Rule>

<Rule Name="12.3" Mode="required" Report="warning" Id="33">
<Loc File="C:\component\SF029A_StabyCmp_Impl\src\StabyCmp.c" Line="355" Column="78">
</Loc>
<Message>
The sizeof operator should not be used on expressions that contain side effects.
</Message>
</Rule>

<Rule Name="11.5" Mode="required" Report="warning" Id="34">
<Loc File="C:\component\SF029A_StabyCmp_Impl\src\StabyCmp.c" Line="355" Column="87">
</Loc>
<Message>
A cast shall not be performed that removes any const or volatile qualification
from the type addressed by a pointer.
</Message>
</Rule>

<Rule Name="12.3" Mode="required" Report="warning" Id="35">
<Loc File="C:\component\SF029A_StabyCmp_Impl\src\StabyCmp.c" Line="355" Column="168">
</Loc>
<Message>
The sizeof operator should not be used on expressions that contain side effects.
</Message>
</Rule>

<Rule Name="11.5" Mode="required" Report="warning" Id="36">
<Loc File="C:\component\SF029A_StabyCmp_Impl\src\StabyCmp.c" Line="355" Column="178">
</Loc>
<Message>
A cast shall not be performed that removes any const or volatile qualification
from the type addressed by a pointer.
</Message>
</Rule>

<Rule Name="21.1" Mode="required" Report="warning" Id="37">
<Loc File="C:\component\SF029A_StabyCmp_Impl\src\StabyCmp.c" Line="357" Column="4">
</Loc>
<Message>
Minimisation of run-time failures.
</Message>
</Rule>

<Rule Name="21.1" Mode="required" Report="warning" Id="38">
<Loc File="C:\component\SF029A_StabyCmp_Impl\src\StabyCmp.c" Line="361" Column="4">
</Loc>
<Message>
Minimisation of run-time failures.
</Message>
</Rule>

<Rule Name="21.1" Mode="required" Report="warning" Id="39">
<Loc File="C:\component\SF029A_StabyCmp_Impl\src\StabyCmp.c" Line="371" Column="4">
</Loc>
<Message>
Minimisation of run-time failures.
</Message>
</Rule>

<Rule Name="11.5" Mode="required" Report="warning" Id="40">
<Loc File="C:\component\SF029A_StabyCmp_Impl\src\StabyCmp.c" Line="379" Column="71">
</Loc>
<Message>
A cast shall not be performed that removes any const or volatile qualification
from the type addressed by a pointer.
</Message>
</Rule>

<Rule Name="12.3" Mode="required" Report="warning" Id="41">
<Loc File="C:\component\SF029A_StabyCmp_Impl\src\StabyCmp.c" Line="380" Column="78">
</Loc>
<Message>
The sizeof operator should not be used on expressions that contain side effects.
</Message>
</Rule>

<Rule Name="11.5" Mode="required" Report="warning" Id="42">
<Loc File="C:\component\SF029A_StabyCmp_Impl\src\StabyCmp.c" Line="380" Column="87">
</Loc>
<Message>
A cast shall not be performed that removes any const or volatile qualification
from the type addressed by a pointer.
</Message>
</Rule>

<Rule Name="12.3" Mode="required" Report="warning" Id="43">
<Loc File="C:\component\SF029A_StabyCmp_Impl\src\StabyCmp.c" Line="380" Column="169">
</Loc>
<Message>
The sizeof operator should not be used on expressions that contain side effects.
</Message>
</Rule>

<Rule Name="11.5" Mode="required" Report="warning" Id="44">
<Loc File="C:\component\SF029A_StabyCmp_Impl\src\StabyCmp.c" Line="380" Column="179">
</Loc>
<Message>
A cast shall not be performed that removes any const or volatile qualification
from the type addressed by a pointer.
</Message>
</Rule>

<Rule Name="12.3" Mode="required" Report="warning" Id="45">
<Loc File="C:\component\SF029A_StabyCmp_Impl\src\StabyCmp.c" Line="383" Column="78">
</Loc>
<Message>
The sizeof operator should not be used on expressions that contain side effects.
</Message>
</Rule>

<Rule Name="11.5" Mode="required" Report="warning" Id="46">
<Loc File="C:\component\SF029A_StabyCmp_Impl\src\StabyCmp.c" Line="383" Column="87">
</Loc>
<Message>
A cast shall not be performed that removes any const or volatile qualification
from the type addressed by a pointer.
</Message>
</Rule>

<Rule Name="12.3" Mode="required" Report="warning" Id="47">
<Loc File="C:\component\SF029A_StabyCmp_Impl\src\StabyCmp.c" Line="383" Column="168">
</Loc>
<Message>
The sizeof operator should not be used on expressions that contain side effects.
</Message>
</Rule>

<Rule Name="11.5" Mode="required" Report="warning" Id="48">
<Loc File="C:\component\SF029A_StabyCmp_Impl\src\StabyCmp.c" Line="383" Column="178">
</Loc>
<Message>
A cast shall not be performed that removes any const or volatile qualification
from the type addressed by a pointer.
</Message>
</Rule>

<Rule Name="21.1" Mode="required" Report="warning" Id="49">
<Loc File="C:\component\SF029A_StabyCmp_Impl\src\StabyCmp.c" Line="385" Column="4">
</Loc>
<Message>
Minimisation of run-time failures.
</Message>
</Rule>

<Rule Name="21.1" Mode="required" Report="warning" Id="50">
<Loc File="C:\component\SF029A_StabyCmp_Impl\src\StabyCmp.c" Line="389" Column="4">
</Loc>
<Message>
Minimisation of run-time failures.
</Message>
</Rule>

<Rule Name="11.5" Mode="required" Report="warning" Id="51">
<Loc File="C:\component\SF029A_StabyCmp_Impl\src\StabyCmp.c" Line="394" Column="71">
</Loc>
<Message>
A cast shall not be performed that removes any const or volatile qualification
from the type addressed by a pointer.
</Message>
</Rule>

<Rule Name="12.3" Mode="required" Report="warning" Id="52">
<Loc File="C:\component\SF029A_StabyCmp_Impl\src\StabyCmp.c" Line="395" Column="78">
</Loc>
<Message>
The sizeof operator should not be used on expressions that contain side effects.
</Message>
</Rule>

<Rule Name="11.5" Mode="required" Report="warning" Id="53">
<Loc File="C:\component\SF029A_StabyCmp_Impl\src\StabyCmp.c" Line="395" Column="87">
</Loc>
<Message>
A cast shall not be performed that removes any const or volatile qualification
from the type addressed by a pointer.
</Message>
</Rule>

<Rule Name="12.3" Mode="required" Report="warning" Id="54">
<Loc File="C:\component\SF029A_StabyCmp_Impl\src\StabyCmp.c" Line="395" Column="169">
</Loc>
<Message>
The sizeof operator should not be used on expressions that contain side effects.
</Message>
</Rule>

<Rule Name="11.5" Mode="required" Report="warning" Id="55">
<Loc File="C:\component\SF029A_StabyCmp_Impl\src\StabyCmp.c" Line="395" Column="179">
</Loc>
<Message>
A cast shall not be performed that removes any const or volatile qualification
from the type addressed by a pointer.
</Message>
</Rule>

<Rule Name="12.3" Mode="required" Report="warning" Id="56">
<Loc File="C:\component\SF029A_StabyCmp_Impl\src\StabyCmp.c" Line="398" Column="78">
</Loc>
<Message>
The sizeof operator should not be used on expressions that contain side effects.
</Message>
</Rule>

<Rule Name="11.5" Mode="required" Report="warning" Id="57">
<Loc File="C:\component\SF029A_StabyCmp_Impl\src\StabyCmp.c" Line="398" Column="87">
</Loc>
<Message>
A cast shall not be performed that removes any const or volatile qualification
from the type addressed by a pointer.
</Message>
</Rule>

<Rule Name="12.3" Mode="required" Report="warning" Id="58">
<Loc File="C:\component\SF029A_StabyCmp_Impl\src\StabyCmp.c" Line="398" Column="168">
</Loc>
<Message>
The sizeof operator should not be used on expressions that contain side effects.
</Message>
</Rule>

<Rule Name="11.5" Mode="required" Report="warning" Id="59">
<Loc File="C:\component\SF029A_StabyCmp_Impl\src\StabyCmp.c" Line="398" Column="178">
</Loc>
<Message>
A cast shall not be performed that removes any const or volatile qualification
from the type addressed by a pointer.
</Message>
</Rule>

<Rule Name="21.1" Mode="required" Report="warning" Id="60">
<Loc File="C:\component\SF029A_StabyCmp_Impl\src\StabyCmp.c" Line="400" Column="4">
</Loc>
<Message>
Minimisation of run-time failures.
</Message>
</Rule>

<Rule Name="21.1" Mode="required" Report="warning" Id="61">
<Loc File="C:\component\SF029A_StabyCmp_Impl\src\StabyCmp.c" Line="404" Column="4">
</Loc>
<Message>
Minimisation of run-time failures.
</Message>
</Rule>

<Rule Name="21.1" Mode="required" Report="warning" Id="62">
<Loc File="C:\component\SF029A_StabyCmp_Impl\src\StabyCmp.c" Line="414" Column="4">
</Loc>
<Message>
Minimisation of run-time failures.
</Message>
</Rule>

</CodeStruct>

<CodeStruct Name="StabyCmpInit1" File="C:\component\SF029A_StabyCmp_Impl\src\StabyCmp.c" Line="218" Column="5">

<Rule Name="21.1" Mode="required" Report="warning" Id="63">
<Loc File="C:\component\SF029A_StabyCmp_Impl\src\StabyCmp.c" Line="225" Column="90">
</Loc>
<Message>
Minimisation of run-time failures.
</Message>
</Rule>

</CodeStruct>

<CodeStruct Name="FilNotchInit" File="C:\component\SF029A_StabyCmp_Impl\src\StabyCmp.c" Line="478" Column="12">

<Rule Name="21.1" Mode="required" Report="warning" Id="64">
<Loc File="C:\component\SF029A_StabyCmp_Impl\src\StabyCmp.c" Line="482" Column="20">
</Loc>
<Message>
Minimisation of run-time failures.
</Message>
</Rule>

<Rule Name="21.1" Mode="required" Report="warning" Id="65">
<Loc File="C:\component\SF029A_StabyCmp_Impl\src\StabyCmp.c" Line="482" Column="57">
</Loc>
<Message>
Minimisation of run-time failures.
</Message>
</Rule>

</CodeStruct>

<CodeStruct Name="FilNotchFullUpdOutp_f32" File="C:\component\SF029A_StabyCmp_Impl\src\StabyCmp.c" Line="452" Column="15">

<Rule Name="21.1" Mode="required" Report="warning" Id="66">
<Loc File="C:\component\SF029A_StabyCmp_Impl\src\StabyCmp.c" Line="459" Column="29">
</Loc>
<Message>
Minimisation of run-time failures.
</Message>
</Rule>

<Rule Name="21.1" Mode="required" Report="warning" Id="67">
<Loc File="C:\component\SF029A_StabyCmp_Impl\src\StabyCmp.c" Line="459" Column="59">
</Loc>
<Message>
Minimisation of run-time failures.
</Message>
</Rule>

</CodeStruct>

</MISRA-C-Report>
