<?xml version="1.0" encoding="UTF-8"?>
<!--EDRS Version 1.0-->
<global>
   <file name="C:\\_EA4SynWrkgCpy\\ES248A_MotAgArbn_Impl\\src\\CDD_MotAgArbn.c" comment="">
      <function name="MotAgArbnInit1" comment="" line="111" main_generator_called="MAIN_GENERATOR"/>
   </file>
   <file name="C:\\_EA4SynWrkgCpy\\ES248A_MotAgArbn_Impl\\src\\CDD_MotAgArbn_MotCtrl.c" comment="">
      <function name="MotAgArbnPer1" comment="" line="57" main_generator_called="MAIN_GENERATOR"/>
      <function name="SigAvlyChk" comment="" line="126" main_generator_called="MAIN_GENERATOR" attributes="static">
         <scalar name="arg1" comment="" line="126" base_type="uint8" attributes="static" complete_type="uint8" init_mode="MAIN_GENERATOR" init_modes_allowed="10" init_range="min..max" global_assert="unsupported" assert_range="unsupported"/>
         <scalar name="arg2" comment="" line="126" base_type="uint8" attributes="static" complete_type="uint8" init_mode="MAIN_GENERATOR" init_modes_allowed="10" init_range="min..max" global_assert="unsupported" assert_range="unsupported"/>
         <scalar name="arg3" comment="" line="126" base_type="uint8" attributes="static" complete_type="uint8" init_mode="MAIN_GENERATOR" init_modes_allowed="10" init_range="min..max" global_assert="unsupported" assert_range="unsupported"/>
         <pointer name="arg4" comment="" line="126" attributes="static" complete_type="uint8 *" init_mode="MAIN_GENERATOR" init_modes_allowed="10" initialize_pointer="May-be NULL" number_allocated="max" init_pointed="MAIN_GENERATOR">
            <scalar comment="" line="126" base_type="uint8" attributes="static" complete_type="uint8" init_mode="MAIN_GENERATOR" init_modes_allowed="10" init_range="min..max" global_assert="unsupported" assert_range="unsupported"/>
         </pointer>
         <pointer name="arg5" comment="" line="126" attributes="static" complete_type="uint8 *" init_mode="MAIN_GENERATOR" init_modes_allowed="10" initialize_pointer="May-be NULL" number_allocated="max" init_pointed="MAIN_GENERATOR">
            <scalar comment="" line="126" base_type="uint8" attributes="static" complete_type="uint8" init_mode="MAIN_GENERATOR" init_modes_allowed="10" init_range="min..max" global_assert="unsupported" assert_range="unsupported"/>
         </pointer>
         <scalar name="return" comment="" line="126" base_type="uint8" attributes="static" complete_type="uint8" init_mode="disabled" init_range="disabled" global_assert="unsupported" assert_range="unsupported"/>
      </function>
   </file>
   <file name="C:\\_EA4SynWrkgCpy\\ES248A_MotAgArbn_Impl\\tools\\local\\generate\\Rte_Stubs.c" comment="">
      <function name="Rte_Stub" comment="" line="18" main_generator_called="MAIN_GENERATOR" attributes="unused"/>
   </file>
   <file name="C:\\_EA4SynWrkgCpy\\ES248A_MotAgArbn_Impl\\tools\\local\\generate\\Rte_Stubs.h" comment="">
      <scalar name="MotAgArbn_Pim_MotAgARollgCntPrev" comment="" line="21" base_type="uint8" attributes="extern" complete_type="uint8" init_mode="PERMANENT" init_modes_allowed="6" init_range="0..255" global_assert="NO" assert_range=""/>
      <scalar name="MotAgArbn_Pim_MotAgAStallCntPrev" comment="" line="22" base_type="uint8" attributes="extern" complete_type="uint8" init_mode="PERMANENT" init_modes_allowed="6" init_range="0..10" global_assert="NO" assert_range=""/>
      <scalar name="MotAgArbn_Pim_MotAgBRollgCntPrev" comment="" line="23" base_type="uint8" attributes="extern" complete_type="uint8" init_mode="PERMANENT" init_modes_allowed="6" init_range="0..255" global_assert="NO" assert_range=""/>
      <scalar name="MotAgArbn_Pim_MotAgBStallCntPrev" comment="" line="24" base_type="uint8" attributes="extern" complete_type="uint8" init_mode="PERMANENT" init_modes_allowed="6" init_range="0..10" global_assert="NO" assert_range=""/>
      <scalar name="MotAgArbn_Pim_dMotAgArbnAAvl" comment="" line="19" base_type="uint8" attributes="extern" complete_type="uint8" init_mode="PERMANENT" init_modes_allowed="6" init_range="0..1" global_assert="NO" assert_range=""/>
      <scalar name="MotAgArbn_Pim_dMotAgArbnBAvl" comment="" line="20" base_type="uint8" attributes="extern" complete_type="uint8" init_mode="PERMANENT" init_modes_allowed="6" init_range="0..1" global_assert="NO" assert_range=""/>
   </file>
   <file name="C:\\_EA4SynWrkgCpy\\ES248A_MotAgArbn_Impl\\tools\\local\\include\\CDD_MotCtrlMgr_Data.h" comment="">
      <scalar name="MOTCTRLMGR_MotCtrlMotAgAMecl" comment="" line="26" base_type="uint16" attributes="extern" complete_type="uint16" init_mode="PERMANENT" init_modes_allowed="6" init_range="0..65534" global_assert="NO" assert_range=""/>
      <scalar name="MOTCTRLMGR_MotCtrlMotAgAMeclQlfr" comment="" line="28" base_type="uint8" attributes="extern" complete_type="uint8" init_mode="PERMANENT" init_modes_allowed="6" init_range="0..2" global_assert="NO" assert_range=""/>
      <scalar name="MOTCTRLMGR_MotCtrlMotAgAMeclRollgCntr" comment="" line="24" base_type="uint8" attributes="extern" complete_type="uint8" init_mode="PERMANENT" init_modes_allowed="6" init_range="0..255" global_assert="NO" assert_range=""/>
      <scalar name="MOTCTRLMGR_MotCtrlMotAgBMecl" comment="" line="27" base_type="uint16" attributes="extern" complete_type="uint16" init_mode="PERMANENT" init_modes_allowed="6" init_range="0..65534" global_assert="NO" assert_range=""/>
      <scalar name="MOTCTRLMGR_MotCtrlMotAgBMeclQlfr" comment="" line="29" base_type="uint8" attributes="extern" complete_type="uint8" init_mode="PERMANENT" init_modes_allowed="6" init_range="0..2" global_assert="NO" assert_range=""/>
      <scalar name="MOTCTRLMGR_MotCtrlMotAgBMeclRollgCntr" comment="" line="25" base_type="uint8" attributes="extern" complete_type="uint8" init_mode="PERMANENT" init_modes_allowed="6" init_range="0..255" global_assert="NO" assert_range=""/>
      <scalar name="MOTCTRLMGR_MotCtrlMotAgMecl" comment="" line="32" base_type="uint16" attributes="extern" complete_type="uint16" init_mode="PERMANENT" init_modes_allowed="6" init_range="0..65534" global_assert="NO" assert_range=""/>
      <scalar name="MOTCTRLMGR_MotCtrlMotAgMeclCorrlnSts" comment="" line="23" base_type="uint8" attributes="extern" complete_type="uint8" init_mode="PERMANENT" init_modes_allowed="6" init_range="0..7" global_assert="NO" assert_range=""/>
   </file>
   <function name="atan2f" comment="" main_generator_called="MAIN_GENERATOR" non_applicable="1">
      <scalar name="return" comment="" init_mode="PERMANENT" init_range="-3.1412..3.1412" global_assert="NO" assert_range="min..max" non_applicable="1"/>
   </function>
   <function name="cosf" comment="" main_generator_called="MAIN_GENERATOR" non_applicable="1">
      <scalar name="return" comment="" init_mode="PERMANENT" init_range="-1..1" global_assert="NO" assert_range="min..max" non_applicable="1"/>
   </function>
   <function name="expf" comment="" main_generator_called="MAIN_GENERATOR" non_applicable="1">
      <scalar name="return" comment="" init_mode="PERMANENT" init_range="0..max" global_assert="NO" assert_range="min..max" non_applicable="1"/>
   </function>
   <function name="fabsf" comment="" main_generator_called="MAIN_GENERATOR" non_applicable="1">
      <scalar name="return" comment="" init_mode="PERMANENT" init_range="0..max" global_assert="NO" assert_range="min..max" non_applicable="1"/>
   </function>
   <function name="fmodf" comment="" main_generator_called="MAIN_GENERATOR" non_applicable="1">
      <scalar name="return" comment="" init_mode="PERMANENT" init_range="0..max" global_assert="NO" assert_range="min..max" non_applicable="1"/>
   </function>
   <function name="sinf" comment="" main_generator_called="MAIN_GENERATOR" non_applicable="1">
      <scalar name="return" comment="" init_mode="PERMANENT" init_range="-1..1" global_assert="NO" assert_range="min..max" non_applicable="1"/>
   </function>
   <function name="sqrtf" comment="" main_generator_called="MAIN_GENERATOR" non_applicable="1">
      <scalar name="return" comment="" init_mode="PERMANENT" init_range="0..max" global_assert="NO" assert_range="min..max" non_applicable="1"/>
   </function>
</global>
