<?xml version="1.0" encoding="UTF-8"?>
<Navig version="1.0">
<Files>
<F id="1" n="C:\Program Files\MATLAB\R2013b\polyspace\verifier\cxx\cinclude\stdarg.h"/>
<F id="2" n="C:\Component\AR201A_ArCplrSuprt_Impl\include\ASR4.0.3\Platform_Types.h"/>
<F id="3" n="C:\Component\AR200A_ArSuprt_Impl\include\ASR4.0.3\Std_Types.h"/>
<F id="4" n="C:\Component\ES008A_PwrSply_Impl\tools\contract\Rte_Type.h"/>
<F id="5" n="C:\Component\ES008A_PwrSply_Impl\tools\contract\Rte_PwrSply.h"/>
<F id="6" n="C:\Component\ES008A_PwrSply_Impl\tools\contract\Os.h"/>
<F id="7" n="C:\Component\ES008A_PwrSply_Impl\tools\contract\Spi.h"/>
<F id="8" n="C:\Component\ES008A_PwrSply_Impl\src\PwrSply.c"/>
<F id="9" n="C-STUBS\__polyspace__stdstubs.c"/>
<F id="10" n="C:\Program Files\MATLAB\R2013b\polyspace\verifier\cxx\cinclude\__polyspace__std_decls.h"/>
<F id="11" n="C:\Program Files\MATLAB\R2013b\polyspace\verifier\cxx\cinclude\assert.h"/>
<F id="12" n="C:\Program Files\MATLAB\R2013b\polyspace\verifier\cxx\cinclude\__polyspace__libc_defs.h"/>
<F id="13" n="C:\Component\ES008A_PwrSply_Impl\tools\contract\Rte_PwrSply_Type.h"/>
<F id="14" n="C:\Component\ES008A_PwrSply_Impl\tools\contract\Rte.h"/>
<F id="15" n="C:\Component\AR201A_ArCplrSuprt_Impl\include\ASR4.0.3\Compiler.h"/>
<F id="16" n="C:\Component\AR201A_ArCplrSuprt_Impl\tools\contract\Compiler_Cfg.h"/>
<F id="17" n="C:\Component\AR201A_ArCplrSuprt_Impl\tools\contract\Renesas_Compiler.h"/>
<F id="18" n="C:\Component\ES008A_PwrSply_Impl\tools\contract\Rte_DataHandleType.h"/>
<F id="19" n="C:\Component\AR200A_ArSuprt_Impl\tools\contract\MemMap.h"/>
<F id="20" n="C:\Component\ES008A_PwrSply_Impl\tools\contract\PwrSply_MemMap.h"/>
<F id="21" n="C:\Component\ES008A_PwrSply_Impl\tools\contract\Spi_Cfg.h"/>
<F id="22" n="C:\Component\AR200A_ArSuprt_Impl\tools\contract\Os.h"/>
</Files>
<Definitions>
<D id="1" f="8" l="972" c="111" n="TxData_Cnt_T_u16" t="4" d="1"/>
<D id="2" f="8" l="973" c="115" n="Sequence_Cnt_T_u08" t="4" d="1"/>
<D id="3" f="9" l="6996" c="14" n="_polyspace_compare_function_type" t="7" d="1"/>
<D id="4" f="9" l="12300" c="16" n="__polyspace_absolute_address" t="1" d="1"/>
<D id="5" f="9" l="11440" c="23" n="random" t="4" d="1"/>
<D id="6" f="9" l="11456" c="21" n="HUGE_VAL" t="1" d="1"/>
<D id="7" f="9" l="11438" c="12" n="_polyspace_random_long_double" t="2" d="1"/>
<D id="8" f="9" l="11457" c="21" n="HUGE_VALF" t="1" d="1"/>
<D id="9" f="9" l="11458" c="21" n="HUGE_VALL" t="1" d="1"/>
<D id="10" f="6" l="8" c="16" n="Spi_SequenceType" t="7" d="1"/>
<D id="11" f="5" l="84" c="7" n="Rte_Prm_PwrSply_PwrSplyNtc0x07BFailStep_Val" t="2" d="0"/>
<D id="12" f="5" l="48" c="7" n="Rte_CDS_PwrSply" t="6" d="1"/>
<D id="13" f="5" l="85" c="7" n="Rte_Prm_PwrSply_PwrSplyNtc0x07BPassStep_Val" t="2" d="0"/>
<D id="14" f="5" l="86" c="7" n="Rte_Prm_PwrSply_PwrSplyNtc0x07CFailStep_Val" t="2" d="0"/>
<D id="15" f="5" l="87" c="7" n="Rte_Prm_PwrSply_PwrSplyNtc0x07CPassStep_Val" t="2" d="0"/>
<D id="16" f="5" l="88" c="7" n="Rte_Prm_PwrSply_PwrSplyNtc0x07DFailStep_Val" t="2" d="0"/>
<D id="17" f="5" l="89" c="7" n="Rte_Prm_PwrSply_PwrSplyNtc0x07DPassStep_Val" t="2" d="0"/>
<D id="18" f="6" l="10" c="22" n="Call_Spi_AsyncTransmit" t="2" d="0"/>
<D id="19" f="5" l="51" c="11" n="Pim_ReadWrOrderFlg1" t="9" d="1"/>
<D id="20" f="5" l="53" c="10" n="Pim_SpiTrsmErrCntr" t="9" d="1"/>
<D id="21" f="3" l="141" c="2" n="Std_VersionInfoType" t="7" d="1"/>
<D id="22" f="5" l="52" c="11" n="Pim_ReadWrOrderFlg2" t="9" d="1"/>
<D id="23" f="7" l="22" c="22" n="Spi_WriteIB" t="2" d="0"/>
<D id="24" f="5" l="54" c="11" n="Pim_StrtUpSelfTestCmpl" t="9" d="1"/>
<D id="25" f="4" l="41" c="14" n="SysSt1" t="7" d="1"/>
<D id="26" f="7" l="25" c="22" n="Spi_ReadIB" t="2" d="0"/>
<D id="27" f="1" l="45" c="14" n="__va_list" t="7" d="1"/>
<D id="28" f="5" l="61" c="43" n="Rte_Inst_PwrSply" t="1" d="0"/>
<D id="29" f="4" l="35" c="15" n="NtcNr1" t="7" d="1"/>
<D id="30" f="7" l="29" c="22" n="Spi_GetSequenceResult" t="2" d="0"/>
<D id="31" f="1" l="50" c="18" n="__gnuc_va_list" t="7" d="1"/>
<D id="32" f="5" l="82" c="15" n="Rte_Read_PwrSply_SysSt_Val" t="2" d="0"/>
<D id="33" f="4" l="38" c="14" n="NtcSts1" t="7" d="1"/>
<D id="34" f="7" l="16" c="16" n="Spi_ChannelType" t="7" d="1"/>
<D id="35" f="5" l="83" c="15" n="Rte_Call_PwrSply_SetNtcSts_Oper" t="2" d="0"/>
<D id="36" f="8" l="732" c="5" n="PwrSplyPer1" t="2" d="1"/>
<D id="37" f="7" l="17" c="16" n="Spi_DataType" t="7" d="1"/>
<D id="38" f="9" l="547" c="4" n="errno" t="1" d="1"/>
<D id="39" f="1" l="49" c="18" n="va_list" t="7" d="1"/>
<D id="40" f="5" l="66" c="38" n="Rte_Instance" t="7" d="1"/>
<D id="41" f="8" l="689" c="5" n="PwrSplyInit1" t="2" d="1"/>
<D id="42" f="3" l="140" c="10" n="sw_patch_version" t="9" d="1"/>
<D id="43" f="2" l="110" c="31" n="uint32" t="7" d="1"/>
<D id="44" f="2" l="112" c="31" n="sint8_least" t="7" d="1"/>
<D id="45" f="2" l="103" c="31" n="boolean" t="7" d="1"/>
<D id="46" f="2" l="113" c="31" n="uint8_least" t="7" d="1"/>
<D id="47" f="3" l="136" c="10" n="vendorID" t="9" d="1"/>
<D id="48" f="2" l="114" c="31" n="sint16_least" t="7" d="1"/>
<D id="49" f="2" l="105" c="31" n="sint8" t="7" d="1"/>
<D id="50" f="3" l="137" c="10" n="moduleID" t="9" d="1"/>
<D id="51" f="2" l="115" c="31" n="uint16_least" t="7" d="1"/>
<D id="52" f="2" l="106" c="31" n="uint8" t="7" d="1"/>
<D id="53" f="3" l="138" c="10" n="sw_major_version" t="9" d="1"/>
<D id="54" f="9" l="171" c="21" n="size_t" t="7" d="1"/>
<D id="55" f="3" l="132" c="14" n="Std_ReturnType" t="7" d="1"/>
<D id="56" f="2" l="116" c="31" n="sint32_least" t="7" d="1"/>
<D id="57" f="2" l="107" c="31" n="sint16" t="7" d="1"/>
<D id="58" f="3" l="125" c="22" n="StatusType" t="7" d="1"/>
<D id="59" f="3" l="139" c="10" n="sw_minor_version" t="9" d="1"/>
<D id="60" f="2" l="117" c="31" n="uint32_least" t="7" d="1"/>
<D id="61" f="2" l="108" c="31" n="uint16" t="7" d="1"/>
<D id="62" f="2" l="127" c="31" n="sint64" t="7" d="1"/>
<D id="63" f="9" l="173" c="12" n="ptrdiff_t" t="7" d="1"/>
<D id="64" f="2" l="109" c="31" n="sint32" t="7" d="1"/>
<D id="65" f="2" l="128" c="31" n="uint64" t="7" d="1"/>
<D id="66" f="2" l="138" c="31" n="float32" t="7" d="1"/>
<D id="67" f="8" l="971" c="21" n="SpiAsyncTx" t="5" d="1"/>
<D id="68" f="2" l="139" c="31" n="float64" t="7" d="1"/>
<D id="69" f="9" l="176" c="21" n="wchar_t" t="7" d="1"/>
<D id="70" f="9" l="581" c="13" n="_polyspace_random_int" t="5" d="1"/>
<D id="71" f="8" l="740" c="16" n="SysSt_Cnt_T_enum" t="4" d="1"/>
<D id="72" f="9" l="604" c="16" n="_polyspace_random_double" t="5" d="1"/>
<D id="73" f="9" l="3651" c="4" n="__polyspace_nb_varargs" t="1" d="1"/>
<D id="74" f="9" l="573" c="23" n="_polyspace_random_uchar" t="5" d="1"/>
<D id="75" f="9" l="565" c="14" n="_polyspace_random_char" t="5" d="1"/>
<D id="76" f="8" l="743" c="16" n="StsRegReadVal_Cnt_T_u16" t="4" d="1"/>
<D id="77" f="9" l="583" c="24" n="random" t="4" d="1"/>
<D id="78" f="9" l="591" c="25" n="random" t="4" d="1"/>
<D id="79" f="8" l="744" c="16" n="DiagReg0ReadVal_Cnt_T_u16" t="4" d="1"/>
<D id="80" f="9" l="3650" c="7" n="__polyspace_vararg" t="1" d="1"/>
<D id="81" f="8" l="745" c="16" n="DiagReg1ReadVal_Cnt_T_u16" t="4" d="1"/>
<D id="82" f="9" l="606" c="27" n="random" t="4" d="1"/>
<D id="83" f="9" l="575" c="34" n="random" t="4" d="1"/>
<D id="84" f="9" l="597" c="23" n="_polyspace_random_ulong" t="5" d="1"/>
<D id="85" f="8" l="747" c="16" n="VrfyRes0ReadVal_Cnt_T_u16" t="4" d="1"/>
<D id="86" f="9" l="567" c="25" n="random" t="4" d="1"/>
<D id="87" f="9" l="589" c="14" n="_polyspace_random_long" t="5" d="1"/>
<D id="88" f="8" l="748" c="16" n="VrfyRes1ReadVal_Cnt_T_u16" t="4" d="1"/>
<D id="89" f="9" l="599" c="34" n="random" t="4" d="1"/>
<D id="90" f="8" l="971" c="48" n="Channel_Cnt_T_u16" t="4" d="1"/>
</Definitions>
<Uses>
<U id="1" f="8" l="920" c="128" d="14" a="0"/>
<U id="2" f="8" l="895" c="128" d="11" a="0"/>
<U id="3" f="9" l="11441" c="9" d="5" a="0"/>
<U id="4" f="6" l="8" c="8" d="52" a="0"/>
<U id="5" f="5" l="51" c="2" d="45" a="0"/>
<U id="6" f="5" l="82" c="0" d="55" a="0"/>
<U id="7" f="5" l="52" c="2" d="45" a="0"/>
<U id="8" f="5" l="83" c="0" d="55" a="0"/>
<U id="9" f="5" l="53" c="2" d="61" a="0"/>
<U id="10" f="5" l="84" c="0" d="61" a="0"/>
<U id="11" f="5" l="54" c="2" d="45" a="0"/>
<U id="12" f="5" l="85" c="0" d="61" a="0"/>
<U id="13" f="6" l="10" c="7" d="55" a="0"/>
<U id="14" f="5" l="86" c="0" d="61" a="0"/>
<U id="15" f="5" l="87" c="0" d="61" a="0"/>
<U id="16" f="5" l="88" c="0" d="61" a="0"/>
<U id="17" f="7" l="22" c="7" d="55" a="0"/>
<U id="18" f="1" l="50" c="8" d="27" a="0"/>
<U id="19" f="5" l="89" c="0" d="61" a="0"/>
<U id="20" f="4" l="41" c="8" d="52" a="0"/>
<U id="21" f="7" l="25" c="7" d="55" a="0"/>
<U id="22" f="4" l="35" c="8" d="61" a="0"/>
<U id="23" f="7" l="16" c="8" d="61" a="0"/>
<U id="24" f="1" l="84" c="7" d="39" a="0"/>
<U id="25" f="7" l="17" c="8" d="61" a="0"/>
<U id="26" f="7" l="29" c="7" d="55" a="0"/>
<U id="27" f="4" l="38" c="8" d="52" a="0"/>
<U id="28" f="1" l="49" c="8" d="27" a="0"/>
<U id="29" f="5" l="61" c="20" d="12" a="0"/>
<U id="30" f="3" l="140" c="3" d="52" a="0"/>
<U id="31" f="1" l="84" c="39" d="39" a="0"/>
<U id="32" f="5" l="66" c="21" d="12" a="0"/>
<U id="33" f="3" l="136" c="3" d="61" a="0"/>
<U id="34" f="6" l="10" c="45" d="10" a="0"/>
<U id="35" f="7" l="26" c="41" d="37" a="0"/>
<U id="36" f="3" l="137" c="3" d="61" a="0"/>
<U id="37" f="7" l="23" c="16" d="34" a="0"/>
<U id="38" f="5" l="82" c="42" d="25" a="0"/>
<U id="39" f="3" l="138" c="3" d="52" a="0"/>
<U id="40" f="3" l="132" c="8" d="52" a="0"/>
<U id="41" f="3" l="139" c="3" d="52" a="0"/>
<U id="42" f="7" l="26" c="16" d="34" a="0"/>
<U id="43" f="7" l="23" c="47" d="37" a="0"/>
<U id="44" f="8" l="740" c="8" d="25" a="0"/>
<U id="45" f="7" l="29" c="44" d="10" a="0"/>
<U id="46" f="5" l="83" c="65" d="52" a="0"/>
<U id="47" f="5" l="83" c="47" d="29" a="0"/>
<U id="48" f="8" l="743" c="8" d="61" a="0"/>
<U id="49" f="8" l="744" c="8" d="61" a="0"/>
<U id="50" f="8" l="745" c="8" d="61" a="0"/>
<U id="51" f="5" l="83" c="86" d="33" a="0"/>
<U id="52" f="8" l="747" c="8" d="61" a="0"/>
<U id="53" f="8" l="748" c="8" d="61" a="0"/>
<U id="54" f="9" l="600" c="11" d="89" a="0"/>
<U id="55" f="8" l="840" c="39" d="34" a="0"/>
<U id="56" f="9" l="607" c="11" d="82" a="0"/>
<U id="57" f="8" l="831" c="40" d="19" a="0"/>
<U id="58" f="8" l="106" c="32" d="34" a="0"/>
<U id="59" f="8" l="831" c="22" d="28" a="0"/>
<U id="60" f="8" l="860" c="49" d="34" a="0"/>
<U id="61" f="9" l="592" c="11" d="78" a="0"/>
<U id="62" f="8" l="761" c="40" d="22" a="0"/>
<U id="63" f="8" l="810" c="52" d="24" a="0"/>
<U id="64" f="8" l="761" c="22" d="28" a="0"/>
<U id="65" f="8" l="861" c="49" d="34" a="0"/>
<U id="66" f="8" l="810" c="34" d="28" a="0"/>
<U id="67" f="9" l="584" c="11" d="77" a="0"/>
<U id="68" f="8" l="833" c="59" d="10" a="0"/>
<U id="69" f="8" l="842" c="32" d="67" a="0"/>
<U id="70" f="9" l="576" c="11" d="83" a="0"/>
<U id="71" f="5" l="83" c="106" d="61" a="0"/>
<U id="72" f="8" l="696" c="10" d="28" a="0"/>
<U id="73" f="8" l="771" c="32" d="67" a="0"/>
<U id="74" f="8" l="834" c="41" d="30" a="0"/>
<U id="75" f="8" l="751" c="15" d="32" a="0"/>
<U id="76" f="8" l="763" c="59" d="10" a="0"/>
<U id="77" f="8" l="803" c="89" d="52" a="0"/>
<U id="78" f="9" l="568" c="11" d="86" a="0"/>
<U id="79" f="8" l="697" c="10" d="28" a="0"/>
<U id="80" f="8" l="971" c="32" d="34" a="0"/>
<U id="81" f="8" l="835" c="41" d="30" a="0"/>
<U id="82" f="8" l="980" c="14" d="18" a="0"/>
<U id="83" f="8" l="918" c="40" d="79" a="1"/>
<U id="84" f="8" l="932" c="52" d="19" a="0"/>
<U id="85" f="8" l="698" c="10" d="28" a="0"/>
<U id="86" f="8" l="764" c="41" d="30" a="0"/>
<U id="87" f="8" l="800" c="37" d="88" a="0"/>
<U id="88" f="8" l="842" c="43" d="34" a="0"/>
<U id="89" f="8" l="932" c="34" d="28" a="0"/>
<U id="90" f="8" l="855" c="59" d="10" a="0"/>
<U id="91" f="8" l="893" c="40" d="81" a="1"/>
<U id="92" f="8" l="815" c="52" d="20" a="0"/>
<U id="93" f="8" l="751" c="44" d="71" a="1"/>
<U id="94" f="8" l="771" c="43" d="34" a="0"/>
<U id="95" f="8" l="815" c="34" d="28" a="0"/>
<U id="96" f="8" l="784" c="59" d="10" a="0"/>
<U id="97" f="8" l="856" c="41" d="30" a="0"/>
<U id="98" f="8" l="844" c="52" d="19" a="0"/>
<U id="99" f="8" l="838" c="32" d="67" a="0"/>
<U id="100" f="8" l="844" c="34" d="28" a="0"/>
<U id="101" f="8" l="860" c="72" d="79" a="1"/>
<U id="102" f="8" l="785" c="41" d="30" a="0"/>
<U id="103" f="8" l="773" c="52" d="22" a="0"/>
<U id="104" f="8" l="787" c="49" d="34" a="0"/>
<U id="105" f="8" l="842" c="72" d="10" a="0"/>
<U id="106" f="8" l="857" c="41" d="30" a="0"/>
<U id="107" f="8" l="859" c="49" d="34" a="0"/>
<U id="108" f="8" l="773" c="34" d="28" a="0"/>
<U id="109" f="8" l="840" c="28" d="67" a="0"/>
<U id="110" f="8" l="861" c="72" d="81" a="1"/>
<U id="111" f="8" l="920" c="47" d="35" a="0"/>
<U id="112" f="8" l="758" c="14" d="71" a="0"/>
<U id="113" f="8" l="788" c="49" d="34" a="0"/>
<U id="114" f="8" l="902" c="47" d="35" a="0"/>
<U id="115" f="8" l="768" c="32" d="67" a="0"/>
<U id="116" f="8" l="829" c="33" d="24" a="0"/>
<U id="117" f="8" l="834" c="63" d="10" a="0"/>
<U id="118" f="8" l="803" c="47" d="35" a="0"/>
<U id="119" f="8" l="829" c="15" d="28" a="0"/>
<U id="120" f="8" l="937" c="52" d="20" a="0"/>
<U id="121" f="8" l="771" c="73" d="10" a="0"/>
<U id="122" f="8" l="835" c="63" d="10" a="0"/>
<U id="123" f="8" l="937" c="34" d="28" a="0"/>
<U id="124" f="8" l="833" c="37" d="30" a="0"/>
<U id="125" f="8" l="838" c="43" d="34" a="0"/>
<U id="126" f="8" l="914" c="37" d="76" a="0"/>
<U id="127" f="8" l="759" c="33" d="24" a="0"/>
<U id="128" f="8" l="764" c="63" d="10" a="0"/>
<U id="129" f="8" l="759" c="15" d="28" a="0"/>
<U id="130" f="8" l="860" c="38" d="26" a="0"/>
<U id="131" f="8" l="790" c="37" d="85" a="0"/>
<U id="132" f="8" l="849" c="52" d="20" a="0"/>
<U id="133" f="8" l="980" c="37" d="2" a="0"/>
<U id="134" f="8" l="763" c="37" d="30" a="0"/>
<U id="135" f="8" l="768" c="43" d="34" a="0"/>
<U id="136" f="8" l="849" c="34" d="28" a="0"/>
<U id="137" f="8" l="861" c="38" d="26" a="0"/>
<U id="138" f="8" l="920" c="95" d="79" a="0"/>
<U id="139" f="8" l="979" c="14" d="23" a="0"/>
<U id="140" f="8" l="778" c="52" d="20" a="0"/>
<U id="141" f="8" l="856" c="63" d="10" a="0"/>
<U id="142" f="8" l="758" c="44" d="71" a="0"/>
<U id="143" f="8" l="838" c="72" d="10" a="0"/>
<U id="144" f="8" l="871" c="47" d="35" a="0"/>
<U id="145" f="8" l="778" c="34" d="28" a="0"/>
<U id="146" f="8" l="807" c="47" d="35" a="0"/>
<U id="147" f="8" l="785" c="63" d="10" a="0"/>
<U id="148" f="8" l="857" c="63" d="10" a="0"/>
<U id="149" f="8" l="840" c="68" d="10" a="0"/>
<U id="150" f="8" l="855" c="37" d="30" a="0"/>
<U id="151" f="8" l="815" c="94" d="20" a="0"/>
<U id="152" f="8" l="926" c="47" d="35" a="0"/>
<U id="153" f="8" l="784" c="37" d="30" a="0"/>
<U id="154" f="8" l="815" c="76" d="28" a="0"/>
<U id="155" f="8" l="787" c="72" d="85" a="1"/>
<U id="156" f="8" l="859" c="72" d="76" a="1"/>
<U id="157" f="8" l="920" c="88" d="52" a="0"/>
<U id="158" f="8" l="793" c="47" d="35" a="0"/>
<U id="159" f="8" l="768" c="73" d="10" a="0"/>
<U id="160" f="8" l="788" c="72" d="88" a="1"/>
<U id="161" f="8" l="803" c="97" d="88" a="0"/>
<U id="162" f="8" l="867" c="37" d="76" a="0"/>
<U id="163" f="8" l="696" c="28" d="19" a="0"/>
<U id="164" f="8" l="979" c="26" d="90" a="0"/>
<U id="165" f="8" l="902" c="98" d="13" a="0"/>
<U id="166" f="8" l="107" c="98" d="37" a="0"/>
<U id="167" f="8" l="697" c="28" d="22" a="0"/>
<U id="168" f="8" l="895" c="47" d="35" a="0"/>
<U id="169" f="8" l="937" c="94" d="20" a="0"/>
<U id="170" f="8" l="108" c="98" d="10" a="0"/>
<U id="171" f="8" l="877" c="47" d="35" a="0"/>
<U id="172" f="8" l="937" c="76" d="28" a="0"/>
<U id="173" f="8" l="698" c="28" d="24" a="0"/>
<U id="174" f="8" l="787" c="38" d="26" a="0"/>
<U id="175" f="8" l="859" c="38" d="26" a="0"/>
<U id="176" f="8" l="797" c="47" d="35" a="0"/>
<U id="177" f="8" l="979" c="46" d="1" a="1"/>
<U id="178" f="8" l="918" c="68" d="79" a="0"/>
<U id="179" f="8" l="788" c="38" d="26" a="0"/>
<U id="180" f="8" l="889" c="37" d="76" a="0"/>
<U id="181" f="8" l="849" c="94" d="20" a="0"/>
<U id="182" f="8" l="893" c="68" d="81" a="0"/>
<U id="183" f="8" l="849" c="76" d="28" a="0"/>
<U id="184" f="8" l="793" c="96" d="85" a="0"/>
<U id="185" f="8" l="829" c="68" d="71" a="0"/>
<U id="186" f="8" l="778" c="94" d="20" a="0"/>
<U id="187" f="8" l="871" c="98" d="16" a="0"/>
<U id="188" f="8" l="778" c="76" d="28" a="0"/>
<U id="189" f="8" l="895" c="95" d="81" a="0"/>
<U id="190" f="8" l="972" c="98" d="37" a="0"/>
<U id="191" f="8" l="793" c="88" d="52" a="0"/>
<U id="192" f="8" l="926" c="98" d="15" a="0"/>
<U id="193" f="8" l="973" c="98" d="10" a="0"/>
<U id="194" f="8" l="895" c="88" d="52" a="0"/>
<U id="195" f="8" l="877" c="98" d="17" a="0"/>
</Uses>
<Blocks>
<B id="1" t="routine" f="8" l="689" c="5">
<BEGIN l="690" c="0"/>
<END l="703" c="0"/>
</B>
<B id="2" t="else" f="8" l="846" c="24">
<BEGIN l="847" c="24"/>
<END l="850" c="24"/>
</B>
<B id="3" t="if" f="8" l="833" c="24">
<BEGIN l="836" c="24"/>
<END l="845" c="24"/>
<ELSE d="2"/>
</B>
<B id="4" t="else" f="8" l="922" c="32">
<BEGIN l="923" c="32"/>
<END l="927" c="32"/>
</B>
<B id="5" t="if" f="8" l="914" c="32">
<BEGIN l="915" c="32"/>
<END l="921" c="32"/>
<ELSE d="4"/>
</B>
<B id="6" t="else" f="8" l="898" c="32">
<BEGIN l="899" c="32"/>
<END l="904" c="32"/>
</B>
<B id="7" t="if" f="8" l="889" c="32">
<BEGIN l="890" c="32"/>
<END l="897" c="32"/>
<ELSE d="6"/>
</B>
<B id="8" t="else" f="8" l="873" c="32">
<BEGIN l="874" c="32"/>
<END l="878" c="32"/>
</B>
<B id="9" t="if" f="8" l="867" c="32">
<BEGIN l="868" c="32"/>
<END l="872" c="32"/>
<ELSE d="8"/>
</B>
<B id="10" t="else" f="8" l="934" c="24">
<BEGIN l="935" c="24"/>
<END l="938" c="24"/>
</B>
<B id="11" t="if" f="8" l="855" c="24">
<BEGIN l="858" c="24"/>
<END l="933" c="24"/>
<SUB d="5"/>
<SUB d="7"/>
<SUB d="9"/>
<ELSE d="10"/>
</B>
<B id="12" t="else" f="8" l="853" c="16">
<BEGIN l="854" c="16"/>
<END l="940" c="16"/>
<SUB d="11"/>
</B>
<B id="13" t="if" f="8" l="831" c="16">
<BEGIN l="832" c="16"/>
<END l="852" c="16"/>
<SUB d="3"/>
<ELSE d="12"/>
</B>
<B id="14" t="if" f="8" l="829" c="8">
<BEGIN l="830" c="8"/>
<END l="941" c="8"/>
<SUB d="13"/>
</B>
<B id="15" t="else" f="8" l="775" c="24">
<BEGIN l="776" c="24"/>
<END l="779" c="24"/>
</B>
<B id="16" t="if" f="8" l="763" c="24">
<BEGIN l="765" c="24"/>
<END l="774" c="24"/>
<ELSE d="15"/>
</B>
<B id="17" t="else" f="8" l="805" c="32">
<BEGIN l="806" c="32"/>
<END l="808" c="32"/>
</B>
<B id="18" t="if" f="8" l="800" c="32">
<BEGIN l="801" c="32"/>
<END l="804" c="32"/>
<ELSE d="17"/>
</B>
<B id="19" t="else" f="8" l="795" c="32">
<BEGIN l="796" c="32"/>
<END l="798" c="32"/>
</B>
<B id="20" t="if" f="8" l="790" c="32">
<BEGIN l="791" c="32"/>
<END l="794" c="32"/>
<ELSE d="19"/>
</B>
<B id="21" t="else" f="8" l="812" c="24">
<BEGIN l="813" c="24"/>
<END l="816" c="24"/>
</B>
<B id="22" t="if" f="8" l="784" c="24">
<BEGIN l="786" c="24"/>
<END l="811" c="24"/>
<SUB d="18"/>
<SUB d="20"/>
<ELSE d="21"/>
</B>
<B id="23" t="else" f="8" l="782" c="16">
<BEGIN l="783" c="16"/>
<END l="818" c="16"/>
<SUB d="22"/>
</B>
<B id="24" t="if" f="8" l="761" c="16">
<BEGIN l="762" c="16"/>
<END l="781" c="16"/>
<SUB d="16"/>
<ELSE d="23"/>
</B>
<B id="25" t="if" f="8" l="758" c="8">
<BEGIN l="760" c="8"/>
<END l="819" c="8"/>
<SUB d="24"/>
</B>
<B id="26" t="routine" f="8" l="732" c="5">
<BEGIN l="733" c="0"/>
<END l="951" c="0"/>
<SUB d="14"/>
<SUB d="25"/>
</B>
<B id="27" t="routine" f="8" l="971" c="21">
<BEGIN l="974" c="0"/>
<END l="982" c="0"/>
</B>
<B id="28" t="ppcif" f="10" l="15" c="0">
<BEGIN l="15" c="27"/>
<END l="330" c="0"/>
</B>
<B id="29" t="ppcif" f="10" l="25" c="0">
<BEGIN l="25" c="19"/>
<END l="155" c="0"/>
</B>
<B id="30" t="ppcrmif" f="10" l="46" c="0">
<BEGIN l="46" c="93"/>
<END l="91" c="0"/>
</B>
<B id="31" t="ppcrmif" f="10" l="94" c="0">
<BEGIN l="94" c="91"/>
<END l="153" c="0"/>
</B>
<B id="32" t="ppcrmelse" f="10" l="155" c="0">
<BEGIN l="155" c="35"/>
<END l="328" c="0"/>
</B>
<B id="33" t="ppcif" f="11" l="11" c="0">
<BEGIN l="11" c="27"/>
<END l="36" c="0"/>
</B>
<B id="34" t="ppcrmif" f="11" l="14" c="0">
<BEGIN l="14" c="19"/>
<END l="29" c="0"/>
</B>
<B id="35" t="ppcelse" f="11" l="29" c="0">
<BEGIN l="29" c="5"/>
<END l="33" c="0"/>
</B>
<B id="36" t="ppcif" f="1" l="22" c="0">
<BEGIN l="22" c="17"/>
<END l="109" c="0"/>
</B>
<B id="37" t="ppcrmif" f="1" l="39" c="0">
<BEGIN l="39" c="66"/>
<END l="43" c="0"/>
</B>
<B id="38" t="ppcelse" f="1" l="43" c="0">
<BEGIN l="43" c="60"/>
<END l="47" c="0"/>
</B>
<B id="39" t="ppcrmif" f="1" l="52" c="0">
<BEGIN l="52" c="18"/>
<END l="58" c="0"/>
</B>
<B id="40" t="ppcrmif" f="1" l="62" c="0">
<BEGIN l="62" c="33"/>
<END l="80" c="0"/>
</B>
<B id="41" t="ppcelse" f="1" l="80" c="0">
<BEGIN l="80" c="31"/>
<END l="93" c="0"/>
</B>
<B id="42" t="ppcrmif" f="1" l="96" c="0">
<BEGIN l="96" c="14"/>
<END l="106" c="0"/>
</B>
<B id="43" t="ppcif" f="12" l="3" c="0">
<BEGIN l="3" c="29"/>
<END l="348" c="0"/>
</B>
<B id="44" t="ppcif" f="12" l="61" c="0">
<BEGIN l="63" c="27"/>
<END l="66" c="0"/>
</B>
<B id="45" t="ppcrmif" f="12" l="165" c="0">
<BEGIN l="165" c="17"/>
<END l="206" c="0"/>
</B>
<B id="46" t="ppcrmif" f="12" l="209" c="0">
<BEGIN l="209" c="37"/>
<END l="211" c="0"/>
</B>
<B id="47" t="ppcrmif" f="12" l="213" c="0">
<BEGIN l="213" c="44"/>
<END l="321" c="0"/>
</B>
<B id="48" t="ppcif" f="12" l="323" c="0">
<BEGIN l="323" c="18"/>
<END l="346" c="0"/>
</B>
<B id="49" t="ppcrmif" f="12" l="326" c="0">
<BEGIN l="326" c="18"/>
<END l="328" c="0"/>
</B>
<B id="50" t="ppcrmif" f="12" l="329" c="0">
<BEGIN l="329" c="63"/>
<END l="331" c="0"/>
</B>
<B id="51" t="ppcrmif" f="12" l="332" c="0">
<BEGIN l="332" c="64"/>
<END l="334" c="0"/>
</B>
<B id="52" t="ppcrmif" f="12" l="335" c="0">
<BEGIN l="335" c="16"/>
<END l="340" c="0"/>
</B>
<B id="53" t="ppcif" f="12" l="343" c="0">
<BEGIN l="343" c="57"/>
<END l="345" c="0"/>
</B>
<B id="54" t="type" f="5" l="48" c="7">
<BEGIN l="48" c="21"/>
<END l="56" c="0"/>
</B>
<B id="55" t="ppcif" f="5" l="24" c="0">
<BEGIN l="24" c="22"/>
<END l="242" c="0"/>
</B>
<B id="56" t="ppcrmif" f="5" l="27" c="0">
<BEGIN l="27" c="35"/>
<END l="29" c="0"/>
</B>
<B id="57" t="ppcrmif" f="5" l="33" c="0">
<BEGIN l="33" c="19"/>
<END l="36" c="0"/>
</B>
<B id="58" t="ppcrmif" f="5" l="226" c="0">
<BEGIN l="226" c="19"/>
<END l="228" c="0"/>
</B>
<B id="59" t="ppcif" f="5" l="231" c="0">
<BEGIN l="231" c="26"/>
<END l="239" c="0"/>
</B>
<B id="60" t="ppcif" f="5" l="232" c="0">
<BEGIN l="232" c="25"/>
<END l="236" c="0"/>
</B>
<B id="61" t="ppcrmif" f="5" l="233" c="0">
<BEGIN l="233" c="37"/>
<END l="235" c="0"/>
</B>
<B id="62" t="ppcrmelse" f="5" l="236" c="0">
<BEGIN l="236" c="7"/>
<END l="238" c="0"/>
</B>
<B id="63" t="ppcif" f="13" l="24" c="0">
<BEGIN l="24" c="27"/>
<END l="2131" c="0"/>
</B>
<B id="64" t="ppcrmif" f="13" l="27" c="0">
<BEGIN l="27" c="19"/>
<END l="30" c="0"/>
</B>
<B id="65" t="ppcif" f="13" l="38" c="0">
<BEGIN l="38" c="20"/>
<END l="40" c="0"/>
</B>
<B id="66" t="ppcif" f="13" l="42" c="0">
<BEGIN l="42" c="20"/>
<END l="44" c="0"/>
</B>
<B id="67" t="ppcif" f="13" l="46" c="0">
<BEGIN l="46" c="20"/>
<END l="48" c="0"/>
</B>
<B id="68" t="ppcif" f="13" l="50" c="0">
<BEGIN l="50" c="20"/>
<END l="52" c="0"/>
</B>
<B id="69" t="ppcif" f="13" l="54" c="0">
<BEGIN l="54" c="20"/>
<END l="56" c="0"/>
</B>
<B id="70" t="ppcif" f="13" l="58" c="0">
<BEGIN l="58" c="20"/>
<END l="60" c="0"/>
</B>
<B id="71" t="ppcif" f="13" l="62" c="0">
<BEGIN l="62" c="20"/>
<END l="64" c="0"/>
</B>
<B id="72" t="ppcif" f="13" l="66" c="0">
<BEGIN l="66" c="20"/>
<END l="68" c="0"/>
</B>
<B id="73" t="ppcif" f="13" l="70" c="0">
<BEGIN l="70" c="20"/>
<END l="72" c="0"/>
</B>
<B id="74" t="ppcif" f="13" l="74" c="0">
<BEGIN l="74" c="20"/>
<END l="76" c="0"/>
</B>
<B id="75" t="ppcif" f="13" l="78" c="0">
<BEGIN l="78" c="20"/>
<END l="80" c="0"/>
</B>
<B id="76" t="ppcif" f="13" l="82" c="0">
<BEGIN l="82" c="20"/>
<END l="84" c="0"/>
</B>
<B id="77" t="ppcif" f="13" l="86" c="0">
<BEGIN l="86" c="20"/>
<END l="88" c="0"/>
</B>
<B id="78" t="ppcif" f="13" l="90" c="0">
<BEGIN l="90" c="20"/>
<END l="92" c="0"/>
</B>
<B id="79" t="ppcif" f="13" l="94" c="0">
<BEGIN l="94" c="20"/>
<END l="96" c="0"/>
</B>
<B id="80" t="ppcif" f="13" l="98" c="0">
<BEGIN l="98" c="20"/>
<END l="100" c="0"/>
</B>
<B id="81" t="ppcif" f="13" l="102" c="0">
<BEGIN l="102" c="20"/>
<END l="104" c="0"/>
</B>
<B id="82" t="ppcif" f="13" l="106" c="0">
<BEGIN l="106" c="20"/>
<END l="108" c="0"/>
</B>
<B id="83" t="ppcif" f="13" l="110" c="0">
<BEGIN l="110" c="20"/>
<END l="112" c="0"/>
</B>
<B id="84" t="ppcif" f="13" l="114" c="0">
<BEGIN l="114" c="20"/>
<END l="116" c="0"/>
</B>
<B id="85" t="ppcif" f="13" l="118" c="0">
<BEGIN l="118" c="20"/>
<END l="120" c="0"/>
</B>
<B id="86" t="ppcif" f="13" l="122" c="0">
<BEGIN l="122" c="20"/>
<END l="124" c="0"/>
</B>
<B id="87" t="ppcif" f="13" l="126" c="0">
<BEGIN l="126" c="20"/>
<END l="128" c="0"/>
</B>
<B id="88" t="ppcif" f="13" l="130" c="0">
<BEGIN l="130" c="20"/>
<END l="132" c="0"/>
</B>
<B id="89" t="ppcif" f="13" l="134" c="0">
<BEGIN l="134" c="20"/>
<END l="136" c="0"/>
</B>
<B id="90" t="ppcif" f="13" l="138" c="0">
<BEGIN l="138" c="20"/>
<END l="140" c="0"/>
</B>
<B id="91" t="ppcif" f="13" l="142" c="0">
<BEGIN l="142" c="20"/>
<END l="144" c="0"/>
</B>
<B id="92" t="ppcif" f="13" l="146" c="0">
<BEGIN l="146" c="20"/>
<END l="148" c="0"/>
</B>
<B id="93" t="ppcif" f="13" l="150" c="0">
<BEGIN l="150" c="20"/>
<END l="152" c="0"/>
</B>
<B id="94" t="ppcif" f="13" l="154" c="0">
<BEGIN l="154" c="20"/>
<END l="156" c="0"/>
</B>
<B id="95" t="ppcif" f="13" l="158" c="0">
<BEGIN l="158" c="20"/>
<END l="160" c="0"/>
</B>
<B id="96" t="ppcif" f="13" l="162" c="0">
<BEGIN l="162" c="20"/>
<END l="164" c="0"/>
</B>
<B id="97" t="ppcif" f="13" l="166" c="0">
<BEGIN l="166" c="20"/>
<END l="168" c="0"/>
</B>
<B id="98" t="ppcif" f="13" l="170" c="0">
<BEGIN l="170" c="20"/>
<END l="172" c="0"/>
</B>
<B id="99" t="ppcif" f="13" l="174" c="0">
<BEGIN l="174" c="20"/>
<END l="176" c="0"/>
</B>
<B id="100" t="ppcif" f="13" l="178" c="0">
<BEGIN l="178" c="20"/>
<END l="180" c="0"/>
</B>
<B id="101" t="ppcif" f="13" l="182" c="0">
<BEGIN l="182" c="20"/>
<END l="184" c="0"/>
</B>
<B id="102" t="ppcif" f="13" l="186" c="0">
<BEGIN l="186" c="20"/>
<END l="188" c="0"/>
</B>
<B id="103" t="ppcif" f="13" l="190" c="0">
<BEGIN l="190" c="20"/>
<END l="192" c="0"/>
</B>
<B id="104" t="ppcif" f="13" l="194" c="0">
<BEGIN l="194" c="20"/>
<END l="196" c="0"/>
</B>
<B id="105" t="ppcif" f="13" l="198" c="0">
<BEGIN l="198" c="20"/>
<END l="200" c="0"/>
</B>
<B id="106" t="ppcif" f="13" l="202" c="0">
<BEGIN l="202" c="20"/>
<END l="204" c="0"/>
</B>
<B id="107" t="ppcif" f="13" l="206" c="0">
<BEGIN l="206" c="20"/>
<END l="208" c="0"/>
</B>
<B id="108" t="ppcif" f="13" l="210" c="0">
<BEGIN l="210" c="20"/>
<END l="212" c="0"/>
</B>
<B id="109" t="ppcif" f="13" l="214" c="0">
<BEGIN l="214" c="20"/>
<END l="216" c="0"/>
</B>
<B id="110" t="ppcif" f="13" l="218" c="0">
<BEGIN l="218" c="20"/>
<END l="220" c="0"/>
</B>
<B id="111" t="ppcif" f="13" l="222" c="0">
<BEGIN l="222" c="20"/>
<END l="224" c="0"/>
</B>
<B id="112" t="ppcif" f="13" l="226" c="0">
<BEGIN l="226" c="20"/>
<END l="228" c="0"/>
</B>
<B id="113" t="ppcif" f="13" l="230" c="0">
<BEGIN l="230" c="20"/>
<END l="232" c="0"/>
</B>
<B id="114" t="ppcif" f="13" l="234" c="0">
<BEGIN l="234" c="20"/>
<END l="236" c="0"/>
</B>
<B id="115" t="ppcif" f="13" l="238" c="0">
<BEGIN l="238" c="20"/>
<END l="240" c="0"/>
</B>
<B id="116" t="ppcif" f="13" l="242" c="0">
<BEGIN l="242" c="20"/>
<END l="244" c="0"/>
</B>
<B id="117" t="ppcif" f="13" l="246" c="0">
<BEGIN l="246" c="20"/>
<END l="248" c="0"/>
</B>
<B id="118" t="ppcif" f="13" l="250" c="0">
<BEGIN l="250" c="20"/>
<END l="252" c="0"/>
</B>
<B id="119" t="ppcif" f="13" l="254" c="0">
<BEGIN l="254" c="20"/>
<END l="256" c="0"/>
</B>
<B id="120" t="ppcif" f="13" l="258" c="0">
<BEGIN l="258" c="20"/>
<END l="260" c="0"/>
</B>
<B id="121" t="ppcif" f="13" l="262" c="0">
<BEGIN l="262" c="20"/>
<END l="264" c="0"/>
</B>
<B id="122" t="ppcif" f="13" l="266" c="0">
<BEGIN l="266" c="20"/>
<END l="268" c="0"/>
</B>
<B id="123" t="ppcif" f="13" l="270" c="0">
<BEGIN l="270" c="20"/>
<END l="272" c="0"/>
</B>
<B id="124" t="ppcif" f="13" l="274" c="0">
<BEGIN l="274" c="20"/>
<END l="276" c="0"/>
</B>
<B id="125" t="ppcif" f="13" l="278" c="0">
<BEGIN l="278" c="20"/>
<END l="280" c="0"/>
</B>
<B id="126" t="ppcif" f="13" l="282" c="0">
<BEGIN l="282" c="20"/>
<END l="284" c="0"/>
</B>
<B id="127" t="ppcif" f="13" l="286" c="0">
<BEGIN l="286" c="20"/>
<END l="288" c="0"/>
</B>
<B id="128" t="ppcif" f="13" l="290" c="0">
<BEGIN l="290" c="20"/>
<END l="292" c="0"/>
</B>
<B id="129" t="ppcif" f="13" l="294" c="0">
<BEGIN l="294" c="20"/>
<END l="296" c="0"/>
</B>
<B id="130" t="ppcif" f="13" l="298" c="0">
<BEGIN l="298" c="20"/>
<END l="300" c="0"/>
</B>
<B id="131" t="ppcif" f="13" l="302" c="0">
<BEGIN l="302" c="20"/>
<END l="304" c="0"/>
</B>
<B id="132" t="ppcif" f="13" l="306" c="0">
<BEGIN l="306" c="20"/>
<END l="308" c="0"/>
</B>
<B id="133" t="ppcif" f="13" l="310" c="0">
<BEGIN l="310" c="20"/>
<END l="312" c="0"/>
</B>
<B id="134" t="ppcif" f="13" l="314" c="0">
<BEGIN l="314" c="20"/>
<END l="316" c="0"/>
</B>
<B id="135" t="ppcif" f="13" l="318" c="0">
<BEGIN l="318" c="20"/>
<END l="320" c="0"/>
</B>
<B id="136" t="ppcif" f="13" l="322" c="0">
<BEGIN l="322" c="20"/>
<END l="324" c="0"/>
</B>
<B id="137" t="ppcif" f="13" l="326" c="0">
<BEGIN l="326" c="20"/>
<END l="328" c="0"/>
</B>
<B id="138" t="ppcif" f="13" l="330" c="0">
<BEGIN l="330" c="20"/>
<END l="332" c="0"/>
</B>
<B id="139" t="ppcif" f="13" l="334" c="0">
<BEGIN l="334" c="20"/>
<END l="336" c="0"/>
</B>
<B id="140" t="ppcif" f="13" l="338" c="0">
<BEGIN l="338" c="20"/>
<END l="340" c="0"/>
</B>
<B id="141" t="ppcif" f="13" l="342" c="0">
<BEGIN l="342" c="20"/>
<END l="344" c="0"/>
</B>
<B id="142" t="ppcif" f="13" l="346" c="0">
<BEGIN l="346" c="20"/>
<END l="348" c="0"/>
</B>
<B id="143" t="ppcif" f="13" l="350" c="0">
<BEGIN l="350" c="20"/>
<END l="352" c="0"/>
</B>
<B id="144" t="ppcif" f="13" l="354" c="0">
<BEGIN l="354" c="20"/>
<END l="356" c="0"/>
</B>
<B id="145" t="ppcif" f="13" l="358" c="0">
<BEGIN l="358" c="20"/>
<END l="360" c="0"/>
</B>
<B id="146" t="ppcif" f="13" l="362" c="0">
<BEGIN l="362" c="20"/>
<END l="364" c="0"/>
</B>
<B id="147" t="ppcif" f="13" l="366" c="0">
<BEGIN l="366" c="20"/>
<END l="368" c="0"/>
</B>
<B id="148" t="ppcif" f="13" l="370" c="0">
<BEGIN l="370" c="20"/>
<END l="372" c="0"/>
</B>
<B id="149" t="ppcif" f="13" l="374" c="0">
<BEGIN l="374" c="20"/>
<END l="376" c="0"/>
</B>
<B id="150" t="ppcif" f="13" l="378" c="0">
<BEGIN l="378" c="20"/>
<END l="380" c="0"/>
</B>
<B id="151" t="ppcif" f="13" l="382" c="0">
<BEGIN l="382" c="20"/>
<END l="384" c="0"/>
</B>
<B id="152" t="ppcif" f="13" l="386" c="0">
<BEGIN l="386" c="20"/>
<END l="388" c="0"/>
</B>
<B id="153" t="ppcif" f="13" l="390" c="0">
<BEGIN l="390" c="20"/>
<END l="392" c="0"/>
</B>
<B id="154" t="ppcif" f="13" l="394" c="0">
<BEGIN l="394" c="20"/>
<END l="396" c="0"/>
</B>
<B id="155" t="ppcif" f="13" l="398" c="0">
<BEGIN l="398" c="20"/>
<END l="400" c="0"/>
</B>
<B id="156" t="ppcif" f="13" l="402" c="0">
<BEGIN l="402" c="20"/>
<END l="404" c="0"/>
</B>
<B id="157" t="ppcif" f="13" l="406" c="0">
<BEGIN l="406" c="20"/>
<END l="408" c="0"/>
</B>
<B id="158" t="ppcif" f="13" l="410" c="0">
<BEGIN l="410" c="20"/>
<END l="412" c="0"/>
</B>
<B id="159" t="ppcif" f="13" l="414" c="0">
<BEGIN l="414" c="20"/>
<END l="416" c="0"/>
</B>
<B id="160" t="ppcif" f="13" l="418" c="0">
<BEGIN l="418" c="20"/>
<END l="420" c="0"/>
</B>
<B id="161" t="ppcif" f="13" l="422" c="0">
<BEGIN l="422" c="20"/>
<END l="424" c="0"/>
</B>
<B id="162" t="ppcif" f="13" l="426" c="0">
<BEGIN l="426" c="20"/>
<END l="428" c="0"/>
</B>
<B id="163" t="ppcif" f="13" l="430" c="0">
<BEGIN l="430" c="20"/>
<END l="432" c="0"/>
</B>
<B id="164" t="ppcif" f="13" l="434" c="0">
<BEGIN l="434" c="20"/>
<END l="436" c="0"/>
</B>
<B id="165" t="ppcif" f="13" l="438" c="0">
<BEGIN l="438" c="20"/>
<END l="440" c="0"/>
</B>
<B id="166" t="ppcif" f="13" l="442" c="0">
<BEGIN l="442" c="20"/>
<END l="444" c="0"/>
</B>
<B id="167" t="ppcif" f="13" l="446" c="0">
<BEGIN l="446" c="20"/>
<END l="448" c="0"/>
</B>
<B id="168" t="ppcif" f="13" l="450" c="0">
<BEGIN l="450" c="20"/>
<END l="452" c="0"/>
</B>
<B id="169" t="ppcif" f="13" l="454" c="0">
<BEGIN l="454" c="20"/>
<END l="456" c="0"/>
</B>
<B id="170" t="ppcif" f="13" l="458" c="0">
<BEGIN l="458" c="20"/>
<END l="460" c="0"/>
</B>
<B id="171" t="ppcif" f="13" l="462" c="0">
<BEGIN l="462" c="20"/>
<END l="464" c="0"/>
</B>
<B id="172" t="ppcif" f="13" l="466" c="0">
<BEGIN l="466" c="20"/>
<END l="468" c="0"/>
</B>
<B id="173" t="ppcif" f="13" l="470" c="0">
<BEGIN l="470" c="20"/>
<END l="472" c="0"/>
</B>
<B id="174" t="ppcif" f="13" l="474" c="0">
<BEGIN l="474" c="20"/>
<END l="476" c="0"/>
</B>
<B id="175" t="ppcif" f="13" l="478" c="0">
<BEGIN l="478" c="20"/>
<END l="480" c="0"/>
</B>
<B id="176" t="ppcif" f="13" l="482" c="0">
<BEGIN l="482" c="20"/>
<END l="484" c="0"/>
</B>
<B id="177" t="ppcif" f="13" l="486" c="0">
<BEGIN l="486" c="20"/>
<END l="488" c="0"/>
</B>
<B id="178" t="ppcif" f="13" l="490" c="0">
<BEGIN l="490" c="20"/>
<END l="492" c="0"/>
</B>
<B id="179" t="ppcif" f="13" l="494" c="0">
<BEGIN l="494" c="20"/>
<END l="496" c="0"/>
</B>
<B id="180" t="ppcif" f="13" l="498" c="0">
<BEGIN l="498" c="20"/>
<END l="500" c="0"/>
</B>
<B id="181" t="ppcif" f="13" l="502" c="0">
<BEGIN l="502" c="20"/>
<END l="504" c="0"/>
</B>
<B id="182" t="ppcif" f="13" l="506" c="0">
<BEGIN l="506" c="20"/>
<END l="508" c="0"/>
</B>
<B id="183" t="ppcif" f="13" l="510" c="0">
<BEGIN l="510" c="20"/>
<END l="512" c="0"/>
</B>
<B id="184" t="ppcif" f="13" l="514" c="0">
<BEGIN l="514" c="20"/>
<END l="516" c="0"/>
</B>
<B id="185" t="ppcif" f="13" l="518" c="0">
<BEGIN l="518" c="20"/>
<END l="520" c="0"/>
</B>
<B id="186" t="ppcif" f="13" l="522" c="0">
<BEGIN l="522" c="20"/>
<END l="524" c="0"/>
</B>
<B id="187" t="ppcif" f="13" l="526" c="0">
<BEGIN l="526" c="20"/>
<END l="528" c="0"/>
</B>
<B id="188" t="ppcif" f="13" l="530" c="0">
<BEGIN l="530" c="20"/>
<END l="532" c="0"/>
</B>
<B id="189" t="ppcif" f="13" l="534" c="0">
<BEGIN l="534" c="20"/>
<END l="536" c="0"/>
</B>
<B id="190" t="ppcif" f="13" l="538" c="0">
<BEGIN l="538" c="20"/>
<END l="540" c="0"/>
</B>
<B id="191" t="ppcif" f="13" l="542" c="0">
<BEGIN l="542" c="20"/>
<END l="544" c="0"/>
</B>
<B id="192" t="ppcif" f="13" l="546" c="0">
<BEGIN l="546" c="20"/>
<END l="548" c="0"/>
</B>
<B id="193" t="ppcif" f="13" l="550" c="0">
<BEGIN l="550" c="20"/>
<END l="552" c="0"/>
</B>
<B id="194" t="ppcif" f="13" l="554" c="0">
<BEGIN l="554" c="20"/>
<END l="556" c="0"/>
</B>
<B id="195" t="ppcif" f="13" l="558" c="0">
<BEGIN l="558" c="20"/>
<END l="560" c="0"/>
</B>
<B id="196" t="ppcif" f="13" l="562" c="0">
<BEGIN l="562" c="20"/>
<END l="564" c="0"/>
</B>
<B id="197" t="ppcif" f="13" l="566" c="0">
<BEGIN l="566" c="20"/>
<END l="568" c="0"/>
</B>
<B id="198" t="ppcif" f="13" l="570" c="0">
<BEGIN l="570" c="20"/>
<END l="572" c="0"/>
</B>
<B id="199" t="ppcif" f="13" l="574" c="0">
<BEGIN l="574" c="20"/>
<END l="576" c="0"/>
</B>
<B id="200" t="ppcif" f="13" l="578" c="0">
<BEGIN l="578" c="20"/>
<END l="580" c="0"/>
</B>
<B id="201" t="ppcif" f="13" l="582" c="0">
<BEGIN l="582" c="20"/>
<END l="584" c="0"/>
</B>
<B id="202" t="ppcif" f="13" l="586" c="0">
<BEGIN l="586" c="20"/>
<END l="588" c="0"/>
</B>
<B id="203" t="ppcif" f="13" l="590" c="0">
<BEGIN l="590" c="20"/>
<END l="592" c="0"/>
</B>
<B id="204" t="ppcif" f="13" l="594" c="0">
<BEGIN l="594" c="20"/>
<END l="596" c="0"/>
</B>
<B id="205" t="ppcif" f="13" l="598" c="0">
<BEGIN l="598" c="20"/>
<END l="600" c="0"/>
</B>
<B id="206" t="ppcif" f="13" l="602" c="0">
<BEGIN l="602" c="20"/>
<END l="604" c="0"/>
</B>
<B id="207" t="ppcif" f="13" l="606" c="0">
<BEGIN l="606" c="20"/>
<END l="608" c="0"/>
</B>
<B id="208" t="ppcif" f="13" l="610" c="0">
<BEGIN l="610" c="20"/>
<END l="612" c="0"/>
</B>
<B id="209" t="ppcif" f="13" l="614" c="0">
<BEGIN l="614" c="20"/>
<END l="616" c="0"/>
</B>
<B id="210" t="ppcif" f="13" l="618" c="0">
<BEGIN l="618" c="20"/>
<END l="620" c="0"/>
</B>
<B id="211" t="ppcif" f="13" l="622" c="0">
<BEGIN l="622" c="20"/>
<END l="624" c="0"/>
</B>
<B id="212" t="ppcif" f="13" l="626" c="0">
<BEGIN l="626" c="20"/>
<END l="628" c="0"/>
</B>
<B id="213" t="ppcif" f="13" l="630" c="0">
<BEGIN l="630" c="20"/>
<END l="632" c="0"/>
</B>
<B id="214" t="ppcif" f="13" l="634" c="0">
<BEGIN l="634" c="20"/>
<END l="636" c="0"/>
</B>
<B id="215" t="ppcif" f="13" l="638" c="0">
<BEGIN l="638" c="20"/>
<END l="640" c="0"/>
</B>
<B id="216" t="ppcif" f="13" l="642" c="0">
<BEGIN l="642" c="20"/>
<END l="644" c="0"/>
</B>
<B id="217" t="ppcif" f="13" l="646" c="0">
<BEGIN l="646" c="20"/>
<END l="648" c="0"/>
</B>
<B id="218" t="ppcif" f="13" l="650" c="0">
<BEGIN l="650" c="20"/>
<END l="652" c="0"/>
</B>
<B id="219" t="ppcif" f="13" l="654" c="0">
<BEGIN l="654" c="20"/>
<END l="656" c="0"/>
</B>
<B id="220" t="ppcif" f="13" l="658" c="0">
<BEGIN l="658" c="20"/>
<END l="660" c="0"/>
</B>
<B id="221" t="ppcif" f="13" l="662" c="0">
<BEGIN l="662" c="20"/>
<END l="664" c="0"/>
</B>
<B id="222" t="ppcif" f="13" l="666" c="0">
<BEGIN l="666" c="20"/>
<END l="668" c="0"/>
</B>
<B id="223" t="ppcif" f="13" l="670" c="0">
<BEGIN l="670" c="20"/>
<END l="672" c="0"/>
</B>
<B id="224" t="ppcif" f="13" l="674" c="0">
<BEGIN l="674" c="20"/>
<END l="676" c="0"/>
</B>
<B id="225" t="ppcif" f="13" l="678" c="0">
<BEGIN l="678" c="20"/>
<END l="680" c="0"/>
</B>
<B id="226" t="ppcif" f="13" l="682" c="0">
<BEGIN l="682" c="20"/>
<END l="684" c="0"/>
</B>
<B id="227" t="ppcif" f="13" l="686" c="0">
<BEGIN l="686" c="20"/>
<END l="688" c="0"/>
</B>
<B id="228" t="ppcif" f="13" l="690" c="0">
<BEGIN l="690" c="20"/>
<END l="692" c="0"/>
</B>
<B id="229" t="ppcif" f="13" l="694" c="0">
<BEGIN l="694" c="20"/>
<END l="696" c="0"/>
</B>
<B id="230" t="ppcif" f="13" l="698" c="0">
<BEGIN l="698" c="20"/>
<END l="700" c="0"/>
</B>
<B id="231" t="ppcif" f="13" l="702" c="0">
<BEGIN l="702" c="20"/>
<END l="704" c="0"/>
</B>
<B id="232" t="ppcif" f="13" l="706" c="0">
<BEGIN l="706" c="20"/>
<END l="708" c="0"/>
</B>
<B id="233" t="ppcif" f="13" l="710" c="0">
<BEGIN l="710" c="20"/>
<END l="712" c="0"/>
</B>
<B id="234" t="ppcif" f="13" l="714" c="0">
<BEGIN l="714" c="20"/>
<END l="716" c="0"/>
</B>
<B id="235" t="ppcif" f="13" l="718" c="0">
<BEGIN l="718" c="20"/>
<END l="720" c="0"/>
</B>
<B id="236" t="ppcif" f="13" l="722" c="0">
<BEGIN l="722" c="20"/>
<END l="724" c="0"/>
</B>
<B id="237" t="ppcif" f="13" l="726" c="0">
<BEGIN l="726" c="20"/>
<END l="728" c="0"/>
</B>
<B id="238" t="ppcif" f="13" l="730" c="0">
<BEGIN l="730" c="20"/>
<END l="732" c="0"/>
</B>
<B id="239" t="ppcif" f="13" l="734" c="0">
<BEGIN l="734" c="20"/>
<END l="736" c="0"/>
</B>
<B id="240" t="ppcif" f="13" l="738" c="0">
<BEGIN l="738" c="20"/>
<END l="740" c="0"/>
</B>
<B id="241" t="ppcif" f="13" l="742" c="0">
<BEGIN l="742" c="20"/>
<END l="744" c="0"/>
</B>
<B id="242" t="ppcif" f="13" l="746" c="0">
<BEGIN l="746" c="20"/>
<END l="748" c="0"/>
</B>
<B id="243" t="ppcif" f="13" l="750" c="0">
<BEGIN l="750" c="20"/>
<END l="752" c="0"/>
</B>
<B id="244" t="ppcif" f="13" l="754" c="0">
<BEGIN l="754" c="20"/>
<END l="756" c="0"/>
</B>
<B id="245" t="ppcif" f="13" l="758" c="0">
<BEGIN l="758" c="20"/>
<END l="760" c="0"/>
</B>
<B id="246" t="ppcif" f="13" l="762" c="0">
<BEGIN l="762" c="20"/>
<END l="764" c="0"/>
</B>
<B id="247" t="ppcif" f="13" l="766" c="0">
<BEGIN l="766" c="20"/>
<END l="768" c="0"/>
</B>
<B id="248" t="ppcif" f="13" l="770" c="0">
<BEGIN l="770" c="20"/>
<END l="772" c="0"/>
</B>
<B id="249" t="ppcif" f="13" l="774" c="0">
<BEGIN l="774" c="20"/>
<END l="776" c="0"/>
</B>
<B id="250" t="ppcif" f="13" l="778" c="0">
<BEGIN l="778" c="20"/>
<END l="780" c="0"/>
</B>
<B id="251" t="ppcif" f="13" l="782" c="0">
<BEGIN l="782" c="20"/>
<END l="784" c="0"/>
</B>
<B id="252" t="ppcif" f="13" l="786" c="0">
<BEGIN l="786" c="20"/>
<END l="788" c="0"/>
</B>
<B id="253" t="ppcif" f="13" l="790" c="0">
<BEGIN l="790" c="20"/>
<END l="792" c="0"/>
</B>
<B id="254" t="ppcif" f="13" l="794" c="0">
<BEGIN l="794" c="20"/>
<END l="796" c="0"/>
</B>
<B id="255" t="ppcif" f="13" l="798" c="0">
<BEGIN l="798" c="20"/>
<END l="800" c="0"/>
</B>
<B id="256" t="ppcif" f="13" l="802" c="0">
<BEGIN l="802" c="20"/>
<END l="804" c="0"/>
</B>
<B id="257" t="ppcif" f="13" l="806" c="0">
<BEGIN l="806" c="20"/>
<END l="808" c="0"/>
</B>
<B id="258" t="ppcif" f="13" l="810" c="0">
<BEGIN l="810" c="20"/>
<END l="812" c="0"/>
</B>
<B id="259" t="ppcif" f="13" l="814" c="0">
<BEGIN l="814" c="20"/>
<END l="816" c="0"/>
</B>
<B id="260" t="ppcif" f="13" l="818" c="0">
<BEGIN l="818" c="20"/>
<END l="820" c="0"/>
</B>
<B id="261" t="ppcif" f="13" l="822" c="0">
<BEGIN l="822" c="20"/>
<END l="824" c="0"/>
</B>
<B id="262" t="ppcif" f="13" l="826" c="0">
<BEGIN l="826" c="20"/>
<END l="828" c="0"/>
</B>
<B id="263" t="ppcif" f="13" l="830" c="0">
<BEGIN l="830" c="20"/>
<END l="832" c="0"/>
</B>
<B id="264" t="ppcif" f="13" l="834" c="0">
<BEGIN l="834" c="20"/>
<END l="836" c="0"/>
</B>
<B id="265" t="ppcif" f="13" l="838" c="0">
<BEGIN l="838" c="20"/>
<END l="840" c="0"/>
</B>
<B id="266" t="ppcif" f="13" l="842" c="0">
<BEGIN l="842" c="20"/>
<END l="844" c="0"/>
</B>
<B id="267" t="ppcif" f="13" l="846" c="0">
<BEGIN l="846" c="20"/>
<END l="848" c="0"/>
</B>
<B id="268" t="ppcif" f="13" l="850" c="0">
<BEGIN l="850" c="20"/>
<END l="852" c="0"/>
</B>
<B id="269" t="ppcif" f="13" l="854" c="0">
<BEGIN l="854" c="20"/>
<END l="856" c="0"/>
</B>
<B id="270" t="ppcif" f="13" l="858" c="0">
<BEGIN l="858" c="20"/>
<END l="860" c="0"/>
</B>
<B id="271" t="ppcif" f="13" l="862" c="0">
<BEGIN l="862" c="20"/>
<END l="864" c="0"/>
</B>
<B id="272" t="ppcif" f="13" l="866" c="0">
<BEGIN l="866" c="20"/>
<END l="868" c="0"/>
</B>
<B id="273" t="ppcif" f="13" l="870" c="0">
<BEGIN l="870" c="20"/>
<END l="872" c="0"/>
</B>
<B id="274" t="ppcif" f="13" l="874" c="0">
<BEGIN l="874" c="20"/>
<END l="876" c="0"/>
</B>
<B id="275" t="ppcif" f="13" l="878" c="0">
<BEGIN l="878" c="20"/>
<END l="880" c="0"/>
</B>
<B id="276" t="ppcif" f="13" l="882" c="0">
<BEGIN l="882" c="20"/>
<END l="884" c="0"/>
</B>
<B id="277" t="ppcif" f="13" l="886" c="0">
<BEGIN l="886" c="20"/>
<END l="888" c="0"/>
</B>
<B id="278" t="ppcif" f="13" l="890" c="0">
<BEGIN l="890" c="20"/>
<END l="892" c="0"/>
</B>
<B id="279" t="ppcif" f="13" l="894" c="0">
<BEGIN l="894" c="20"/>
<END l="896" c="0"/>
</B>
<B id="280" t="ppcif" f="13" l="898" c="0">
<BEGIN l="898" c="20"/>
<END l="900" c="0"/>
</B>
<B id="281" t="ppcif" f="13" l="902" c="0">
<BEGIN l="902" c="20"/>
<END l="904" c="0"/>
</B>
<B id="282" t="ppcif" f="13" l="906" c="0">
<BEGIN l="906" c="20"/>
<END l="908" c="0"/>
</B>
<B id="283" t="ppcif" f="13" l="910" c="0">
<BEGIN l="910" c="20"/>
<END l="912" c="0"/>
</B>
<B id="284" t="ppcif" f="13" l="914" c="0">
<BEGIN l="914" c="20"/>
<END l="916" c="0"/>
</B>
<B id="285" t="ppcif" f="13" l="918" c="0">
<BEGIN l="918" c="20"/>
<END l="920" c="0"/>
</B>
<B id="286" t="ppcif" f="13" l="922" c="0">
<BEGIN l="922" c="20"/>
<END l="924" c="0"/>
</B>
<B id="287" t="ppcif" f="13" l="926" c="0">
<BEGIN l="926" c="20"/>
<END l="928" c="0"/>
</B>
<B id="288" t="ppcif" f="13" l="930" c="0">
<BEGIN l="930" c="20"/>
<END l="932" c="0"/>
</B>
<B id="289" t="ppcif" f="13" l="934" c="0">
<BEGIN l="934" c="20"/>
<END l="936" c="0"/>
</B>
<B id="290" t="ppcif" f="13" l="938" c="0">
<BEGIN l="938" c="20"/>
<END l="940" c="0"/>
</B>
<B id="291" t="ppcif" f="13" l="942" c="0">
<BEGIN l="942" c="20"/>
<END l="944" c="0"/>
</B>
<B id="292" t="ppcif" f="13" l="946" c="0">
<BEGIN l="946" c="20"/>
<END l="948" c="0"/>
</B>
<B id="293" t="ppcif" f="13" l="950" c="0">
<BEGIN l="950" c="20"/>
<END l="952" c="0"/>
</B>
<B id="294" t="ppcif" f="13" l="954" c="0">
<BEGIN l="954" c="20"/>
<END l="956" c="0"/>
</B>
<B id="295" t="ppcif" f="13" l="958" c="0">
<BEGIN l="958" c="20"/>
<END l="960" c="0"/>
</B>
<B id="296" t="ppcif" f="13" l="962" c="0">
<BEGIN l="962" c="20"/>
<END l="964" c="0"/>
</B>
<B id="297" t="ppcif" f="13" l="966" c="0">
<BEGIN l="966" c="20"/>
<END l="968" c="0"/>
</B>
<B id="298" t="ppcif" f="13" l="970" c="0">
<BEGIN l="970" c="20"/>
<END l="972" c="0"/>
</B>
<B id="299" t="ppcif" f="13" l="974" c="0">
<BEGIN l="974" c="20"/>
<END l="976" c="0"/>
</B>
<B id="300" t="ppcif" f="13" l="978" c="0">
<BEGIN l="978" c="20"/>
<END l="980" c="0"/>
</B>
<B id="301" t="ppcif" f="13" l="982" c="0">
<BEGIN l="982" c="20"/>
<END l="984" c="0"/>
</B>
<B id="302" t="ppcif" f="13" l="986" c="0">
<BEGIN l="986" c="20"/>
<END l="988" c="0"/>
</B>
<B id="303" t="ppcif" f="13" l="990" c="0">
<BEGIN l="990" c="20"/>
<END l="992" c="0"/>
</B>
<B id="304" t="ppcif" f="13" l="994" c="0">
<BEGIN l="994" c="20"/>
<END l="996" c="0"/>
</B>
<B id="305" t="ppcif" f="13" l="998" c="0">
<BEGIN l="998" c="20"/>
<END l="1000" c="0"/>
</B>
<B id="306" t="ppcif" f="13" l="1002" c="0">
<BEGIN l="1002" c="20"/>
<END l="1004" c="0"/>
</B>
<B id="307" t="ppcif" f="13" l="1006" c="0">
<BEGIN l="1006" c="20"/>
<END l="1008" c="0"/>
</B>
<B id="308" t="ppcif" f="13" l="1010" c="0">
<BEGIN l="1010" c="20"/>
<END l="1012" c="0"/>
</B>
<B id="309" t="ppcif" f="13" l="1014" c="0">
<BEGIN l="1014" c="20"/>
<END l="1016" c="0"/>
</B>
<B id="310" t="ppcif" f="13" l="1018" c="0">
<BEGIN l="1018" c="20"/>
<END l="1020" c="0"/>
</B>
<B id="311" t="ppcif" f="13" l="1022" c="0">
<BEGIN l="1022" c="20"/>
<END l="1024" c="0"/>
</B>
<B id="312" t="ppcif" f="13" l="1026" c="0">
<BEGIN l="1026" c="20"/>
<END l="1028" c="0"/>
</B>
<B id="313" t="ppcif" f="13" l="1030" c="0">
<BEGIN l="1030" c="20"/>
<END l="1032" c="0"/>
</B>
<B id="314" t="ppcif" f="13" l="1034" c="0">
<BEGIN l="1034" c="20"/>
<END l="1036" c="0"/>
</B>
<B id="315" t="ppcif" f="13" l="1038" c="0">
<BEGIN l="1038" c="20"/>
<END l="1040" c="0"/>
</B>
<B id="316" t="ppcif" f="13" l="1042" c="0">
<BEGIN l="1042" c="20"/>
<END l="1044" c="0"/>
</B>
<B id="317" t="ppcif" f="13" l="1046" c="0">
<BEGIN l="1046" c="20"/>
<END l="1048" c="0"/>
</B>
<B id="318" t="ppcif" f="13" l="1050" c="0">
<BEGIN l="1050" c="20"/>
<END l="1052" c="0"/>
</B>
<B id="319" t="ppcif" f="13" l="1054" c="0">
<BEGIN l="1054" c="20"/>
<END l="1056" c="0"/>
</B>
<B id="320" t="ppcif" f="13" l="1058" c="0">
<BEGIN l="1058" c="20"/>
<END l="1060" c="0"/>
</B>
<B id="321" t="ppcif" f="13" l="1062" c="0">
<BEGIN l="1062" c="20"/>
<END l="1064" c="0"/>
</B>
<B id="322" t="ppcif" f="13" l="1066" c="0">
<BEGIN l="1066" c="20"/>
<END l="1068" c="0"/>
</B>
<B id="323" t="ppcif" f="13" l="1070" c="0">
<BEGIN l="1070" c="20"/>
<END l="1072" c="0"/>
</B>
<B id="324" t="ppcif" f="13" l="1074" c="0">
<BEGIN l="1074" c="20"/>
<END l="1076" c="0"/>
</B>
<B id="325" t="ppcif" f="13" l="1078" c="0">
<BEGIN l="1078" c="20"/>
<END l="1080" c="0"/>
</B>
<B id="326" t="ppcif" f="13" l="1082" c="0">
<BEGIN l="1082" c="20"/>
<END l="1084" c="0"/>
</B>
<B id="327" t="ppcif" f="13" l="1086" c="0">
<BEGIN l="1086" c="20"/>
<END l="1088" c="0"/>
</B>
<B id="328" t="ppcif" f="13" l="1090" c="0">
<BEGIN l="1090" c="20"/>
<END l="1092" c="0"/>
</B>
<B id="329" t="ppcif" f="13" l="1094" c="0">
<BEGIN l="1094" c="20"/>
<END l="1096" c="0"/>
</B>
<B id="330" t="ppcif" f="13" l="1098" c="0">
<BEGIN l="1098" c="20"/>
<END l="1100" c="0"/>
</B>
<B id="331" t="ppcif" f="13" l="1102" c="0">
<BEGIN l="1102" c="20"/>
<END l="1104" c="0"/>
</B>
<B id="332" t="ppcif" f="13" l="1106" c="0">
<BEGIN l="1106" c="20"/>
<END l="1108" c="0"/>
</B>
<B id="333" t="ppcif" f="13" l="1110" c="0">
<BEGIN l="1110" c="20"/>
<END l="1112" c="0"/>
</B>
<B id="334" t="ppcif" f="13" l="1114" c="0">
<BEGIN l="1114" c="20"/>
<END l="1116" c="0"/>
</B>
<B id="335" t="ppcif" f="13" l="1118" c="0">
<BEGIN l="1118" c="20"/>
<END l="1120" c="0"/>
</B>
<B id="336" t="ppcif" f="13" l="1122" c="0">
<BEGIN l="1122" c="20"/>
<END l="1124" c="0"/>
</B>
<B id="337" t="ppcif" f="13" l="1126" c="0">
<BEGIN l="1126" c="20"/>
<END l="1128" c="0"/>
</B>
<B id="338" t="ppcif" f="13" l="1130" c="0">
<BEGIN l="1130" c="20"/>
<END l="1132" c="0"/>
</B>
<B id="339" t="ppcif" f="13" l="1134" c="0">
<BEGIN l="1134" c="20"/>
<END l="1136" c="0"/>
</B>
<B id="340" t="ppcif" f="13" l="1138" c="0">
<BEGIN l="1138" c="20"/>
<END l="1140" c="0"/>
</B>
<B id="341" t="ppcif" f="13" l="1142" c="0">
<BEGIN l="1142" c="20"/>
<END l="1144" c="0"/>
</B>
<B id="342" t="ppcif" f="13" l="1146" c="0">
<BEGIN l="1146" c="20"/>
<END l="1148" c="0"/>
</B>
<B id="343" t="ppcif" f="13" l="1150" c="0">
<BEGIN l="1150" c="20"/>
<END l="1152" c="0"/>
</B>
<B id="344" t="ppcif" f="13" l="1154" c="0">
<BEGIN l="1154" c="20"/>
<END l="1156" c="0"/>
</B>
<B id="345" t="ppcif" f="13" l="1158" c="0">
<BEGIN l="1158" c="20"/>
<END l="1160" c="0"/>
</B>
<B id="346" t="ppcif" f="13" l="1162" c="0">
<BEGIN l="1162" c="20"/>
<END l="1164" c="0"/>
</B>
<B id="347" t="ppcif" f="13" l="1166" c="0">
<BEGIN l="1166" c="20"/>
<END l="1168" c="0"/>
</B>
<B id="348" t="ppcif" f="13" l="1170" c="0">
<BEGIN l="1170" c="20"/>
<END l="1172" c="0"/>
</B>
<B id="349" t="ppcif" f="13" l="1174" c="0">
<BEGIN l="1174" c="20"/>
<END l="1176" c="0"/>
</B>
<B id="350" t="ppcif" f="13" l="1178" c="0">
<BEGIN l="1178" c="20"/>
<END l="1180" c="0"/>
</B>
<B id="351" t="ppcif" f="13" l="1182" c="0">
<BEGIN l="1182" c="20"/>
<END l="1184" c="0"/>
</B>
<B id="352" t="ppcif" f="13" l="1186" c="0">
<BEGIN l="1186" c="20"/>
<END l="1188" c="0"/>
</B>
<B id="353" t="ppcif" f="13" l="1190" c="0">
<BEGIN l="1190" c="20"/>
<END l="1192" c="0"/>
</B>
<B id="354" t="ppcif" f="13" l="1194" c="0">
<BEGIN l="1194" c="20"/>
<END l="1196" c="0"/>
</B>
<B id="355" t="ppcif" f="13" l="1198" c="0">
<BEGIN l="1198" c="20"/>
<END l="1200" c="0"/>
</B>
<B id="356" t="ppcif" f="13" l="1202" c="0">
<BEGIN l="1202" c="20"/>
<END l="1204" c="0"/>
</B>
<B id="357" t="ppcif" f="13" l="1206" c="0">
<BEGIN l="1206" c="20"/>
<END l="1208" c="0"/>
</B>
<B id="358" t="ppcif" f="13" l="1210" c="0">
<BEGIN l="1210" c="20"/>
<END l="1212" c="0"/>
</B>
<B id="359" t="ppcif" f="13" l="1214" c="0">
<BEGIN l="1214" c="20"/>
<END l="1216" c="0"/>
</B>
<B id="360" t="ppcif" f="13" l="1218" c="0">
<BEGIN l="1218" c="20"/>
<END l="1220" c="0"/>
</B>
<B id="361" t="ppcif" f="13" l="1222" c="0">
<BEGIN l="1222" c="20"/>
<END l="1224" c="0"/>
</B>
<B id="362" t="ppcif" f="13" l="1226" c="0">
<BEGIN l="1226" c="20"/>
<END l="1228" c="0"/>
</B>
<B id="363" t="ppcif" f="13" l="1230" c="0">
<BEGIN l="1230" c="20"/>
<END l="1232" c="0"/>
</B>
<B id="364" t="ppcif" f="13" l="1234" c="0">
<BEGIN l="1234" c="20"/>
<END l="1236" c="0"/>
</B>
<B id="365" t="ppcif" f="13" l="1238" c="0">
<BEGIN l="1238" c="20"/>
<END l="1240" c="0"/>
</B>
<B id="366" t="ppcif" f="13" l="1242" c="0">
<BEGIN l="1242" c="20"/>
<END l="1244" c="0"/>
</B>
<B id="367" t="ppcif" f="13" l="1246" c="0">
<BEGIN l="1246" c="20"/>
<END l="1248" c="0"/>
</B>
<B id="368" t="ppcif" f="13" l="1250" c="0">
<BEGIN l="1250" c="20"/>
<END l="1252" c="0"/>
</B>
<B id="369" t="ppcif" f="13" l="1254" c="0">
<BEGIN l="1254" c="20"/>
<END l="1256" c="0"/>
</B>
<B id="370" t="ppcif" f="13" l="1258" c="0">
<BEGIN l="1258" c="20"/>
<END l="1260" c="0"/>
</B>
<B id="371" t="ppcif" f="13" l="1262" c="0">
<BEGIN l="1262" c="20"/>
<END l="1264" c="0"/>
</B>
<B id="372" t="ppcif" f="13" l="1266" c="0">
<BEGIN l="1266" c="20"/>
<END l="1268" c="0"/>
</B>
<B id="373" t="ppcif" f="13" l="1270" c="0">
<BEGIN l="1270" c="20"/>
<END l="1272" c="0"/>
</B>
<B id="374" t="ppcif" f="13" l="1274" c="0">
<BEGIN l="1274" c="20"/>
<END l="1276" c="0"/>
</B>
<B id="375" t="ppcif" f="13" l="1278" c="0">
<BEGIN l="1278" c="20"/>
<END l="1280" c="0"/>
</B>
<B id="376" t="ppcif" f="13" l="1282" c="0">
<BEGIN l="1282" c="20"/>
<END l="1284" c="0"/>
</B>
<B id="377" t="ppcif" f="13" l="1286" c="0">
<BEGIN l="1286" c="20"/>
<END l="1288" c="0"/>
</B>
<B id="378" t="ppcif" f="13" l="1290" c="0">
<BEGIN l="1290" c="20"/>
<END l="1292" c="0"/>
</B>
<B id="379" t="ppcif" f="13" l="1294" c="0">
<BEGIN l="1294" c="20"/>
<END l="1296" c="0"/>
</B>
<B id="380" t="ppcif" f="13" l="1298" c="0">
<BEGIN l="1298" c="20"/>
<END l="1300" c="0"/>
</B>
<B id="381" t="ppcif" f="13" l="1302" c="0">
<BEGIN l="1302" c="20"/>
<END l="1304" c="0"/>
</B>
<B id="382" t="ppcif" f="13" l="1306" c="0">
<BEGIN l="1306" c="20"/>
<END l="1308" c="0"/>
</B>
<B id="383" t="ppcif" f="13" l="1310" c="0">
<BEGIN l="1310" c="20"/>
<END l="1312" c="0"/>
</B>
<B id="384" t="ppcif" f="13" l="1314" c="0">
<BEGIN l="1314" c="20"/>
<END l="1316" c="0"/>
</B>
<B id="385" t="ppcif" f="13" l="1318" c="0">
<BEGIN l="1318" c="20"/>
<END l="1320" c="0"/>
</B>
<B id="386" t="ppcif" f="13" l="1322" c="0">
<BEGIN l="1322" c="20"/>
<END l="1324" c="0"/>
</B>
<B id="387" t="ppcif" f="13" l="1326" c="0">
<BEGIN l="1326" c="20"/>
<END l="1328" c="0"/>
</B>
<B id="388" t="ppcif" f="13" l="1330" c="0">
<BEGIN l="1330" c="20"/>
<END l="1332" c="0"/>
</B>
<B id="389" t="ppcif" f="13" l="1334" c="0">
<BEGIN l="1334" c="20"/>
<END l="1336" c="0"/>
</B>
<B id="390" t="ppcif" f="13" l="1338" c="0">
<BEGIN l="1338" c="20"/>
<END l="1340" c="0"/>
</B>
<B id="391" t="ppcif" f="13" l="1342" c="0">
<BEGIN l="1342" c="20"/>
<END l="1344" c="0"/>
</B>
<B id="392" t="ppcif" f="13" l="1346" c="0">
<BEGIN l="1346" c="20"/>
<END l="1348" c="0"/>
</B>
<B id="393" t="ppcif" f="13" l="1350" c="0">
<BEGIN l="1350" c="20"/>
<END l="1352" c="0"/>
</B>
<B id="394" t="ppcif" f="13" l="1354" c="0">
<BEGIN l="1354" c="20"/>
<END l="1356" c="0"/>
</B>
<B id="395" t="ppcif" f="13" l="1358" c="0">
<BEGIN l="1358" c="20"/>
<END l="1360" c="0"/>
</B>
<B id="396" t="ppcif" f="13" l="1362" c="0">
<BEGIN l="1362" c="20"/>
<END l="1364" c="0"/>
</B>
<B id="397" t="ppcif" f="13" l="1366" c="0">
<BEGIN l="1366" c="20"/>
<END l="1368" c="0"/>
</B>
<B id="398" t="ppcif" f="13" l="1370" c="0">
<BEGIN l="1370" c="20"/>
<END l="1372" c="0"/>
</B>
<B id="399" t="ppcif" f="13" l="1374" c="0">
<BEGIN l="1374" c="20"/>
<END l="1376" c="0"/>
</B>
<B id="400" t="ppcif" f="13" l="1378" c="0">
<BEGIN l="1378" c="20"/>
<END l="1380" c="0"/>
</B>
<B id="401" t="ppcif" f="13" l="1382" c="0">
<BEGIN l="1382" c="20"/>
<END l="1384" c="0"/>
</B>
<B id="402" t="ppcif" f="13" l="1386" c="0">
<BEGIN l="1386" c="20"/>
<END l="1388" c="0"/>
</B>
<B id="403" t="ppcif" f="13" l="1390" c="0">
<BEGIN l="1390" c="20"/>
<END l="1392" c="0"/>
</B>
<B id="404" t="ppcif" f="13" l="1394" c="0">
<BEGIN l="1394" c="20"/>
<END l="1396" c="0"/>
</B>
<B id="405" t="ppcif" f="13" l="1398" c="0">
<BEGIN l="1398" c="20"/>
<END l="1400" c="0"/>
</B>
<B id="406" t="ppcif" f="13" l="1402" c="0">
<BEGIN l="1402" c="20"/>
<END l="1404" c="0"/>
</B>
<B id="407" t="ppcif" f="13" l="1406" c="0">
<BEGIN l="1406" c="20"/>
<END l="1408" c="0"/>
</B>
<B id="408" t="ppcif" f="13" l="1410" c="0">
<BEGIN l="1410" c="20"/>
<END l="1412" c="0"/>
</B>
<B id="409" t="ppcif" f="13" l="1414" c="0">
<BEGIN l="1414" c="20"/>
<END l="1416" c="0"/>
</B>
<B id="410" t="ppcif" f="13" l="1418" c="0">
<BEGIN l="1418" c="20"/>
<END l="1420" c="0"/>
</B>
<B id="411" t="ppcif" f="13" l="1422" c="0">
<BEGIN l="1422" c="20"/>
<END l="1424" c="0"/>
</B>
<B id="412" t="ppcif" f="13" l="1426" c="0">
<BEGIN l="1426" c="20"/>
<END l="1428" c="0"/>
</B>
<B id="413" t="ppcif" f="13" l="1430" c="0">
<BEGIN l="1430" c="20"/>
<END l="1432" c="0"/>
</B>
<B id="414" t="ppcif" f="13" l="1434" c="0">
<BEGIN l="1434" c="20"/>
<END l="1436" c="0"/>
</B>
<B id="415" t="ppcif" f="13" l="1438" c="0">
<BEGIN l="1438" c="20"/>
<END l="1440" c="0"/>
</B>
<B id="416" t="ppcif" f="13" l="1442" c="0">
<BEGIN l="1442" c="20"/>
<END l="1444" c="0"/>
</B>
<B id="417" t="ppcif" f="13" l="1446" c="0">
<BEGIN l="1446" c="20"/>
<END l="1448" c="0"/>
</B>
<B id="418" t="ppcif" f="13" l="1450" c="0">
<BEGIN l="1450" c="20"/>
<END l="1452" c="0"/>
</B>
<B id="419" t="ppcif" f="13" l="1454" c="0">
<BEGIN l="1454" c="20"/>
<END l="1456" c="0"/>
</B>
<B id="420" t="ppcif" f="13" l="1458" c="0">
<BEGIN l="1458" c="20"/>
<END l="1460" c="0"/>
</B>
<B id="421" t="ppcif" f="13" l="1462" c="0">
<BEGIN l="1462" c="20"/>
<END l="1464" c="0"/>
</B>
<B id="422" t="ppcif" f="13" l="1466" c="0">
<BEGIN l="1466" c="20"/>
<END l="1468" c="0"/>
</B>
<B id="423" t="ppcif" f="13" l="1470" c="0">
<BEGIN l="1470" c="20"/>
<END l="1472" c="0"/>
</B>
<B id="424" t="ppcif" f="13" l="1474" c="0">
<BEGIN l="1474" c="20"/>
<END l="1476" c="0"/>
</B>
<B id="425" t="ppcif" f="13" l="1478" c="0">
<BEGIN l="1478" c="20"/>
<END l="1480" c="0"/>
</B>
<B id="426" t="ppcif" f="13" l="1482" c="0">
<BEGIN l="1482" c="20"/>
<END l="1484" c="0"/>
</B>
<B id="427" t="ppcif" f="13" l="1486" c="0">
<BEGIN l="1486" c="20"/>
<END l="1488" c="0"/>
</B>
<B id="428" t="ppcif" f="13" l="1490" c="0">
<BEGIN l="1490" c="20"/>
<END l="1492" c="0"/>
</B>
<B id="429" t="ppcif" f="13" l="1494" c="0">
<BEGIN l="1494" c="20"/>
<END l="1496" c="0"/>
</B>
<B id="430" t="ppcif" f="13" l="1498" c="0">
<BEGIN l="1498" c="20"/>
<END l="1500" c="0"/>
</B>
<B id="431" t="ppcif" f="13" l="1502" c="0">
<BEGIN l="1502" c="20"/>
<END l="1504" c="0"/>
</B>
<B id="432" t="ppcif" f="13" l="1506" c="0">
<BEGIN l="1506" c="20"/>
<END l="1508" c="0"/>
</B>
<B id="433" t="ppcif" f="13" l="1510" c="0">
<BEGIN l="1510" c="20"/>
<END l="1512" c="0"/>
</B>
<B id="434" t="ppcif" f="13" l="1514" c="0">
<BEGIN l="1514" c="20"/>
<END l="1516" c="0"/>
</B>
<B id="435" t="ppcif" f="13" l="1518" c="0">
<BEGIN l="1518" c="20"/>
<END l="1520" c="0"/>
</B>
<B id="436" t="ppcif" f="13" l="1522" c="0">
<BEGIN l="1522" c="20"/>
<END l="1524" c="0"/>
</B>
<B id="437" t="ppcif" f="13" l="1526" c="0">
<BEGIN l="1526" c="20"/>
<END l="1528" c="0"/>
</B>
<B id="438" t="ppcif" f="13" l="1530" c="0">
<BEGIN l="1530" c="20"/>
<END l="1532" c="0"/>
</B>
<B id="439" t="ppcif" f="13" l="1534" c="0">
<BEGIN l="1534" c="20"/>
<END l="1536" c="0"/>
</B>
<B id="440" t="ppcif" f="13" l="1538" c="0">
<BEGIN l="1538" c="20"/>
<END l="1540" c="0"/>
</B>
<B id="441" t="ppcif" f="13" l="1542" c="0">
<BEGIN l="1542" c="20"/>
<END l="1544" c="0"/>
</B>
<B id="442" t="ppcif" f="13" l="1546" c="0">
<BEGIN l="1546" c="20"/>
<END l="1548" c="0"/>
</B>
<B id="443" t="ppcif" f="13" l="1550" c="0">
<BEGIN l="1550" c="20"/>
<END l="1552" c="0"/>
</B>
<B id="444" t="ppcif" f="13" l="1554" c="0">
<BEGIN l="1554" c="20"/>
<END l="1556" c="0"/>
</B>
<B id="445" t="ppcif" f="13" l="1558" c="0">
<BEGIN l="1558" c="20"/>
<END l="1560" c="0"/>
</B>
<B id="446" t="ppcif" f="13" l="1562" c="0">
<BEGIN l="1562" c="20"/>
<END l="1564" c="0"/>
</B>
<B id="447" t="ppcif" f="13" l="1566" c="0">
<BEGIN l="1566" c="20"/>
<END l="1568" c="0"/>
</B>
<B id="448" t="ppcif" f="13" l="1570" c="0">
<BEGIN l="1570" c="20"/>
<END l="1572" c="0"/>
</B>
<B id="449" t="ppcif" f="13" l="1574" c="0">
<BEGIN l="1574" c="20"/>
<END l="1576" c="0"/>
</B>
<B id="450" t="ppcif" f="13" l="1578" c="0">
<BEGIN l="1578" c="20"/>
<END l="1580" c="0"/>
</B>
<B id="451" t="ppcif" f="13" l="1582" c="0">
<BEGIN l="1582" c="20"/>
<END l="1584" c="0"/>
</B>
<B id="452" t="ppcif" f="13" l="1586" c="0">
<BEGIN l="1586" c="20"/>
<END l="1588" c="0"/>
</B>
<B id="453" t="ppcif" f="13" l="1590" c="0">
<BEGIN l="1590" c="20"/>
<END l="1592" c="0"/>
</B>
<B id="454" t="ppcif" f="13" l="1594" c="0">
<BEGIN l="1594" c="20"/>
<END l="1596" c="0"/>
</B>
<B id="455" t="ppcif" f="13" l="1598" c="0">
<BEGIN l="1598" c="20"/>
<END l="1600" c="0"/>
</B>
<B id="456" t="ppcif" f="13" l="1602" c="0">
<BEGIN l="1602" c="20"/>
<END l="1604" c="0"/>
</B>
<B id="457" t="ppcif" f="13" l="1606" c="0">
<BEGIN l="1606" c="20"/>
<END l="1608" c="0"/>
</B>
<B id="458" t="ppcif" f="13" l="1610" c="0">
<BEGIN l="1610" c="20"/>
<END l="1612" c="0"/>
</B>
<B id="459" t="ppcif" f="13" l="1614" c="0">
<BEGIN l="1614" c="20"/>
<END l="1616" c="0"/>
</B>
<B id="460" t="ppcif" f="13" l="1618" c="0">
<BEGIN l="1618" c="20"/>
<END l="1620" c="0"/>
</B>
<B id="461" t="ppcif" f="13" l="1622" c="0">
<BEGIN l="1622" c="20"/>
<END l="1624" c="0"/>
</B>
<B id="462" t="ppcif" f="13" l="1626" c="0">
<BEGIN l="1626" c="20"/>
<END l="1628" c="0"/>
</B>
<B id="463" t="ppcif" f="13" l="1630" c="0">
<BEGIN l="1630" c="20"/>
<END l="1632" c="0"/>
</B>
<B id="464" t="ppcif" f="13" l="1634" c="0">
<BEGIN l="1634" c="20"/>
<END l="1636" c="0"/>
</B>
<B id="465" t="ppcif" f="13" l="1638" c="0">
<BEGIN l="1638" c="20"/>
<END l="1640" c="0"/>
</B>
<B id="466" t="ppcif" f="13" l="1642" c="0">
<BEGIN l="1642" c="20"/>
<END l="1644" c="0"/>
</B>
<B id="467" t="ppcif" f="13" l="1646" c="0">
<BEGIN l="1646" c="20"/>
<END l="1648" c="0"/>
</B>
<B id="468" t="ppcif" f="13" l="1650" c="0">
<BEGIN l="1650" c="20"/>
<END l="1652" c="0"/>
</B>
<B id="469" t="ppcif" f="13" l="1654" c="0">
<BEGIN l="1654" c="20"/>
<END l="1656" c="0"/>
</B>
<B id="470" t="ppcif" f="13" l="1658" c="0">
<BEGIN l="1658" c="20"/>
<END l="1660" c="0"/>
</B>
<B id="471" t="ppcif" f="13" l="1662" c="0">
<BEGIN l="1662" c="20"/>
<END l="1664" c="0"/>
</B>
<B id="472" t="ppcif" f="13" l="1666" c="0">
<BEGIN l="1666" c="20"/>
<END l="1668" c="0"/>
</B>
<B id="473" t="ppcif" f="13" l="1670" c="0">
<BEGIN l="1670" c="20"/>
<END l="1672" c="0"/>
</B>
<B id="474" t="ppcif" f="13" l="1674" c="0">
<BEGIN l="1674" c="20"/>
<END l="1676" c="0"/>
</B>
<B id="475" t="ppcif" f="13" l="1678" c="0">
<BEGIN l="1678" c="20"/>
<END l="1680" c="0"/>
</B>
<B id="476" t="ppcif" f="13" l="1682" c="0">
<BEGIN l="1682" c="20"/>
<END l="1684" c="0"/>
</B>
<B id="477" t="ppcif" f="13" l="1686" c="0">
<BEGIN l="1686" c="20"/>
<END l="1688" c="0"/>
</B>
<B id="478" t="ppcif" f="13" l="1690" c="0">
<BEGIN l="1690" c="20"/>
<END l="1692" c="0"/>
</B>
<B id="479" t="ppcif" f="13" l="1694" c="0">
<BEGIN l="1694" c="20"/>
<END l="1696" c="0"/>
</B>
<B id="480" t="ppcif" f="13" l="1698" c="0">
<BEGIN l="1698" c="20"/>
<END l="1700" c="0"/>
</B>
<B id="481" t="ppcif" f="13" l="1702" c="0">
<BEGIN l="1702" c="20"/>
<END l="1704" c="0"/>
</B>
<B id="482" t="ppcif" f="13" l="1706" c="0">
<BEGIN l="1706" c="20"/>
<END l="1708" c="0"/>
</B>
<B id="483" t="ppcif" f="13" l="1710" c="0">
<BEGIN l="1710" c="20"/>
<END l="1712" c="0"/>
</B>
<B id="484" t="ppcif" f="13" l="1714" c="0">
<BEGIN l="1714" c="20"/>
<END l="1716" c="0"/>
</B>
<B id="485" t="ppcif" f="13" l="1718" c="0">
<BEGIN l="1718" c="20"/>
<END l="1720" c="0"/>
</B>
<B id="486" t="ppcif" f="13" l="1722" c="0">
<BEGIN l="1722" c="20"/>
<END l="1724" c="0"/>
</B>
<B id="487" t="ppcif" f="13" l="1726" c="0">
<BEGIN l="1726" c="20"/>
<END l="1728" c="0"/>
</B>
<B id="488" t="ppcif" f="13" l="1730" c="0">
<BEGIN l="1730" c="20"/>
<END l="1732" c="0"/>
</B>
<B id="489" t="ppcif" f="13" l="1734" c="0">
<BEGIN l="1734" c="20"/>
<END l="1736" c="0"/>
</B>
<B id="490" t="ppcif" f="13" l="1738" c="0">
<BEGIN l="1738" c="20"/>
<END l="1740" c="0"/>
</B>
<B id="491" t="ppcif" f="13" l="1742" c="0">
<BEGIN l="1742" c="20"/>
<END l="1744" c="0"/>
</B>
<B id="492" t="ppcif" f="13" l="1746" c="0">
<BEGIN l="1746" c="20"/>
<END l="1748" c="0"/>
</B>
<B id="493" t="ppcif" f="13" l="1750" c="0">
<BEGIN l="1750" c="20"/>
<END l="1752" c="0"/>
</B>
<B id="494" t="ppcif" f="13" l="1754" c="0">
<BEGIN l="1754" c="20"/>
<END l="1756" c="0"/>
</B>
<B id="495" t="ppcif" f="13" l="1758" c="0">
<BEGIN l="1758" c="20"/>
<END l="1760" c="0"/>
</B>
<B id="496" t="ppcif" f="13" l="1762" c="0">
<BEGIN l="1762" c="20"/>
<END l="1764" c="0"/>
</B>
<B id="497" t="ppcif" f="13" l="1766" c="0">
<BEGIN l="1766" c="20"/>
<END l="1768" c="0"/>
</B>
<B id="498" t="ppcif" f="13" l="1770" c="0">
<BEGIN l="1770" c="20"/>
<END l="1772" c="0"/>
</B>
<B id="499" t="ppcif" f="13" l="1774" c="0">
<BEGIN l="1774" c="20"/>
<END l="1776" c="0"/>
</B>
<B id="500" t="ppcif" f="13" l="1778" c="0">
<BEGIN l="1778" c="20"/>
<END l="1780" c="0"/>
</B>
<B id="501" t="ppcif" f="13" l="1782" c="0">
<BEGIN l="1782" c="20"/>
<END l="1784" c="0"/>
</B>
<B id="502" t="ppcif" f="13" l="1786" c="0">
<BEGIN l="1786" c="20"/>
<END l="1788" c="0"/>
</B>
<B id="503" t="ppcif" f="13" l="1790" c="0">
<BEGIN l="1790" c="20"/>
<END l="1792" c="0"/>
</B>
<B id="504" t="ppcif" f="13" l="1794" c="0">
<BEGIN l="1794" c="20"/>
<END l="1796" c="0"/>
</B>
<B id="505" t="ppcif" f="13" l="1798" c="0">
<BEGIN l="1798" c="20"/>
<END l="1800" c="0"/>
</B>
<B id="506" t="ppcif" f="13" l="1802" c="0">
<BEGIN l="1802" c="20"/>
<END l="1804" c="0"/>
</B>
<B id="507" t="ppcif" f="13" l="1806" c="0">
<BEGIN l="1806" c="20"/>
<END l="1808" c="0"/>
</B>
<B id="508" t="ppcif" f="13" l="1810" c="0">
<BEGIN l="1810" c="20"/>
<END l="1812" c="0"/>
</B>
<B id="509" t="ppcif" f="13" l="1814" c="0">
<BEGIN l="1814" c="20"/>
<END l="1816" c="0"/>
</B>
<B id="510" t="ppcif" f="13" l="1818" c="0">
<BEGIN l="1818" c="20"/>
<END l="1820" c="0"/>
</B>
<B id="511" t="ppcif" f="13" l="1822" c="0">
<BEGIN l="1822" c="20"/>
<END l="1824" c="0"/>
</B>
<B id="512" t="ppcif" f="13" l="1826" c="0">
<BEGIN l="1826" c="20"/>
<END l="1828" c="0"/>
</B>
<B id="513" t="ppcif" f="13" l="1830" c="0">
<BEGIN l="1830" c="20"/>
<END l="1832" c="0"/>
</B>
<B id="514" t="ppcif" f="13" l="1834" c="0">
<BEGIN l="1834" c="20"/>
<END l="1836" c="0"/>
</B>
<B id="515" t="ppcif" f="13" l="1838" c="0">
<BEGIN l="1838" c="20"/>
<END l="1840" c="0"/>
</B>
<B id="516" t="ppcif" f="13" l="1842" c="0">
<BEGIN l="1842" c="20"/>
<END l="1844" c="0"/>
</B>
<B id="517" t="ppcif" f="13" l="1846" c="0">
<BEGIN l="1846" c="20"/>
<END l="1848" c="0"/>
</B>
<B id="518" t="ppcif" f="13" l="1850" c="0">
<BEGIN l="1850" c="20"/>
<END l="1852" c="0"/>
</B>
<B id="519" t="ppcif" f="13" l="1854" c="0">
<BEGIN l="1854" c="20"/>
<END l="1856" c="0"/>
</B>
<B id="520" t="ppcif" f="13" l="1858" c="0">
<BEGIN l="1858" c="20"/>
<END l="1860" c="0"/>
</B>
<B id="521" t="ppcif" f="13" l="1862" c="0">
<BEGIN l="1862" c="20"/>
<END l="1864" c="0"/>
</B>
<B id="522" t="ppcif" f="13" l="1866" c="0">
<BEGIN l="1866" c="20"/>
<END l="1868" c="0"/>
</B>
<B id="523" t="ppcif" f="13" l="1870" c="0">
<BEGIN l="1870" c="20"/>
<END l="1872" c="0"/>
</B>
<B id="524" t="ppcif" f="13" l="1874" c="0">
<BEGIN l="1874" c="20"/>
<END l="1876" c="0"/>
</B>
<B id="525" t="ppcif" f="13" l="1878" c="0">
<BEGIN l="1878" c="20"/>
<END l="1880" c="0"/>
</B>
<B id="526" t="ppcif" f="13" l="1882" c="0">
<BEGIN l="1882" c="20"/>
<END l="1884" c="0"/>
</B>
<B id="527" t="ppcif" f="13" l="1886" c="0">
<BEGIN l="1886" c="20"/>
<END l="1888" c="0"/>
</B>
<B id="528" t="ppcif" f="13" l="1890" c="0">
<BEGIN l="1890" c="20"/>
<END l="1892" c="0"/>
</B>
<B id="529" t="ppcif" f="13" l="1894" c="0">
<BEGIN l="1894" c="20"/>
<END l="1896" c="0"/>
</B>
<B id="530" t="ppcif" f="13" l="1898" c="0">
<BEGIN l="1898" c="20"/>
<END l="1900" c="0"/>
</B>
<B id="531" t="ppcif" f="13" l="1902" c="0">
<BEGIN l="1902" c="20"/>
<END l="1904" c="0"/>
</B>
<B id="532" t="ppcif" f="13" l="1906" c="0">
<BEGIN l="1906" c="20"/>
<END l="1908" c="0"/>
</B>
<B id="533" t="ppcif" f="13" l="1910" c="0">
<BEGIN l="1910" c="20"/>
<END l="1912" c="0"/>
</B>
<B id="534" t="ppcif" f="13" l="1914" c="0">
<BEGIN l="1914" c="20"/>
<END l="1916" c="0"/>
</B>
<B id="535" t="ppcif" f="13" l="1918" c="0">
<BEGIN l="1918" c="20"/>
<END l="1920" c="0"/>
</B>
<B id="536" t="ppcif" f="13" l="1922" c="0">
<BEGIN l="1922" c="20"/>
<END l="1924" c="0"/>
</B>
<B id="537" t="ppcif" f="13" l="1926" c="0">
<BEGIN l="1926" c="20"/>
<END l="1928" c="0"/>
</B>
<B id="538" t="ppcif" f="13" l="1930" c="0">
<BEGIN l="1930" c="20"/>
<END l="1932" c="0"/>
</B>
<B id="539" t="ppcif" f="13" l="1934" c="0">
<BEGIN l="1934" c="20"/>
<END l="1936" c="0"/>
</B>
<B id="540" t="ppcif" f="13" l="1938" c="0">
<BEGIN l="1938" c="20"/>
<END l="1940" c="0"/>
</B>
<B id="541" t="ppcif" f="13" l="1942" c="0">
<BEGIN l="1942" c="20"/>
<END l="1944" c="0"/>
</B>
<B id="542" t="ppcif" f="13" l="1946" c="0">
<BEGIN l="1946" c="20"/>
<END l="1948" c="0"/>
</B>
<B id="543" t="ppcif" f="13" l="1950" c="0">
<BEGIN l="1950" c="20"/>
<END l="1952" c="0"/>
</B>
<B id="544" t="ppcif" f="13" l="1954" c="0">
<BEGIN l="1954" c="20"/>
<END l="1956" c="0"/>
</B>
<B id="545" t="ppcif" f="13" l="1958" c="0">
<BEGIN l="1958" c="20"/>
<END l="1960" c="0"/>
</B>
<B id="546" t="ppcif" f="13" l="1962" c="0">
<BEGIN l="1962" c="20"/>
<END l="1964" c="0"/>
</B>
<B id="547" t="ppcif" f="13" l="1966" c="0">
<BEGIN l="1966" c="20"/>
<END l="1968" c="0"/>
</B>
<B id="548" t="ppcif" f="13" l="1970" c="0">
<BEGIN l="1970" c="20"/>
<END l="1972" c="0"/>
</B>
<B id="549" t="ppcif" f="13" l="1974" c="0">
<BEGIN l="1974" c="20"/>
<END l="1976" c="0"/>
</B>
<B id="550" t="ppcif" f="13" l="1978" c="0">
<BEGIN l="1978" c="20"/>
<END l="1980" c="0"/>
</B>
<B id="551" t="ppcif" f="13" l="1982" c="0">
<BEGIN l="1982" c="20"/>
<END l="1984" c="0"/>
</B>
<B id="552" t="ppcif" f="13" l="1986" c="0">
<BEGIN l="1986" c="20"/>
<END l="1988" c="0"/>
</B>
<B id="553" t="ppcif" f="13" l="1990" c="0">
<BEGIN l="1990" c="20"/>
<END l="1992" c="0"/>
</B>
<B id="554" t="ppcif" f="13" l="1994" c="0">
<BEGIN l="1994" c="20"/>
<END l="1996" c="0"/>
</B>
<B id="555" t="ppcif" f="13" l="1998" c="0">
<BEGIN l="1998" c="20"/>
<END l="2000" c="0"/>
</B>
<B id="556" t="ppcif" f="13" l="2002" c="0">
<BEGIN l="2002" c="20"/>
<END l="2004" c="0"/>
</B>
<B id="557" t="ppcif" f="13" l="2006" c="0">
<BEGIN l="2006" c="20"/>
<END l="2008" c="0"/>
</B>
<B id="558" t="ppcif" f="13" l="2010" c="0">
<BEGIN l="2010" c="20"/>
<END l="2012" c="0"/>
</B>
<B id="559" t="ppcif" f="13" l="2014" c="0">
<BEGIN l="2014" c="20"/>
<END l="2016" c="0"/>
</B>
<B id="560" t="ppcif" f="13" l="2018" c="0">
<BEGIN l="2018" c="20"/>
<END l="2020" c="0"/>
</B>
<B id="561" t="ppcif" f="13" l="2022" c="0">
<BEGIN l="2022" c="20"/>
<END l="2024" c="0"/>
</B>
<B id="562" t="ppcif" f="13" l="2026" c="0">
<BEGIN l="2026" c="20"/>
<END l="2028" c="0"/>
</B>
<B id="563" t="ppcif" f="13" l="2030" c="0">
<BEGIN l="2030" c="20"/>
<END l="2032" c="0"/>
</B>
<B id="564" t="ppcif" f="13" l="2034" c="0">
<BEGIN l="2034" c="20"/>
<END l="2036" c="0"/>
</B>
<B id="565" t="ppcif" f="13" l="2038" c="0">
<BEGIN l="2038" c="20"/>
<END l="2040" c="0"/>
</B>
<B id="566" t="ppcif" f="13" l="2042" c="0">
<BEGIN l="2042" c="20"/>
<END l="2044" c="0"/>
</B>
<B id="567" t="ppcif" f="13" l="2046" c="0">
<BEGIN l="2046" c="20"/>
<END l="2048" c="0"/>
</B>
<B id="568" t="ppcif" f="13" l="2050" c="0">
<BEGIN l="2050" c="20"/>
<END l="2052" c="0"/>
</B>
<B id="569" t="ppcif" f="13" l="2054" c="0">
<BEGIN l="2054" c="20"/>
<END l="2056" c="0"/>
</B>
<B id="570" t="ppcif" f="13" l="2058" c="0">
<BEGIN l="2058" c="20"/>
<END l="2060" c="0"/>
</B>
<B id="571" t="ppcif" f="13" l="2062" c="0">
<BEGIN l="2062" c="20"/>
<END l="2064" c="0"/>
</B>
<B id="572" t="ppcif" f="13" l="2066" c="0">
<BEGIN l="2066" c="20"/>
<END l="2068" c="0"/>
</B>
<B id="573" t="ppcif" f="13" l="2070" c="0">
<BEGIN l="2070" c="20"/>
<END l="2072" c="0"/>
</B>
<B id="574" t="ppcif" f="13" l="2074" c="0">
<BEGIN l="2074" c="20"/>
<END l="2076" c="0"/>
</B>
<B id="575" t="ppcif" f="13" l="2078" c="0">
<BEGIN l="2078" c="20"/>
<END l="2080" c="0"/>
</B>
<B id="576" t="ppcif" f="13" l="2082" c="0">
<BEGIN l="2082" c="21"/>
<END l="2084" c="0"/>
</B>
<B id="577" t="ppcif" f="13" l="2086" c="0">
<BEGIN l="2086" c="21"/>
<END l="2088" c="0"/>
</B>
<B id="578" t="ppcif" f="13" l="2090" c="0">
<BEGIN l="2090" c="24"/>
<END l="2092" c="0"/>
</B>
<B id="579" t="ppcif" f="13" l="2094" c="0">
<BEGIN l="2094" c="24"/>
<END l="2096" c="0"/>
</B>
<B id="580" t="ppcif" f="13" l="2098" c="0">
<BEGIN l="2098" c="17"/>
<END l="2100" c="0"/>
</B>
<B id="581" t="ppcif" f="13" l="2102" c="0">
<BEGIN l="2102" c="18"/>
<END l="2104" c="0"/>
</B>
<B id="582" t="ppcif" f="13" l="2106" c="0">
<BEGIN l="2106" c="18"/>
<END l="2108" c="0"/>
</B>
<B id="583" t="ppcif" f="13" l="2110" c="0">
<BEGIN l="2110" c="22"/>
<END l="2112" c="0"/>
</B>
<B id="584" t="ppcrmif" f="13" l="2115" c="0">
<BEGIN l="2115" c="19"/>
<END l="2117" c="0"/>
</B>
<B id="585" t="ppcif" f="13" l="2120" c="0">
<BEGIN l="2120" c="26"/>
<END l="2128" c="0"/>
</B>
<B id="586" t="ppcif" f="13" l="2121" c="0">
<BEGIN l="2121" c="25"/>
<END l="2125" c="0"/>
</B>
<B id="587" t="ppcrmif" f="13" l="2122" c="0">
<BEGIN l="2122" c="37"/>
<END l="2124" c="0"/>
</B>
<B id="588" t="ppcrmelse" f="13" l="2125" c="0">
<BEGIN l="2125" c="7"/>
<END l="2127" c="0"/>
</B>
<B id="589" t="ppcif" f="4" l="24" c="0">
<BEGIN l="24" c="19"/>
<END l="60" c="0"/>
</B>
<B id="590" t="ppcif" f="4" l="49" c="0">
<BEGIN l="49" c="26"/>
<END l="57" c="0"/>
</B>
<B id="591" t="ppcif" f="4" l="50" c="0">
<BEGIN l="50" c="25"/>
<END l="54" c="0"/>
</B>
<B id="592" t="ppcrmif" f="4" l="51" c="0">
<BEGIN l="51" c="37"/>
<END l="53" c="0"/>
</B>
<B id="593" t="ppcrmelse" f="4" l="54" c="0">
<BEGIN l="54" c="7"/>
<END l="56" c="0"/>
</B>
<B id="594" t="ppcif" f="14" l="25" c="0">
<BEGIN l="25" c="14"/>
<END l="95" c="0"/>
</B>
<B id="595" t="ppcrmif" f="14" l="41" c="0">
<BEGIN l="41" c="33"/>
<END l="43" c="0"/>
</B>
<B id="596" t="ppcrmif" f="14" l="45" c="0">
<BEGIN l="45" c="46"/>
<END l="47" c="0"/>
</B>
<B id="597" t="ppcrmif" f="14" l="49" c="0">
<BEGIN l="49" c="28"/>
<END l="51" c="0"/>
</B>
<B id="598" t="ppcif" f="14" l="84" c="0">
<BEGIN l="84" c="26"/>
<END l="92" c="0"/>
</B>
<B id="599" t="ppcrmif" f="14" l="85" c="0">
<BEGIN l="85" c="25"/>
<END l="89" c="0"/>
</B>
<B id="600" t="ppcelse" f="14" l="89" c="0">
<BEGIN l="89" c="7"/>
<END l="91" c="0"/>
</B>
<B id="601" t="type" f="3" l="135" c="0">
<BEGIN l="135" c="0"/>
<END l="141" c="0"/>
</B>
<B id="602" t="ppcif" f="3" l="56" c="0">
<BEGIN l="56" c="19"/>
<END l="154" c="0"/>
</B>
<B id="603" t="ppcif" f="3" l="122" c="0">
<BEGIN l="122" c="26"/>
<END l="126" c="0"/>
</B>
<B id="604" t="ppcif" f="2" l="43" c="0">
<BEGIN l="43" c="24"/>
<END l="150" c="0"/>
</B>
<B id="605" t="ppcif" f="2" l="81" c="0">
<BEGIN l="81" c="13"/>
<END l="83" c="0"/>
</B>
<B id="606" t="ppcif" f="2" l="85" c="0">
<BEGIN l="85" c="14"/>
<END l="87" c="0"/>
</B>
<B id="607" t="ppcrmif" f="2" l="119" c="0">
<BEGIN l="119" c="46"/>
<END l="125" c="0"/>
</B>
<B id="608" t="ppcelse" f="2" l="125" c="0">
<BEGIN l="125" c="6"/>
<END l="129" c="0"/>
</B>
<B id="609" t="ppcrmif" f="2" l="131" c="0">
<BEGIN l="131" c="46"/>
<END l="137" c="0"/>
</B>
<B id="610" t="ppcelse" f="2" l="137" c="0">
<BEGIN l="137" c="6"/>
<END l="140" c="0"/>
</B>
<B id="611" t="ppcif" f="15" l="43" c="0">
<BEGIN l="43" c="18"/>
<END l="202" c="0"/>
</B>
<B id="612" t="ppcif" f="15" l="88" c="0">
<BEGIN l="88" c="17"/>
<END l="90" c="0"/>
</B>
<B id="613" t="ppcif" f="16" l="19" c="0">
<BEGIN l="19" c="22"/>
<END l="23" c="0"/>
</B>
<B id="614" t="ppcif" f="17" l="19" c="0">
<BEGIN l="19" c="26"/>
<END l="23" c="0"/>
</B>
<B id="615" t="ppcif" f="18" l="24" c="0">
<BEGIN l="24" c="31"/>
<END l="39" c="0"/>
</B>
<B id="616" t="ppcif" f="18" l="28" c="0">
<BEGIN l="28" c="26"/>
<END l="36" c="0"/>
</B>
<B id="617" t="ppcif" f="18" l="29" c="0">
<BEGIN l="29" c="25"/>
<END l="33" c="0"/>
</B>
<B id="618" t="ppcrmif" f="18" l="30" c="0">
<BEGIN l="30" c="37"/>
<END l="32" c="0"/>
</B>
<B id="619" t="ppcrmelse" f="18" l="33" c="0">
<BEGIN l="33" c="7"/>
<END l="35" c="0"/>
</B>
<B id="620" t="ppcif" f="19" l="19" c="0">
<BEGIN l="19" c="16"/>
<END l="24" c="0"/>
</B>
<B id="621" t="ppcif" f="20" l="53" c="0">
<BEGIN l="53" c="29"/>
<END l="57" c="0"/>
</B>
<B id="622" t="ppcrmif" f="20" l="67" c="0">
<BEGIN l="67" c="42"/>
<END l="71" c="0"/>
</B>
<B id="623" t="ppcrmif" f="20" l="81" c="0">
<BEGIN l="81" c="47"/>
<END l="85" c="0"/>
</B>
<B id="624" t="ppcrmif" f="20" l="95" c="0">
<BEGIN l="95" c="45"/>
<END l="99" c="0"/>
</B>
<B id="625" t="ppcrmif" f="20" l="109" c="0">
<BEGIN l="109" c="50"/>
<END l="113" c="0"/>
</B>
<B id="626" t="ppcif" f="20" l="125" c="0">
<BEGIN l="125" c="28"/>
<END l="129" c="0"/>
</B>
<B id="627" t="ppcrmif" f="20" l="139" c="0">
<BEGIN l="139" c="41"/>
<END l="143" c="0"/>
</B>
<B id="628" t="ppcrmif" f="20" l="153" c="0">
<BEGIN l="153" c="46"/>
<END l="157" c="0"/>
</B>
<B id="629" t="ppcrmif" f="20" l="167" c="0">
<BEGIN l="167" c="44"/>
<END l="171" c="0"/>
</B>
<B id="630" t="ppcrmif" f="20" l="181" c="0">
<BEGIN l="181" c="49"/>
<END l="185" c="0"/>
</B>
<B id="631" t="ppcif" f="20" l="201" c="0">
<BEGIN l="201" c="25"/>
<END l="209" c="0"/>
</B>
<B id="632" t="ppcif" f="20" l="202" c="0">
<BEGIN l="202" c="24"/>
<END l="206" c="0"/>
</B>
<B id="633" t="ppcrmif" f="20" l="203" c="0">
<BEGIN l="203" c="36"/>
<END l="205" c="0"/>
</B>
<B id="634" t="ppcrmelse" f="20" l="206" c="0">
<BEGIN l="206" c="6"/>
<END l="208" c="0"/>
</B>
<B id="635" t="ppcif" f="7" l="4" c="0">
<BEGIN l="4" c="47"/>
<END l="32" c="0"/>
</B>
<B id="636" t="ppcif" f="21" l="5" c="0">
<BEGIN l="5" c="51"/>
<END l="35" c="0"/>
</B>
<B id="637" t="ppcif" f="6" l="4" c="0">
<BEGIN l="4" c="47"/>
<END l="14" c="0"/>
</B>
<B id="638" t="ppcif" f="22" l="18" c="0">
<BEGIN l="18" c="12"/>
<END l="26" c="0"/>
</B>
</Blocks>
</Navig>
