<?xml version="1.0" encoding="UTF-8"?>
<MISRA-C-Report-Summary>
<File Mode="advisory" Error="0" Warning="2" Total="2">
<Name>
C:\_Synergy_Projects\Working\SF018A_EotProtn_Impl\src\EotProtn.c</Name>
</File>
<File Mode="required" Error="0" Warning="35" Total="35">
<Name>
C:\_Synergy_Projects\Working\SF018A_EotProtn_Impl\src\EotProtn.c</Name>
</File>
<Rule Name="11.5" Count="34" Mode="required" Severity="warning">
<Message>
A cast shall not be performed that removes any const or volatile qualification</Message>
</Rule>
<Rule Name="19.1" Count="2" Mode="advisory" Severity="warning">
<Message>
#include statements in a file shall only be preceded by other preprocessor directives or comments.</Message>
</Rule>
<Rule Name="12.4" Count="1" Mode="required" Severity="warning">
<Message>
The right hand operand of a logical &amp;&amp; or || operator shall not contain side effects.</Message>
</Rule>
</MISRA-C-Report-Summary>
