<?xml version="1.0" encoding="UTF-8"?>

<project name="Polyspace" files="2" includes="18" ap_cg_cycle="0" ap_cg_direct_cycle="0" pshv="0" unpshv="0">
<file name="C:\Component\CF065A_FordCmdArbn_Impl\tools\local\generate\Rte_Stubs.c" total_lines="35" lines_without_cmt="15" comf="29" fco="2">
<function name="Rte_Stub" path="1" goto="0" vg="1" calling="0" calls="3" param="0" stmt="3" level="1" return="0" vocf="1.9" flin="3" fxln="3" ncalls="3">
</function>
<function name="Rte_Call_FordCmdArbn_GetSigImcData_u08_Oper" path="1" goto="0" vg="1" calling="1" calls="0" param="3" stmt="4" level="1" return="1" vocf="1.6" flin="4" fxln="4" ncalls="0">
</function>
</file>
<file name="C:\Component\CF065A_FordCmdArbn_Impl\src\FordCmdArbn.c" total_lines="1361" lines_without_cmt="808" comf="19" fco="11">
<function name="FordCmdArbnPer2" path="23400" goto="0" vg="25" calling="1" calls="0" param="0" stmt="109" level="9" return="0" vocf="14.1" flin="314" fxln="144" ncalls="0">
</function>
<function name="FordCmdArbnPer1" path="12288000000000000" goto="0" vg="75" calling="1" calls="1" param="0" stmt="188" level="3" return="0" vocf="13.2" flin="653" fxln="213" ncalls="13">
</function>
<function name="FordCmdArbnInit1" path="1" goto="0" vg="1" calling="1" calls="0" param="0" stmt="0" level="1" return="0" vocf="1.2" flin="9" fxln="0" ncalls="0">
</function>
</file>
</project>
