<?xml version="1.0" encoding="UTF-8"?>
<MISRA-C-Report-Summary>
<File Mode="advisory" Error="0" Warning="2" Total="2">
<Name>
C:\Component\CF067A_FordHwTqCmdOvrlLimr_Impl\src\FordHwTqCmdOvrlLimr.c</Name>
</File>
<File Mode="required" Error="0" Warning="37" Total="37">
<Name>
C:\Component\CF067A_FordHwTqCmdOvrlLimr_Impl\src\FordHwTqCmdOvrlLimr.c</Name>
</File>
<Rule Name="11.5" Count="24" Mode="required" Severity="warning">
<Message>
A cast shall not be performed that removes any const or volatile qualification</Message>
</Rule>
<Rule Name="9.1" Count="8" Mode="required" Severity="warning">
<Message>
All automatic variables shall have been assigned a value before being used.</Message>
</Rule>
<Rule Name="21.1" Count="5" Mode="required" Severity="warning">
<Message>
Minimisation of run-time failures.</Message>
</Rule>
<Rule Name="19.1" Count="2" Mode="advisory" Severity="warning">
<Message>
#include statements in a file shall only be preceded by other preprocessor directives or comments.</Message>
</Rule>
</MISRA-C-Report-Summary>
