<?xml version="1.0" encoding="UTF-8"?>
<Navig version="1.0">
<Files>
<F id="1" n="C:\Program Files\MATLAB\R2013b\polyspace\verifier\cxx\cinclude\stdarg.h"/>
<F id="2" n="C:\Users\nz3541\Documents\SynergyWorkingEA4\AR201A_ArCplrSuprt_Impl\include\ASR4.0.3\Platform_Types.h"/>
<F id="3" n="C:\Users\nz3541\Documents\SynergyWorkingEA4\AR200A_ArSuprt_Impl\include\ASR4.0.3\Std_Types.h"/>
<F id="4" n="C:\Users\nz3541\Documents\SynergyWorkingEA4\SF035B_DampgPahSum_Impl\tools\local\generate\Rte_DampgPahSum.h"/>
<F id="5" n="C:\Users\nz3541\Documents\SynergyWorkingEA4\TL103A_CplrSuprt\include\2013.5.5\ansi\math.h"/>
<F id="6" n="C:\Users\nz3541\Documents\SynergyWorkingEA4\AR100A_NxtrMath_Impl\include\NxtrMath.h"/>
<F id="7" n="C:\Users\nz3541\Documents\SynergyWorkingEA4\SF035B_DampgPahSum_Impl\src\DampgPahSum.c"/>
<F id="8" n="C:\Users\nz3541\Documents\SynergyWorkingEA4\SF035B_DampgPahSum_Impl\tools\local\generate\Rte_Stubs.c"/>
<F id="9" n="C-STUBS\__polyspace__stdstubs.c"/>
<F id="10" n="C:\Users\nz3541\Documents\SynergyWorkingEA4\TL103A_CplrSuprt\include\2013.5.5\ansi\float.h"/>
<F id="11" n="C:\Program Files\MATLAB\R2013b\polyspace\verifier\cxx\cinclude\__polyspace__std_decls.h"/>
<F id="12" n="C:\Program Files\MATLAB\R2013b\polyspace\verifier\cxx\cinclude\assert.h"/>
<F id="13" n="C:\Program Files\MATLAB\R2013b\polyspace\verifier\cxx\cinclude\__polyspace__libc_defs.h"/>
<F id="14" n="C:\Users\nz3541\Documents\SynergyWorkingEA4\SF035B_DampgPahSum_Impl\tools\local\generate\Rte_DampgPahSum_Type.h"/>
<F id="15" n="C:\Users\nz3541\Documents\SynergyWorkingEA4\SF035B_DampgPahSum_Impl\tools\local\generate\Rte_Type.h"/>
<F id="16" n="C:\Users\nz3541\Documents\SynergyWorkingEA4\SF035B_DampgPahSum_Impl\tools\local\generate\Rte.h"/>
<F id="17" n="C:\Users\nz3541\Documents\SynergyWorkingEA4\AR201A_ArCplrSuprt_Impl\include\ASR4.0.3\Compiler.h"/>
<F id="18" n="C:\Users\nz3541\Documents\SynergyWorkingEA4\AR201A_ArCplrSuprt_Impl\tools\contract\Compiler_Cfg.h"/>
<F id="19" n="C:\Users\nz3541\Documents\SynergyWorkingEA4\AR201A_ArCplrSuprt_Impl\tools\contract\Renesas_Compiler.h"/>
<F id="20" n="C:\Users\nz3541\Documents\SynergyWorkingEA4\SF035B_DampgPahSum_Impl\tools\local\generate\Rte_DataHandleType.h"/>
<F id="21" n="C:\Users\nz3541\Documents\SynergyWorkingEA4\AR200A_ArSuprt_Impl\tools\contract\MemMap.h"/>
<F id="22" n="C:\Users\nz3541\Documents\SynergyWorkingEA4\SF035B_DampgPahSum_Impl\tools\local\generate\DampgPahSum_MemMap.h"/>
<F id="23" n="C:\Users\nz3541\Documents\SynergyWorkingEA4\SF999A_SysGlbPrm_Impl\include\SysGlbPrm.h"/>
</Files>
<Definitions>
<D id="1" f="6" l="634" c="104" n="Denom" t="4" d="1"/>
<D id="2" f="6" l="651" c="105" n="SinVal" t="4" d="1"/>
<D id="3" f="6" l="652" c="105" n="CosVal" t="4" d="1"/>
<D id="4" f="6" l="573" c="104" n="Denom" t="4" d="1"/>
<D id="5" f="6" l="558" c="104" n="RngLo" t="4" d="1"/>
<D id="6" f="6" l="559" c="104" n="RngHi" t="4" d="1"/>
<D id="7" f="9" l="6868" c="14" n="_polyspace_compare_function_type" t="7" d="1"/>
<D id="8" f="9" l="11310" c="12" n="_polyspace_random_long_double" t="2" d="1"/>
<D id="9" f="9" l="11330" c="21" n="HUGE_VALL" t="1" d="1"/>
<D id="10" f="9" l="11312" c="23" n="random" t="4" d="1"/>
<D id="11" f="9" l="11328" c="21" n="HUGE_VAL" t="1" d="1"/>
<D id="12" f="9" l="11329" c="21" n="HUGE_VALF" t="1" d="1"/>
<D id="13" f="9" l="12172" c="16" n="__polyspace_absolute_address" t="1" d="1"/>
<D id="14" f="4" l="50" c="7" n="Rte_CDS_DampgPahSum" t="6" d="1"/>
<D id="15" f="8" l="18" c="5" n="Rte_Stub" t="2" d="1"/>
<D id="16" f="4" l="53" c="8" n="_dummy" t="9" d="1"/>
<D id="17" f="3" l="141" c="2" n="Std_VersionInfoType" t="7" d="1"/>
<D id="18" f="9" l="43" c="21" n="size_t" t="7" d="1"/>
<D id="19" f="9" l="45" c="12" n="ptrdiff_t" t="7" d="1"/>
<D id="20" f="1" l="45" c="14" n="__va_list" t="7" d="1"/>
<D id="21" f="9" l="48" c="21" n="wchar_t" t="7" d="1"/>
<D id="22" f="7" l="115" c="5" n="DampgPahSumPer1" t="2" d="1"/>
<D id="23" f="4" l="64" c="42" n="Rte_Instance" t="7" d="1"/>
<D id="24" f="4" l="82" c="15" n="Rte_Read_DampgPahSum_DampgCmdBas_Val" t="2" d="0"/>
<D id="25" f="1" l="50" c="18" n="__gnuc_va_list" t="7" d="1"/>
<D id="26" f="5" l="51" c="17" n="double_t" t="7" d="1"/>
<D id="27" f="4" l="83" c="15" n="Rte_Read_DampgPahSum_InertiaCmpVelCmd_Val" t="2" d="0"/>
<D id="28" f="5" l="52" c="17" n="float_t" t="7" d="1"/>
<D id="29" f="5" l="731" c="6" n="expf" t="2" d="0"/>
<D id="30" f="4" l="84" c="15" n="Rte_Write_DampgPahSum_DampgCmd_Val" t="2" d="0"/>
<D id="31" f="5" l="741" c="6" n="sqrtf" t="2" d="0"/>
<D id="32" f="5" l="742" c="6" n="fabsf" t="2" d="0"/>
<D id="33" f="5" l="724" c="6" n="atan2f" t="2" d="0"/>
<D id="34" f="9" l="419" c="4" n="errno" t="1" d="1"/>
<D id="35" f="5" l="725" c="6" n="cosf" t="2" d="0"/>
<D id="36" f="5" l="726" c="6" n="sinf" t="2" d="0"/>
<D id="37" f="1" l="49" c="18" n="va_list" t="7" d="1"/>
<D id="38" f="5" l="748" c="6" n="fmodf" t="2" d="0"/>
<D id="39" f="3" l="140" c="10" n="sw_patch_version" t="9" d="1"/>
<D id="40" f="2" l="110" c="31" n="uint32" t="7" d="1"/>
<D id="41" f="6" l="303" c="29" n="Inp1" t="4" d="1"/>
<D id="42" f="6" l="230" c="39" n="Inp" t="4" d="1"/>
<D id="43" f="7" l="130" c="12" n="DampgCmdBasLtd_MotNwtMtr_T_f32" t="4" d="1"/>
<D id="44" f="2" l="112" c="31" n="sint8_least" t="7" d="1"/>
<D id="45" f="2" l="103" c="31" n="boolean" t="7" d="1"/>
<D id="46" f="7" l="131" c="12" n="InertiaCmpVelCmdLtd_MotNwtMtr_T_f32" t="4" d="1"/>
<D id="47" f="7" l="122" c="12" n="DampgCmdBas_MotNwtMtr_T_f32" t="4" d="1"/>
<D id="48" f="2" l="113" c="31" n="uint8_least" t="7" d="1"/>
<D id="49" f="3" l="136" c="10" n="vendorID" t="9" d="1"/>
<D id="50" f="6" l="420" c="31" n="Inp1" t="4" d="1"/>
<D id="51" f="6" l="501" c="31" n="Inp" t="4" d="1"/>
<D id="52" f="7" l="132" c="12" n="InputDiff_MotNwtMtr_T_f32" t="4" d="1"/>
<D id="53" f="7" l="123" c="12" n="InertiaCmpVelCmd_MotNwtMtr_T_f32" t="4" d="1"/>
<D id="54" f="2" l="114" c="31" n="sint16_least" t="7" d="1"/>
<D id="55" f="2" l="105" c="31" n="sint8" t="7" d="1"/>
<D id="56" f="3" l="137" c="10" n="moduleID" t="9" d="1"/>
<D id="57" f="6" l="290" c="29" n="Inp1" t="4" d="1"/>
<D id="58" f="2" l="115" c="31" n="uint16_least" t="7" d="1"/>
<D id="59" f="2" l="106" c="31" n="uint8" t="7" d="1"/>
<D id="60" f="3" l="138" c="10" n="sw_major_version" t="9" d="1"/>
<D id="61" f="6" l="381" c="29" n="Inp1" t="4" d="1"/>
<D id="62" f="3" l="132" c="14" n="Std_ReturnType" t="7" d="1"/>
<D id="63" f="2" l="116" c="31" n="sint32_least" t="7" d="1"/>
<D id="64" f="2" l="107" c="31" n="sint16" t="7" d="1"/>
<D id="65" f="3" l="125" c="22" n="StatusType" t="7" d="1"/>
<D id="66" f="3" l="139" c="10" n="sw_minor_version" t="9" d="1"/>
<D id="67" f="6" l="342" c="31" n="Inp1" t="4" d="1"/>
<D id="68" f="2" l="117" c="31" n="uint32_least" t="7" d="1"/>
<D id="69" f="2" l="108" c="31" n="uint16" t="7" d="1"/>
<D id="70" f="6" l="433" c="31" n="Inp1" t="4" d="1"/>
<D id="71" f="6" l="473" c="29" n="Inp" t="4" d="1"/>
<D id="72" f="7" l="127" c="12" n="DampgCmd_MotNwtMtr_T_f32" t="4" d="1"/>
<D id="73" f="2" l="127" c="31" n="sint64" t="7" d="1"/>
<D id="74" f="6" l="303" c="15" n="Min_u08" t="2" d="1"/>
<D id="75" f="6" l="316" c="31" n="Inp1" t="4" d="1"/>
<D id="76" f="2" l="109" c="31" n="sint32" t="7" d="1"/>
<D id="77" f="6" l="515" c="31" n="Inp" t="4" d="1"/>
<D id="78" f="6" l="420" c="16" n="Max_u16" t="2" d="1"/>
<D id="79" f="6" l="501" c="16" n="Lim_s16" t="2" d="1"/>
<D id="80" f="6" l="543" c="31" n="Inp" t="4" d="1"/>
<D id="81" f="6" l="780" c="21" n="SINCNVNCONTBL_ULS_U16" t="4" d="1"/>
<D id="82" f="2" l="128" c="31" n="uint64" t="7" d="1"/>
<D id="83" f="6" l="407" c="31" n="Inp1" t="4" d="1"/>
<D id="84" f="6" l="650" c="14" n="SinCos_f32" t="2" d="1"/>
<D id="85" f="6" l="394" c="29" n="Inp1" t="4" d="1"/>
<D id="86" f="6" l="242" c="15" n="Sign_s08_s08" t="2" d="1"/>
<D id="87" f="2" l="138" c="31" n="float32" t="7" d="1"/>
<D id="88" f="9" l="453" c="13" n="_polyspace_random_int" t="5" d="1"/>
<D id="89" f="6" l="204" c="16" n="Abslt_u16_s16" t="2" d="1"/>
<D id="90" f="6" l="230" c="17" n="Abslt_f32_f32" t="2" d="1"/>
<D id="91" f="9" l="461" c="14" n="_polyspace_random_long" t="5" d="1"/>
<D id="92" f="6" l="355" c="31" n="Inp1" t="4" d="1"/>
<D id="93" f="6" l="650" c="33" n="Inp" t="4" d="1"/>
<D id="94" f="6" l="621" c="34" n="Inp" t="4" d="1"/>
<D id="95" f="2" l="139" c="31" n="float64" t="7" d="1"/>
<D id="96" f="6" l="242" c="34" n="Inp" t="4" d="1"/>
<D id="97" f="6" l="446" c="31" n="Inp1" t="4" d="1"/>
<D id="98" f="6" l="290" c="15" n="Min_s08" t="2" d="1"/>
<D id="99" f="9" l="3523" c="4" n="__polyspace_nb_varargs" t="1" d="1"/>
<D id="100" f="6" l="342" c="16" n="Min_s32" t="2" d="1"/>
<D id="101" f="6" l="633" c="33" n="Numer" t="4" d="1"/>
<D id="102" f="6" l="191" c="15" n="Abslt_u08_s08" t="2" d="1"/>
<D id="103" f="6" l="329" c="31" n="Inp1" t="4" d="1"/>
<D id="104" f="6" l="487" c="29" n="Inp" t="4" d="1"/>
<D id="105" f="6" l="254" c="15" n="Sign_s08_s16" t="2" d="1"/>
<D id="106" f="6" l="381" c="15" n="Max_s08" t="2" d="1"/>
<D id="107" f="9" l="445" c="23" n="_polyspace_random_uchar" t="5" d="1"/>
<D id="108" f="6" l="433" c="16" n="Max_s32" t="2" d="1"/>
<D id="109" f="6" l="621" c="17" n="Sqrt_f32" t="2" d="1"/>
<D id="110" f="6" l="529" c="31" n="Inp" t="4" d="1"/>
<D id="111" f="6" l="316" c="16" n="Min_s16" t="2" d="1"/>
<D id="112" f="6" l="515" c="16" n="Lim_u16" t="2" d="1"/>
<D id="113" f="6" l="217" c="16" n="Abslt_u32_s32" t="2" d="1"/>
<D id="114" f="9" l="437" c="14" n="_polyspace_random_char" t="5" d="1"/>
<D id="115" f="9" l="471" c="34" n="random" t="4" d="1"/>
<D id="116" f="6" l="543" c="16" n="Lim_u32" t="2" d="1"/>
<D id="117" f="6" l="407" c="16" n="Max_s16" t="2" d="1"/>
<D id="118" f="6" l="473" c="15" n="Lim_s08" t="2" d="1"/>
<D id="119" f="6" l="204" c="37" n="Inp" t="4" d="1"/>
<D id="120" f="6" l="191" c="35" n="Inp" t="4" d="1"/>
<D id="121" f="6" l="660" c="17" n="Tmp" t="4" d="1"/>
<D id="122" f="9" l="455" c="24" n="random" t="4" d="1"/>
<D id="123" f="6" l="266" c="15" n="Sign_s08_s32" t="2" d="1"/>
<D id="124" f="6" l="254" c="35" n="Inp" t="4" d="1"/>
<D id="125" f="9" l="3522" c="7" n="__polyspace_vararg" t="1" d="1"/>
<D id="126" f="9" l="463" c="25" n="random" t="4" d="1"/>
<D id="127" f="6" l="633" c="17" n="Mod_f32" t="2" d="1"/>
<D id="128" f="6" l="609" c="33" n="Inp" t="4" d="1"/>
<D id="129" f="6" l="355" c="16" n="Min_u32" t="2" d="1"/>
<D id="130" f="6" l="394" c="15" n="Max_u08" t="2" d="1"/>
<D id="131" f="6" l="446" c="16" n="Max_u32" t="2" d="1"/>
<D id="132" f="6" l="557" c="33" n="Inp" t="4" d="1"/>
<D id="133" f="6" l="656" c="15" n="Normdn" t="4" d="1"/>
<D id="134" f="6" l="572" c="17" n="Arctan2_f32" t="2" d="1"/>
<D id="135" f="6" l="329" c="16" n="Min_u16" t="2" d="1"/>
<D id="136" f="6" l="585" c="33" n="Inp" t="4" d="1"/>
<D id="137" f="6" l="368" c="33" n="Inp1" t="4" d="1"/>
<D id="138" f="6" l="655" c="16" n="n" t="4" d="1"/>
<D id="139" f="9" l="447" c="34" n="random" t="4" d="1"/>
<D id="140" f="6" l="177" c="34" n="Inp1" t="4" d="1"/>
<D id="141" f="6" l="278" c="15" n="Sign_s08_f32" t="2" d="1"/>
<D id="142" f="6" l="266" c="35" n="Inp" t="4" d="1"/>
<D id="143" f="9" l="469" c="23" n="_polyspace_random_ulong" t="5" d="1"/>
<D id="144" f="6" l="217" c="37" n="Inp" t="4" d="1"/>
<D id="145" f="6" l="459" c="33" n="Inp1" t="4" d="1"/>
<D id="146" f="6" l="529" c="16" n="Lim_s32" t="2" d="1"/>
<D id="147" f="6" l="330" c="95" n="Inp2" t="4" d="1"/>
<D id="148" f="9" l="439" c="25" n="random" t="4" d="1"/>
<D id="149" f="6" l="487" c="15" n="Lim_u08" t="2" d="1"/>
<D id="150" f="6" l="609" c="17" n="Exp_f32" t="2" d="1"/>
<D id="151" f="9" l="476" c="16" n="_polyspace_random_double" t="5" d="1"/>
<D id="152" f="6" l="421" c="95" n="Inp2" t="4" d="1"/>
<D id="153" f="6" l="502" c="95" n="RngLo" t="4" d="1"/>
<D id="154" f="6" l="778" c="14" n="SignFlip_Cnt_T_s08" t="4" d="1"/>
<D id="155" f="6" l="177" c="17" n="Blnd_f32" t="2" d="1"/>
<D id="156" f="6" l="530" c="95" n="RngLo" t="4" d="1"/>
<D id="157" f="6" l="572" c="37" n="Numer" t="4" d="1"/>
<D id="158" f="6" l="597" c="33" n="Inp" t="4" d="1"/>
<D id="159" f="6" l="777" c="15" n="Theta_Cnt_T_u16" t="4" d="1"/>
<D id="160" f="6" l="557" c="17" n="Lim_f32" t="2" d="1"/>
<D id="161" f="6" l="304" c="86" n="Inp2" t="4" d="1"/>
<D id="162" f="6" l="503" c="95" n="RngHi" t="4" d="1"/>
<D id="163" f="6" l="776" c="16" n="Theta_Rev_T_f32" t="4" d="1"/>
<D id="164" f="6" l="585" c="17" n="Sin_f32" t="2" d="1"/>
<D id="165" f="6" l="531" c="95" n="RngHi" t="4" d="1"/>
<D id="166" f="6" l="368" c="17" n="Min_f32" t="2" d="1"/>
<D id="167" f="6" l="657" c="17" n="InpSqd" t="4" d="1"/>
<D id="168" f="6" l="774" c="36" n="MotCoggAg_Rad_T_f32" t="4" d="1"/>
<D id="169" f="6" l="459" c="17" n="Max_f32" t="2" d="1"/>
<D id="170" f="6" l="774" c="18" n="SinLookup" t="2" d="1"/>
<D id="171" f="6" l="658" c="17" n="SinA" t="4" d="1"/>
<D id="172" f="6" l="278" c="36" n="Inp" t="4" d="1"/>
<D id="173" f="6" l="343" c="95" n="Inp2" t="4" d="1"/>
<D id="174" f="6" l="659" c="17" n="CosA" t="4" d="1"/>
<D id="175" f="6" l="434" c="95" n="Inp2" t="4" d="1"/>
<D id="176" f="6" l="460" c="96" n="Inp2" t="4" d="1"/>
<D id="177" f="6" l="597" c="17" n="Cos_f32" t="2" d="1"/>
<D id="178" f="6" l="779" c="16" n="SinVal_Uls_T_f32" t="4" d="1"/>
<D id="179" f="6" l="291" c="86" n="Inp2" t="4" d="1"/>
<D id="180" f="6" l="317" c="95" n="Inp2" t="4" d="1"/>
<D id="181" f="6" l="516" c="95" n="RngLo" t="4" d="1"/>
<D id="182" f="9" l="478" c="27" n="random" t="4" d="1"/>
<D id="183" f="6" l="544" c="95" n="RngLo" t="4" d="1"/>
<D id="184" f="6" l="382" c="86" n="Inp2" t="4" d="1"/>
<D id="185" f="6" l="408" c="95" n="Inp2" t="4" d="1"/>
<D id="186" f="6" l="474" c="94" n="RngLo" t="4" d="1"/>
<D id="187" f="6" l="517" c="95" n="RngHi" t="4" d="1"/>
<D id="188" f="6" l="545" c="95" n="RngHi" t="4" d="1"/>
<D id="189" f="6" l="475" c="94" n="RngHi" t="4" d="1"/>
<D id="190" f="6" l="356" c="95" n="Inp2" t="4" d="1"/>
<D id="191" f="6" l="447" c="95" n="Inp2" t="4" d="1"/>
<D id="192" f="6" l="395" c="86" n="Inp2" t="4" d="1"/>
<D id="193" f="6" l="488" c="94" n="RngLo" t="4" d="1"/>
<D id="194" f="6" l="489" c="94" n="RngHi" t="4" d="1"/>
<D id="195" f="6" l="369" c="96" n="Inp2" t="4" d="1"/>
<D id="196" f="6" l="178" c="97" n="Inp2" t="4" d="1"/>
<D id="197" f="6" l="179" c="97" n="Fac" t="4" d="1"/>
</Definitions>
<Uses>
<U id="1" f="6" l="702" c="120" d="174" a="0"/>
<U id="2" f="6" l="712" c="120" d="174" a="0"/>
<U id="3" f="6" l="703" c="121" d="174" a="0"/>
<U id="4" f="6" l="722" c="121" d="174" a="0"/>
<U id="5" f="6" l="713" c="121" d="174" a="0"/>
<U id="6" f="6" l="682" c="119" d="174" a="0"/>
<U id="7" f="6" l="732" c="121" d="174" a="0"/>
<U id="8" f="6" l="723" c="121" d="174" a="0"/>
<U id="9" f="6" l="692" c="119" d="174" a="0"/>
<U id="10" f="6" l="742" c="121" d="174" a="0"/>
<U id="11" f="6" l="733" c="121" d="174" a="0"/>
<U id="12" f="6" l="743" c="121" d="174" a="0"/>
<U id="13" f="6" l="683" c="120" d="174" a="0"/>
<U id="14" f="6" l="753" c="121" d="174" a="0"/>
<U id="15" f="6" l="693" c="120" d="174" a="0"/>
<U id="16" f="6" l="754" c="121" d="174" a="0"/>
<U id="17" f="6" l="707" c="122" d="174" a="0"/>
<U id="18" f="6" l="708" c="122" d="174" a="0"/>
<U id="19" f="6" l="727" c="122" d="174" a="0"/>
<U id="20" f="6" l="687" c="120" d="174" a="0"/>
<U id="21" f="6" l="728" c="122" d="174" a="0"/>
<U id="22" f="6" l="747" c="122" d="174" a="0"/>
<U id="23" f="6" l="748" c="122" d="174" a="0"/>
<U id="24" f="6" l="688" c="121" d="174" a="0"/>
<U id="25" f="9" l="11313" c="9" d="10" a="0"/>
<U id="26" f="4" l="82" c="0" d="62" a="0"/>
<U id="27" f="8" l="20" c="4" d="22" a="0"/>
<U id="28" f="4" l="83" c="0" d="62" a="0"/>
<U id="29" f="4" l="53" c="2" d="59" a="0"/>
<U id="30" f="4" l="84" c="0" d="62" a="0"/>
<U id="31" f="1" l="50" c="8" d="20" a="0"/>
<U id="32" f="1" l="84" c="7" d="37" a="0"/>
<U id="33" f="1" l="49" c="8" d="20" a="0"/>
<U id="34" f="3" l="140" c="3" d="59" a="0"/>
<U id="35" f="7" l="130" c="4" d="87" a="0"/>
<U id="36" f="7" l="131" c="4" d="87" a="0"/>
<U id="37" f="7" l="122" c="4" d="87" a="0"/>
<U id="38" f="7" l="150" c="4" d="72" a="1"/>
<U id="39" f="4" l="64" c="21" d="14" a="0"/>
<U id="40" f="7" l="141" c="4" d="43" a="1"/>
<U id="41" f="1" l="84" c="39" d="37" a="0"/>
<U id="42" f="7" l="132" c="4" d="87" a="0"/>
<U id="43" f="7" l="123" c="4" d="87" a="0"/>
<U id="44" f="3" l="136" c="3" d="69" a="0"/>
<U id="45" f="3" l="137" c="3" d="69" a="0"/>
<U id="46" f="7" l="144" c="4" d="46" a="1"/>
<U id="47" f="4" l="84" c="50" d="87" a="0"/>
<U id="48" f="3" l="138" c="3" d="59" a="0"/>
<U id="49" f="7" l="127" c="4" d="87" a="0"/>
<U id="50" f="4" l="82" c="52" d="87" a="0"/>
<U id="51" f="3" l="132" c="8" d="59" a="0"/>
<U id="52" f="3" l="139" c="3" d="59" a="0"/>
<U id="53" f="4" l="137" c="5" d="22" a="0"/>
<U id="54" f="7" l="148" c="4" d="52" a="1"/>
<U id="55" f="6" l="660" c="8" d="87" a="0"/>
<U id="56" f="6" l="670" c="8" d="171" a="1"/>
<U id="57" f="6" l="671" c="8" d="174" a="1"/>
<U id="58" f="6" l="663" c="8" d="121" a="1"/>
<U id="59" f="6" l="816" c="8" d="163" a="1"/>
<U id="60" f="4" l="83" c="57" d="87" a="0"/>
<U id="61" f="6" l="844" c="8" d="159" a="1"/>
<U id="62" f="6" l="664" c="8" d="138" a="1"/>
<U id="63" f="6" l="655" c="8" d="76" a="0"/>
<U id="64" f="6" l="665" c="8" d="93" a="1"/>
<U id="65" f="6" l="656" c="8" d="59" a="0"/>
<U id="66" f="6" l="818" c="8" d="163" a="1"/>
<U id="67" f="6" l="846" c="8" d="178" a="1"/>
<U id="68" f="6" l="666" c="8" d="133" a="1"/>
<U id="69" f="6" l="657" c="8" d="87" a="0"/>
<U id="70" f="6" l="658" c="8" d="87" a="0"/>
<U id="71" f="6" l="776" c="8" d="87" a="0"/>
<U id="72" f="6" l="668" c="8" d="167" a="1"/>
<U id="73" f="6" l="659" c="8" d="87" a="0"/>
<U id="74" f="6" l="777" c="8" d="69" a="0"/>
<U id="75" f="6" l="849" c="8" d="178" a="1"/>
<U id="76" f="6" l="778" c="8" d="55" a="0"/>
<U id="77" f="6" l="779" c="8" d="87" a="0"/>
<U id="78" f="6" l="230" c="9" d="87" a="0"/>
<U id="79" f="6" l="420" c="9" d="69" a="0"/>
<U id="80" f="6" l="501" c="9" d="64" a="0"/>
<U id="81" f="6" l="303" c="9" d="59" a="0"/>
<U id="82" f="6" l="204" c="9" d="69" a="0"/>
<U id="83" f="6" l="621" c="9" d="87" a="0"/>
<U id="84" f="6" l="242" c="9" d="55" a="0"/>
<U id="85" f="6" l="342" c="9" d="76" a="0"/>
<U id="86" f="6" l="410" c="30" d="83" a="0"/>
<U id="87" f="6" l="433" c="9" d="76" a="0"/>
<U id="88" f="6" l="290" c="9" d="55" a="0"/>
<U id="89" f="6" l="316" c="9" d="64" a="0"/>
<U id="90" f="6" l="220" c="40" d="40" a="0"/>
<U id="91" f="6" l="191" c="9" d="59" a="0"/>
<U id="92" f="6" l="515" c="9" d="69" a="0"/>
<U id="93" f="6" l="217" c="9" d="40" a="0"/>
<U id="94" f="6" l="633" c="9" d="87" a="0"/>
<U id="95" f="7" l="150" c="39" d="52" a="0"/>
<U id="96" f="6" l="254" c="9" d="55" a="0"/>
<U id="97" f="6" l="381" c="9" d="55" a="0"/>
<U id="98" f="6" l="543" c="9" d="40" a="0"/>
<U id="99" f="9" l="440" c="11" d="148" a="0"/>
<U id="100" f="6" l="407" c="9" d="64" a="0"/>
<U id="101" f="6" l="410" c="22" d="185" a="0"/>
<U id="102" f="6" l="204" c="30" d="64" a="0"/>
<U id="103" f="6" l="230" c="31" d="87" a="0"/>
<U id="104" f="6" l="220" c="59" d="144" a="0"/>
<U id="105" f="6" l="611" c="12" d="29" a="0"/>
<U id="106" f="6" l="232" c="12" d="32" a="0"/>
<U id="107" f="6" l="572" c="9" d="87" a="0"/>
<U id="108" f="6" l="332" c="30" d="103" a="0"/>
<U id="109" f="6" l="355" c="9" d="40" a="0"/>
<U id="110" f="6" l="181" c="29" d="197" a="0"/>
<U id="111" f="6" l="220" c="14" d="144" a="0"/>
<U id="112" f="7" l="136" c="10" d="24" a="0"/>
<U id="113" f="7" l="150" c="31" d="160" a="0"/>
<U id="114" f="6" l="473" c="9" d="55" a="0"/>
<U id="115" f="6" l="410" c="14" d="83" a="0"/>
<U id="116" f="6" l="820" c="12" d="163" a="0"/>
<U id="117" f="6" l="423" c="30" d="50" a="0"/>
<U id="118" f="7" l="155" c="10" d="30" a="0"/>
<U id="119" f="6" l="191" c="29" d="55" a="0"/>
<U id="120" f="6" l="446" c="9" d="40" a="0"/>
<U id="121" f="7" l="137" c="10" d="27" a="0"/>
<U id="122" f="6" l="266" c="9" d="55" a="0"/>
<U id="123" f="6" l="220" c="33" d="144" a="0"/>
<U id="124" f="6" l="220" c="24" d="40" a="0"/>
<U id="125" f="6" l="306" c="30" d="41" a="0"/>
<U id="126" f="6" l="329" c="9" d="69" a="0"/>
<U id="127" f="6" l="332" c="22" d="147" a="0"/>
<U id="128" f="6" l="505" c="30" d="162" a="0"/>
<U id="129" f="6" l="303" c="23" d="59" a="0"/>
<U id="130" f="6" l="609" c="9" d="87" a="0"/>
<U id="131" f="6" l="505" c="21" d="162" a="0"/>
<U id="132" f="6" l="371" c="30" d="137" a="0"/>
<U id="133" f="6" l="533" c="30" d="165" a="0"/>
<U id="134" f="6" l="394" c="9" d="59" a="0"/>
<U id="135" f="6" l="533" c="21" d="165" a="0"/>
<U id="136" f="6" l="623" c="12" d="31" a="0"/>
<U id="137" f="6" l="177" c="9" d="87" a="0"/>
<U id="138" f="6" l="423" c="22" d="152" a="0"/>
<U id="139" f="6" l="561" c="30" d="6" a="0"/>
<U id="140" f="6" l="217" c="30" d="76" a="0"/>
<U id="141" f="6" l="420" c="24" d="69" a="0"/>
<U id="142" f="6" l="501" c="24" d="64" a="0"/>
<U id="143" f="6" l="572" c="29" d="87" a="0"/>
<U id="144" f="6" l="280" c="40" d="55" a="0"/>
<U id="145" f="6" l="561" c="21" d="6" a="0"/>
<U id="146" f="6" l="529" c="9" d="76" a="0"/>
<U id="147" f="6" l="462" c="30" d="145" a="0"/>
<U id="148" f="9" l="472" c="11" d="115" a="0"/>
<U id="149" f="6" l="505" c="40" d="51" a="0"/>
<U id="150" f="6" l="557" c="9" d="87" a="0"/>
<U id="151" f="6" l="207" c="40" d="69" a="0"/>
<U id="152" f="6" l="306" c="22" d="161" a="0"/>
<U id="153" f="6" l="332" c="14" d="103" a="0"/>
<U id="154" f="6" l="533" c="40" d="110" a="0"/>
<U id="155" f="6" l="585" c="9" d="87" a="0"/>
<U id="156" f="6" l="345" c="30" d="67" a="0"/>
<U id="157" f="6" l="368" c="9" d="87" a="0"/>
<U id="158" f="6" l="371" c="22" d="195" a="0"/>
<U id="159" f="6" l="561" c="40" d="132" a="0"/>
<U id="160" f="6" l="278" c="9" d="55" a="0"/>
<U id="161" f="9" l="464" c="11" d="126" a="0"/>
<U id="162" f="6" l="423" c="14" d="50" a="0"/>
<U id="163" f="6" l="491" c="30" d="194" a="0"/>
<U id="164" f="6" l="575" c="19" d="157" a="0"/>
<U id="165" f="6" l="207" c="59" d="119" a="0"/>
<U id="166" f="6" l="436" c="30" d="70" a="0"/>
<U id="167" f="6" l="491" c="21" d="194" a="0"/>
<U id="168" f="6" l="670" c="31" d="167" a="0"/>
<U id="169" f="7" l="144" c="50" d="53" a="0"/>
<U id="170" f="6" l="459" c="9" d="87" a="0"/>
<U id="171" f="6" l="774" c="10" d="87" a="0"/>
<U id="172" f="6" l="462" c="22" d="176" a="0"/>
<U id="173" f="6" l="664" c="20" d="121" a="0"/>
<U id="174" f="6" l="280" c="14" d="172" a="0"/>
<U id="175" f="6" l="487" c="9" d="59" a="0"/>
<U id="176" f="6" l="293" c="30" d="57" a="0"/>
<U id="177" f="6" l="306" c="14" d="41" a="0"/>
<U id="178" f="6" l="181" c="14" d="140" a="0"/>
<U id="179" f="6" l="194" c="39" d="59" a="0"/>
<U id="180" f="6" l="319" c="30" d="75" a="0"/>
<U id="181" f="6" l="505" c="14" d="51" a="0"/>
<U id="182" f="9" l="456" c="11" d="122" a="0"/>
<U id="183" f="6" l="290" c="23" d="55" a="0"/>
<U id="184" f="6" l="207" c="14" d="119" a="0"/>
<U id="185" f="6" l="345" c="22" d="173" a="0"/>
<U id="186" f="6" l="342" c="24" d="76" a="0"/>
<U id="187" f="6" l="244" c="14" d="96" a="0"/>
<U id="188" f="6" l="371" c="14" d="137" a="0"/>
<U id="189" f="6" l="491" c="40" d="104" a="0"/>
<U id="190" f="6" l="533" c="14" d="110" a="0"/>
<U id="191" f="6" l="384" c="30" d="61" a="0"/>
<U id="192" f="6" l="561" c="14" d="132" a="0"/>
<U id="193" f="6" l="636" c="12" d="38" a="0"/>
<U id="194" f="6" l="381" c="23" d="55" a="0"/>
<U id="195" f="6" l="436" c="22" d="175" a="0"/>
<U id="196" f="7" l="144" c="42" d="160" a="0"/>
<U id="197" f="6" l="304" c="80" d="59" a="0"/>
<U id="198" f="6" l="433" c="24" d="76" a="0"/>
<U id="199" f="6" l="597" c="9" d="87" a="0"/>
<U id="200" f="6" l="462" c="14" d="145" a="0"/>
<U id="201" f="6" l="519" c="30" d="187" a="0"/>
<U id="202" f="6" l="664" c="12" d="76" a="0"/>
<U id="203" f="6" l="702" c="25" d="2" a="0"/>
<U id="204" f="9" l="448" c="11" d="139" a="0"/>
<U id="205" f="6" l="207" c="33" d="119" a="0"/>
<U id="206" f="6" l="519" c="21" d="187" a="0"/>
<U id="207" f="6" l="207" c="24" d="69" a="0"/>
<U id="208" f="6" l="293" c="22" d="179" a="0"/>
<U id="209" f="6" l="547" c="30" d="188" a="0"/>
<U id="210" f="6" l="244" c="24" d="55" a="0"/>
<U id="211" f="6" l="319" c="22" d="180" a="0"/>
<U id="212" f="6" l="547" c="21" d="188" a="0"/>
<U id="213" f="6" l="665" c="30" d="138" a="0"/>
<U id="214" f="6" l="316" c="24" d="64" a="0"/>
<U id="215" f="6" l="345" c="14" d="67" a="0"/>
<U id="216" f="6" l="665" c="21" d="87" a="0"/>
<U id="217" f="6" l="671" c="23" d="167" a="0"/>
<U id="218" f="6" l="712" c="25" d="2" a="0"/>
<U id="219" f="6" l="515" c="24" d="69" a="0"/>
<U id="220" f="6" l="358" c="30" d="92" a="0"/>
<U id="221" f="6" l="611" c="17" d="128" a="0"/>
<U id="222" f="6" l="703" c="25" d="3" a="0"/>
<U id="223" f="6" l="827" c="12" d="163" a="0"/>
<U id="224" f="6" l="384" c="22" d="184" a="0"/>
<U id="225" f="6" l="575" c="12" d="33" a="0"/>
<U id="226" f="6" l="830" c="16" d="163" a="1"/>
<U id="227" f="6" l="543" c="24" d="40" a="0"/>
<U id="228" f="6" l="650" c="25" d="87" a="0"/>
<U id="229" f="6" l="491" c="14" d="104" a="0"/>
<U id="230" f="6" l="519" c="40" d="77" a="0"/>
<U id="231" f="6" l="780" c="14" d="69" a="0"/>
<U id="232" f="6" l="407" c="24" d="64" a="0"/>
<U id="233" f="6" l="473" c="23" d="55" a="0"/>
<U id="234" f="6" l="621" c="26" d="87" a="0"/>
<U id="235" f="6" l="410" c="37" d="185" a="0"/>
<U id="236" f="6" l="436" c="14" d="70" a="0"/>
<U id="237" f="6" l="670" c="15" d="93" a="0"/>
<U id="238" f="6" l="722" c="25" d="2" a="0"/>
<U id="239" f="7" l="141" c="45" d="47" a="0"/>
<U id="240" f="6" l="449" c="30" d="97" a="0"/>
<U id="241" f="6" l="547" c="40" d="80" a="0"/>
<U id="242" f="6" l="663" c="32" d="93" a="0"/>
<U id="243" f="6" l="713" c="25" d="3" a="0"/>
<U id="244" f="6" l="837" c="12" d="163" a="0"/>
<U id="245" f="6" l="256" c="14" d="124" a="0"/>
<U id="246" f="6" l="194" c="32" d="120" a="0"/>
<U id="247" f="6" l="293" c="14" d="57" a="0"/>
<U id="248" f="6" l="477" c="30" d="189" a="0"/>
<U id="249" f="6" l="319" c="14" d="75" a="0"/>
<U id="250" f="6" l="477" c="21" d="189" a="0"/>
<U id="251" f="6" l="732" c="25" d="2" a="0"/>
<U id="252" f="6" l="822" c="16" d="163" a="1"/>
<U id="253" f="7" l="148" c="32" d="43" a="0"/>
<U id="254" f="6" l="194" c="14" d="120" a="0"/>
<U id="255" f="6" l="723" c="25" d="3" a="0"/>
<U id="256" f="6" l="633" c="25" d="87" a="0"/>
<U id="257" f="6" l="232" c="18" d="42" a="0"/>
<U id="258" f="6" l="358" c="22" d="190" a="0"/>
<U id="259" f="6" l="355" c="24" d="40" a="0"/>
<U id="260" f="6" l="384" c="14" d="61" a="0"/>
<U id="261" f="6" l="397" c="30" d="85" a="0"/>
<U id="262" f="6" l="742" c="25" d="2" a="0"/>
<U id="263" f="6" l="852" c="15" d="178" a="0"/>
<U id="264" f="6" l="256" c="24" d="55" a="0"/>
<U id="265" f="6" l="733" c="25" d="3" a="0"/>
<U id="266" f="7" l="141" c="37" d="160" a="0"/>
<U id="267" f="9" l="479" c="11" d="182" a="0"/>
<U id="268" f="6" l="291" c="80" d="55" a="0"/>
<U id="269" f="6" l="394" c="23" d="59" a="0"/>
<U id="270" f="6" l="449" c="22" d="191" a="0"/>
<U id="271" f="6" l="477" c="40" d="71" a="0"/>
<U id="272" f="6" l="519" c="14" d="77" a="0"/>
<U id="273" f="6" l="446" c="24" d="40" a="0"/>
<U id="274" f="6" l="663" c="15" d="93" a="0"/>
<U id="275" f="6" l="702" c="73" d="171" a="0"/>
<U id="276" f="6" l="844" c="42" d="87" a="0"/>
<U id="277" f="6" l="846" c="59" d="159" a="0"/>
<U id="278" f="6" l="194" c="24" d="59" a="0"/>
<U id="279" f="6" l="547" c="14" d="80" a="0"/>
<U id="280" f="6" l="587" c="12" d="36" a="0"/>
<U id="281" f="6" l="220" c="48" d="76" a="0"/>
<U id="282" f="6" l="665" c="14" d="93" a="0"/>
<U id="283" f="6" l="743" c="25" d="3" a="0"/>
<U id="284" f="6" l="382" c="80" d="55" a="0"/>
<U id="285" f="6" l="329" c="24" d="69" a="0"/>
<U id="286" f="6" l="181" c="45" d="197" a="0"/>
<U id="287" f="6" l="280" c="27" d="55" a="0"/>
<U id="288" f="6" l="332" c="37" d="147" a="0"/>
<U id="289" f="6" l="358" c="14" d="92" a="0"/>
<U id="290" f="6" l="268" c="14" d="142" a="0"/>
<U id="291" f="6" l="242" c="28" d="55" a="0"/>
<U id="292" f="6" l="397" c="22" d="192" a="0"/>
<U id="293" f="6" l="707" c="25" d="2" a="0"/>
<U id="294" f="6" l="753" c="25" d="2" a="0"/>
<U id="295" f="7" l="137" c="53" d="53" a="1"/>
<U id="296" f="6" l="834" c="16" d="154" a="1"/>
<U id="297" f="6" l="844" c="52" d="163" a="0"/>
<U id="298" f="6" l="423" c="37" d="152" a="0"/>
<U id="299" f="6" l="449" c="14" d="97" a="0"/>
<U id="300" f="6" l="623" c="18" d="94" a="0"/>
<U id="301" f="6" l="663" c="89" d="93" a="0"/>
<U id="302" f="6" l="713" c="73" d="171" a="0"/>
<U id="303" f="6" l="844" c="34" d="40" a="0"/>
<U id="304" f="6" l="529" c="24" d="76" a="0"/>
<U id="305" f="6" l="477" c="14" d="71" a="0"/>
<U id="306" f="6" l="505" c="64" d="51" a="0"/>
<U id="307" f="6" l="636" c="25" d="1" a="0"/>
<U id="308" f="6" l="682" c="25" d="2" a="0"/>
<U id="309" f="6" l="717" c="25" d="2" a="0"/>
<U id="310" f="6" l="708" c="25" d="3" a="0"/>
<U id="311" f="6" l="754" c="25" d="3" a="0"/>
<U id="312" f="6" l="268" c="24" d="55" a="0"/>
<U id="313" f="6" l="306" c="37" d="161" a="0"/>
<U id="314" f="6" l="533" c="64" d="110" a="0"/>
<U id="315" f="6" l="712" c="74" d="171" a="0"/>
<U id="316" f="6" l="732" c="73" d="171" a="0"/>
<U id="317" f="6" l="487" c="23" d="59" a="0"/>
<U id="318" f="6" l="609" c="25" d="87" a="0"/>
<U id="319" f="6" l="703" c="74" d="171" a="0"/>
<U id="320" f="6" l="723" c="73" d="171" a="0"/>
<U id="321" f="6" l="839" c="41" d="163" a="0"/>
<U id="322" f="7" l="155" c="45" d="72" a="0"/>
<U id="323" f="6" l="561" c="64" d="132" a="0"/>
<U id="324" f="6" l="692" c="25" d="2" a="0"/>
<U id="325" f="6" l="727" c="25" d="2" a="0"/>
<U id="326" f="6" l="244" c="37" d="55" a="0"/>
<U id="327" f="6" l="371" c="37" d="195" a="0"/>
<U id="328" f="6" l="397" c="14" d="85" a="0"/>
<U id="329" f="6" l="599" c="12" d="35" a="0"/>
<U id="330" f="6" l="683" c="25" d="3" a="0"/>
<U id="331" f="6" l="718" c="25" d="3" a="0"/>
<U id="332" f="6" l="668" c="23" d="93" a="0"/>
<U id="333" f="6" l="722" c="74" d="171" a="0"/>
<U id="334" f="6" l="742" c="73" d="171" a="0"/>
<U id="335" f="6" l="816" c="26" d="168" a="0"/>
<U id="336" f="6" l="717" c="35" d="171" a="0"/>
<U id="337" f="6" l="737" c="25" d="2" a="0"/>
<U id="338" f="6" l="844" c="26" d="69" a="0"/>
<U id="339" f="6" l="462" c="37" d="176" a="0"/>
<U id="340" f="6" l="505" c="56" d="153" a="0"/>
<U id="341" f="6" l="693" c="25" d="3" a="0"/>
<U id="342" f="6" l="728" c="25" d="3" a="0"/>
<U id="343" f="6" l="254" c="28" d="64" a="0"/>
<U id="344" f="6" l="557" c="25" d="87" a="0"/>
<U id="345" f="6" l="505" c="47" d="153" a="0"/>
<U id="346" f="6" l="181" c="38" d="196" a="0"/>
<U id="347" f="6" l="533" c="56" d="156" a="0"/>
<U id="348" f="6" l="666" c="34" d="138" a="0"/>
<U id="349" f="6" l="178" c="89" d="87" a="0"/>
<U id="350" f="6" l="395" c="80" d="59" a="0"/>
<U id="351" f="6" l="585" c="25" d="87" a="0"/>
<U id="352" f="6" l="533" c="47" d="156" a="0"/>
<U id="353" f="6" l="718" c="35" d="174" a="0"/>
<U id="354" f="6" l="747" c="25" d="2" a="0"/>
<U id="355" f="6" l="368" c="25" d="87" a="0"/>
<U id="356" f="6" l="345" c="37" d="173" a="0"/>
<U id="357" f="6" l="491" c="64" d="104" a="0"/>
<U id="358" f="6" l="561" c="56" d="5" a="0"/>
<U id="359" f="6" l="738" c="25" d="3" a="0"/>
<U id="360" f="6" l="177" c="26" d="87" a="0"/>
<U id="361" f="6" l="561" c="47" d="5" a="0"/>
<U id="362" f="6" l="674" c="17" d="133" a="0"/>
<U id="363" f="6" l="692" c="72" d="171" a="0"/>
<U id="364" f="6" l="733" c="74" d="171" a="0"/>
<U id="365" f="6" l="737" c="35" d="174" a="0"/>
<U id="366" f="6" l="575" c="26" d="4" a="0"/>
<U id="367" f="6" l="818" c="26" d="163" a="0"/>
<U id="368" f="6" l="179" c="89" d="87" a="0"/>
<U id="369" f="6" l="459" c="25" d="87" a="0"/>
<U id="370" f="6" l="436" c="37" d="175" a="0"/>
<U id="371" f="6" l="636" c="18" d="101" a="0"/>
<U id="372" f="6" l="748" c="25" d="3" a="0"/>
<U id="373" f="6" l="829" c="16" d="154" a="1"/>
<U id="374" f="6" l="207" c="48" d="64" a="0"/>
<U id="375" f="6" l="256" c="37" d="55" a="0"/>
<U id="376" f="6" l="682" c="73" d="171" a="0"/>
<U id="377" f="6" l="743" c="74" d="171" a="0"/>
<U id="378" f="6" l="293" c="37" d="179" a="0"/>
<U id="379" f="6" l="666" c="26" d="40" a="0"/>
<U id="380" f="6" l="677" c="34" d="171" a="0"/>
<U id="381" f="6" l="738" c="35" d="171" a="0"/>
<U id="382" f="6" l="754" c="73" d="171" a="0"/>
<U id="383" f="6" l="818" c="63" d="163" a="0"/>
<U id="384" f="6" l="194" c="46" d="55" a="0"/>
<U id="385" f="6" l="319" c="37" d="180" a="0"/>
<U id="386" f="6" l="666" c="17" d="59" a="0"/>
<U id="387" f="6" l="677" c="25" d="2" a="0"/>
<U id="388" f="6" l="491" c="56" d="193" a="0"/>
<U id="389" f="6" l="818" c="45" d="87" a="0"/>
<U id="390" f="6" l="839" c="16" d="163" a="1"/>
<U id="391" f="6" l="491" c="47" d="193" a="0"/>
<U id="392" f="6" l="707" c="74" d="171" a="0"/>
<U id="393" f="6" l="753" c="74" d="171" a="0"/>
<U id="394" f="6" l="266" c="28" d="76" a="0"/>
<U id="395" f="6" l="384" c="37" d="184" a="0"/>
<U id="396" f="6" l="519" c="64" d="77" a="0"/>
<U id="397" f="6" l="683" c="73" d="171" a="0"/>
<U id="398" f="7" l="136" c="48" d="47" a="1"/>
<U id="399" f="6" l="678" c="34" d="174" a="0"/>
<U id="400" f="6" l="687" c="25" d="2" a="0"/>
<U id="401" f="6" l="597" c="25" d="87" a="0"/>
<U id="402" f="6" l="547" c="64" d="80" a="0"/>
<U id="403" f="6" l="678" c="25" d="3" a="0"/>
<U id="404" f="6" l="330" c="88" d="69" a="0"/>
<U id="405" f="6" l="194" c="56" d="120" a="0"/>
<U id="406" f="6" l="697" c="34" d="174" a="0"/>
<U id="407" f="6" l="708" c="74" d="171" a="0"/>
<U id="408" f="7" l="148" c="65" d="46" a="0"/>
<U id="409" f="6" l="697" c="25" d="2" a="0"/>
<U id="410" f="6" l="818" c="55" d="76" a="0"/>
<U id="411" f="6" l="688" c="25" d="3" a="0"/>
<U id="412" f="6" l="421" c="88" d="69" a="0"/>
<U id="413" f="6" l="502" c="88" d="64" a="0"/>
<U id="414" f="6" l="587" c="17" d="136" a="0"/>
<U id="415" f="6" l="668" c="17" d="93" a="0"/>
<U id="416" f="6" l="727" c="74" d="171" a="0"/>
<U id="417" f="6" l="358" c="37" d="190" a="0"/>
<U id="418" f="6" l="530" c="88" d="76" a="0"/>
<U id="419" f="6" l="774" c="28" d="87" a="0"/>
<U id="420" f="6" l="268" c="37" d="55" a="0"/>
<U id="421" f="6" l="519" c="56" d="181" a="0"/>
<U id="422" f="6" l="846" c="37" d="81" a="1"/>
<U id="423" f="6" l="519" c="47" d="181" a="0"/>
<U id="424" f="6" l="698" c="25" d="3" a="0"/>
<U id="425" f="6" l="846" c="28" d="87" a="0"/>
<U id="426" f="6" l="477" c="64" d="71" a="0"/>
<U id="427" f="6" l="547" c="56" d="183" a="0"/>
<U id="428" f="6" l="503" c="88" d="64" a="0"/>
<U id="429" f="6" l="449" c="37" d="191" a="0"/>
<U id="430" f="6" l="547" c="47" d="183" a="0"/>
<U id="431" f="6" l="693" c="74" d="171" a="0"/>
<U id="432" f="6" l="728" c="74" d="171" a="0"/>
<U id="433" f="6" l="278" c="28" d="87" a="0"/>
<U id="434" f="6" l="531" c="88" d="76" a="0"/>
<U id="435" f="6" l="747" c="74" d="171" a="0"/>
<U id="436" f="6" l="651" c="96" d="87" a="0"/>
<U id="437" f="6" l="698" c="35" d="171" a="0"/>
<U id="438" f="6" l="849" c="27" d="178" a="0"/>
<U id="439" f="6" l="460" c="88" d="87" a="0"/>
<U id="440" f="6" l="397" c="37" d="192" a="0"/>
<U id="441" f="6" l="477" c="56" d="186" a="0"/>
<U id="442" f="6" l="687" c="73" d="171" a="0"/>
<U id="443" f="6" l="748" c="74" d="171" a="0"/>
<U id="444" f="6" l="652" c="96" d="87" a="0"/>
<U id="445" f="6" l="477" c="47" d="186" a="0"/>
<U id="446" f="6" l="599" c="17" d="158" a="0"/>
<U id="447" f="6" l="343" c="88" d="76" a="0"/>
<U id="448" f="6" l="849" c="55" d="154" a="0"/>
<U id="449" f="6" l="634" c="96" d="87" a="0"/>
<U id="450" f="6" l="849" c="46" d="87" a="0"/>
<U id="451" f="6" l="434" c="88" d="76" a="0"/>
<U id="452" f="6" l="317" c="88" d="64" a="0"/>
<U id="453" f="6" l="516" c="88" d="69" a="0"/>
<U id="454" f="6" l="573" c="96" d="87" a="0"/>
<U id="455" f="6" l="544" c="88" d="40" a="0"/>
<U id="456" f="6" l="688" c="74" d="171" a="0"/>
<U id="457" f="6" l="408" c="88" d="64" a="0"/>
<U id="458" f="6" l="517" c="88" d="69" a="0"/>
<U id="459" f="6" l="545" c="88" d="40" a="0"/>
<U id="460" f="6" l="356" c="88" d="40" a="0"/>
<U id="461" f="6" l="474" c="88" d="55" a="0"/>
<U id="462" f="6" l="447" c="88" d="40" a="0"/>
<U id="463" f="6" l="475" c="88" d="55" a="0"/>
<U id="464" f="6" l="558" c="96" d="87" a="0"/>
<U id="465" f="6" l="559" c="96" d="87" a="0"/>
<U id="466" f="6" l="369" c="88" d="87" a="0"/>
<U id="467" f="6" l="488" c="88" d="59" a="0"/>
<U id="468" f="6" l="489" c="88" d="59" a="0"/>
</Uses>
<Blocks>
<B id="1" t="routine" f="8" l="18" c="5">
<BEGIN l="19" c="0"/>
<END l="21" c="0"/>
</B>
<B id="2" t="ppcif" f="10" l="13" c="0">
<BEGIN l="13" c="16"/>
<END l="133" c="0"/>
</B>
<B id="3" t="ppcrmif" f="10" l="14" c="0">
<BEGIN l="14" c="14"/>
<END l="16" c="0"/>
</B>
<B id="4" t="ppcif" f="10" l="18" c="0">
<BEGIN l="18" c="23"/>
<END l="129" c="0"/>
</B>
<B id="5" t="ppcrmif" f="10" l="25" c="0">
<BEGIN l="25" c="70"/>
<END l="27" c="0"/>
</B>
<B id="6" t="ppcelse" f="10" l="27" c="0">
<BEGIN l="27" c="5"/>
<END l="29" c="0"/>
</B>
<B id="7" t="ppcrmif" f="10" l="31" c="0">
<BEGIN l="31" c="67"/>
<END l="32" c="0"/>
</B>
<B id="8" t="ppcrmelif" f="10" l="32" c="0">
<BEGIN l="32" c="5"/>
<END l="35" c="0"/>
</B>
<B id="9" t="ppcrmelif" f="10" l="35" c="0">
<BEGIN l="35" c="5"/>
<END l="40" c="0"/>
</B>
<B id="10" t="ppcrmelse" f="10" l="40" c="0">
<BEGIN l="40" c="5"/>
<END l="42" c="0"/>
</B>
<B id="11" t="ppcrmif" f="10" l="54" c="0">
<BEGIN l="54" c="23"/>
<END l="55" c="0"/>
</B>
<B id="12" t="ppcrmelif" f="10" l="55" c="0">
<BEGIN l="55" c="5"/>
<END l="76" c="0"/>
</B>
<B id="13" t="ppcrmelse" f="10" l="76" c="0">
<BEGIN l="76" c="26"/>
<END l="123" c="0"/>
</B>
<B id="14" t="ppcrmif" f="10" l="89" c="0">
<BEGIN l="89" c="51"/>
<END l="100" c="0"/>
</B>
<B id="15" t="ppcrmelif" f="10" l="100" c="0">
<BEGIN l="100" c="5"/>
<END l="110" c="0"/>
</B>
<B id="16" t="ppcrmelse" f="10" l="110" c="0">
<BEGIN l="110" c="62"/>
<END l="121" c="0"/>
</B>
<B id="17" t="ppcif" f="10" l="125" c="0">
<BEGIN l="125" c="19"/>
<END l="127" c="0"/>
</B>
<B id="18" t="ppcrmif" f="10" l="130" c="0">
<BEGIN l="130" c="14"/>
<END l="132" c="0"/>
</B>
<B id="19" t="routine" f="7" l="115" c="5">
<BEGIN l="116" c="0"/>
<END l="160" c="0"/>
</B>
<B id="20" t="ppcif" f="11" l="15" c="0">
<BEGIN l="15" c="27"/>
<END l="330" c="0"/>
</B>
<B id="21" t="ppcif" f="11" l="25" c="0">
<BEGIN l="25" c="19"/>
<END l="155" c="0"/>
</B>
<B id="22" t="ppcrmif" f="11" l="46" c="0">
<BEGIN l="46" c="93"/>
<END l="91" c="0"/>
</B>
<B id="23" t="ppcrmif" f="11" l="94" c="0">
<BEGIN l="94" c="91"/>
<END l="153" c="0"/>
</B>
<B id="24" t="ppcrmelse" f="11" l="155" c="0">
<BEGIN l="155" c="35"/>
<END l="328" c="0"/>
</B>
<B id="25" t="ppcif" f="12" l="11" c="0">
<BEGIN l="11" c="27"/>
<END l="36" c="0"/>
</B>
<B id="26" t="ppcrmif" f="12" l="14" c="0">
<BEGIN l="14" c="19"/>
<END l="29" c="0"/>
</B>
<B id="27" t="ppcelse" f="12" l="29" c="0">
<BEGIN l="29" c="5"/>
<END l="33" c="0"/>
</B>
<B id="28" t="ppcif" f="1" l="22" c="0">
<BEGIN l="22" c="17"/>
<END l="109" c="0"/>
</B>
<B id="29" t="ppcrmif" f="1" l="39" c="0">
<BEGIN l="39" c="66"/>
<END l="43" c="0"/>
</B>
<B id="30" t="ppcelse" f="1" l="43" c="0">
<BEGIN l="43" c="60"/>
<END l="47" c="0"/>
</B>
<B id="31" t="ppcrmif" f="1" l="52" c="0">
<BEGIN l="52" c="18"/>
<END l="58" c="0"/>
</B>
<B id="32" t="ppcrmif" f="1" l="62" c="0">
<BEGIN l="62" c="33"/>
<END l="80" c="0"/>
</B>
<B id="33" t="ppcelse" f="1" l="80" c="0">
<BEGIN l="80" c="31"/>
<END l="93" c="0"/>
</B>
<B id="34" t="ppcrmif" f="1" l="96" c="0">
<BEGIN l="96" c="14"/>
<END l="106" c="0"/>
</B>
<B id="35" t="ppcif" f="13" l="3" c="0">
<BEGIN l="3" c="29"/>
<END l="348" c="0"/>
</B>
<B id="36" t="ppcif" f="13" l="61" c="0">
<BEGIN l="63" c="27"/>
<END l="66" c="0"/>
</B>
<B id="37" t="ppcrmif" f="13" l="165" c="0">
<BEGIN l="165" c="17"/>
<END l="206" c="0"/>
</B>
<B id="38" t="ppcrmif" f="13" l="209" c="0">
<BEGIN l="209" c="37"/>
<END l="211" c="0"/>
</B>
<B id="39" t="ppcrmif" f="13" l="213" c="0">
<BEGIN l="213" c="44"/>
<END l="321" c="0"/>
</B>
<B id="40" t="ppcif" f="13" l="323" c="0">
<BEGIN l="323" c="18"/>
<END l="346" c="0"/>
</B>
<B id="41" t="ppcrmif" f="13" l="326" c="0">
<BEGIN l="326" c="18"/>
<END l="328" c="0"/>
</B>
<B id="42" t="ppcrmif" f="13" l="329" c="0">
<BEGIN l="329" c="63"/>
<END l="331" c="0"/>
</B>
<B id="43" t="ppcrmif" f="13" l="332" c="0">
<BEGIN l="332" c="64"/>
<END l="334" c="0"/>
</B>
<B id="44" t="ppcrmif" f="13" l="335" c="0">
<BEGIN l="335" c="16"/>
<END l="340" c="0"/>
</B>
<B id="45" t="ppcif" f="13" l="343" c="0">
<BEGIN l="343" c="57"/>
<END l="345" c="0"/>
</B>
<B id="46" t="type" f="4" l="50" c="7">
<BEGIN l="50" c="25"/>
<END l="54" c="0"/>
</B>
<B id="47" t="ppcif" f="4" l="24" c="0">
<BEGIN l="24" c="26"/>
<END l="146" c="0"/>
</B>
<B id="48" t="ppcrmif" f="4" l="27" c="0">
<BEGIN l="27" c="35"/>
<END l="29" c="0"/>
</B>
<B id="49" t="ppcif" f="4" l="31" c="0">
<BEGIN l="31" c="38"/>
<END l="33" c="0"/>
</B>
<B id="50" t="ppcrmif" f="4" l="35" c="0">
<BEGIN l="35" c="19"/>
<END l="38" c="0"/>
</B>
<B id="51" t="ppcrmif" f="4" l="142" c="0">
<BEGIN l="142" c="19"/>
<END l="144" c="0"/>
</B>
<B id="52" t="ppcif" f="14" l="24" c="0">
<BEGIN l="24" c="31"/>
<END l="39" c="0"/>
</B>
<B id="53" t="ppcrmif" f="14" l="27" c="0">
<BEGIN l="27" c="19"/>
<END l="30" c="0"/>
</B>
<B id="54" t="ppcrmif" f="14" l="35" c="0">
<BEGIN l="35" c="19"/>
<END l="37" c="0"/>
</B>
<B id="55" t="ppcif" f="15" l="24" c="0">
<BEGIN l="24" c="19"/>
<END l="29" c="0"/>
</B>
<B id="56" t="ppcif" f="16" l="25" c="0">
<BEGIN l="25" c="14"/>
<END l="96" c="0"/>
</B>
<B id="57" t="ppcrmif" f="16" l="41" c="0">
<BEGIN l="41" c="33"/>
<END l="43" c="0"/>
</B>
<B id="58" t="ppcrmif" f="16" l="45" c="0">
<BEGIN l="45" c="46"/>
<END l="47" c="0"/>
</B>
<B id="59" t="ppcrmif" f="16" l="49" c="0">
<BEGIN l="49" c="28"/>
<END l="51" c="0"/>
</B>
<B id="60" t="type" f="3" l="135" c="0">
<BEGIN l="135" c="0"/>
<END l="141" c="0"/>
</B>
<B id="61" t="ppcif" f="3" l="56" c="0">
<BEGIN l="56" c="19"/>
<END l="154" c="0"/>
</B>
<B id="62" t="ppcif" f="3" l="122" c="0">
<BEGIN l="122" c="26"/>
<END l="126" c="0"/>
</B>
<B id="63" t="ppcif" f="2" l="43" c="0">
<BEGIN l="43" c="24"/>
<END l="150" c="0"/>
</B>
<B id="64" t="ppcif" f="2" l="81" c="0">
<BEGIN l="81" c="13"/>
<END l="83" c="0"/>
</B>
<B id="65" t="ppcif" f="2" l="85" c="0">
<BEGIN l="85" c="14"/>
<END l="87" c="0"/>
</B>
<B id="66" t="ppcrmif" f="2" l="119" c="0">
<BEGIN l="119" c="46"/>
<END l="125" c="0"/>
</B>
<B id="67" t="ppcelse" f="2" l="125" c="0">
<BEGIN l="125" c="6"/>
<END l="129" c="0"/>
</B>
<B id="68" t="ppcrmif" f="2" l="131" c="0">
<BEGIN l="131" c="46"/>
<END l="137" c="0"/>
</B>
<B id="69" t="ppcelse" f="2" l="137" c="0">
<BEGIN l="137" c="6"/>
<END l="140" c="0"/>
</B>
<B id="70" t="ppcif" f="17" l="43" c="0">
<BEGIN l="43" c="18"/>
<END l="202" c="0"/>
</B>
<B id="71" t="ppcif" f="17" l="88" c="0">
<BEGIN l="88" c="17"/>
<END l="90" c="0"/>
</B>
<B id="72" t="ppcif" f="18" l="19" c="0">
<BEGIN l="19" c="22"/>
<END l="23" c="0"/>
</B>
<B id="73" t="ppcif" f="19" l="19" c="0">
<BEGIN l="19" c="26"/>
<END l="23" c="0"/>
</B>
<B id="74" t="ppcif" f="20" l="24" c="0">
<BEGIN l="24" c="31"/>
<END l="27" c="0"/>
</B>
<B id="75" t="ppcif" f="21" l="19" c="0">
<BEGIN l="19" c="16"/>
<END l="24" c="0"/>
</B>
<B id="76" t="ppcif" f="22" l="53" c="0">
<BEGIN l="53" c="33"/>
<END l="57" c="0"/>
</B>
<B id="77" t="ppcrmif" f="22" l="67" c="0">
<BEGIN l="67" c="46"/>
<END l="71" c="0"/>
</B>
<B id="78" t="ppcrmif" f="22" l="81" c="0">
<BEGIN l="81" c="51"/>
<END l="85" c="0"/>
</B>
<B id="79" t="ppcrmif" f="22" l="95" c="0">
<BEGIN l="95" c="49"/>
<END l="99" c="0"/>
</B>
<B id="80" t="ppcrmif" f="22" l="109" c="0">
<BEGIN l="109" c="54"/>
<END l="113" c="0"/>
</B>
<B id="81" t="ppcif" f="22" l="125" c="0">
<BEGIN l="125" c="32"/>
<END l="129" c="0"/>
</B>
<B id="82" t="ppcrmif" f="22" l="139" c="0">
<BEGIN l="139" c="45"/>
<END l="143" c="0"/>
</B>
<B id="83" t="ppcrmif" f="22" l="153" c="0">
<BEGIN l="153" c="50"/>
<END l="157" c="0"/>
</B>
<B id="84" t="ppcrmif" f="22" l="167" c="0">
<BEGIN l="167" c="48"/>
<END l="171" c="0"/>
</B>
<B id="85" t="ppcrmif" f="22" l="181" c="0">
<BEGIN l="181" c="53"/>
<END l="185" c="0"/>
</B>
<B id="86" t="ppcif" f="23" l="21" c="0">
<BEGIN l="21" c="19"/>
<END l="38" c="0"/>
</B>
<B id="87" t="initializer" f="6" l="780" c="21">
<BEGIN l="780" c="48"/>
<END l="813" c="16"/>
</B>
<B id="88" t="ppcif" f="6" l="22" c="0">
<BEGIN l="22" c="18"/>
<END l="855" c="0"/>
</B>
<B id="89" t="routine" f="6" l="177" c="17">
<BEGIN l="180" c="0"/>
<END l="182" c="0"/>
</B>
<B id="90" t="routine" f="6" l="191" c="15">
<BEGIN l="192" c="0"/>
<END l="195" c="0"/>
</B>
<B id="91" t="routine" f="6" l="204" c="16">
<BEGIN l="205" c="0"/>
<END l="208" c="0"/>
</B>
<B id="92" t="else" f="6" l="220" c="40">
<BEGIN l="220" c="40"/>
<END l="220" c="63"/>
</B>
<B id="93" t="if" f="6" l="220" c="22">
<BEGIN l="220" c="24"/>
<END l="220" c="36"/>
<ELSE d="92"/>
</B>
<B id="94" t="routine" f="6" l="217" c="16">
<BEGIN l="218" c="0"/>
<END l="221" c="0"/>
<SUB d="93"/>
</B>
<B id="95" t="routine" f="6" l="230" c="17">
<BEGIN l="231" c="0"/>
<END l="233" c="0"/>
</B>
<B id="96" t="else" f="6" l="244" c="37">
<BEGIN l="244" c="37"/>
<END l="244" c="45"/>
</B>
<B id="97" t="if" f="6" l="244" c="22">
<BEGIN l="244" c="24"/>
<END l="244" c="32"/>
<ELSE d="96"/>
</B>
<B id="98" t="routine" f="6" l="242" c="15">
<BEGIN l="243" c="0"/>
<END l="245" c="0"/>
<SUB d="97"/>
</B>
<B id="99" t="else" f="6" l="256" c="37">
<BEGIN l="256" c="37"/>
<END l="256" c="45"/>
</B>
<B id="100" t="if" f="6" l="256" c="22">
<BEGIN l="256" c="24"/>
<END l="256" c="32"/>
<ELSE d="99"/>
</B>
<B id="101" t="routine" f="6" l="254" c="15">
<BEGIN l="255" c="0"/>
<END l="257" c="0"/>
<SUB d="100"/>
</B>
<B id="102" t="else" f="6" l="268" c="37">
<BEGIN l="268" c="37"/>
<END l="268" c="45"/>
</B>
<B id="103" t="if" f="6" l="268" c="22">
<BEGIN l="268" c="24"/>
<END l="268" c="32"/>
<ELSE d="102"/>
</B>
<B id="104" t="routine" f="6" l="266" c="15">
<BEGIN l="267" c="0"/>
<END l="269" c="0"/>
<SUB d="103"/>
</B>
<B id="105" t="else" f="6" l="280" c="40">
<BEGIN l="280" c="40"/>
<END l="280" c="48"/>
</B>
<B id="106" t="if" f="6" l="280" c="25">
<BEGIN l="280" c="27"/>
<END l="280" c="35"/>
<ELSE d="105"/>
</B>
<B id="107" t="routine" f="6" l="278" c="15">
<BEGIN l="279" c="0"/>
<END l="281" c="0"/>
<SUB d="106"/>
</B>
<B id="108" t="routine" f="6" l="290" c="15">
<BEGIN l="292" c="0"/>
<END l="294" c="0"/>
</B>
<B id="109" t="routine" f="6" l="303" c="15">
<BEGIN l="305" c="0"/>
<END l="307" c="0"/>
</B>
<B id="110" t="routine" f="6" l="316" c="16">
<BEGIN l="318" c="0"/>
<END l="320" c="0"/>
</B>
<B id="111" t="routine" f="6" l="329" c="16">
<BEGIN l="331" c="0"/>
<END l="333" c="0"/>
</B>
<B id="112" t="else" f="6" l="345" c="37">
<BEGIN l="345" c="37"/>
<END l="345" c="40"/>
</B>
<B id="113" t="if" f="6" l="345" c="28">
<BEGIN l="345" c="30"/>
<END l="345" c="33"/>
<ELSE d="112"/>
</B>
<B id="114" t="routine" f="6" l="342" c="16">
<BEGIN l="344" c="0"/>
<END l="346" c="0"/>
<SUB d="113"/>
</B>
<B id="115" t="else" f="6" l="358" c="37">
<BEGIN l="358" c="37"/>
<END l="358" c="40"/>
</B>
<B id="116" t="if" f="6" l="358" c="28">
<BEGIN l="358" c="30"/>
<END l="358" c="33"/>
<ELSE d="115"/>
</B>
<B id="117" t="routine" f="6" l="355" c="16">
<BEGIN l="357" c="0"/>
<END l="359" c="0"/>
<SUB d="116"/>
</B>
<B id="118" t="else" f="6" l="371" c="37">
<BEGIN l="371" c="37"/>
<END l="371" c="40"/>
</B>
<B id="119" t="if" f="6" l="371" c="28">
<BEGIN l="371" c="30"/>
<END l="371" c="33"/>
<ELSE d="118"/>
</B>
<B id="120" t="routine" f="6" l="368" c="17">
<BEGIN l="370" c="0"/>
<END l="372" c="0"/>
<SUB d="119"/>
</B>
<B id="121" t="routine" f="6" l="381" c="15">
<BEGIN l="383" c="0"/>
<END l="385" c="0"/>
</B>
<B id="122" t="routine" f="6" l="394" c="15">
<BEGIN l="396" c="0"/>
<END l="398" c="0"/>
</B>
<B id="123" t="routine" f="6" l="407" c="16">
<BEGIN l="409" c="0"/>
<END l="411" c="0"/>
</B>
<B id="124" t="routine" f="6" l="420" c="16">
<BEGIN l="422" c="0"/>
<END l="424" c="0"/>
</B>
<B id="125" t="else" f="6" l="436" c="37">
<BEGIN l="436" c="37"/>
<END l="436" c="40"/>
</B>
<B id="126" t="if" f="6" l="436" c="28">
<BEGIN l="436" c="30"/>
<END l="436" c="33"/>
<ELSE d="125"/>
</B>
<B id="127" t="routine" f="6" l="433" c="16">
<BEGIN l="435" c="0"/>
<END l="437" c="0"/>
<SUB d="126"/>
</B>
<B id="128" t="else" f="6" l="449" c="37">
<BEGIN l="449" c="37"/>
<END l="449" c="40"/>
</B>
<B id="129" t="if" f="6" l="449" c="28">
<BEGIN l="449" c="30"/>
<END l="449" c="33"/>
<ELSE d="128"/>
</B>
<B id="130" t="routine" f="6" l="446" c="16">
<BEGIN l="448" c="0"/>
<END l="450" c="0"/>
<SUB d="129"/>
</B>
<B id="131" t="else" f="6" l="462" c="37">
<BEGIN l="462" c="37"/>
<END l="462" c="40"/>
</B>
<B id="132" t="if" f="6" l="462" c="28">
<BEGIN l="462" c="30"/>
<END l="462" c="33"/>
<ELSE d="131"/>
</B>
<B id="133" t="routine" f="6" l="459" c="17">
<BEGIN l="461" c="0"/>
<END l="463" c="0"/>
<SUB d="132"/>
</B>
<B id="134" t="routine" f="6" l="473" c="15">
<BEGIN l="476" c="0"/>
<END l="478" c="0"/>
</B>
<B id="135" t="routine" f="6" l="487" c="15">
<BEGIN l="490" c="0"/>
<END l="492" c="0"/>
</B>
<B id="136" t="routine" f="6" l="501" c="16">
<BEGIN l="504" c="0"/>
<END l="506" c="0"/>
</B>
<B id="137" t="routine" f="6" l="515" c="16">
<BEGIN l="518" c="0"/>
<END l="520" c="0"/>
</B>
<B id="138" t="else" f="6" l="533" c="38">
<BEGIN l="533" c="38"/>
<END l="533" c="67"/>
</B>
<B id="139" t="if" f="6" l="533" c="28">
<BEGIN l="533" c="30"/>
<END l="533" c="34"/>
<ELSE d="138"/>
</B>
<B id="140" t="routine" f="6" l="529" c="16">
<BEGIN l="532" c="0"/>
<END l="534" c="0"/>
<SUB d="139"/>
</B>
<B id="141" t="else" f="6" l="547" c="38">
<BEGIN l="547" c="38"/>
<END l="547" c="67"/>
</B>
<B id="142" t="if" f="6" l="547" c="28">
<BEGIN l="547" c="30"/>
<END l="547" c="34"/>
<ELSE d="141"/>
</B>
<B id="143" t="routine" f="6" l="543" c="16">
<BEGIN l="546" c="0"/>
<END l="548" c="0"/>
<SUB d="142"/>
</B>
<B id="144" t="else" f="6" l="561" c="38">
<BEGIN l="561" c="38"/>
<END l="561" c="67"/>
</B>
<B id="145" t="if" f="6" l="561" c="28">
<BEGIN l="561" c="30"/>
<END l="561" c="34"/>
<ELSE d="144"/>
</B>
<B id="146" t="routine" f="6" l="557" c="17">
<BEGIN l="560" c="0"/>
<END l="562" c="0"/>
<SUB d="145"/>
</B>
<B id="147" t="routine" f="6" l="572" c="17">
<BEGIN l="574" c="0"/>
<END l="576" c="0"/>
</B>
<B id="148" t="routine" f="6" l="585" c="17">
<BEGIN l="586" c="0"/>
<END l="588" c="0"/>
</B>
<B id="149" t="routine" f="6" l="597" c="17">
<BEGIN l="598" c="0"/>
<END l="600" c="0"/>
</B>
<B id="150" t="routine" f="6" l="609" c="17">
<BEGIN l="610" c="0"/>
<END l="612" c="0"/>
</B>
<B id="151" t="routine" f="6" l="621" c="17">
<BEGIN l="622" c="0"/>
<END l="624" c="0"/>
</B>
<B id="152" t="routine" f="6" l="633" c="17">
<BEGIN l="635" c="0"/>
<END l="637" c="0"/>
</B>
<B id="153" t="case" f="6" l="752" c="16">
<BEGIN l="753" c="24"/>
<END l="755" c="29"/>
</B>
<B id="154" t="case" f="6" l="746" c="16">
<BEGIN l="747" c="24"/>
<END l="749" c="29"/>
</B>
<B id="155" t="case" f="6" l="741" c="16">
<BEGIN l="742" c="24"/>
<END l="744" c="29"/>
</B>
<B id="156" t="case" f="6" l="736" c="16">
<BEGIN l="737" c="24"/>
<END l="739" c="29"/>
</B>
<B id="157" t="case" f="6" l="731" c="16">
<BEGIN l="732" c="24"/>
<END l="734" c="29"/>
</B>
<B id="158" t="case" f="6" l="726" c="16">
<BEGIN l="727" c="24"/>
<END l="729" c="29"/>
</B>
<B id="159" t="case" f="6" l="721" c="16">
<BEGIN l="722" c="24"/>
<END l="724" c="29"/>
</B>
<B id="160" t="case" f="6" l="716" c="16">
<BEGIN l="717" c="24"/>
<END l="719" c="29"/>
</B>
<B id="161" t="case" f="6" l="711" c="16">
<BEGIN l="712" c="24"/>
<END l="714" c="29"/>
</B>
<B id="162" t="case" f="6" l="706" c="16">
<BEGIN l="707" c="24"/>
<END l="709" c="29"/>
</B>
<B id="163" t="case" f="6" l="701" c="16">
<BEGIN l="702" c="24"/>
<END l="704" c="29"/>
</B>
<B id="164" t="case" f="6" l="696" c="16">
<BEGIN l="697" c="24"/>
<END l="699" c="29"/>
</B>
<B id="165" t="case" f="6" l="691" c="16">
<BEGIN l="692" c="24"/>
<END l="694" c="29"/>
</B>
<B id="166" t="case" f="6" l="686" c="16">
<BEGIN l="687" c="24"/>
<END l="689" c="29"/>
</B>
<B id="167" t="case" f="6" l="681" c="16">
<BEGIN l="682" c="24"/>
<END l="684" c="29"/>
</B>
<B id="168" t="case" f="6" l="676" c="16">
<BEGIN l="677" c="24"/>
<END l="679" c="29"/>
</B>
<B id="169" t="switch" f="6" l="674" c="8">
<BEGIN l="675" c="8"/>
<END l="757" c="8"/>
<CASE d="153"/>
<CASE d="154"/>
<CASE d="155"/>
<CASE d="156"/>
<CASE d="157"/>
<CASE d="158"/>
<CASE d="159"/>
<CASE d="160"/>
<CASE d="161"/>
<CASE d="162"/>
<CASE d="163"/>
<CASE d="164"/>
<CASE d="165"/>
<CASE d="166"/>
<CASE d="167"/>
<CASE d="168"/>
</B>
<B id="170" t="else" f="6" l="663" c="88">
<BEGIN l="663" c="88"/>
<END l="663" c="136"/>
</B>
<B id="171" t="if" f="6" l="663" c="27">
<BEGIN l="663" c="31"/>
<END l="663" c="79"/>
<ELSE d="170"/>
</B>
<B id="172" t="routine" f="6" l="650" c="14">
<BEGIN l="653" c="0"/>
<END l="759" c="0"/>
<SUB d="169"/>
<SUB d="171"/>
</B>
<B id="173" t="if" f="6" l="837" c="8">
<BEGIN l="838" c="8"/>
<END l="840" c="8"/>
</B>
<B id="174" t="else" f="6" l="832" c="8">
<BEGIN l="833" c="8"/>
<END l="835" c="8"/>
</B>
<B id="175" t="if" f="6" l="827" c="8">
<BEGIN l="828" c="8"/>
<END l="831" c="8"/>
<ELSE d="174"/>
</B>
<B id="176" t="if" f="6" l="820" c="8">
<BEGIN l="821" c="8"/>
<END l="823" c="8"/>
</B>
<B id="177" t="routine" f="6" l="774" c="18">
<BEGIN l="775" c="0"/>
<END l="853" c="0"/>
<SUB d="173"/>
<SUB d="175"/>
<SUB d="176"/>
</B>
<B id="178" t="ppcif" f="5" l="13" c="0">
<BEGIN l="13" c="16"/>
<END l="823" c="0"/>
</B>
<B id="179" t="ppcrmif" f="5" l="14" c="0">
<BEGIN l="14" c="14"/>
<END l="16" c="0"/>
</B>
<B id="180" t="ppcif" f="5" l="18" c="0">
<BEGIN l="18" c="23"/>
<END l="819" c="0"/>
</B>
<B id="181" t="ppcrmif" f="5" l="20" c="0">
<BEGIN l="20" c="18"/>
<END l="22" c="0"/>
</B>
<B id="182" t="ppcrmif" f="5" l="26" c="0">
<BEGIN l="26" c="67"/>
<END l="28" c="0"/>
</B>
<B id="183" t="ppcrmelif" f="5" l="28" c="0">
<BEGIN l="28" c="5"/>
<END l="30" c="0"/>
</B>
<B id="184" t="ppcrmelif" f="5" l="30" c="0">
<BEGIN l="30" c="5"/>
<END l="33" c="0"/>
</B>
<B id="185" t="ppcrmelif" f="5" l="33" c="0">
<BEGIN l="33" c="5"/>
<END l="38" c="0"/>
</B>
<B id="186" t="ppcrmelse" f="5" l="38" c="0">
<BEGIN l="38" c="5"/>
<END l="40" c="0"/>
</B>
<B id="187" t="ppcrmif" f="5" l="42" c="0">
<BEGIN l="42" c="23"/>
<END l="44" c="0"/>
</B>
<B id="188" t="ppcrmelif" f="5" l="44" c="0">
<BEGIN l="44" c="5"/>
<END l="47" c="0"/>
</B>
<B id="189" t="ppcrmelif" f="5" l="47" c="0">
<BEGIN l="47" c="5"/>
<END l="50" c="0"/>
</B>
<B id="190" t="ppcrmelse" f="5" l="50" c="0">
<BEGIN l="50" c="5"/>
<END l="53" c="0"/>
</B>
<B id="191" t="ppcif" f="5" l="65" c="0">
<BEGIN l="65" c="20"/>
<END l="68" c="0"/>
</B>
<B id="192" t="ppcrmelse" f="5" l="68" c="0">
<BEGIN l="68" c="5"/>
<END l="76" c="0"/>
</B>
<B id="193" t="ppcrmif" f="5" l="78" c="0">
<BEGIN l="78" c="106"/>
<END l="82" c="0"/>
</B>
<B id="194" t="ppcelse" f="5" l="82" c="0">
<BEGIN l="82" c="5"/>
<END l="86" c="0"/>
</B>
<B id="195" t="ppcif" f="5" l="115" c="0">
<BEGIN l="116" c="51"/>
<END l="119" c="0"/>
</B>
<B id="196" t="ppcif" f="5" l="121" c="0">
<BEGIN l="121" c="68"/>
<END l="123" c="0"/>
</B>
<B id="197" t="ppcrmelse" f="5" l="123" c="0">
<BEGIN l="123" c="5"/>
<END l="126" c="0"/>
</B>
<B id="198" t="ppcrmif" f="5" l="128" c="0">
<BEGIN l="128" c="53"/>
<END l="131" c="0"/>
</B>
<B id="199" t="ppcrmif" f="5" l="133" c="0">
<BEGIN l="133" c="51"/>
<END l="135" c="0"/>
</B>
<B id="200" t="ppcif" f="5" l="137" c="0">
<BEGIN l="137" c="24"/>
<END l="265" c="0"/>
</B>
<B id="201" t="ppcif" f="5" l="138" c="0">
<BEGIN l="138" c="56"/>
<END l="140" c="0"/>
</B>
<B id="202" t="ppcrmif" f="5" l="171" c="0">
<BEGIN l="171" c="24"/>
<END l="173" c="0"/>
</B>
<B id="203" t="ppcrmif" f="5" l="188" c="0">
<BEGIN l="188" c="24"/>
<END l="190" c="0"/>
</B>
<B id="204" t="ppcif" f="5" l="196" c="0">
<BEGIN l="196" c="56"/>
<END l="263" c="0"/>
</B>
<B id="205" t="ppcrmif" f="5" l="217" c="0">
<BEGIN l="217" c="24"/>
<END l="219" c="0"/>
</B>
<B id="206" t="ppcrmif" f="5" l="260" c="0">
<BEGIN l="260" c="24"/>
<END l="262" c="0"/>
</B>
<B id="207" t="ppcrmif" f="5" l="268" c="0">
<BEGIN l="268" c="24"/>
<END l="270" c="0"/>
</B>
<B id="208" t="ppcrmif" f="5" l="284" c="0">
<BEGIN l="284" c="24"/>
<END l="286" c="0"/>
</B>
<B id="209" t="ppcif" f="5" l="291" c="0">
<BEGIN l="291" c="20"/>
<END l="750" c="0"/>
</B>
<B id="210" t="ppcif" f="5" l="292" c="0">
<BEGIN l="292" c="24"/>
<END l="307" c="0"/>
</B>
<B id="211" t="ppcrmif" f="5" l="310" c="0">
<BEGIN l="310" c="43"/>
<END l="317" c="0"/>
</B>
<B id="212" t="ppcelif" f="5" l="317" c="0">
<BEGIN l="317" c="5"/>
<END l="324" c="0"/>
</B>
<B id="213" t="ppcrmelif" f="5" l="324" c="0">
<BEGIN l="324" c="5"/>
<END l="337" c="0"/>
</B>
<B id="214" t="ppcrmelse" f="5" l="337" c="0">
<BEGIN l="337" c="5"/>
<END l="345" c="0"/>
</B>
<B id="215" t="ppcrmif" f="5" l="348" c="0">
<BEGIN l="348" c="43"/>
<END l="355" c="0"/>
</B>
<B id="216" t="ppcelif" f="5" l="355" c="0">
<BEGIN l="355" c="5"/>
<END l="364" c="0"/>
</B>
<B id="217" t="ppcrmelse" f="5" l="364" c="0">
<BEGIN l="364" c="5"/>
<END l="372" c="0"/>
</B>
<B id="218" t="ppcrmif" f="5" l="375" c="0">
<BEGIN l="375" c="23"/>
<END l="377" c="0"/>
</B>
<B id="219" t="ppcrmelif" f="5" l="377" c="0">
<BEGIN l="377" c="6"/>
<END l="379" c="0"/>
</B>
<B id="220" t="ppcrmelif" f="5" l="379" c="0">
<BEGIN l="379" c="6"/>
<END l="381" c="0"/>
</B>
<B id="221" t="ppcif" f="5" l="383" c="0">
<BEGIN l="383" c="64"/>
<END l="402" c="0"/>
</B>
<B id="222" t="ppcif" f="5" l="386" c="0">
<BEGIN l="386" c="24"/>
<END l="397" c="0"/>
</B>
<B id="223" t="ppcrmelse" f="5" l="402" c="0">
<BEGIN l="402" c="5"/>
<END l="682" c="0"/>
</B>
<B id="224" t="ppcif" f="5" l="685" c="0">
<BEGIN l="685" c="24"/>
<END l="698" c="0"/>
</B>
<B id="225" t="ppcif" f="5" l="695" c="0">
<BEGIN l="695" c="56"/>
<END l="697" c="0"/>
</B>
<B id="226" t="ppcrmif" f="5" l="708" c="0">
<BEGIN l="708" c="143"/>
<END l="716" c="0"/>
</B>
<B id="227" t="ppcif" f="5" l="740" c="0">
<BEGIN l="740" c="63"/>
<END l="743" c="0"/>
</B>
<B id="228" t="ppcrmif" f="5" l="752" c="0">
<BEGIN l="752" c="95"/>
<END l="772" c="0"/>
</B>
<B id="229" t="ppcrmif" f="5" l="774" c="0">
<BEGIN l="774" c="42"/>
<END l="776" c="0"/>
</B>
<B id="230" t="ppcrmif" f="5" l="778" c="0">
<BEGIN l="778" c="51"/>
<END l="780" c="0"/>
</B>
<B id="231" t="ppcrmif" f="5" l="782" c="0">
<BEGIN l="782" c="18"/>
<END l="816" c="0"/>
</B>
<B id="232" t="ppcrmif" f="5" l="820" c="0">
<BEGIN l="820" c="14"/>
<END l="822" c="0"/>
</B>
</Blocks>
</Navig>
